name,collect_start,collect_end,dates_source,metadata_links
AK_BrooksCamp_2012,2012-05-27,2012-05-27,wesm_normalized_workunit,https://prd-tnm.s3.amazonaws.com/index.html?prefix=StagedProducts/Elevation/metadata/legacy/AK_BROOKSCAMP_2012
AK_Coastal_2009,2009-09-03,2010-07-16,wesm_normalized_workunit,https://prd-tnm.s3.amazonaws.com/index.html?prefix=StagedProducts/Elevation/metadata/legacy/AK_COASTAL_2009
AK_DeltaJunction_1_2021,2021-09-07,2021-09-12,wesm_exact_workunit,https://prd-tnm.s3.amazonaws.com/index.html?prefix=StagedProducts/Elevation/metadata/AK_DeltaJunction_2021_D21/AK_DeltaJunction_1_2021
AK_EMRI_1_D24,2024-07-24,2024-09-01,wesm_exact_workunit,https://prd-tnm.s3.amazonaws.com/index.html?prefix=StagedProducts/Elevation/metadata/AK_EMRI_D24/AK_EMRI_1_D24
AK_EMRI_2_D24,2024-06-29,2024-06-29,wesm_exact_workunit,https://prd-tnm.s3.amazonaws.com/index.html?prefix=StagedProducts/Elevation/metadata/AK_EMRI_D24/AK_EMRI_2_D24
AK_EMRI_3_D24,2024-08-04,2024-09-04,wesm_exact_workunit,https://prd-tnm.s3.amazonaws.com/index.html?prefix=StagedProducts/Elevation/metadata/AK_EMRI_D24/AK_EMRI_3_D24
AK_EMRI_4_D24,2024-07-23,2024-07-24,wesm_exact_workunit,https://prd-tnm.s3.amazonaws.com/index.html?prefix=StagedProducts/Elevation/metadata/AK_EMRI_D24/AK_EMRI_4_D24
AK_Fairbanks-NSBorough_2010,2010-05-04,2010-05-06,wesm_normalized_workunit,https://prd-tnm.s3.amazonaws.com/index.html?prefix=StagedProducts/Elevation/metadata/legacy/AK_FAIRBANKS-NSBOROUGH_2010
AK_GlacierBay_4_2019,2020-04-08,2020-05-04,wesm_exact_workunit,https://prd-tnm.s3.amazonaws.com/index.html?prefix=StagedProducts/Elevation/metadata/AK_GlacierBay_2019_B19/AK_GlacierBay_4_2019
AK_GlacierBay_B3_2019,2019-07-31,2019-09-15,wesm_exact_workunit,https://prd-tnm.s3.amazonaws.com/index.html?prefix=StagedProducts/Elevation/metadata/AK_GlacierBay_2019_B19/AK_GlacierBay_B3_2019
AK_GlacierTongassLandslides_4_D23,2024-06-18,2024-06-27,wesm_exact_workunit,https://prd-tnm.s3.amazonaws.com/index.html?prefix=StagedProducts/Elevation/metadata/AK_GlacierTongassLandslides_D23/AK_GlacierTongassLandslides_4_D23
AK_Juneau_2012,2012-04-25,2012-07-19,wesm_normalized_workunit,https://prd-tnm.s3.amazonaws.com/index.html?prefix=StagedProducts/Elevation/metadata/legacy/AK_JUNEAU_2012
AK_Kenai_2008,2008-05-21,2008-09-22,wesm_normalized_workunit,https://prd-tnm.s3.amazonaws.com/index.html?prefix=StagedProducts/Elevation/metadata/legacy/AK_KENAI_2008
AK_LakePeninsula_1_B23,2023-07-12,2023-07-24,wesm_exact_workunit,https://prd-tnm.s3.amazonaws.com/index.html?prefix=StagedProducts/Elevation/metadata/AK_LakePeninsula_B23/AK_LakePeninsula_1_B23
AK_LakePeninsula_2_B23,2023-06-02,2023-07-22,wesm_exact_workunit,https://prd-tnm.s3.amazonaws.com/index.html?prefix=StagedProducts/Elevation/metadata/AK_LakePeninsula_B23/AK_LakePeninsula_2_B23
AK_LakePeninsula_3_B23,2023-06-02,2024-08-14,wesm_exact_workunit,https://prd-tnm.s3.amazonaws.com/index.html?prefix=StagedProducts/Elevation/metadata/AK_LakePeninsula_B23/AK_LakePeninsula_3_B23
AK_MatSuBorough_B1_2019,2019-09-13,2019-10-08,wesm_exact_workunit,https://prd-tnm.s3.amazonaws.com/index.html?prefix=StagedProducts/Elevation/metadata/AK_MatSuBorough_2019_B19/AK_MatSuBorough_B1_2019
AK_MatSuBorough_B2_2019,2019-09-13,2020-08-29,wesm_exact_workunit,https://prd-tnm.s3.amazonaws.com/index.html?prefix=StagedProducts/Elevation/metadata/AK_MatSuBorough_2019_B19/AK_MatSuBorough_B2_2019
AK_MatanuskaSusitna-Lot1_2011,2011-05-10,2012-08-29,wesm_normalized_workunit,https://prd-tnm.s3.amazonaws.com/index.html?prefix=StagedProducts/Elevation/metadata/legacy/AK_MATANUSKASUSITNA-LOT1_2011
AK_MatanuskaSusitna-Lot2_2011,2011-05-10,2012-08-29,wesm_normalized_workunit,https://prd-tnm.s3.amazonaws.com/index.html?prefix=StagedProducts/Elevation/metadata/legacy/AK_MATANUSKASUSITNA_LOT2_2011
AK_NativeAKVillages_1_D22,2022-08-11,2022-10-14,wesm_exact_workunit,https://prd-tnm.s3.amazonaws.com/index.html?prefix=StagedProducts/Elevation/metadata/AK_NativeAlaskanVillages_D22/AK_NativeAKVillages_1_D22
AK_NativeAKVillages_2_D22,2022-08-11,2022-10-14,wesm_exact_workunit,https://prd-tnm.s3.amazonaws.com/index.html?prefix=StagedProducts/Elevation/metadata/AK_NativeAlaskanVillages_D22/AK_NativeAKVillages_2_D22
AK_NativeAKVillages_3_D22,2022-08-10,2022-10-21,wesm_exact_workunit,https://prd-tnm.s3.amazonaws.com/index.html?prefix=StagedProducts/Elevation/metadata/AK_NativeAlaskanVillages_D22/AK_NativeAKVillages_3_D22
AK_NativeAKVillages_4_D22,2022-08-13,2022-08-13,wesm_exact_workunit,https://prd-tnm.s3.amazonaws.com/index.html?prefix=StagedProducts/Elevation/metadata/AK_NativeAlaskanVillages_D22/AK_NativeAKVillages_4_D22
AK_NativeAKVillages_5_D22,2023-07-12,2023-07-12,wesm_exact_workunit,https://prd-tnm.s3.amazonaws.com/index.html?prefix=StagedProducts/Elevation/metadata/AK_NativeAlaskanVillages_D22/AK_NativeAKVillages_5_D22
AK_NativeAKVillages_6_D22,2023-07-24,2023-07-24,wesm_exact_workunit,https://prd-tnm.s3.amazonaws.com/index.html?prefix=StagedProducts/Elevation/metadata/AK_NativeAlaskanVillages_D22/AK_NativeAKVillages_6_D22
AK_NativeAKVillages_7_D22,2024-07-22,2024-07-23,wesm_exact_workunit,https://prd-tnm.s3.amazonaws.com/index.html?prefix=StagedProducts/Elevation/metadata/AK_NativeAlaskanVillages_D22/AK_NativeAKVillages_7_D22
AK_NativeAKVillages_8_D22,2024-07-20,2025-07-21,wesm_exact_workunit,https://prd-tnm.s3.amazonaws.com/index.html?prefix=StagedProducts/Elevation/metadata/AK_NativeAlaskanVillages_D22/AK_NativeAKVillages_8_D22
AK_NomeCreek_2010,2010-10-05,2010-10-05,wesm_normalized_workunit,https://prd-tnm.s3.amazonaws.com/index.html?prefix=StagedProducts/Elevation/metadata/legacy/AK_NOMECREEK_2010
AK_NorthSlope_B10_2018,2018-07-14,2019-08-18,wesm_exact_workunit,https://prd-tnm.s3.amazonaws.com/index.html?prefix=StagedProducts/Elevation/metadata/AK_NorthSlopeBorough_2018_B18/AK_NorthSlope_B10_2018
AK_NorthSlope_B11_2018,2018-07-14,2019-08-18,wesm_exact_workunit,https://prd-tnm.s3.amazonaws.com/index.html?prefix=StagedProducts/Elevation/metadata/AK_NorthSlopeBorough_2018_B18/AK_NorthSlope_B11_2018
AK_NorthSlope_B12_2018,2018-07-14,2019-09-30,wesm_exact_workunit,https://prd-tnm.s3.amazonaws.com/index.html?prefix=StagedProducts/Elevation/metadata/AK_NorthSlopeBorough_2018_B18/AK_NorthSlope_B12_2018
AK_NorthSlope_B13_2018,2018-07-14,2019-09-30,wesm_exact_workunit,https://prd-tnm.s3.amazonaws.com/index.html?prefix=StagedProducts/Elevation/metadata/AK_NorthSlopeBorough_2018_B18/AK_NorthSlope_B13_2018
AK_NorthSlope_B14_2018,2018-07-14,2019-09-30,wesm_exact_workunit,https://prd-tnm.s3.amazonaws.com/index.html?prefix=StagedProducts/Elevation/metadata/AK_NorthSlopeBorough_2018_B18/AK_NorthSlope_B14_2018
AK_NorthSlope_B1_2018,2018-07-14,2019-09-30,wesm_exact_workunit,https://prd-tnm.s3.amazonaws.com/index.html?prefix=StagedProducts/Elevation/metadata/AK_NorthSlopeBorough_2018_B18/AK_NorthSlope_B1_2018
AK_NorthSlope_B2_2018,2018-07-14,2019-09-30,wesm_exact_workunit,https://prd-tnm.s3.amazonaws.com/index.html?prefix=StagedProducts/Elevation/metadata/AK_NorthSlopeBorough_2018_B18/AK_NorthSlope_B2_2018
AK_NorthSlope_B3_2018,2018-07-14,2019-09-30,wesm_exact_workunit,https://prd-tnm.s3.amazonaws.com/index.html?prefix=StagedProducts/Elevation/metadata/AK_NorthSlopeBorough_2018_B18/AK_NorthSlope_B3_2018
AK_NorthSlope_B4_2018,2018-07-14,2019-09-30,wesm_exact_workunit,https://prd-tnm.s3.amazonaws.com/index.html?prefix=StagedProducts/Elevation/metadata/AK_NorthSlopeBorough_2018_B18/AK_NorthSlope_B4_2018
AK_NorthSlope_B5_2018,2018-07-14,2019-09-30,wesm_exact_workunit,https://prd-tnm.s3.amazonaws.com/index.html?prefix=StagedProducts/Elevation/metadata/AK_NorthSlopeBorough_2018_B18/AK_NorthSlope_B5_2018
AK_NorthSlope_B6_2018,2018-07-14,2019-09-30,wesm_exact_workunit,https://prd-tnm.s3.amazonaws.com/index.html?prefix=StagedProducts/Elevation/metadata/AK_NorthSlopeBorough_2018_B18/AK_NorthSlope_B6_2018
AK_NorthSlope_B7_2018,2018-07-14,2019-09-30,wesm_exact_workunit,https://prd-tnm.s3.amazonaws.com/index.html?prefix=StagedProducts/Elevation/metadata/AK_NorthSlopeBorough_2018_B18/AK_NorthSlope_B7_2018
AK_NorthSlope_B8_2018,2018-07-14,2019-09-30,wesm_exact_workunit,https://prd-tnm.s3.amazonaws.com/index.html?prefix=StagedProducts/Elevation/metadata/AK_NorthSlopeBorough_2018_B18/AK_NorthSlope_B8_2018
AK_NorthSlope_B9_2018,2018-07-14,2019-08-18,wesm_exact_workunit,https://prd-tnm.s3.amazonaws.com/index.html?prefix=StagedProducts/Elevation/metadata/AK_NorthSlopeBorough_2018_B18/AK_NorthSlope_B9_2018
AK_SELandslides_1_D22,2022-09-11,2022-09-13,wesm_exact_workunit,https://prd-tnm.s3.amazonaws.com/index.html?prefix=StagedProducts/Elevation/metadata/AK_SouthEastLandslides_D22/AK_SELandslides_1_D22
AK_TyphoonMerbokNV5_1_F23,2024-06-26,2024-10-14,wesm_exact_workunit,https://prd-tnm.s3.amazonaws.com/index.html?prefix=StagedProducts/Elevation/metadata/AK_TyphoonMerbok_NV5_F23/AK_TyphoonMerbokNV5_1_F23
AK_TyphoonMerbokNV5_2_F23,2024-06-29,2025-07-08,wesm_exact_workunit,https://prd-tnm.s3.amazonaws.com/index.html?prefix=StagedProducts/Elevation/metadata/AK_TyphoonMerbok_NV5_F23/AK_TyphoonMerbokNV5_2_F23
AK_ValdezB_2007,2007-10-16,2008-10-31,wesm_normalized_workunit,https://prd-tnm.s3.amazonaws.com/index.html?prefix=StagedProducts/Elevation/metadata/legacy/AK_VALDEZB_2007
AK_Valdez_2007,2007-10-16,2007-10-16,wesm_normalized_workunit,https://prd-tnm.s3.amazonaws.com/index.html?prefix=StagedProducts/Elevation/metadata/legacy/AK_VALDEZ_2007
AK_YukonFlats_2009,2009-07-14,2009-09-03,wesm_normalized_workunit,https://prd-tnm.s3.amazonaws.com/index.html?prefix=StagedProducts/Elevation/metadata/legacy/AK_YUKONFLATS_2009
AL_11County_2_B23,2024-02-05,2024-03-27,wesm_exact_workunit,https://prd-tnm.s3.amazonaws.com/index.html?prefix=StagedProducts/Elevation/metadata/AL_11County_B23/AL_11County_2_B23
AL_17Co_1_2020,2020-12-09,2021-02-23,wesm_exact_workunit,https://prd-tnm.s3.amazonaws.com/index.html?prefix=StagedProducts/Elevation/metadata/AL_17County_2020_B20/AL_17Co_1_2020
AL_17Co_2_2020,2020-12-10,2021-01-17,wesm_exact_workunit,https://prd-tnm.s3.amazonaws.com/index.html?prefix=StagedProducts/Elevation/metadata/AL_17County_2020_B20/AL_17Co_2_2020
AL_19Co_1_B24,2024-12-12,2024-12-13,wesm_exact_workunit,https://prd-tnm.s3.amazonaws.com/index.html?prefix=StagedProducts/Elevation/metadata/AL_19County_B24/AL_19Co_1_B24
AL_25Co_TL_2017,2017-02-26,2018-01-07,wesm_exact_workunit,https://prd-tnm.s3.amazonaws.com/index.html?prefix=StagedProducts/Elevation/metadata/AL_25_County_Lidar_2017_B17/AL_25Co_TL_2017
AL_BaldwinCo-East_2011,2011-01-22,2011-01-28,wesm_normalized_workunit,https://prd-tnm.s3.amazonaws.com/index.html?prefix=StagedProducts/Elevation/metadata/legacy/AL_BALDWINCO-EAST_2011
AL_BaldwinCo-West_2011,2011-01-22,2011-01-28,wesm_normalized_workunit,https://prd-tnm.s3.amazonaws.com/index.html?prefix=StagedProducts/Elevation/metadata/legacy/AL_BALDWINCO-WEST_2011
AL_BlountCo_2010,2010-02-25,2010-05-19,wesm_normalized_workunit,https://prd-tnm.s3.amazonaws.com/index.html?prefix=StagedProducts/Elevation/metadata/legacy/AL_BLOUNTCO_2010
AL_CofDalGenEsc_1_2021,2022-01-13,2022-01-24,wesm_exact_workunit,https://prd-tnm.s3.amazonaws.com/index.html?prefix=StagedProducts/Elevation/metadata/AL_CoffeeDaleGenevaEscambia_2021_D21/AL_CofDalGenEsc_1_2021
AL_ColbertLauderdale_2011,2011-01-06,2011-02-12,wesm_normalized_workunit,https://prd-tnm.s3.amazonaws.com/index.html?prefix=StagedProducts/Elevation/metadata/Alabama_Counties_LiDAR/AL_COLBERTLAUDERDALE_2011
AL_NorthAL_2019,2019-12-04,2019-12-30,wesm_exact_workunit,https://prd-tnm.s3.amazonaws.com/index.html?prefix=StagedProducts/Elevation/metadata/AL_NorthAL_2019_B19/AL_NorthAL_2019
AL_SWCentral_1_B22,2023-01-09,2023-03-05,wesm_exact_workunit,https://prd-tnm.s3.amazonaws.com/index.html?prefix=StagedProducts/Elevation/metadata/AL_SWCentral_B22/AL_SWCentral_1_B22
AL_TriCounty_2010,2010-12-06,2011-02-13,wesm_normalized_workunit,https://prd-tnm.s3.amazonaws.com/index.html?prefix=StagedProducts/Elevation/metadata/legacy/AL_TRICOUNTY_2010
AR-TN_NRCS_CaneCreek_2010,2010-04-03,2010-04-10,wesm_normalized_workunit,https://prd-tnm.s3.amazonaws.com/index.html?prefix=StagedProducts/Elevation/metadata/legacy/AR-TN_NRCS_CANECREEK_2010
AR-TN_NRCS_Sharkey_2010,2010-04-09,2010-04-15,wesm_normalized_workunit,https://prd-tnm.s3.amazonaws.com/index.html?prefix=StagedProducts/Elevation/metadata/legacy/AR-TN_NRCS_SHARKEY_2010
ARRA-AK_EkluntaGlacier_2010,2010-10-23,2010-10-29,wesm_normalized_workunit,https://prd-tnm.s3.amazonaws.com/index.html?prefix=StagedProducts/Elevation/metadata/legacy/ARRA-AK_EKLUNTAGLACIER_2010
ARRA-AL_MobileBay_2010,2010-02-20,2010-04-28,wesm_normalized_workunit,https://prd-tnm.s3.amazonaws.com/index.html?prefix=StagedProducts/Elevation/metadata/legacy/ARRA-AL_MOBILEBAY_2010
ARRA-AL_TennesseeRiver_2010,2010-04-13,2010-05-07,wesm_normalized_workunit,https://prd-tnm.s3.amazonaws.com/index.html?prefix=StagedProducts/Elevation/metadata/legacy/ARRA-AL_TENNESSEERIVER_2010
ARRA-CA_CentralCoast-Z3_2010,2010-09-01,2010-09-19,wesm_normalized_workunit,https://prd-tnm.s3.amazonaws.com/index.html?prefix=StagedProducts/Elevation/metadata/legacy/ARRA-CA_CENTRALCOAST-Z3_2010
ARRA-CA_CentralCoast-Z4_2010,2010-08-17,2010-09-14,wesm_normalized_workunit,https://prd-tnm.s3.amazonaws.com/index.html?prefix=StagedProducts/Elevation/metadata/legacy/ARRA-CA_CENTRALCOAST-Z4_2010
ARRA-CA_ChannelIslands-10_2010,2010-03-11,2010-04-08,wesm_normalized_workunit,https://prd-tnm.s3.amazonaws.com/index.html?prefix=StagedProducts/Elevation/metadata/legacy/ARRA-CA_CHANNELISLANDS-10_2010
ARRA-CA_ChannelIslands-11_2010,2010-03-11,2010-04-08,wesm_normalized_workunit,https://prd-tnm.s3.amazonaws.com/index.html?prefix=StagedProducts/Elevation/metadata/legacy/ARRA-CA_CHANNELISLANDS-11_2010
ARRA-CA_GoldenGate_2010,2010-04-23,2010-07-14,wesm_normalized_workunit,https://prd-tnm.s3.amazonaws.com/index.html?prefix=StagedProducts/Elevation/metadata/legacy/ARRA-CA_GOLDENGATE_2010
ARRA-CA_SanFranCoast_2010,2010-06-11,2010-07-11,wesm_normalized_workunit,https://prd-tnm.s3.amazonaws.com/index.html?prefix=StagedProducts/Elevation/metadata/legacy/ARRA-CA_SANFRANCOAST_2010
ARRA-CO_GrandCo_2010,2010-08-02,2010-08-02,wesm_normalized_workunit,https://prd-tnm.s3.amazonaws.com/index.html?prefix=StagedProducts/Elevation/metadata/legacy/ARRA-CO_GRANDCO_2010
ARRA-FL_Charlotte-E_2010,2010-12-23,2011-01-09,wesm_normalized_workunit,https://prd-tnm.s3.amazonaws.com/index.html?prefix=StagedProducts/Elevation/metadata/legacy/ARRA-FL_CHARLOTTE-E_2010
ARRA-FL_Charlotte-W_2010,2010-12-23,2011-01-09,wesm_normalized_workunit,https://prd-tnm.s3.amazonaws.com/index.html?prefix=StagedProducts/Elevation/metadata/legacy/ARRA-FL_CHARLOTTE-W_2010
ARRA-FL_KissimmeeRiver_2011,2011-01-12,2011-01-28,wesm_normalized_workunit,https://prd-tnm.s3.amazonaws.com/index.html?prefix=StagedProducts/Elevation/metadata/legacy/ARRA-FL_KISSIMMEERIVER_2011
ARRA-FL_LibertyCo_2010,2010-03-30,2010-04-01,wesm_normalized_workunit,https://prd-tnm.s3.amazonaws.com/index.html?prefix=StagedProducts/Elevation/metadata/legacy/ARRA-FL_LIBERTYCO_2010
ARRA-FL_SuwanneeRiver_2011,2011-01-03,2011-01-30,wesm_normalized_workunit,https://prd-tnm.s3.amazonaws.com/index.html?prefix=StagedProducts/Elevation/metadata/legacy/ARRA-FL_SUWANNEERIVER_2011
ARRA-FL_UpperStJohnsRiver_2010,2010-04-15,2010-04-26,wesm_normalized_workunit,https://prd-tnm.s3.amazonaws.com/index.html?prefix=StagedProducts/Elevation/metadata/legacy/ARRA-FL_UPPERSTJOHNSRIVER_2010
ARRA-GA_LakeLanier_2010,2010-03-24,2010-04-07,wesm_normalized_workunit,https://prd-tnm.s3.amazonaws.com/index.html?prefix=StagedProducts/Elevation/metadata/legacy/ARRA-GA_LAKELANIER_2010
ARRA-IL_LakeCo_2007,2007-04-16,2007-05-07,wesm_normalized_workunit,https://prd-tnm.s3.amazonaws.com/index.html?prefix=StagedProducts/Elevation/metadata/legacy/ARRA-IL_LAKECO_2007
ARRA-IN_Flood_2010,2010-04-14,2010-04-14,wesm_normalized_workunit,https://prd-tnm.s3.amazonaws.com/index.html?prefix=StagedProducts/Elevation/metadata/legacy/ARRA-IN_FLOOD_2010
ARRA-LA_Coastal-Z15_2011,2011-01-22,2011-04-12,wesm_normalized_workunit,https://prd-tnm.s3.amazonaws.com/index.html?prefix=StagedProducts/Elevation/metadata/legacy/ARRA-LA_COASTAL-Z15_2011
ARRA-LA_Coastal-Z16_2011,2011-01-11,2011-03-01,wesm_normalized_workunit,https://prd-tnm.s3.amazonaws.com/index.html?prefix=StagedProducts/Elevation/metadata/legacy/ARRA-LA_COASTAL-Z16_2011
ARRA-LFTNE_ConnecticutZ18_2010,2010-12-20,2011-12-11,wesm_normalized_workunit,https://prd-tnm.s3.amazonaws.com/index.html?prefix=StagedProducts/Elevation/metadata/legacy/ARRA-LFTNE_CONNECTICUTZ18_2010
ARRA-LFTNE_ConnecticutZ19_2011,2011-04-22,2011-05-06,wesm_normalized_workunit,https://prd-tnm.s3.amazonaws.com/index.html?prefix=StagedProducts/Elevation/metadata/legacy/ARRA-LFTNE_CONNECTICUTZ19_2011
ARRA-LFTNE_Massachusetts_2011,2011-04-22,2011-05-27,wesm_normalized_workunit,https://prd-tnm.s3.amazonaws.com/index.html?prefix=StagedProducts/Elevation/metadata/legacy/ARRA-LFTNE_MASSACHUSETTS_2011
ARRA-LFTNE_NewHampshire_2011,2011-05-06,2011-05-30,wesm_normalized_workunit,https://prd-tnm.s3.amazonaws.com/index.html?prefix=StagedProducts/Elevation/metadata/legacy/ARRA-LFTNE_NEWHAMPSHIRE_2011
ARRA-LFTNE_NewYork_2010,2010-12-20,2011-12-11,wesm_normalized_workunit,https://prd-tnm.s3.amazonaws.com/index.html?prefix=StagedProducts/Elevation/metadata/legacy/ARRA-LFTNE_NEWYORK_2010
ARRA-LFTNE_RhodeIsland_2011,2011-04-22,2011-05-06,wesm_normalized_workunit,https://prd-tnm.s3.amazonaws.com/index.html?prefix=StagedProducts/Elevation/metadata/legacy/ARRA-LFTNE_RHODEISLAND_2011
ARRA-MI_4SECounties_2010,2010-03-22,2010-04-01,wesm_normalized_workunit,https://prd-tnm.s3.amazonaws.com/index.html?prefix=StagedProducts/Elevation/metadata/legacy/ARRA-MI_4SECOUNTIES_2010
ARRA-MI_LowerPeninsula_2010,2010-05-09,2010-05-25,wesm_normalized_workunit,https://prd-tnm.s3.amazonaws.com/index.html?prefix=StagedProducts/Elevation/metadata/legacy/ARRA-MI_LOWERPENINSULA_2010
ARRA-MI_TriCounty_2010,2010-04-02,2010-04-14,wesm_normalized_workunit,https://prd-tnm.s3.amazonaws.com/index.html?prefix=StagedProducts/Elevation/metadata/legacy/ARRA-MI_TRICOUNTY_2010
ARRA-MO_StoneCo_2010,2010-03-30,2010-04-09,wesm_normalized_workunit,https://prd-tnm.s3.amazonaws.com/index.html?prefix=StagedProducts/Elevation/metadata/legacy/ARRA-MO_STONECO_2010
ARRA-NE_PlatteRiver_2010,2010-04-21,2010-05-03,wesm_normalized_workunit,https://prd-tnm.s3.amazonaws.com/index.html?prefix=StagedProducts/Elevation/metadata/legacy/ARRA-NE_PLATTERIVER_2010
ARRA-NJ_3Counties_2010,2010-04-01,2010-04-10,wesm_normalized_workunit,https://prd-tnm.s3.amazonaws.com/index.html?prefix=StagedProducts/Elevation/metadata/legacy/ARRA-NJ_3COUNTIES_2010
ARRA-NRCS_Illinois_2010,2010-04-10,2010-04-13,wesm_normalized_workunit,https://prd-tnm.s3.amazonaws.com/index.html?prefix=StagedProducts/Elevation/metadata/legacy/ARRA-NRCS_ILLINOIS_2010
ARRA-NRCS_Kentucky_2010,2010-04-10,2010-04-13,wesm_normalized_workunit,https://prd-tnm.s3.amazonaws.com/index.html?prefix=StagedProducts/Elevation/metadata/legacy/ARRA-NRCS_KENTUCKY_2010
ARRA-OR_SandyRiver_2010,2010-09-30,2010-10-05,wesm_normalized_workunit,https://prd-tnm.s3.amazonaws.com/index.html?prefix=StagedProducts/Elevation/metadata/legacy/ARRA-OR_SANDYRIVER_2010
ARRA-SC_AllendaleCo_2010,2010-03-19,2010-03-20,wesm_normalized_workunit,https://prd-tnm.s3.amazonaws.com/index.html?prefix=StagedProducts/Elevation/metadata/legacy/ARRA-SC_ALLENDALECO_2010
ARRA-SC_BambergCo_2010,2010-03-14,2010-03-20,wesm_normalized_workunit,https://prd-tnm.s3.amazonaws.com/index.html?prefix=StagedProducts/Elevation/metadata/legacy/ARRA-SC_BAMBERGCO_2010
ARRA-SC_HamptonCo_2010,2010-03-20,2010-03-24,wesm_normalized_workunit,https://prd-tnm.s3.amazonaws.com/index.html?prefix=StagedProducts/Elevation/metadata/legacy/ARRA-SC_HAMPTONCO_2010
ARRA-SC_LeeCo_2010,2010-02-21,2010-03-25,wesm_normalized_workunit,https://prd-tnm.s3.amazonaws.com/index.html?prefix=StagedProducts/Elevation/metadata/legacy/ARRA-SC_LEECO_2010
ARRA-TN_SmokyMtns_2011,2011-02-15,2011-04-30,wesm_normalized_workunit,https://prd-tnm.s3.amazonaws.com/index.html?prefix=StagedProducts/Elevation/metadata/legacy/ARRA-TN_SMOKYMTNS_2011
ARRA-TX_CalhounCo_2010,2011-01-07,2011-01-28,wesm_normalized_workunit,https://prd-tnm.s3.amazonaws.com/index.html?prefix=StagedProducts/Elevation/metadata/legacy/ARRA-TX_CALHOUNCO_2010
ARRA-TX_HidalgoCo_2010,2011-02-01,2011-03-02,wesm_normalized_workunit,https://prd-tnm.s3.amazonaws.com/index.html?prefix=StagedProducts/Elevation/metadata/legacy/ARRA-TX_HIDALGOCO_2010
ARRA-TX_NuecesCo_2010,2011-01-06,2011-01-26,wesm_normalized_workunit,https://prd-tnm.s3.amazonaws.com/index.html?prefix=StagedProducts/Elevation/metadata/legacy/ARRA-TX_NUECESCO_2010
ARRA-TX_WilacyCo_2010,2011-02-01,2011-03-02,wesm_normalized_workunit,https://prd-tnm.s3.amazonaws.com/index.html?prefix=StagedProducts/Elevation/metadata/legacy/ARRA-TX_WILACYCO_2010
ARRA-WI_BrownCo_2010,2010-04-17,2010-04-17,wesm_normalized_workunit,https://prd-tnm.s3.amazonaws.com/index.html?prefix=StagedProducts/Elevation/metadata/legacy/ARRA-WI_BROWNCO_2010
AR_BuffaloRiver_2009,2009-04-15,2009-04-15,wesm_normalized_workunit,https://prd-tnm.s3.amazonaws.com/index.html?prefix=StagedProducts/Elevation/metadata/legacy/AR_BUFFALORIVER_2009
AR_BuffaloRiver_2010,2010-12-13,2011-03-01,wesm_normalized_workunit,https://prd-tnm.s3.amazonaws.com/index.html?prefix=StagedProducts/Elevation/metadata/legacy/AR_BUFFALORIVER_2010
AR_Dardanelle_2011,2011-12-09,2011-12-09,wesm_normalized_workunit,https://prd-tnm.s3.amazonaws.com/index.html?prefix=StagedProducts/Elevation/metadata/legacy/AR_DARDANELLE_2011
AR_Eastern_10_D23,2023-12-05,2025-02-03,wesm_exact_workunit,https://prd-tnm.s3.amazonaws.com/index.html?prefix=StagedProducts/Elevation/metadata/AR_Eastern_D23/AR_Eastern_10_D23
AR_Eastern_1_D23,2023-12-10,2024-01-07,wesm_exact_workunit,https://prd-tnm.s3.amazonaws.com/index.html?prefix=StagedProducts/Elevation/metadata/AR_Eastern_D23/AR_Eastern_1_D23
AR_Eastern_2_D23,2023-12-10,2023-12-31,wesm_exact_workunit,https://prd-tnm.s3.amazonaws.com/index.html?prefix=StagedProducts/Elevation/metadata/AR_Eastern_D23/AR_Eastern_2_D23
AR_Eastern_3_D23,2023-12-10,2024-02-13,wesm_exact_workunit,https://prd-tnm.s3.amazonaws.com/index.html?prefix=StagedProducts/Elevation/metadata/AR_Eastern_D23/AR_Eastern_3_D23
AR_Eastern_4_D23,2023-12-17,2024-02-17,wesm_exact_workunit,https://prd-tnm.s3.amazonaws.com/index.html?prefix=StagedProducts/Elevation/metadata/AR_Eastern_D23/AR_Eastern_4_D23
AR_Eastern_5_D23,2023-12-05,2024-02-14,wesm_exact_workunit,https://prd-tnm.s3.amazonaws.com/index.html?prefix=StagedProducts/Elevation/metadata/AR_Eastern_D23/AR_Eastern_5_D23
AR_Eastern_6_D23,2023-12-05,2024-03-10,wesm_exact_workunit,https://prd-tnm.s3.amazonaws.com/index.html?prefix=StagedProducts/Elevation/metadata/AR_Eastern_D23/AR_Eastern_6_D23
AR_Eastern_7_D23,2023-12-30,2024-03-11,wesm_exact_workunit,https://prd-tnm.s3.amazonaws.com/index.html?prefix=StagedProducts/Elevation/metadata/AR_Eastern_D23/AR_Eastern_7_D23
AR_Eastern_8_D23,2024-03-03,2024-03-10,wesm_exact_workunit,https://prd-tnm.s3.amazonaws.com/index.html?prefix=StagedProducts/Elevation/metadata/AR_Eastern_D23/AR_Eastern_8_D23
AR_Eastern_9_D23,2023-12-05,2024-02-21,wesm_exact_workunit,https://prd-tnm.s3.amazonaws.com/index.html?prefix=StagedProducts/Elevation/metadata/AR_Eastern_D23/AR_Eastern_9_D23
AR_FEMA-ChicotDesha_2011,2011-12-30,2012-01-28,wesm_normalized_workunit,https://prd-tnm.s3.amazonaws.com/index.html?prefix=StagedProducts/Elevation/metadata/legacy/AR_FEMA-CHICOTDESHA_2011
AR_FEMA-VI-BayouMeto_2012,2012-03-26,2012-03-27,wesm_normalized_workunit,https://prd-tnm.s3.amazonaws.com/index.html?prefix=StagedProducts/Elevation/metadata/legacy/AR_FEMA-VI-BAYOUMETO_2012
AR_LowerStFrancisRiver-FEMA_2012,2012-04-10,2012-05-08,wesm_normalized_workunit,https://prd-tnm.s3.amazonaws.com/index.html?prefix=StagedProducts/Elevation/metadata/legacy/AR_LOWERSTFRANCISRIVER-FEMA_2012
AR_McKinneyPosten_2011,2011-12-10,2011-12-10,wesm_normalized_workunit,https://prd-tnm.s3.amazonaws.com/index.html?prefix=StagedProducts/Elevation/metadata/legacy/AR_MCKINNEYPOSTEN_2011
AR_NRCS_A2_2016,2016-02-17,2016-09-28,wesm_exact_workunit,https://prd-tnm.s3.amazonaws.com/index.html?prefix=StagedProducts/Elevation/metadata/AR_NRCS_AR_LiDAR_2016_B16/AR_NRCS_A2_2016
AR_NorthEast_1_D22,2023-11-29,2023-12-14,wesm_exact_workunit,https://prd-tnm.s3.amazonaws.com/index.html?prefix=StagedProducts/Elevation/metadata/AR_NorthEast_D22/AR_NorthEast_1_D22
AR_PAgis_2010,2010-12-27,2011-01-27,wesm_normalized_workunit,https://prd-tnm.s3.amazonaws.com/index.html?prefix=StagedProducts/Elevation/metadata/legacy/AR_PAGIS_2010
AR_UpperBlackWatershed-FEMA_2012,2012-01-29,2012-01-29,wesm_normalized_workunit,https://prd-tnm.s3.amazonaws.com/index.html?prefix=StagedProducts/Elevation/metadata/legacy/AR_UPPERBLACKWATERSHED-FEMA_2012
AR_UpperWhiteVillage-FEMA_2012,2012-12-18,2012-12-18,wesm_normalized_workunit,https://prd-tnm.s3.amazonaws.com/index.html?prefix=StagedProducts/Elevation/metadata/legacy/AR_UPPERWHITEVILLAGE-FEMA_2012
AZ_AubreyCherry_1_2020,2020-08-26,2020-09-10,wesm_exact_workunit,https://prd-tnm.s3.amazonaws.com/index.html?prefix=StagedProducts/Elevation/metadata/AZ_AubreyCherry_2020_D20/AZ_AubreyCherry_1_2020
AZ_BlackRockGoodwin_1_2021,2021-10-04,2021-10-15,wesm_exact_workunit,https://prd-tnm.s3.amazonaws.com/index.html?prefix=StagedProducts/Elevation/metadata/AZ_BlackRock_Goodwin_2021_D21/AZ_BlackRockGoodwin_1_2021
AZ_Black_Mesa_CoalMine_2012,2012-10-26,2012-10-27,wesm_normalized_workunit,https://prd-tnm.s3.amazonaws.com/index.html?prefix=StagedProducts/Elevation/metadata/legacy/AZ_BLACK_MESA_COALMINE_2012
AZ_BrawleyRillito_TL_2018,2019-03-20,2019-05-28,wesm_exact_workunit,https://prd-tnm.s3.amazonaws.com/index.html?prefix=StagedProducts/Elevation/metadata/AZ_BrawleyRillito_2018_D19/AZ_BrawleyRillito_TL_2018
AZ_CenCoconino_1_B22,2022-07-06,2022-09-01,wesm_exact_workunit,https://prd-tnm.s3.amazonaws.com/index.html?prefix=StagedProducts/Elevation/metadata/AZ_CentralCoconino_B22/AZ_CenCoconino_1_B22
AZ_CenCoconino_2_B22,2022-07-16,2022-10-11,wesm_exact_workunit,https://prd-tnm.s3.amazonaws.com/index.html?prefix=StagedProducts/Elevation/metadata/AZ_CentralCoconino_B22/AZ_CenCoconino_2_B22
AZ_CenCoconino_3_B22,2022-06-28,2022-08-29,wesm_exact_workunit,https://prd-tnm.s3.amazonaws.com/index.html?prefix=StagedProducts/Elevation/metadata/AZ_CentralCoconino_B22/AZ_CenCoconino_3_B22
AZ_Cochise-FEMA_2012,2012-01-29,2012-01-29,wesm_normalized_workunit,https://prd-tnm.s3.amazonaws.com/index.html?prefix=StagedProducts/Elevation/metadata/legacy/AZ_COCHISE-FEMA_2012
AZ_CochiseCounty_1_2020,2020-09-15,2020-10-20,wesm_exact_workunit,https://prd-tnm.s3.amazonaws.com/index.html?prefix=StagedProducts/Elevation/metadata/AZ_CochiseCounty_2020_B20/AZ_CochiseCounty_1_2020
AZ_CochiseCounty_2_2020,2020-09-29,2020-12-08,wesm_exact_workunit,https://prd-tnm.s3.amazonaws.com/index.html?prefix=StagedProducts/Elevation/metadata/AZ_CochiseCounty_2020_B20/AZ_CochiseCounty_2_2020
AZ_CochiseCounty_3_2020,2020-09-24,2020-12-08,wesm_exact_workunit,https://prd-tnm.s3.amazonaws.com/index.html?prefix=StagedProducts/Elevation/metadata/AZ_CochiseCounty_2020_B20/AZ_CochiseCounty_3_2020
AZ_Coconino_B1_2019,2019-08-16,2019-08-20,wesm_exact_workunit,https://prd-tnm.s3.amazonaws.com/index.html?prefix=StagedProducts/Elevation/metadata/AZ_Coconino_2019_B19/AZ_Coconino_B1_2019
AZ_FEMA_Central_2017,2018-01-06,2018-01-06,wesm_exact_workunit,https://prd-tnm.s3.amazonaws.com/index.html?prefix=StagedProducts/Elevation/metadata/CA_AZ_FEMA_R9_Lidar_2017_D18/AZ_FEMA_Central_2017
AZ_FEMA_East_2017,2018-01-11,2019-02-24,wesm_exact_workunit,https://prd-tnm.s3.amazonaws.com/index.html?prefix=StagedProducts/Elevation/metadata/CA_AZ_FEMA_R9_Lidar_2017_D18/AZ_FEMA_East_2017
AZ_GrandCanyonNP_1_2019,2019-09-27,2019-10-06,wesm_exact_workunit,https://prd-tnm.s3.amazonaws.com/index.html?prefix=StagedProducts/Elevation/metadata/AZ_GrandCanyonNP_2019_B19/AZ_GrandCanyonNP_1_2019
AZ_GrandCanyonNP_2_2019,2019-09-29,2019-10-05,wesm_exact_workunit,https://prd-tnm.s3.amazonaws.com/index.html?prefix=StagedProducts/Elevation/metadata/AZ_GrandCanyonNP_2019_B19/AZ_GrandCanyonNP_2_2019
AZ_LowerColoradoRiver_B1_2018,2018-09-02,2018-09-23,wesm_exact_workunit,https://prd-tnm.s3.amazonaws.com/index.html?prefix=StagedProducts/Elevation/metadata/AZ_LowerColoradoRiver_2018_B18/AZ_LowerColoradoRiver_B1_2018
AZ_LowerColoradoRiver_B2_2018,2018-09-09,2019-09-29,wesm_exact_workunit,https://prd-tnm.s3.amazonaws.com/index.html?prefix=StagedProducts/Elevation/metadata/AZ_LowerColoradoRiver_2018_B18/AZ_LowerColoradoRiver_B2_2018
AZ_LowerColoradoTB_1_C23,2021-09-21,2021-12-12,wesm_exact_workunit,https://prd-tnm.s3.amazonaws.com/index.html?prefix=StagedProducts/Elevation/metadata/AZ_2021LowerColoradoTB_C23/AZ_LowerColoradoTB_1_C23
AZ_MaricopaPinal_1_2020,2020-10-02,2021-12-18,wesm_exact_workunit,https://prd-tnm.s3.amazonaws.com/index.html?prefix=StagedProducts/Elevation/metadata/AZ_MaricopaPinal_2020_B20/AZ_MaricopaPinal_1_2020
AZ_MohaveCo_1_2021,2021-08-22,2021-08-25,wesm_exact_workunit,https://prd-tnm.s3.amazonaws.com/index.html?prefix=StagedProducts/Elevation/metadata/AZ_MohaveCounty_2021_D21/AZ_MohaveCo_1_2021
AZ_MohaveCo_2_2021,2021-08-22,2021-08-25,wesm_exact_workunit,https://prd-tnm.s3.amazonaws.com/index.html?prefix=StagedProducts/Elevation/metadata/AZ_MohaveCounty_2021_D21/AZ_MohaveCo_2_2021
AZ_MohaveCoconino_1_D23,2023-10-18,2024-09-27,wesm_exact_workunit,https://prd-tnm.s3.amazonaws.com/index.html?prefix=StagedProducts/Elevation/metadata/AZ_MohaveCoconino_D23/AZ_MohaveCoconino_1_D23
AZ_Mohave_1_D23,2023-03-17,2023-04-02,wesm_exact_workunit,https://prd-tnm.s3.amazonaws.com/index.html?prefix=StagedProducts/Elevation/metadata/AZ_Mohave_D23/AZ_Mohave_1_D23
AZ_Mohave_2_D23,2023-03-13,2023-03-17,wesm_exact_workunit,https://prd-tnm.s3.amazonaws.com/index.html?prefix=StagedProducts/Elevation/metadata/AZ_Mohave_D23/AZ_Mohave_2_D23
AZ_Mohave_3_D23,2023-03-16,2023-04-02,wesm_exact_workunit,https://prd-tnm.s3.amazonaws.com/index.html?prefix=StagedProducts/Elevation/metadata/AZ_Mohave_D23/AZ_Mohave_3_D23
AZ_Mohave_4_D23,2023-03-13,2023-04-21,wesm_exact_workunit,https://prd-tnm.s3.amazonaws.com/index.html?prefix=StagedProducts/Elevation/metadata/AZ_Mohave_D23/AZ_Mohave_4_D23
AZ_NavajoCorridor_1_2020,2020-09-25,2020-09-25,wesm_exact_workunit,https://prd-tnm.s3.amazonaws.com/index.html?prefix=StagedProducts/Elevation/metadata/AZ_NavajoCorridor_2020_D20/AZ_NavajoCorridor_1_2020
AZ_NavajoNation_1_D22,2022-09-15,2022-11-30,wesm_exact_workunit,https://prd-tnm.s3.amazonaws.com/index.html?prefix=StagedProducts/Elevation/metadata/AZ_NavajoNation_D22/AZ_NavajoNation_1_D22
AZ_NorthEast_2_D23,2023-06-15,2023-06-15,wesm_exact_workunit,https://prd-tnm.s3.amazonaws.com/index.html?prefix=StagedProducts/Elevation/metadata/AZ_NorthEast_D23/AZ_NorthEast_2_D23
AZ_NorthEast_3_D23,2023-05-28,2023-09-05,wesm_exact_workunit,https://prd-tnm.s3.amazonaws.com/index.html?prefix=StagedProducts/Elevation/metadata/AZ_NorthEast_D23/AZ_NorthEast_3_D23
AZ_NorthKaibabNF_B1_2019,2019-06-27,2019-07-03,wesm_exact_workunit,https://prd-tnm.s3.amazonaws.com/index.html?prefix=StagedProducts/Elevation/metadata/AZ_NorthKaibabNF_2019_B19/AZ_NorthKaibabNF_B1_2019
AZ_OrganPipeCactusNM_1_2020,2020-09-19,2020-09-26,wesm_exact_workunit,https://prd-tnm.s3.amazonaws.com/index.html?prefix=StagedProducts/Elevation/metadata/AZ_OrganPipeCactusNM_2020_B20/AZ_OrganPipeCactusNM_1_2020
AZ_PimaCo_1_2021,2021-11-06,2021-11-20,wesm_exact_workunit,https://prd-tnm.s3.amazonaws.com/index.html?prefix=StagedProducts/Elevation/metadata/AZ_PimaCounty_2021_B21/AZ_PimaCo_1_2021
AZ_PimaCo_2_2021,2021-09-27,2021-11-17,wesm_exact_workunit,https://prd-tnm.s3.amazonaws.com/index.html?prefix=StagedProducts/Elevation/metadata/AZ_PimaCounty_2021_B21/AZ_PimaCo_2_2021
AZ_Safford_QL2_2016,2016-10-15,2017-12-10,wesm_exact_workunit,https://prd-tnm.s3.amazonaws.com/index.html?prefix=StagedProducts/Elevation/metadata/AZ_Fredonia_Safford_LiDAR_2016_D16/AZ_Safford-QL2_2016
AZ_SanCarlosReservation_2013,2013-08-08,2013-08-13,wesm_normalized_workunit,https://prd-tnm.s3.amazonaws.com/index.html?prefix=StagedProducts/Elevation/metadata/legacy/AZ_SANCARLOSRESERVATION_2013
AZ_Southwest_1_D23,2023-06-18,2023-07-22,wesm_exact_workunit,https://prd-tnm.s3.amazonaws.com/index.html?prefix=StagedProducts/Elevation/metadata/AZ_SouthWest_D23/AZ_Southwest_1_D23
AZ_Southwest_2_D23,2023-06-20,2023-09-03,wesm_exact_workunit,https://prd-tnm.s3.amazonaws.com/index.html?prefix=StagedProducts/Elevation/metadata/AZ_SouthWest_D23/AZ_Southwest_2_D23
AZ_Southwest_3_D23,2023-06-16,2023-08-26,wesm_exact_workunit,https://prd-tnm.s3.amazonaws.com/index.html?prefix=StagedProducts/Elevation/metadata/AZ_SouthWest_D23/AZ_Southwest_3_D23
AZ_Southwest_4_D23,2023-06-24,2023-09-03,wesm_exact_workunit,https://prd-tnm.s3.amazonaws.com/index.html?prefix=StagedProducts/Elevation/metadata/AZ_SouthWest_D23/AZ_Southwest_4_D23
AZ_Southwest_5_D23,2023-06-18,2023-07-08,wesm_exact_workunit,https://prd-tnm.s3.amazonaws.com/index.html?prefix=StagedProducts/Elevation/metadata/AZ_SouthWest_D23/AZ_Southwest_5_D23
AZ_Tucson_2011,2011-04-10,2011-04-25,wesm_normalized_workunit,https://prd-tnm.s3.amazonaws.com/index.html?prefix=StagedProducts/Elevation/metadata/legacy/AZ_TUCSON_2011
AZ_USFS_3DEP_Processing_2019,2013-08-24,2014-10-12,wesm_exact_workunit,https://prd-tnm.s3.amazonaws.com/index.html?prefix=StagedProducts/Elevation/metadata/AZ_USFS_3DEP_Processing_2019_D20/AZ_USFS_3DEP_Processing_2019
AZ_Yavapai_1_2021,2021-09-13,2021-11-13,wesm_exact_workunit,https://prd-tnm.s3.amazonaws.com/index.html?prefix=StagedProducts/Elevation/metadata/AZ_Yavapai_2021_B21/AZ_Yavapai_1_2021
AZ_Yavapai_2_2021,2021-09-13,2021-11-17,wesm_exact_workunit,https://prd-tnm.s3.amazonaws.com/index.html?prefix=StagedProducts/Elevation/metadata/AZ_Yavapai_2021_B21/AZ_Yavapai_2_2021
CA_AlamedaCo_1_2021,2021-06-21,2021-07-02,wesm_exact_workunit,https://prd-tnm.s3.amazonaws.com/index.html?prefix=StagedProducts/Elevation/metadata/CA_AlamedaCounty_2021_B21/CA_AlamedaCo_1_2021
CA_AlamedaCo_2006,2006-06-25,2006-07-02,wesm_normalized_workunit,https://prd-tnm.s3.amazonaws.com/index.html?prefix=StagedProducts/Elevation/metadata/legacy/CA_ALAMEDACO_2006
CA_AlamedaCo_2_2021,2019-07-02,2021-07-02,wesm_exact_workunit,https://prd-tnm.s3.amazonaws.com/index.html?prefix=StagedProducts/Elevation/metadata/CA_AlamedaCounty_2021_B21/CA_AlamedaCo_2_2021
CA_AlamedaCo_3_2021,2021-06-21,2021-07-03,wesm_exact_workunit,https://prd-tnm.s3.amazonaws.com/index.html?prefix=StagedProducts/Elevation/metadata/CA_AlamedaCounty_2021_B21/CA_AlamedaCo_3_2021
CA_CalaverasTuolumne_2011,2011-11-21,2011-12-12,wesm_normalized_workunit,https://prd-tnm.s3.amazonaws.com/index.html?prefix=StagedProducts/Elevation/metadata/legacy/CA_CALAVERASTUOLUMNE_2011
CA_CaliforniaGaps_1_B23,2023-10-24,2023-11-29,wesm_exact_workunit,https://prd-tnm.s3.amazonaws.com/index.html?prefix=StagedProducts/Elevation/metadata/CA_CaliforniaGaps_B23/CA_CaliforniaGaps_1_B23
CA_CaliforniaGaps_3_B23,2023-09-05,2023-12-05,wesm_exact_workunit,https://prd-tnm.s3.amazonaws.com/index.html?prefix=StagedProducts/Elevation/metadata/CA_CaliforniaGaps_B23/CA_CaliforniaGaps_3_B23
CA_CaliforniaGaps_4_B23,2023-09-08,2023-12-11,wesm_exact_workunit,https://prd-tnm.s3.amazonaws.com/index.html?prefix=StagedProducts/Elevation/metadata/CA_CaliforniaGaps_B23/CA_CaliforniaGaps_4_B23
CA_CarrHirzDeltaFires_1_2019,2019-10-07,2020-08-15,wesm_exact_workunit,https://prd-tnm.s3.amazonaws.com/index.html?prefix=StagedProducts/Elevation/metadata/CA_CarrHirzDeltaFires_2019_B19/CA_CarrHirzDeltaFires_1_2019
CA_CarrHirzDeltaFires_2_2019,2019-10-11,2019-12-27,wesm_exact_workunit,https://prd-tnm.s3.amazonaws.com/index.html?prefix=StagedProducts/Elevation/metadata/CA_CarrHirzDeltaFires_2019_B19/CA_CarrHirzDeltaFires_2_2019
CA_ContraCostaCo_2007,2007-04-01,2007-05-01,wesm_normalized_workunit,https://prd-tnm.s3.amazonaws.com/index.html?prefix=StagedProducts/Elevation/metadata/legacy/CA_CONTRACOSTACO_2007
CA_ContraCosta_1_2022,2022-04-13,2022-04-18,wesm_exact_workunit,https://prd-tnm.s3.amazonaws.com/index.html?prefix=StagedProducts/Elevation/metadata/CA_ContraCosta_B22/CA_ContraCosta_1_2022
CA_DayFire_2007,2007-11-30,2007-12-02,wesm_normalized_workunit,https://prd-tnm.s3.amazonaws.com/index.html?prefix=StagedProducts/Elevation/metadata/legacy/CA_DAYFIRE_2007
CA_FEMALevee_1_D23,2023-05-25,2023-05-27,wesm_exact_workunit,https://prd-tnm.s3.amazonaws.com/index.html?prefix=StagedProducts/Elevation/metadata/CA_FEMALevee_D23/CA_FEMALevee_1_D23
CA_FEMALevee_2_D23,2023-05-30,2023-06-15,wesm_exact_workunit,https://prd-tnm.s3.amazonaws.com/index.html?prefix=StagedProducts/Elevation/metadata/CA_FEMALevee_D23/CA_FEMALevee_2_D23
CA_FEMAR9Estrella_2019,2019-12-15,2020-01-04,wesm_exact_workunit,https://prd-tnm.s3.amazonaws.com/index.html?prefix=StagedProducts/Elevation/metadata/CA_FEMAR9Estrella_2019_D20/CA_FEMAR9Estrella_2019
CA_FEMAR9Fresno_1_2019,2019-12-19,2020-01-16,wesm_exact_workunit,https://prd-tnm.s3.amazonaws.com/index.html?prefix=StagedProducts/Elevation/metadata/CA_FEMAR9Fresno_2019_D20/CA_FEMAR9Fresno_1_2019
CA_FEMAR9Fresno_2_2019,2019-12-12,2020-01-16,wesm_exact_workunit,https://prd-tnm.s3.amazonaws.com/index.html?prefix=StagedProducts/Elevation/metadata/CA_FEMAR9Fresno_2019_D20/CA_FEMAR9Fresno_2_2019
CA_FEMAR9PanocheSanLuis_2019,2020-01-04,2020-01-19,wesm_exact_workunit,https://prd-tnm.s3.amazonaws.com/index.html?prefix=StagedProducts/Elevation/metadata/CA_FEMAR9PanocheSanLuis_2019_D20/CA_FEMAR9PanocheSanLuis_2019
CA_FEMAR9Southeast_1_D24,2024-04-06,2024-07-20,wesm_exact_workunit,https://prd-tnm.s3.amazonaws.com/index.html?prefix=StagedProducts/Elevation/metadata/CA_FEMAR9Southeast_D24/CA_FEMAR9Southeast_1_D24
CA_FEMAR9Southeast_2_D24,2024-04-06,2024-07-26,wesm_exact_workunit,https://prd-tnm.s3.amazonaws.com/index.html?prefix=StagedProducts/Elevation/metadata/CA_FEMAR9Southeast_D24/CA_FEMAR9Southeast_2_D24
CA_FEMA_Z1_2018,2018-03-28,2018-03-31,wesm_exact_workunit,https://prd-tnm.s3.amazonaws.com/index.html?prefix=StagedProducts/Elevation/metadata/CA_AZ_FEMA_R9_Lidar_2017_D18/CA_FEMA_Z1_2018
CA_FEMA_Z4_B1_2018,2018-02-16,2018-04-21,wesm_exact_workunit,https://prd-tnm.s3.amazonaws.com/index.html?prefix=StagedProducts/Elevation/metadata/CA_AZ_FEMA_R9_Lidar_2017_D18/CA_FEMA_Z4_B1_2018
CA_FEMA_Z4_B2_2018,2018-01-22,2018-04-22,wesm_exact_workunit,https://prd-tnm.s3.amazonaws.com/index.html?prefix=StagedProducts/Elevation/metadata/CA_AZ_FEMA_R9_Lidar_2017_D18/CA_FEMA_Z4_B2_2018
CA_FEMA_Z4_QL1_2018,2018-02-16,2018-02-18,wesm_exact_workunit,https://prd-tnm.s3.amazonaws.com/index.html?prefix=StagedProducts/Elevation/metadata/CA_AZ_FEMA_R9_Lidar_2017_D18/CA_FEMA_Z4_QL1_2018
CA_LassenNP_2020,2020-10-12,2020-10-12,wesm_exact_workunit,https://prd-tnm.s3.amazonaws.com/index.html?prefix=StagedProducts/Elevation/metadata/CA_LassenNP_LowerBearCreekHUC10_2020_D20/CA_LassenNP_2020
CA_LosAngeles_1_B23,2023-01-08,2024-01-07,wesm_exact_workunit,https://prd-tnm.s3.amazonaws.com/index.html?prefix=StagedProducts/Elevation/metadata/CA_LosAngeles_B23/CA_LosAngeles_1_B23
CA_LosAngeles_2_B23,2023-12-02,2023-12-07,wesm_exact_workunit,https://prd-tnm.s3.amazonaws.com/index.html?prefix=StagedProducts/Elevation/metadata/CA_LosAngeles_B23/CA_LosAngeles_2_B23
CA_LowerBearCreek_2020,2020-12-11,2020-12-11,wesm_exact_workunit,https://prd-tnm.s3.amazonaws.com/index.html?prefix=StagedProducts/Elevation/metadata/CA_LassenNP_LowerBearCreekHUC10_2020_D20/CA_LowerBearCreek_2020
CA_MountainPass_B1_2019,2019-08-22,2019-10-02,wesm_exact_workunit,https://prd-tnm.s3.amazonaws.com/index.html?prefix=StagedProducts/Elevation/metadata/CA_MountainPass_2019_D19/CA_MountainPass_B1_2019
CA_NoCAL_Wildfires_PlumasNF_B2_2018,2018-07-07,2018-09-20,wesm_exact_workunit,https://prd-tnm.s3.amazonaws.com/index.html?prefix=StagedProducts/Elevation/metadata/CA_NoCAL_3DEP_Supp_Funding_2018_D18/CA_NoCAL_Wildfires_PlumasNF_B2_2018
CA_NoCAL_Wildfires_TL_QL1_2018,2018-07-08,2018-12-29,wesm_exact_workunit,https://prd-tnm.s3.amazonaws.com/index.html?prefix=StagedProducts/Elevation/metadata/CA_NoCAL_3DEP_Supp_Funding_2018_D18/CA_NoCAL_Wildfires_TL_QL1_2018
CA_NoCAL_Wildfires_TL_QL2_2018,2018-07-16,2019-03-13,wesm_exact_workunit,https://prd-tnm.s3.amazonaws.com/index.html?prefix=StagedProducts/Elevation/metadata/CA_NoCAL_3DEP_Supp_Funding_2018_D18/CA_NoCAL_Wildfires_TL_QL2_2018
CA_NorthCoastRanges_1_B23,2023-09-21,2023-12-15,wesm_exact_workunit,https://prd-tnm.s3.amazonaws.com/index.html?prefix=StagedProducts/Elevation/metadata/CA_NorthCoastRanges_B23/CA_NorthCoastRanges_1_B23
CA_NorthCoastRanges_2_B23,2023-09-16,2023-12-15,wesm_exact_workunit,https://prd-tnm.s3.amazonaws.com/index.html?prefix=StagedProducts/Elevation/metadata/CA_NorthCoastRanges_B23/CA_NorthCoastRanges_2_B23
CA_NorthernCA_1_B22,2022-09-13,2022-11-11,wesm_exact_workunit,https://prd-tnm.s3.amazonaws.com/index.html?prefix=StagedProducts/Elevation/metadata/CA_NorthernCA_B22/CA_NorthernCA_1_B22
CA_NorthernCA_2_B22,2022-09-03,2022-10-18,wesm_exact_workunit,https://prd-tnm.s3.amazonaws.com/index.html?prefix=StagedProducts/Elevation/metadata/CA_NorthernCA_B22/CA_NorthernCA_2_B22
CA_NorthernCA_3_B22,2022-09-03,2022-10-31,wesm_exact_workunit,https://prd-tnm.s3.amazonaws.com/index.html?prefix=StagedProducts/Elevation/metadata/CA_NorthernCA_B22/CA_NorthernCA_3_B22
CA_NorthernCA_5_B22,2022-09-11,2022-11-03,wesm_exact_workunit,https://prd-tnm.s3.amazonaws.com/index.html?prefix=StagedProducts/Elevation/metadata/CA_NorthernCA_B22/CA_NorthernCA_5_B22
CA_OrangeCo_2011,2011-12-17,2012-02-09,wesm_normalized_workunit,https://prd-tnm.s3.amazonaws.com/index.html?prefix=StagedProducts/Elevation/metadata/legacy/CA_ORANGECO_2011
CA_PlacerCo_2012,2012-04-02,2012-06-28,wesm_normalized_workunit,https://prd-tnm.s3.amazonaws.com/index.html?prefix=StagedProducts/Elevation/metadata/legacy/CA_PLACERCO_2012
CA_SE_Fault_Zone_2017,2017-08-05,2017-08-22,wesm_exact_workunit,https://prd-tnm.s3.amazonaws.com/index.html?prefix=StagedProducts/Elevation/metadata/CA_SE_Fault_Zone_Lidar_2017_D17/CA_SE_Fault_Zone_2017
CA_SaltonSea_2010,2010-11-09,2011-02-11,wesm_normalized_workunit,https://prd-tnm.s3.amazonaws.com/index.html?prefix=StagedProducts/Elevation/metadata/legacy/CA_SALTONSEA_2010
CA_SaltonSea_EarthMRI_1_2021,2021-11-02,2021-11-27,wesm_exact_workunit,https://prd-tnm.s3.amazonaws.com/index.html?prefix=StagedProducts/Elevation/metadata/CA_SaltonSea_EarthMRI_2021_D21/CA_SaltonSea_EarthMRI_1_2021
CA_SaltonSea_EarthMRI_2_2021,2021-11-04,2021-11-30,wesm_exact_workunit,https://prd-tnm.s3.amazonaws.com/index.html?prefix=StagedProducts/Elevation/metadata/CA_SaltonSea_EarthMRI_2021_D21/CA_SaltonSea_EarthMRI_2_2021
CA_SaltonSea_EarthMRI_3_D21,2022-11-02,2022-11-30,wesm_exact_workunit,https://prd-tnm.s3.amazonaws.com/index.html?prefix=StagedProducts/Elevation/metadata/CA_SaltonSea_EarthMRI_2021_D21/CA_SaltonSea_EarthMRI_3_D21
CA_SaltonSea_EarthMRI_4_2021,2021-11-12,2023-08-04,wesm_exact_workunit,https://prd-tnm.s3.amazonaws.com/index.html?prefix=StagedProducts/Elevation/metadata/CA_SaltonSea_EarthMRI_2021_D21/CA_SaltonSea_EarthMRI_4_2021
CA_SanBern_EMRI_1_2021,2021-11-06,2021-11-16,wesm_exact_workunit,https://prd-tnm.s3.amazonaws.com/index.html?prefix=StagedProducts/Elevation/metadata/CA_SanBernardino_EarthMRI_2021_D21/CA_SanBern_EMRI_1_2021
CA_SanBern_EMRI_2_2021,2021-11-07,2021-11-16,wesm_exact_workunit,https://prd-tnm.s3.amazonaws.com/index.html?prefix=StagedProducts/Elevation/metadata/CA_SanBernardino_EarthMRI_2021_D21/CA_SanBern_EMRI_2_2021
CA_SanDiegoQL2_2014,2014-10-27,2015-02-17,wesm_exact_workunit,https://prd-tnm.s3.amazonaws.com/index.html?prefix=StagedProducts/Elevation/metadata/San_Diego_CA_2014_LiDAR/CA_SanDiegoQL2_2014
CA_SanDiego_2015_C17_1,2015-10-30,2016-11-23,wesm_exact_workunit,https://prd-tnm.s3.amazonaws.com/index.html?prefix=StagedProducts/Elevation/metadata/CA_SanDiego_2015_C17/CA_SanDiego_2015_C17_1
CA_SanFrancisco_1_B23,2023-04-20,2023-04-20,wesm_exact_workunit,https://prd-tnm.s3.amazonaws.com/index.html?prefix=StagedProducts/Elevation/metadata/CA_SanFrancisco_B23/CA_SanFrancisco_1_B23
CA_SanJoaquin_1_2021,2021-04-13,2021-04-30,wesm_exact_workunit,https://prd-tnm.s3.amazonaws.com/index.html?prefix=StagedProducts/Elevation/metadata/CA_SanJoaquin_2021_A21/CA_SanJoaquin_1_2021
CA_SanJoaquin_2_2021,2021-03-27,2021-04-19,wesm_exact_workunit,https://prd-tnm.s3.amazonaws.com/index.html?prefix=StagedProducts/Elevation/metadata/CA_SanJoaquin_2021_A21/CA_SanJoaquin_2_2021
CA_SanJoaquin_3_2021,2021-03-18,2021-04-11,wesm_exact_workunit,https://prd-tnm.s3.amazonaws.com/index.html?prefix=StagedProducts/Elevation/metadata/CA_SanJoaquin_2021_A21/CA_SanJoaquin_3_2021
CA_SanJoaquin_4_2021,2021-03-02,2021-04-04,wesm_exact_workunit,https://prd-tnm.s3.amazonaws.com/index.html?prefix=StagedProducts/Elevation/metadata/CA_SanJoaquin_2021_A21/CA_SanJoaquin_4_2021
CA_SanJoaquin_5_2021,2021-02-26,2021-03-31,wesm_exact_workunit,https://prd-tnm.s3.amazonaws.com/index.html?prefix=StagedProducts/Elevation/metadata/CA_SanJoaquin_2021_A21/CA_SanJoaquin_5_2021
CA_SanJoaquin_6_2021,2021-02-24,2021-03-22,wesm_exact_workunit,https://prd-tnm.s3.amazonaws.com/index.html?prefix=StagedProducts/Elevation/metadata/CA_SanJoaquin_2021_A21/CA_SanJoaquin_6_2021
CA_SanJoaquin_7_2021,2021-02-21,2021-03-04,wesm_exact_workunit,https://prd-tnm.s3.amazonaws.com/index.html?prefix=StagedProducts/Elevation/metadata/CA_SanJoaquin_2021_A21/CA_SanJoaquin_7_2021
CA_SanJoaquin_8_Reflight_2021,2021-04-13,2023-10-13,wesm_exact_workunit,https://prd-tnm.s3.amazonaws.com/index.html?prefix=StagedProducts/Elevation/metadata/CA_SanJoaquin_2021_A21/CA_SanJoaquin_8_Reflight_2021
CA_SanJoaquin_9_Reflight_2021,2021-03-17,2021-03-17,wesm_exact_workunit,https://prd-tnm.s3.amazonaws.com/index.html?prefix=StagedProducts/Elevation/metadata/CA_SanJoaquin_2021_A21/CA_SanJoaquin_9_Reflight_2021
CA_SantaClaraCounty_2020,2020-04-03,2020-04-22,wesm_exact_workunit,https://prd-tnm.s3.amazonaws.com/index.html?prefix=StagedProducts/Elevation/metadata/CA_SantaClaraCounty_2020_A20/CA_SantaClaraCounty_2020
CA_SantaCruzCounty_2020,2020-03-22,2020-04-15,wesm_exact_workunit,https://prd-tnm.s3.amazonaws.com/index.html?prefix=StagedProducts/Elevation/metadata/CA_SantaCruzCounty_2020_A20/CA_SantaCruzCounty_2020
CA_Scripps-Apr_2004,2004-04-02,2004-04-02,wesm_normalized_workunit,https://prd-tnm.s3.amazonaws.com/index.html?prefix=StagedProducts/Elevation/metadata/legacy/CA_SCRIPPS-APR_2004
CA_Scripps-Apr_2005,2005-04-04,2005-04-08,wesm_normalized_workunit,https://prd-tnm.s3.amazonaws.com/index.html?prefix=StagedProducts/Elevation/metadata/legacy/CA_SCRIPPS-APR_2005
CA_Scripps-Dec_2002,2002-12-03,2002-12-04,wesm_normalized_workunit,https://prd-tnm.s3.amazonaws.com/index.html?prefix=StagedProducts/Elevation/metadata/legacy/CA_SCRIPPS-DEC_2002
CA_Scripps-Mar_2003,2003-03-28,2003-03-29,wesm_normalized_workunit,https://prd-tnm.s3.amazonaws.com/index.html?prefix=StagedProducts/Elevation/metadata/legacy/CA_SCRIPPS-MAR_2003
CA_Scripps-Mar_2006,2006-03-24,2006-03-25,wesm_normalized_workunit,https://prd-tnm.s3.amazonaws.com/index.html?prefix=StagedProducts/Elevation/metadata/legacy/CA_SCRIPPS-MAR_2006
CA_Scripps-May_2002,2002-05-22,2002-05-22,wesm_normalized_workunit,https://prd-tnm.s3.amazonaws.com/index.html?prefix=StagedProducts/Elevation/metadata/legacy/CA_SCRIPPS-MAY_2002
CA_Scripps-Oct_2003,2003-10-24,2003-10-25,wesm_normalized_workunit,https://prd-tnm.s3.amazonaws.com/index.html?prefix=StagedProducts/Elevation/metadata/legacy/CA_SCRIPPS-OCT_2003
CA_Scripps-Oct_2005,2005-10-18,2005-10-19,wesm_normalized_workunit,https://prd-tnm.s3.amazonaws.com/index.html?prefix=StagedProducts/Elevation/metadata/legacy/CA_SCRIPPS-OCT_2005
CA_Scripps-Sep_2002,2002-09-09,2002-09-09,wesm_normalized_workunit,https://prd-tnm.s3.amazonaws.com/index.html?prefix=StagedProducts/Elevation/metadata/legacy/CA_SCRIPPS-SEP_2002
CA_Scripps-Sep_2004,2004-09-28,2004-09-30,wesm_normalized_workunit,https://prd-tnm.s3.amazonaws.com/index.html?prefix=StagedProducts/Elevation/metadata/legacy/CA_SCRIPPS-SEP_2004
CA_SierraNevada_10_2022,2022-06-19,2022-08-30,wesm_exact_workunit,https://prd-tnm.s3.amazonaws.com/index.html?prefix=StagedProducts/Elevation/metadata/CA_SierraNevada_B22/CA_SierraNevada_10_2022
CA_SierraNevada_11_B22,2022-06-02,2022-08-26,wesm_exact_workunit,https://prd-tnm.s3.amazonaws.com/index.html?prefix=StagedProducts/Elevation/metadata/CA_SierraNevada_B22/CA_SierraNevada_11_B22
CA_SierraNevada_12_B22,2021-11-18,2022-08-25,wesm_exact_workunit,https://prd-tnm.s3.amazonaws.com/index.html?prefix=StagedProducts/Elevation/metadata/CA_SierraNevada_B22/CA_SierraNevada_12_B22
CA_SierraNevada_13_B22,2022-06-04,2022-09-17,wesm_exact_workunit,https://prd-tnm.s3.amazonaws.com/index.html?prefix=StagedProducts/Elevation/metadata/CA_SierraNevada_B22/CA_SierraNevada_13_B22
CA_SierraNevada_14_B22,2022-06-04,2022-09-23,wesm_exact_workunit,https://prd-tnm.s3.amazonaws.com/index.html?prefix=StagedProducts/Elevation/metadata/CA_SierraNevada_B22/CA_SierraNevada_14_B22
CA_SierraNevada_1_2022,2021-11-07,2021-11-29,wesm_exact_workunit,https://prd-tnm.s3.amazonaws.com/index.html?prefix=StagedProducts/Elevation/metadata/CA_SierraNevada_B22/CA_SierraNevada_1_2022
CA_SierraNevada_2_2022,2021-11-16,2021-12-01,wesm_exact_workunit,https://prd-tnm.s3.amazonaws.com/index.html?prefix=StagedProducts/Elevation/metadata/CA_SierraNevada_B22/CA_SierraNevada_2_2022
CA_SierraNevada_3_2022,2021-11-23,2021-12-02,wesm_exact_workunit,https://prd-tnm.s3.amazonaws.com/index.html?prefix=StagedProducts/Elevation/metadata/CA_SierraNevada_B22/CA_SierraNevada_3_2022
CA_SierraNevada_4_2022,2021-11-03,2021-12-05,wesm_exact_workunit,https://prd-tnm.s3.amazonaws.com/index.html?prefix=StagedProducts/Elevation/metadata/CA_SierraNevada_B22/CA_SierraNevada_4_2022
CA_SierraNevada_5_2022,2021-11-12,2022-08-22,wesm_exact_workunit,https://prd-tnm.s3.amazonaws.com/index.html?prefix=StagedProducts/Elevation/metadata/CA_SierraNevada_B22/CA_SierraNevada_5_2022
CA_SierraNevada_6_2022,2021-11-03,2022-08-19,wesm_exact_workunit,https://prd-tnm.s3.amazonaws.com/index.html?prefix=StagedProducts/Elevation/metadata/CA_SierraNevada_B22/CA_SierraNevada_6_2022
CA_SierraNevada_7_2022,2021-11-24,2022-08-24,wesm_exact_workunit,https://prd-tnm.s3.amazonaws.com/index.html?prefix=StagedProducts/Elevation/metadata/CA_SierraNevada_B22/CA_SierraNevada_7_2022
CA_SierraNevada_8_2022,2021-11-18,2022-08-25,wesm_exact_workunit,https://prd-tnm.s3.amazonaws.com/index.html?prefix=StagedProducts/Elevation/metadata/CA_SierraNevada_B22/CA_SierraNevada_8_2022
CA_SierraNevada_9_2022,2022-06-19,2022-08-31,wesm_exact_workunit,https://prd-tnm.s3.amazonaws.com/index.html?prefix=StagedProducts/Elevation/metadata/CA_SierraNevada_B22/CA_SierraNevada_9_2022
CA_SolanoCounty_1_A23,2022-12-26,2023-02-06,wesm_exact_workunit,https://prd-tnm.s3.amazonaws.com/index.html?prefix=StagedProducts/Elevation/metadata/CA_SolanoCounty_A23/CA_SolanoCounty_1_A23
CA_UpperSouthAmerican_Eldorado_2019,2019-10-21,2020-03-05,wesm_exact_workunit,https://prd-tnm.s3.amazonaws.com/index.html?prefix=StagedProducts/Elevation/metadata/CA_UpperSouthAmerican_Eldorado_2019_B19/CA_UpperSouthAmerican_Eldorado_2019
CO_ArkansasValley_2010,2010-09-09,2010-10-28,wesm_normalized_workunit,https://prd-tnm.s3.amazonaws.com/index.html?prefix=StagedProducts/Elevation/metadata/legacy/CO_ARKANSASVALLEY_2010
CO_CameronPkFire_1_2021,2021-09-07,2021-09-22,wesm_exact_workunit,https://prd-tnm.s3.amazonaws.com/index.html?prefix=StagedProducts/Elevation/metadata/CO_CameronPeakWildfire_2021_D21/CO_CameronPkFire_1_2021
CO_CentralEasternPlains_1_2020,2020-05-09,2020-06-10,wesm_exact_workunit,https://prd-tnm.s3.amazonaws.com/index.html?prefix=StagedProducts/Elevation/metadata/CO_CentralEasternPlains_2020_D20/CO_CentralEasternPlains_1_2020
CO_CentralEasternPlains_2_2020,2020-05-12,2020-06-28,wesm_exact_workunit,https://prd-tnm.s3.amazonaws.com/index.html?prefix=StagedProducts/Elevation/metadata/CO_CentralEasternPlains_2020_D20/CO_CentralEasternPlains_2_2020
CO_DRCOG_1_2020,2020-05-29,2020-08-03,wesm_exact_workunit,https://prd-tnm.s3.amazonaws.com/index.html?prefix=StagedProducts/Elevation/metadata/CO_DRCOG_2020_B20/CO_DRCOG_1_2020
CO_DRCOG_2_2020,2020-05-26,2020-06-12,wesm_exact_workunit,https://prd-tnm.s3.amazonaws.com/index.html?prefix=StagedProducts/Elevation/metadata/CO_DRCOG_2020_B20/CO_DRCOG_2_2020
CO_DRCOG_3_2020,2020-06-14,2021-03-13,wesm_exact_workunit,https://prd-tnm.s3.amazonaws.com/index.html?prefix=StagedProducts/Elevation/metadata/CO_DRCOG_2020_B20/CO_DRCOG_3_2020
CO_DenverDNC_2008,2008-03-25,2008-04-19,wesm_normalized_workunit,https://prd-tnm.s3.amazonaws.com/index.html?prefix=StagedProducts/Elevation/metadata/legacy/CO_DENVERDNC_2008
CO_Denver_2008,2008-03-25,2008-04-19,wesm_normalized_workunit,https://prd-tnm.s3.amazonaws.com/index.html?prefix=StagedProducts/Elevation/metadata/legacy/CO_DENVER_2008
CO_Eastern_B1_2018,2018-04-30,2018-07-25,wesm_exact_workunit,https://prd-tnm.s3.amazonaws.com/index.html?prefix=StagedProducts/Elevation/metadata/CO_EasternColorado_2018_A18/CO_Eastern_B1_2018
CO_Eastern_B2_QL1_Central_2018,2018-05-08,2018-05-09,wesm_exact_workunit,https://prd-tnm.s3.amazonaws.com/index.html?prefix=StagedProducts/Elevation/metadata/CO_EasternColorado_2018_A18/CO_Eastern_B2_QL1_Central_2018
CO_Eastern_B2_QL2_Central_2018,2018-05-10,2018-05-10,wesm_exact_workunit,https://prd-tnm.s3.amazonaws.com/index.html?prefix=StagedProducts/Elevation/metadata/CO_EasternColorado_2018_A18/CO_Eastern_B2_QL2_Central_2018
CO_Eastern_B2_QL2_North_2018,2018-05-06,2018-07-07,wesm_exact_workunit,https://prd-tnm.s3.amazonaws.com/index.html?prefix=StagedProducts/Elevation/metadata/CO_EasternColorado_2018_A18/CO_Eastern_B2_QL2_North_2018
CO_Eastern_B3_2018,2018-05-08,2018-07-25,wesm_exact_workunit,https://prd-tnm.s3.amazonaws.com/index.html?prefix=StagedProducts/Elevation/metadata/CO_EasternColorado_2018_A18/CO_Eastern_B3_2018
CO_Eastern_B4_2018,2018-05-06,2018-07-07,wesm_exact_workunit,https://prd-tnm.s3.amazonaws.com/index.html?prefix=StagedProducts/Elevation/metadata/CO_EasternColorado_2018_A18/CO_Eastern_B4_2018
CO_Eastern_B5_2018,2018-05-04,2018-07-25,wesm_exact_workunit,https://prd-tnm.s3.amazonaws.com/index.html?prefix=StagedProducts/Elevation/metadata/CO_EasternColorado_2018_A18/CO_Eastern_B5_2018
CO_Eastern_B6_2018,2018-05-16,2018-08-12,wesm_exact_workunit,https://prd-tnm.s3.amazonaws.com/index.html?prefix=StagedProducts/Elevation/metadata/CO_EasternColorado_2018_A18/CO_Eastern_B6_2018
CO_Eastern_ElPaso_2018,2018-05-06,2018-07-25,wesm_exact_workunit,https://prd-tnm.s3.amazonaws.com/index.html?prefix=StagedProducts/Elevation/metadata/CO_EasternColorado_2018_A18/CO_Eastern_ElPaso_2018
CO_Eastern_North_Priority_2018,2018-05-07,2018-06-23,wesm_exact_workunit,https://prd-tnm.s3.amazonaws.com/index.html?prefix=StagedProducts/Elevation/metadata/CO_EasternColorado_2018_A18/CO_Eastern_North_Priority_2018
CO_Eastern_South_Priority2_2018,2018-05-23,2018-08-12,wesm_exact_workunit,https://prd-tnm.s3.amazonaws.com/index.html?prefix=StagedProducts/Elevation/metadata/CO_EasternColorado_2018_A18/CO_Eastern_South_Priority2_2018
CO_NESEColorado_1_2019,2019-08-10,2019-08-12,wesm_exact_workunit,https://prd-tnm.s3.amazonaws.com/index.html?prefix=StagedProducts/Elevation/metadata/CO_NESEColorado_2019_C20/CO_NESEColorado_1_2019
CO_NESEColorado_2_2019,2019-08-12,2019-10-05,wesm_exact_workunit,https://prd-tnm.s3.amazonaws.com/index.html?prefix=StagedProducts/Elevation/metadata/CO_NESEColorado_2019_C20/CO_NESEColorado_2_2019
CO_NESEColorado_3_2019,2019-08-15,2019-08-26,wesm_exact_workunit,https://prd-tnm.s3.amazonaws.com/index.html?prefix=StagedProducts/Elevation/metadata/CO_NESEColorado_2019_C20/CO_NESEColorado_3_2019
CO_NESEColorado_4_2019,2019-07-31,2019-09-08,wesm_exact_workunit,https://prd-tnm.s3.amazonaws.com/index.html?prefix=StagedProducts/Elevation/metadata/CO_NESEColorado_2019_C20/CO_NESEColorado_4_2019
CO_NWCO_1_2020,2020-07-20,2020-10-07,wesm_exact_workunit,https://prd-tnm.s3.amazonaws.com/index.html?prefix=StagedProducts/Elevation/metadata/CO_NorthwestCO_2020_D20/CO_NWCO_1_2020
CO_NWCO_2_2020,2020-06-20,2021-08-28,wesm_exact_workunit,https://prd-tnm.s3.amazonaws.com/index.html?prefix=StagedProducts/Elevation/metadata/CO_NorthwestCO_2020_D20/CO_NWCO_2_2020
CO_NWCO_3_2020,2020-09-02,2020-09-02,wesm_exact_workunit,https://prd-tnm.s3.amazonaws.com/index.html?prefix=StagedProducts/Elevation/metadata/CO_NorthwestCO_2020_D20/CO_NWCO_3_2020
CO_San-Luis-Valley_2011,2011-09-18,2011-09-29,wesm_normalized_workunit,https://prd-tnm.s3.amazonaws.com/index.html?prefix=StagedProducts/Elevation/metadata/legacy/CO_SAN-LUIS-VALLEY_2011
CO_SanLuisJuanMiguel_1_2020,2020-06-08,2020-08-01,wesm_exact_workunit,https://prd-tnm.s3.amazonaws.com/index.html?prefix=StagedProducts/Elevation/metadata/CO_SanLuisJuanMiguel_2020_D20/CO_SanLuisJuanMiguel_1_2020
CO_SanLuisJuanMiguel_2_2020,2019-09-21,2019-10-19,wesm_exact_workunit,https://prd-tnm.s3.amazonaws.com/index.html?prefix=StagedProducts/Elevation/metadata/CO_SanLuisJuanMiguel_2020_D20/CO_SanLuisJuanMiguel_2_2020
CO_SanLuisJuanMiguel_3_2020,2020-06-28,2020-09-06,wesm_exact_workunit,https://prd-tnm.s3.amazonaws.com/index.html?prefix=StagedProducts/Elevation/metadata/CO_SanLuisJuanMiguel_2020_D20/CO_SanLuisJuanMiguel_3_2020
CO_SanLuisJuanMiguel_4_2020,2020-05-28,2020-10-04,wesm_exact_workunit,https://prd-tnm.s3.amazonaws.com/index.html?prefix=StagedProducts/Elevation/metadata/CO_SanLuisJuanMiguel_2020_D20/CO_SanLuisJuanMiguel_4_2020
CO_SanLuisJuanMiguel_5_2020,2020-05-28,2020-10-04,wesm_exact_workunit,https://prd-tnm.s3.amazonaws.com/index.html?prefix=StagedProducts/Elevation/metadata/CO_SanLuisJuanMiguel_2020_D20/CO_SanLuisJuanMiguel_5_2020
CO_Southwest_NRCS_B1_2018,2018-10-05,2018-11-10,wesm_exact_workunit,https://prd-tnm.s3.amazonaws.com/index.html?prefix=StagedProducts/Elevation/metadata/CO_Southwest_NRCS_2018_D18/CO_Southwest_NRCS_B1_2018
CO_Southwest_NRCS_B2_2018,2018-11-03,2019-09-24,wesm_exact_workunit,https://prd-tnm.s3.amazonaws.com/index.html?prefix=StagedProducts/Elevation/metadata/CO_Southwest_NRCS_2018_D18/CO_Southwest_NRCS_B2_2018
CO_Southwest_NRCS_B3_2018,2018-10-05,2019-09-24,wesm_exact_workunit,https://prd-tnm.s3.amazonaws.com/index.html?prefix=StagedProducts/Elevation/metadata/CO_Southwest_NRCS_2018_D18/CO_Southwest_NRCS_B3_2018
CO_Southwest_NRCS_TL_2018,2018-10-05,2018-11-03,wesm_exact_workunit,https://prd-tnm.s3.amazonaws.com/index.html?prefix=StagedProducts/Elevation/metadata/CO_Southwest_NRCS_2018_D18/CO_Southwest_NRCS_TL_2018
CO_UpperColorado_Hydroflattened_2020,2020-10-03,2020-10-10,wesm_exact_workunit,https://prd-tnm.s3.amazonaws.com/index.html?prefix=StagedProducts/Elevation/metadata/CO_UpperColorado_Topobathy_2020_D20/CO_UpperColorado_Hydroflattened_2020
CO_UpperColorado_Topobathy_1_2020,2020-10-03,2020-10-10,wesm_exact_workunit,https://prd-tnm.s3.amazonaws.com/index.html?prefix=StagedProducts/Elevation/metadata/CO_UpperColorado_Topobathy_2020_D20/CO_UpperColorado_Topobathy_1_2020
CO_WestCentral_2019,2019-08-21,2019-09-19,wesm_exact_workunit,https://prd-tnm.s3.amazonaws.com/index.html?prefix=StagedProducts/Elevation/metadata/CO_WestCentral_2019_A19/CO_WestCentral_2019
CT_Statewide_B1_2016,2016-03-11,2016-04-05,wesm_exact_workunit,https://prd-tnm.s3.amazonaws.com/index.html?prefix=StagedProducts/Elevation/metadata/CT_Statewide_C16/CT_Statewide_B1_2016
CT_Statewide_B2_2016,2016-03-19,2016-04-13,wesm_exact_workunit,https://prd-tnm.s3.amazonaws.com/index.html?prefix=StagedProducts/Elevation/metadata/CT_Statewide_C16/CT_Statewide_B2_2016
CT_Statewide_B3_2016,2016-03-19,2016-04-13,wesm_exact_workunit,https://prd-tnm.s3.amazonaws.com/index.html?prefix=StagedProducts/Elevation/metadata/CT_Statewide_C16/CT_Statewide_B3_2016
CT_Statewide_B4_2016,2016-03-20,2016-04-13,wesm_exact_workunit,https://prd-tnm.s3.amazonaws.com/index.html?prefix=StagedProducts/Elevation/metadata/CT_Statewide_C16/CT_Statewide_B4_2016
CT_Statewide_B5_2016,2016-03-29,2016-04-15,wesm_exact_workunit,https://prd-tnm.s3.amazonaws.com/index.html?prefix=StagedProducts/Elevation/metadata/CT_Statewide_C16/CT_Statewide_B5_2016
CT_Statewide_B6_2016,2016-03-30,2016-04-13,wesm_exact_workunit,https://prd-tnm.s3.amazonaws.com/index.html?prefix=StagedProducts/Elevation/metadata/CT_Statewide_C16/CT_Statewide_B6_2016
CT_Statewide_B7_2016,2016-03-30,2016-04-16,wesm_exact_workunit,https://prd-tnm.s3.amazonaws.com/index.html?prefix=StagedProducts/Elevation/metadata/CT_Statewide_C16/CT_Statewide_B7_2016
DE_Statewide_1_B23,2023-03-18,2023-05-11,wesm_exact_workunit,https://prd-tnm.s3.amazonaws.com/index.html?prefix=StagedProducts/Elevation/metadata/DE_Statewide_B23/DE_Statewide_1_B23
FL_2017FortDrum_1_C22,2017-04-06,2017-04-20,wesm_exact_workunit,https://prd-tnm.s3.amazonaws.com/index.html?prefix=StagedProducts/Elevation/metadata/FL_2017FortDrum_C22/FL_2017FortDrum_1_C22
FL_2017PalmCoast_1_C22,2017-03-28,2017-03-29,wesm_exact_workunit,https://prd-tnm.s3.amazonaws.com/index.html?prefix=StagedProducts/Elevation/metadata/FL_2017PalmCoast_C22/FL_2017PalmCoast_1_C22
FL_CharlotteCounty_2007,2007-06-18,2007-08-08,wesm_normalized_workunit,https://prd-tnm.s3.amazonaws.com/index.html?prefix=StagedProducts/Elevation/metadata/legacy/FL_CHARLOTTECOUNTY_2007
FL_ClayPutnam_2007,2007-09-06,2007-09-06,wesm_normalized_workunit,https://prd-tnm.s3.amazonaws.com/index.html?prefix=StagedProducts/Elevation/metadata/legacy/FL_CLAYPUTNAM_2007
FL_DuvalCo_2007,2007-03-08,2007-03-17,wesm_normalized_workunit,https://prd-tnm.s3.amazonaws.com/index.html?prefix=StagedProducts/Elevation/metadata/legacy/FL_DUVALCO_2007
FL_Elgin_2006-2008,2006-07-01,2008-06-15,wesm_normalized_workunit,https://prd-tnm.s3.amazonaws.com/index.html?prefix=StagedProducts/Elevation/metadata/legacy/FL_ELGIN_2006-2008
FL_EscambiaCo_2006,2006-06-21,2006-07-18,wesm_normalized_workunit,https://prd-tnm.s3.amazonaws.com/index.html?prefix=StagedProducts/Elevation/metadata/legacy/FL_ESCAMBIACO_2006
FL_Everglades_N_2017,2017-04-19,2017-05-30,wesm_exact_workunit,https://prd-tnm.s3.amazonaws.com/index.html?prefix=StagedProducts/Elevation/metadata/FL_Everglades_NP_LiDAR_2017_D16/FL_Everglades_N_2017
FL_Everglades_N_Hydroflattened_2017,2017-04-17,2017-06-12,wesm_exact_workunit,https://prd-tnm.s3.amazonaws.com/index.html?prefix=StagedProducts/Elevation/metadata/FL_Everglades_NP_LiDAR_2017_D16/FL_Everglades_N_Hydroflattened_2017
FL_Everglades_S_2017,2017-04-19,2017-06-12,wesm_exact_workunit,https://prd-tnm.s3.amazonaws.com/index.html?prefix=StagedProducts/Elevation/metadata/FL_Everglades_NP_LiDAR_2017_D16/FL_Everglades_S_2017
FL_Everglades_S_Hydroflattened_2017,2017-04-19,2017-06-12,wesm_exact_workunit,https://prd-tnm.s3.amazonaws.com/index.html?prefix=StagedProducts/Elevation/metadata/FL_Everglades_NP_LiDAR_2017_D16/FL_Everglades_S_Hydroflattened_2017
FL_FlaglerCo_2004,2004-02-28,2004-05-05,wesm_normalized_workunit,https://prd-tnm.s3.amazonaws.com/index.html?prefix=StagedProducts/Elevation/metadata/legacy/FL_FLAGLERCO_2004
FL_FranklinCo_2007,2007-07-05,2007-07-24,wesm_normalized_workunit,https://prd-tnm.s3.amazonaws.com/index.html?prefix=StagedProducts/Elevation/metadata/legacy/FL_FRANKLINCO_2007
FL_Gulf_2007,2007-07-09,2007-07-22,wesm_normalized_workunit,https://prd-tnm.s3.amazonaws.com/index.html?prefix=StagedProducts/Elevation/metadata/legacy/FL_GULF_2007
FL_HerbHooverDike_2007,2007-09-08,2007-12-19,wesm_normalized_workunit,https://prd-tnm.s3.amazonaws.com/index.html?prefix=StagedProducts/Elevation/metadata/legacy/FL_HERBHOOVERDIKE_2007
FL_HillsboroughCo-Lot2_2011,2011-02-12,2011-02-13,wesm_normalized_workunit,https://prd-tnm.s3.amazonaws.com/index.html?prefix=StagedProducts/Elevation/metadata/legacy/FL_HILLSBOROUGHCO_LOT2_2011
FL_HillsboroughCo_2007,2007-07-06,2007-08-10,wesm_normalized_workunit,https://prd-tnm.s3.amazonaws.com/index.html?prefix=StagedProducts/Elevation/metadata/legacy/FL_HILLSBOROUGHCO_2007
FL_HurricaneMichael_1_2020,2019-12-18,2020-01-07,wesm_exact_workunit,https://prd-tnm.s3.amazonaws.com/index.html?prefix=StagedProducts/Elevation/metadata/FL_HurricaneMichael_2020_D20/FL_HurricaneMichael_1_2020
FL_HurricaneMichael_2_2020,2019-12-18,2019-12-25,wesm_exact_workunit,https://prd-tnm.s3.amazonaws.com/index.html?prefix=StagedProducts/Elevation/metadata/FL_HurricaneMichael_2020_D20/FL_HurricaneMichael_2_2020
FL_HurricaneMichael_3_2020,2019-12-16,2020-01-07,wesm_exact_workunit,https://prd-tnm.s3.amazonaws.com/index.html?prefix=StagedProducts/Elevation/metadata/FL_HurricaneMichael_2020_D20/FL_HurricaneMichael_3_2020
FL_HurricaneMichael_4_2020,2019-12-16,2020-01-25,wesm_exact_workunit,https://prd-tnm.s3.amazonaws.com/index.html?prefix=StagedProducts/Elevation/metadata/FL_HurricaneMichael_2020_D20/FL_HurricaneMichael_4_2020
FL_HurricaneMichael_5_2020,2020-02-14,2020-02-27,wesm_exact_workunit,https://prd-tnm.s3.amazonaws.com/index.html?prefix=StagedProducts/Elevation/metadata/FL_HurricaneMichael_2020_D20/FL_HurricaneMichael_5_2020
FL_HurricaneMichael_6_2020,2019-12-16,2020-04-21,wesm_exact_workunit,https://prd-tnm.s3.amazonaws.com/index.html?prefix=StagedProducts/Elevation/metadata/FL_HurricaneMichael_2020_D20/FL_HurricaneMichael_6_2020
FL_HurricaneMichael_7_2020,2019-12-20,2020-10-02,wesm_exact_workunit,https://prd-tnm.s3.amazonaws.com/index.html?prefix=StagedProducts/Elevation/metadata/FL_HurricaneMichael_2020_D20/FL_HurricaneMichael_7_2020
FL_IndianRiver_2007,2007-07-17,2007-08-09,wesm_normalized_workunit,https://prd-tnm.s3.amazonaws.com/index.html?prefix=StagedProducts/Elevation/metadata/legacy/FL_INDIANRIVER_2007
FL_JeffersonCo-North_2007,2007-02-22,2007-07-20,wesm_normalized_workunit,https://prd-tnm.s3.amazonaws.com/index.html?prefix=StagedProducts/Elevation/metadata/legacy/FL_JEFFERSONCO-NORTH_2007
FL_LeeCounty_2007,2007-07-17,2007-08-08,wesm_normalized_workunit,https://prd-tnm.s3.amazonaws.com/index.html?prefix=StagedProducts/Elevation/metadata/legacy/FL_LEECOUNTY_2007
FL_LeonCo_2009,2009-01-31,2009-02-06,wesm_normalized_workunit,https://prd-tnm.s3.amazonaws.com/index.html?prefix=StagedProducts/Elevation/metadata/legacy/FL_LEONCO_2009
FL_Lower_Choctawhatchee_2017,2017-04-09,2017-05-17,wesm_exact_workunit,https://prd-tnm.s3.amazonaws.com/index.html?prefix=StagedProducts/Elevation/metadata/FL_Lower_Choctawhatchee_NWFWMD_Lidar_2017_B17/FL_Lower_Choctawhatchee_2017
FL_ManateeCo_2007,2007-07-17,2007-07-29,wesm_normalized_workunit,https://prd-tnm.s3.amazonaws.com/index.html?prefix=StagedProducts/Elevation/metadata/legacy/FL_MANATEECO_2007
FL_NWFWMD_5-Counties_2007,2007-11-12,2008-01-20,wesm_normalized_workunit,https://prd-tnm.s3.amazonaws.com/index.html?prefix=StagedProducts/Elevation/LPC/Projects/FL_NWFWMD_5-Counties_2007/metadata/
FL_NassauCo_2007,2007-07-18,2007-07-18,wesm_normalized_workunit,https://prd-tnm.s3.amazonaws.com/index.html?prefix=StagedProducts/Elevation/metadata/legacy/FL_NASSAUCO_2007
FL_OkaloosaCo_2007,2007-07-15,2007-08-21,wesm_normalized_workunit,https://prd-tnm.s3.amazonaws.com/index.html?prefix=StagedProducts/Elevation/metadata/legacy/FL_OKALOOSACO_2007
FL_OkaloosaCo_2008,2008-02-10,2008-02-10,wesm_normalized_workunit,https://prd-tnm.s3.amazonaws.com/index.html?prefix=StagedProducts/Elevation/metadata/legacy/FL_OKALOOSACO_2008
FL_Panhandle_TL_2018,2018-04-01,2018-04-20,wesm_exact_workunit,https://prd-tnm.s3.amazonaws.com/index.html?prefix=StagedProducts/Elevation/metadata/FL_Panhandle_2018_B18/FL_Panhandle_TL_2018
FL_PascoCo_2007,2007-07-17,2007-08-09,wesm_normalized_workunit,https://prd-tnm.s3.amazonaws.com/index.html?prefix=StagedProducts/Elevation/metadata/legacy/FL_PASCOCO_2007
FL_PascoCo_2011,2011-01-29,2011-02-14,wesm_normalized_workunit,https://prd-tnm.s3.amazonaws.com/index.html?prefix=StagedProducts/Elevation/metadata/legacy/FL_PASCOCO_2011
FL_Peninsular_Citrus_2018,2018-12-07,2019-04-21,wesm_exact_workunit,https://prd-tnm.s3.amazonaws.com/index.html?prefix=StagedProducts/Elevation/metadata/FL_Peninsular_2018_D18/FL_Peninsular_Citrus_2018
FL_Peninsular_FDEM_Alachua_2018,2018-12-05,2019-12-03,wesm_exact_workunit,https://prd-tnm.s3.amazonaws.com/index.html?prefix=StagedProducts/Elevation/metadata/FL_Peninsular_FDEM_2018_D19_DRRA/FL_Peninsular_FDEM_Alachua_2018
FL_Peninsular_FDEM_Baker_2018,2018-11-28,2020-01-22,wesm_exact_workunit,https://prd-tnm.s3.amazonaws.com/index.html?prefix=StagedProducts/Elevation/metadata/FL_Peninsular_FDEM_2018_D19_DRRA/FL_Peninsular_FDEM_Baker_2018
FL_Peninsular_FDEM_Bradford_2018,2018-11-28,2020-01-21,wesm_exact_workunit,https://prd-tnm.s3.amazonaws.com/index.html?prefix=StagedProducts/Elevation/metadata/FL_Peninsular_FDEM_2018_D19_DRRA/FL_Peninsular_FDEM_Bradford_2018
FL_Peninsular_FDEM_Brevard_2018,2018-12-07,2019-03-04,wesm_exact_workunit,https://prd-tnm.s3.amazonaws.com/index.html?prefix=StagedProducts/Elevation/metadata/FL_Peninsular_FDEM_2018_D19_DRRA/FL_Peninsular_FDEM_Brevard_2018
FL_Peninsular_FDEM_Charlotte_2018,2018-12-06,2019-01-10,wesm_exact_workunit,https://prd-tnm.s3.amazonaws.com/index.html?prefix=StagedProducts/Elevation/metadata/FL_Peninsular_FDEM_2018_D19_DRRA/FL_Peninsular_FDEM_Charlotte_2018
FL_Peninsular_FDEM_Clay_2018,2018-11-28,2019-03-18,wesm_exact_workunit,https://prd-tnm.s3.amazonaws.com/index.html?prefix=StagedProducts/Elevation/metadata/FL_Peninsular_FDEM_2018_D19_DRRA/FL_Peninsular_FDEM_Clay_2018
FL_Peninsular_FDEM_Columbia_2018,2019-11-25,2020-01-25,wesm_exact_workunit,https://prd-tnm.s3.amazonaws.com/index.html?prefix=StagedProducts/Elevation/metadata/FL_Peninsular_FDEM_2018_D19_DRRA/FL_Peninsular_FDEM_Columbia_2018
FL_Peninsular_FDEM_Desoto_2018,2018-11-30,2019-01-10,wesm_exact_workunit,https://prd-tnm.s3.amazonaws.com/index.html?prefix=StagedProducts/Elevation/metadata/FL_Peninsular_FDEM_2018_D19_DRRA/FL_Peninsular_FDEM_Desoto_2018
FL_Peninsular_FDEM_Dixie_2018,2019-03-24,2020-01-25,wesm_exact_workunit,https://prd-tnm.s3.amazonaws.com/index.html?prefix=StagedProducts/Elevation/metadata/FL_Peninsular_FDEM_2018_D19_DRRA/FL_Peninsular_FDEM_Dixie_2018
FL_Peninsular_FDEM_Duval_2018,2018-11-28,2018-12-18,wesm_exact_workunit,https://prd-tnm.s3.amazonaws.com/index.html?prefix=StagedProducts/Elevation/metadata/FL_Peninsular_FDEM_2018_D19_DRRA/FL_Peninsular_FDEM_Duval_2018
FL_Peninsular_FDEM_Gilchrist_2018,2018-12-05,2020-01-08,wesm_exact_workunit,https://prd-tnm.s3.amazonaws.com/index.html?prefix=StagedProducts/Elevation/metadata/FL_Peninsular_FDEM_2018_D19_DRRA/FL_Peninsular_FDEM_Gilchrist_2018
FL_Peninsular_FDEM_Glades_2018,2018-12-12,2019-04-28,wesm_exact_workunit,https://prd-tnm.s3.amazonaws.com/index.html?prefix=StagedProducts/Elevation/metadata/FL_Peninsular_FDEM_2018_D19_DRRA/FL_Peninsular_FDEM_Glades_2018
FL_Peninsular_FDEM_Hamilton_2018,2019-12-19,2020-01-18,wesm_exact_workunit,https://prd-tnm.s3.amazonaws.com/index.html?prefix=StagedProducts/Elevation/metadata/FL_Peninsular_FDEM_2018_D19_DRRA/FL_Peninsular_FDEM_Hamilton_2018
FL_Peninsular_FDEM_Hardee_2018,2018-11-30,2020-01-20,wesm_exact_workunit,https://prd-tnm.s3.amazonaws.com/index.html?prefix=StagedProducts/Elevation/metadata/FL_Peninsular_FDEM_2018_D19_DRRA/FL_Peninsular_FDEM_Hardee_2018
FL_Peninsular_FDEM_Hendry_2018,2018-12-11,2019-01-16,wesm_exact_workunit,https://prd-tnm.s3.amazonaws.com/index.html?prefix=StagedProducts/Elevation/metadata/FL_Peninsular_FDEM_2018_D19_DRRA/FL_Peninsular_FDEM_Hendry_2018
FL_Peninsular_FDEM_Highlands_2018,2018-12-06,2020-01-06,wesm_exact_workunit,https://prd-tnm.s3.amazonaws.com/index.html?prefix=StagedProducts/Elevation/metadata/FL_Peninsular_FDEM_2018_D19_DRRA/FL_Peninsular_FDEM_Highlands_2018
FL_Peninsular_FDEM_IndianRiver_2018,2019-01-25,2019-03-01,wesm_exact_workunit,https://prd-tnm.s3.amazonaws.com/index.html?prefix=StagedProducts/Elevation/metadata/FL_Peninsular_FDEM_2018_D19_DRRA/FL_Peninsular_FDEM_IndianRiver_2018
FL_Peninsular_FDEM_KeyBiscayne_2020,2020-01-15,2020-01-15,wesm_exact_workunit,https://prd-tnm.s3.amazonaws.com/index.html?prefix=StagedProducts/Elevation/metadata/FL_Peninsular_FDEM_2018_D19_DRRA/FL_Peninsular_FDEM_KeyBiscayne_2020
FL_Peninsular_FDEM_Lafayette_2018,2019-11-30,2020-01-25,wesm_exact_workunit,https://prd-tnm.s3.amazonaws.com/index.html?prefix=StagedProducts/Elevation/metadata/FL_Peninsular_FDEM_2018_D19_DRRA/FL_Peninsular_FDEM_Lafayette_2018
FL_Peninsular_FDEM_Madison_2018,2019-11-26,2020-01-21,wesm_exact_workunit,https://prd-tnm.s3.amazonaws.com/index.html?prefix=StagedProducts/Elevation/metadata/FL_Peninsular_FDEM_2018_D19_DRRA/FL_Peninsular_FDEM_Madison_2018
FL_Peninsular_FDEM_Manatee_2018,2018-11-30,2020-01-20,wesm_exact_workunit,https://prd-tnm.s3.amazonaws.com/index.html?prefix=StagedProducts/Elevation/metadata/FL_Peninsular_FDEM_2018_D19_DRRA/FL_Peninsular_FDEM_Manatee_2018
FL_Peninsular_FDEM_Martin_2018,2018-12-24,2019-04-25,wesm_exact_workunit,https://prd-tnm.s3.amazonaws.com/index.html?prefix=StagedProducts/Elevation/metadata/FL_Peninsular_FDEM_2018_D19_DRRA/FL_Peninsular_FDEM_Martin_2018
FL_Peninsular_FDEM_Nassau_2018,2018-11-28,2018-12-18,wesm_exact_workunit,https://prd-tnm.s3.amazonaws.com/index.html?prefix=StagedProducts/Elevation/metadata/FL_Peninsular_FDEM_2018_D19_DRRA/FL_Peninsular_FDEM_Nassau_2018
FL_Peninsular_FDEM_Okeechobee_2018,2018-12-24,2019-04-24,wesm_exact_workunit,https://prd-tnm.s3.amazonaws.com/index.html?prefix=StagedProducts/Elevation/metadata/FL_Peninsular_FDEM_2018_D19_DRRA/FL_Peninsular_FDEM_Okeechobee_2018
FL_Peninsular_FDEM_Orange_2018,2018-12-04,2019-04-12,wesm_exact_workunit,https://prd-tnm.s3.amazonaws.com/index.html?prefix=StagedProducts/Elevation/metadata/FL_Peninsular_FDEM_2018_D19_DRRA/FL_Peninsular_FDEM_Orange_2018
FL_Peninsular_FDEM_Osceola_2018,2018-12-07,2019-04-12,wesm_exact_workunit,https://prd-tnm.s3.amazonaws.com/index.html?prefix=StagedProducts/Elevation/metadata/FL_Peninsular_FDEM_2018_D19_DRRA/FL_Peninsular_FDEM_Osceola_2018
FL_Peninsular_FDEM_PalmBeach_2019,2019-01-05,2019-04-15,wesm_exact_workunit,https://prd-tnm.s3.amazonaws.com/index.html?prefix=StagedProducts/Elevation/metadata/FL_Peninsular_FDEM_2018_D19_DRRA/FL_Peninsular_FDEM_PalmBeach_2019
FL_Peninsular_FDEM_Polk_2018,2018-11-30,2020-01-20,wesm_exact_workunit,https://prd-tnm.s3.amazonaws.com/index.html?prefix=StagedProducts/Elevation/metadata/FL_Peninsular_FDEM_2018_D19_DRRA/FL_Peninsular_FDEM_Polk_2018
FL_Peninsular_FDEM_Sarasota_2018,2018-11-30,2019-01-10,wesm_exact_workunit,https://prd-tnm.s3.amazonaws.com/index.html?prefix=StagedProducts/Elevation/metadata/FL_Peninsular_FDEM_2018_D19_DRRA/FL_Peninsular_FDEM_Sarasota_2018
FL_Peninsular_FDEM_StJohns_2018,2018-11-30,2019-03-24,wesm_exact_workunit,https://prd-tnm.s3.amazonaws.com/index.html?prefix=StagedProducts/Elevation/metadata/FL_Peninsular_FDEM_2018_D19_DRRA/FL_Peninsular_FDEM_StJohns_2018
FL_Peninsular_FDEM_StLucie_2018,2018-12-24,2019-04-24,wesm_exact_workunit,https://prd-tnm.s3.amazonaws.com/index.html?prefix=StagedProducts/Elevation/metadata/FL_Peninsular_FDEM_2018_D19_DRRA/FL_Peninsular_FDEM_StLucie_2018
FL_Peninsular_FDEM_Suwannee_2018,2019-12-02,2020-01-17,wesm_exact_workunit,https://prd-tnm.s3.amazonaws.com/index.html?prefix=StagedProducts/Elevation/metadata/FL_Peninsular_FDEM_2018_D19_DRRA/FL_Peninsular_FDEM_Suwannee_2018
FL_Peninsular_FDEM_Taylor_2018,2019-11-25,2020-01-25,wesm_exact_workunit,https://prd-tnm.s3.amazonaws.com/index.html?prefix=StagedProducts/Elevation/metadata/FL_Peninsular_FDEM_2018_D19_DRRA/FL_Peninsular_FDEM_Taylor_2018
FL_Peninsular_FDEM_Union_2018,2018-11-25,2020-01-22,wesm_exact_workunit,https://prd-tnm.s3.amazonaws.com/index.html?prefix=StagedProducts/Elevation/metadata/FL_Peninsular_FDEM_2018_D19_DRRA/FL_Peninsular_FDEM_Union_2018
FL_Peninsular_Flagler_2019,2019-01-01,2019-03-22,wesm_exact_workunit,https://prd-tnm.s3.amazonaws.com/index.html?prefix=StagedProducts/Elevation/metadata/FL_Peninsular_2018_D18/FL_Peninsular_Flagler_2019
FL_Peninsular_Hernando_2019,2019-03-24,2019-04-21,wesm_exact_workunit,https://prd-tnm.s3.amazonaws.com/index.html?prefix=StagedProducts/Elevation/metadata/FL_Peninsular_2018_D18/FL_Peninsular_Hernando_2019
FL_Peninsular_Lake_2018,2018-12-05,2019-04-25,wesm_exact_workunit,https://prd-tnm.s3.amazonaws.com/index.html?prefix=StagedProducts/Elevation/metadata/FL_Peninsular_2018_D18/FL_Peninsular_Lake_2018
FL_Peninsular_Levy_2018,2018-12-05,2019-04-22,wesm_exact_workunit,https://prd-tnm.s3.amazonaws.com/index.html?prefix=StagedProducts/Elevation/metadata/FL_Peninsular_2018_D18/FL_Peninsular_Levy_2018
FL_Peninsular_Marion_2018,2018-12-04,2019-04-25,wesm_exact_workunit,https://prd-tnm.s3.amazonaws.com/index.html?prefix=StagedProducts/Elevation/metadata/FL_Peninsular_2018_D18/FL_Peninsular_Marion_2018
FL_Peninsular_Pinellas_2018,2018-12-07,2019-03-08,wesm_exact_workunit,https://prd-tnm.s3.amazonaws.com/index.html?prefix=StagedProducts/Elevation/metadata/FL_Peninsular_2018_D18/FL_Peninsular_Pinellas_2018
FL_Peninsular_Putnam_2018,2019-01-02,2019-04-25,wesm_exact_workunit,https://prd-tnm.s3.amazonaws.com/index.html?prefix=StagedProducts/Elevation/metadata/FL_Peninsular_2018_D18/FL_Peninsular_Putnam_2018
FL_Peninsular_Seminole_2018,2018-12-04,2019-01-09,wesm_exact_workunit,https://prd-tnm.s3.amazonaws.com/index.html?prefix=StagedProducts/Elevation/metadata/FL_Peninsular_2018_D18/FL_Peninsular_Seminole_2018
FL_Peninsular_Sumter_2018,2019-03-24,2019-04-25,wesm_exact_workunit,https://prd-tnm.s3.amazonaws.com/index.html?prefix=StagedProducts/Elevation/metadata/FL_Peninsular_2018_D18/FL_Peninsular_Sumter_2018
FL_Peninsular_Volusia_2018,2018-12-04,2019-03-22,wesm_exact_workunit,https://prd-tnm.s3.amazonaws.com/index.html?prefix=StagedProducts/Elevation/metadata/FL_Peninsular_2018_D18/FL_Peninsular_Volusia_2018
FL_PinellasCo_2007,2007-07-06,2007-08-10,wesm_normalized_workunit,https://prd-tnm.s3.amazonaws.com/index.html?prefix=StagedProducts/Elevation/metadata/legacy/FL_PINELLASCO_2007
FL_Sarasota_2007,2007-07-17,2007-07-29,wesm_normalized_workunit,https://prd-tnm.s3.amazonaws.com/index.html?prefix=StagedProducts/Elevation/metadata/legacy/FL_SARASOTA_2007
FL_StJohnsCo_2008,2008-02-14,2008-02-25,wesm_normalized_workunit,https://prd-tnm.s3.amazonaws.com/index.html?prefix=StagedProducts/Elevation/metadata/legacy/FL_STJOHNSCO_2008
FL_StJohnsRiver_WMD_2012,2012-04-02,2012-04-11,wesm_normalized_workunit,https://prd-tnm.s3.amazonaws.com/index.html?prefix=StagedProducts/Elevation/metadata/legacy/FL_STJOHNSRIVER_WMD_2012
FL_SuwanneeRiver-Area1_2013,2013-02-04,2013-02-15,wesm_normalized_workunit,https://prd-tnm.s3.amazonaws.com/index.html?prefix=StagedProducts/Elevation/metadata/FL_Suwannee_River_13/FL_SUWANNEERIVER_AREA1_2013
FL_SuwanneeRiver-Area2_2013,2013-02-15,2013-02-15,wesm_normalized_workunit,https://prd-tnm.s3.amazonaws.com/index.html?prefix=StagedProducts/Elevation/metadata/FL_Suwannee_River_13/FL_SUWANNEERIVER_AREA2_2013
FL_SuwanneeRiver-Area3_2013,2013-02-04,2013-02-16,wesm_normalized_workunit,https://prd-tnm.s3.amazonaws.com/index.html?prefix=StagedProducts/Elevation/metadata/FL_Suwannee_River_13/FL_SUWANNEERIVER_AREA3_2013
FL_SuwanneeRiver-Area4_2013,2013-02-16,2013-02-17,wesm_normalized_workunit,https://prd-tnm.s3.amazonaws.com/index.html?prefix=StagedProducts/Elevation/metadata/FL_Suwannee_River_13/FL_SUWANNEERIVER_AREA4_2013
FL_SuwanneeRiver-FY12-Area4-5_2013,2013-01-19,2013-01-20,wesm_normalized_workunit,https://prd-tnm.s3.amazonaws.com/index.html?prefix=StagedProducts/Elevation/metadata/FY12_Suwannee_River_FL_10_Meter_LiDAR/FL_SUWANNEERIVER_FY12_AREA4_5_2013
FL_SuwanneeRiver_2012,2012-03-27,2012-03-29,wesm_normalized_workunit,https://prd-tnm.s3.amazonaws.com/index.html?prefix=StagedProducts/Elevation/metadata/legacy/FL_SUWANNEERIVER_2012
FL_SuwanneeRiver_2013,2013-01-18,2013-01-19,wesm_normalized_workunit,"https://prd-tnm.s3.amazonaws.com/index.html?prefix=StagedProducts/Elevation/metadata/FY12_Suwannee_River,_FL_1.0_Meter_LiDAR/FL_SUWANNEERIVER_2013"
FL_SuwanneeRiver_North_2011,2011-03-17,2011-04-06,wesm_normalized_workunit,https://prd-tnm.s3.amazonaws.com/index.html?prefix=StagedProducts/Elevation/metadata/legacy/FL_SUWANNEERIVER_NORTH_2011
FL_SuwanneeRiver_West_2011,2011-03-17,2011-03-17,wesm_normalized_workunit,https://prd-tnm.s3.amazonaws.com/index.html?prefix=StagedProducts/Elevation/metadata/legacy/FL_SUWANNEERIVER_WEST_2011
FL_TopobathyFLKeysNOAA_Hydroflattened_2019,2018-11-20,2019-03-23,wesm_exact_workunit,https://prd-tnm.s3.amazonaws.com/index.html?prefix=StagedProducts/Elevation/metadata/FL_TopobathyFLKeysNOAA_2019_D20/FL_TopobathyFLKeysNOAA_Hydroflattened_2019
FL_WaltonAFB_2006-2008,2006-07-10,2008-06-15,wesm_normalized_workunit,https://prd-tnm.s3.amazonaws.com/index.html?prefix=StagedProducts/Elevation/metadata/legacy/FL_WALTONAFB_2006-2008
FL_WaltonCo_2006,2006-07-10,2006-08-17,wesm_normalized_workunit,https://prd-tnm.s3.amazonaws.com/index.html?prefix=StagedProducts/Elevation/metadata/legacy/FL_WALTONCO_2006
FL_WestEvergladesNP_topobathymetric_2018,2019-03-02,2019-07-04,wesm_exact_workunit,https://prd-tnm.s3.amazonaws.com/index.html?prefix=StagedProducts/Elevation/metadata/FL_WestEvergladesNP_2018_B18/FL_WestEvergladesNP_topobathymetric_2018
GA_Bibb_Jasper_Jones_Monroe_2010,2010-01-28,2010-03-19,wesm_normalized_workunit,https://prd-tnm.s3.amazonaws.com/index.html?prefix=StagedProducts/Elevation/metadata/legacy/GA_BIBB_JASPER_JONES_MONROE_2010
GA_Bryan_County_2010,2010-01-28,2010-03-19,wesm_normalized_workunit,https://prd-tnm.s3.amazonaws.com/index.html?prefix=StagedProducts/Elevation/metadata/legacy/GA_BRYAN_COUNTY_2010
GA_Camden_County_2010,2010-01-28,2010-03-19,wesm_normalized_workunit,https://prd-tnm.s3.amazonaws.com/index.html?prefix=StagedProducts/Elevation/metadata/legacy/GA_CAMDEN_COUNTY_2010
GA_Central_1_2018,,,,
GA_Central_2_2018,,,,
GA_Central_3_2018,,,,
GA_Central_4_2018,,,,
GA_Central_5_2018,,,,
GA_Central_6_2018,,,,
GA_Charlton_Brantley_Camden_2010,2010-01-28,2010-03-19,wesm_normalized_workunit,https://prd-tnm.s3.amazonaws.com/index.html?prefix=StagedProducts/Elevation/metadata/legacy/GA_CHARLTON_BRANTLEY_CAMDEN_2010
GA_Effingham_Screven_Bulloch_2010,2010-01-28,2010-03-19,wesm_normalized_workunit,https://prd-tnm.s3.amazonaws.com/index.html?prefix=StagedProducts/Elevation/metadata/legacy/GA_EFFINGHAM_SCREVEN_BULLOCH_2010
GA_Harris_County_2010,2010-01-28,2010-03-19,wesm_normalized_workunit,https://prd-tnm.s3.amazonaws.com/index.html?prefix=StagedProducts/Elevation/metadata/legacy/GA_HARRIS_COUNTY_2010
GA_Heard_County_2010,2010-01-28,2010-03-19,wesm_normalized_workunit,https://prd-tnm.s3.amazonaws.com/index.html?prefix=StagedProducts/Elevation/metadata/legacy/GA_HEARD_COUNTY_2010
GA_McIntosh_County_2010,2010-01-28,2010-03-19,wesm_normalized_workunit,https://prd-tnm.s3.amazonaws.com/index.html?prefix=StagedProducts/Elevation/metadata/legacy/GA_MCINTOSH_COUNTY_2010
GA_PotatoCreek_2009,2009-05-01,2009-05-01,wesm_normalized_workunit,https://prd-tnm.s3.amazonaws.com/index.html?prefix=StagedProducts/Elevation/metadata/legacy/GA_POTATOCREEK_2009
GA_SW_Georgia_B1a_2017,2017-03-15,2017-04-02,wesm_exact_workunit,https://prd-tnm.s3.amazonaws.com/index.html?prefix=StagedProducts/Elevation/metadata/GA_SW_Georgia_22_County_Lidar_2017_B17/GA_SW_Georgia_B1a_2017
GA_SW_Georgia_B1b_2017,2017-03-22,2017-11-24,wesm_exact_workunit,https://prd-tnm.s3.amazonaws.com/index.html?prefix=StagedProducts/Elevation/metadata/GA_SW_Georgia_22_County_Lidar_2017_B17/GA_SW_Georgia_B1b_2017
GA_SW_Georgia_B2_2017,2017-03-16,2018-09-19,wesm_exact_workunit,https://prd-tnm.s3.amazonaws.com/index.html?prefix=StagedProducts/Elevation/metadata/GA_SW_Georgia_22_County_Lidar_2017_B17/GA_SW_Georgia_B2_2017
GA_SW_Georgia_B4_2017,2021-01-15,2021-01-30,wesm_exact_workunit,https://prd-tnm.s3.amazonaws.com/index.html?prefix=StagedProducts/Elevation/metadata/GA_SW_Georgia_22_County_Lidar_2017_B17/GA_SW_Georgia_B4_2017
GA_SW_Georgia_B5_2017,2021-01-19,2021-01-30,wesm_exact_workunit,https://prd-tnm.s3.amazonaws.com/index.html?prefix=StagedProducts/Elevation/metadata/GA_SW_Georgia_22_County_Lidar_2017_B17/GA_SW_Georgia_B5_2017
GA_Statewide_10_2018,2019-02-08,2019-04-23,wesm_exact_workunit,https://prd-tnm.s3.amazonaws.com/index.html?prefix=StagedProducts/Elevation/metadata/GA_Statewide_2018_B18_DRRA/GA_Statewide_10_2018
GA_Statewide_11_2018,2019-01-26,2019-04-23,wesm_exact_workunit,https://prd-tnm.s3.amazonaws.com/index.html?prefix=StagedProducts/Elevation/metadata/GA_Statewide_2018_B18_DRRA/GA_Statewide_11_2018
GA_Statewide_12_2018,2019-02-08,2019-04-23,wesm_exact_workunit,https://prd-tnm.s3.amazonaws.com/index.html?prefix=StagedProducts/Elevation/metadata/GA_Statewide_2018_B18_DRRA/GA_Statewide_12_2018
GA_Statewide_9_2018,2018-12-05,2019-03-18,wesm_exact_workunit,https://prd-tnm.s3.amazonaws.com/index.html?prefix=StagedProducts/Elevation/metadata/GA_Statewide_2018_B18_DRRA/GA_Statewide_9_2018
GA_Statewide_B1_2018,2019-01-27,2019-04-22,wesm_exact_workunit,https://prd-tnm.s3.amazonaws.com/index.html?prefix=StagedProducts/Elevation/metadata/GA_Statewide_2018_B18_DRRA/GA_Statewide_B1_2018
GA_Statewide_B2_2018,2019-01-28,2019-04-24,wesm_exact_workunit,https://prd-tnm.s3.amazonaws.com/index.html?prefix=StagedProducts/Elevation/metadata/GA_Statewide_2018_B18_DRRA/GA_Statewide_B2_2018
GA_Statewide_B3_2018,2019-03-23,2019-04-24,wesm_exact_workunit,https://prd-tnm.s3.amazonaws.com/index.html?prefix=StagedProducts/Elevation/metadata/GA_Statewide_2018_B18_DRRA/GA_Statewide_B3_2018
GA_Statewide_B4_2018,2019-03-29,2019-04-16,wesm_exact_workunit,https://prd-tnm.s3.amazonaws.com/index.html?prefix=StagedProducts/Elevation/metadata/GA_Statewide_2018_B18_DRRA/GA_Statewide_B4_2018
GA_Statewide_B5_2018,2019-01-22,2019-04-23,wesm_exact_workunit,https://prd-tnm.s3.amazonaws.com/index.html?prefix=StagedProducts/Elevation/metadata/GA_Statewide_2018_B18_DRRA/GA_Statewide_B5_2018
GA_Statewide_B6_2018,2018-11-29,2019-04-22,wesm_exact_workunit,https://prd-tnm.s3.amazonaws.com/index.html?prefix=StagedProducts/Elevation/metadata/GA_Statewide_2018_B18_DRRA/GA_Statewide_B6_2018
GA_Statewide_B7_2018,2018-11-27,2019-04-03,wesm_exact_workunit,https://prd-tnm.s3.amazonaws.com/index.html?prefix=StagedProducts/Elevation/metadata/GA_Statewide_2018_B18_DRRA/GA_Statewide_B7_2018
GA_Statewide_B8_2018,2018-11-28,2019-01-28,wesm_exact_workunit,https://prd-tnm.s3.amazonaws.com/index.html?prefix=StagedProducts/Elevation/metadata/GA_Statewide_2018_B18_DRRA/GA_Statewide_B8_2018
GA_Walton_County_2010,2010-01-28,2010-03-19,wesm_normalized_workunit,https://prd-tnm.s3.amazonaws.com/index.html?prefix=StagedProducts/Elevation/metadata/legacy/GA_WALTON_COUNTY_2010
GA_WayneCo_2010,2010-03-19,2010-03-24,wesm_normalized_workunit,https://prd-tnm.s3.amazonaws.com/index.html?prefix=StagedProducts/Elevation/metadata/legacy/GA_WAYNECO_2010
GA_Wayne_Long_McIntosh_2010,2010-01-28,2010-03-19,wesm_normalized_workunit,https://prd-tnm.s3.amazonaws.com/index.html?prefix=StagedProducts/Elevation/metadata/legacy/GA_WAYNE_LONG_MCINTOSH_2010
Guam_2012,2012-01-18,2013-02-09,wesm_normalized_workunit,https://prd-tnm.s3.amazonaws.com/index.html?prefix=StagedProducts/Elevation/metadata/legacy/GUAM_2012
HI_Hawaii_Island_2017,2018-01-30,2020-01-06,wesm_exact_workunit,https://prd-tnm.s3.amazonaws.com/index.html?prefix=StagedProducts/Elevation/metadata/HI_Hawaii_Island_Lidar_NOAA_2017_B17/HI_Hawaii_Island_2017
HI_NOAAMauiOahu_1_B20,2022-08-02,2023-07-09,wesm_exact_workunit,https://prd-tnm.s3.amazonaws.com/index.html?prefix=StagedProducts/Elevation/metadata/HI_NOAAMauiOahu_2020_B20/HI_NOAAMauiOahu_1_B20
HI_NOAAMauiOahu_2_B20,2023-01-11,2023-07-07,wesm_exact_workunit,https://prd-tnm.s3.amazonaws.com/index.html?prefix=StagedProducts/Elevation/metadata/HI_NOAAMauiOahu_2020_B20/HI_NOAAMauiOahu_2_B20
HI_NOAAMauiOahu_3_B20,2023-02-14,2023-03-15,wesm_exact_workunit,https://prd-tnm.s3.amazonaws.com/index.html?prefix=StagedProducts/Elevation/metadata/HI_NOAAMauiOahu_2020_B20/HI_NOAAMauiOahu_3_B20
HI_Volcano_B1_2019,2019-07-17,2019-07-26,wesm_exact_workunit,https://prd-tnm.s3.amazonaws.com/index.html?prefix=StagedProducts/Elevation/metadata/HI_Volcano_2019_D19/HI_Volcano_B1_2019
IA_Eastern_1_2019,2019-12-10,2020-06-05,wesm_exact_workunit,https://prd-tnm.s3.amazonaws.com/index.html?prefix=StagedProducts/Elevation/metadata/IA_EasternIA_2019_B19/IA_Eastern_1_2019
IA_Eastern_2_2019,2019-12-07,2020-11-19,wesm_exact_workunit,https://prd-tnm.s3.amazonaws.com/index.html?prefix=StagedProducts/Elevation/metadata/IA_EasternIA_2019_B19/IA_Eastern_2_2019
IA_Eastern_3_2019,2019-12-08,2020-11-19,wesm_exact_workunit,https://prd-tnm.s3.amazonaws.com/index.html?prefix=StagedProducts/Elevation/metadata/IA_EasternIA_2019_B19/IA_Eastern_3_2019
IA_FullState,,,,
IA_NorthCentral_1_2020,2020-04-04,2020-04-22,wesm_exact_workunit,https://prd-tnm.s3.amazonaws.com/index.html?prefix=StagedProducts/Elevation/metadata/IA_NorthCentral_2020_D20/IA_NorthCentral_1_2020
IA_NorthCentral_2_2020,2020-04-16,2020-04-27,wesm_exact_workunit,https://prd-tnm.s3.amazonaws.com/index.html?prefix=StagedProducts/Elevation/metadata/IA_NorthCentral_2020_D20/IA_NorthCentral_2_2020
IA_NorthCentral_3_2020,2020-04-04,2020-12-05,wesm_exact_workunit,https://prd-tnm.s3.amazonaws.com/index.html?prefix=StagedProducts/Elevation/metadata/IA_NorthCentral_2020_D20/IA_NorthCentral_3_2020
IA_SouthCentral_1_2020,2020-04-14,2020-05-08,wesm_exact_workunit,https://prd-tnm.s3.amazonaws.com/index.html?prefix=StagedProducts/Elevation/metadata/IA_SouthCentral_2020_D20/IA_SouthCentral_1_2020
IA_SouthCentral_2_2020,2020-03-31,2020-04-21,wesm_exact_workunit,https://prd-tnm.s3.amazonaws.com/index.html?prefix=StagedProducts/Elevation/metadata/IA_SouthCentral_2020_D20/IA_SouthCentral_2_2020
IA_SouthCentral_3_2020,2020-03-30,2020-04-10,wesm_exact_workunit,https://prd-tnm.s3.amazonaws.com/index.html?prefix=StagedProducts/Elevation/metadata/IA_SouthCentral_2020_D20/IA_SouthCentral_3_2020
IA_Western_1_2020,2020-11-27,2021-03-29,wesm_exact_workunit,https://prd-tnm.s3.amazonaws.com/index.html?prefix=StagedProducts/Elevation/metadata/IA_WesternIA_2020_D21/IA_Western_1_2020
IA_Western_2_2020,2020-11-27,2021-04-01,wesm_exact_workunit,https://prd-tnm.s3.amazonaws.com/index.html?prefix=StagedProducts/Elevation/metadata/IA_WesternIA_2020_D21/IA_Western_2_2020
IA_Western_3_2020,2020-12-05,2021-03-28,wesm_exact_workunit,https://prd-tnm.s3.amazonaws.com/index.html?prefix=StagedProducts/Elevation/metadata/IA_WesternIA_2020_D21/IA_Western_3_2020
ID_AdamsCo_1_2019,2019-09-21,2020-08-20,wesm_exact_workunit,https://prd-tnm.s3.amazonaws.com/index.html?prefix=StagedProducts/Elevation/metadata/ID_AdamsCounty_2019_B19/ID_AdamsCo_1_2019
ID_AdamsCo_2_2019,2019-09-21,2020-08-20,wesm_exact_workunit,https://prd-tnm.s3.amazonaws.com/index.html?prefix=StagedProducts/Elevation/metadata/ID_AdamsCounty_2019_B19/ID_AdamsCo_2_2019
ID_CityofRocks_2011,2011-06-24,2011-07-26,wesm_normalized_workunit,https://prd-tnm.s3.amazonaws.com/index.html?prefix=StagedProducts/Elevation/metadata/legacy/ID_CITYOFROCKS_2011
ID_CoeurDAlene_2009,2009-06-02,2009-07-30,wesm_normalized_workunit,https://prd-tnm.s3.amazonaws.com/index.html?prefix=StagedProducts/Elevation/metadata/legacy/ID_COEURDALENE_2009
ID_DryCreek_2007,2007-11-10,2007-11-18,wesm_normalized_workunit,https://prd-tnm.s3.amazonaws.com/index.html?prefix=StagedProducts/Elevation/metadata/legacy/ID_DRYCREEK_2007
ID_NCentral_2_D22,2023-07-02,2023-09-16,wesm_exact_workunit,https://prd-tnm.s3.amazonaws.com/index.html?prefix=StagedProducts/Elevation/metadata/ID_NorthCentral_D22/ID_NCentral_2_D22
ID_NorthForkPayette_1_2020,2020-09-03,2020-10-09,wesm_exact_workunit,https://prd-tnm.s3.amazonaws.com/index.html?prefix=StagedProducts/Elevation/metadata/ID_NorthForkPayette_2020_B20/ID_NorthForkPayette_1_2020
ID_NorthernID_1_2019,2019-11-09,2020-10-02,wesm_exact_workunit,https://prd-tnm.s3.amazonaws.com/index.html?prefix=StagedProducts/Elevation/metadata/ID_NorthernID_2019_D19/ID_NorthernID_1_2019
ID_NorthernID_2_2019,2019-11-09,2020-10-02,wesm_exact_workunit,https://prd-tnm.s3.amazonaws.com/index.html?prefix=StagedProducts/Elevation/metadata/ID_NorthernID_2019_D19/ID_NorthernID_2_2019
ID_SouthernID_10_2018,2019-11-05,2020-09-29,wesm_exact_workunit,https://prd-tnm.s3.amazonaws.com/index.html?prefix=StagedProducts/Elevation/metadata/ID_SouthernID_2018_D19/ID_SouthernID_10_2018
ID_SouthernID_12_2018,2019-10-03,2020-10-06,wesm_exact_workunit,https://prd-tnm.s3.amazonaws.com/index.html?prefix=StagedProducts/Elevation/metadata/ID_SouthernID_2018_D19/ID_SouthernID_12_2018
ID_SouthernID_13_2018,2020-08-09,2020-10-15,wesm_exact_workunit,https://prd-tnm.s3.amazonaws.com/index.html?prefix=StagedProducts/Elevation/metadata/ID_SouthernID_2018_D19/ID_SouthernID_13_2018
ID_SouthernID_14_2018,2019-11-01,2020-07-16,wesm_exact_workunit,https://prd-tnm.s3.amazonaws.com/index.html?prefix=StagedProducts/Elevation/metadata/ID_SouthernID_2018_D19/ID_SouthernID_14_2018
ID_SouthernID_15_2018,2019-09-27,2020-08-05,wesm_exact_workunit,https://prd-tnm.s3.amazonaws.com/index.html?prefix=StagedProducts/Elevation/metadata/ID_SouthernID_2018_D19/ID_SouthernID_15_2018
ID_SouthernID_16_SA2_2018,2019-11-18,2020-09-27,wesm_exact_workunit,https://prd-tnm.s3.amazonaws.com/index.html?prefix=StagedProducts/Elevation/metadata/ID_SouthernID_2018_D19/ID_SouthernID_16_SA2_2018
ID_SouthernID_17_2018,2019-09-26,2020-08-04,wesm_exact_workunit,https://prd-tnm.s3.amazonaws.com/index.html?prefix=StagedProducts/Elevation/metadata/ID_SouthernID_2018_D19/ID_SouthernID_17_2018
ID_SouthernID_18_2018,2019-10-15,2020-08-08,wesm_exact_workunit,https://prd-tnm.s3.amazonaws.com/index.html?prefix=StagedProducts/Elevation/metadata/ID_SouthernID_2018_D19/ID_SouthernID_18_2018
ID_SouthernID_19_2018,2019-11-05,2020-09-29,wesm_exact_workunit,https://prd-tnm.s3.amazonaws.com/index.html?prefix=StagedProducts/Elevation/metadata/ID_SouthernID_2018_D19/ID_SouthernID_19_2018
ID_SouthernID_1_2018,2019-11-09,2020-10-02,wesm_exact_workunit,https://prd-tnm.s3.amazonaws.com/index.html?prefix=StagedProducts/Elevation/metadata/ID_SouthernID_2018_D19/ID_SouthernID_1_2018
ID_SouthernID_20_2018,2019-10-03,2020-09-29,wesm_exact_workunit,https://prd-tnm.s3.amazonaws.com/index.html?prefix=StagedProducts/Elevation/metadata/ID_SouthernID_2018_D19/ID_SouthernID_20_2018
ID_SouthernID_21_2018,2019-10-05,2020-08-01,wesm_exact_workunit,https://prd-tnm.s3.amazonaws.com/index.html?prefix=StagedProducts/Elevation/metadata/ID_SouthernID_2018_D19/ID_SouthernID_21_2018
ID_SouthernID_22_2018,2019-10-05,2020-09-24,wesm_exact_workunit,https://prd-tnm.s3.amazonaws.com/index.html?prefix=StagedProducts/Elevation/metadata/ID_SouthernID_2018_D19/ID_SouthernID_22_2018
ID_SouthernID_23_2018,2020-05-28,2023-06-28,wesm_exact_workunit,https://prd-tnm.s3.amazonaws.com/index.html?prefix=StagedProducts/Elevation/metadata/ID_SouthernID_2018_D19/ID_SouthernID_23_2018
ID_SouthernID_24_2018,2019-10-08,2023-06-28,wesm_exact_workunit,https://prd-tnm.s3.amazonaws.com/index.html?prefix=StagedProducts/Elevation/metadata/ID_SouthernID_2018_D19/ID_SouthernID_24_2018
ID_SouthernID_2_2018,2019-09-27,2020-05-07,wesm_exact_workunit,https://prd-tnm.s3.amazonaws.com/index.html?prefix=StagedProducts/Elevation/metadata/ID_SouthernID_2018_D19/ID_SouthernID_2_2018
ID_SouthernID_3_SA2_2018,2019-09-27,2020-05-08,wesm_exact_workunit,https://prd-tnm.s3.amazonaws.com/index.html?prefix=StagedProducts/Elevation/metadata/ID_SouthernID_2018_D19/ID_SouthernID_3_SA2_2018
ID_SouthernID_4_SA2_2018,2019-09-23,2020-05-29,wesm_exact_workunit,https://prd-tnm.s3.amazonaws.com/index.html?prefix=StagedProducts/Elevation/metadata/ID_SouthernID_2018_D19/ID_SouthernID_4_SA2_2018
ID_SouthernID_5_2018,2019-09-23,2020-05-10,wesm_exact_workunit,https://prd-tnm.s3.amazonaws.com/index.html?prefix=StagedProducts/Elevation/metadata/ID_SouthernID_2018_D19/ID_SouthernID_5_2018
ID_SouthernID_6_2018,2019-10-03,2019-11-03,wesm_exact_workunit,https://prd-tnm.s3.amazonaws.com/index.html?prefix=StagedProducts/Elevation/metadata/ID_SouthernID_2018_D19/ID_SouthernID_6_2018
ID_SouthernID_7_SA1_2018,2020-05-29,2020-05-30,wesm_exact_workunit,https://prd-tnm.s3.amazonaws.com/index.html?prefix=StagedProducts/Elevation/metadata/ID_SouthernID_2018_D19/ID_SouthernID_7_SA1_2018
ID_SouthernID_9_2018,2019-09-25,2020-06-20,wesm_exact_workunit,https://prd-tnm.s3.amazonaws.com/index.html?prefix=StagedProducts/Elevation/metadata/ID_SouthernID_2018_D19/ID_SouthernID_9_2018
ID_USGSTributary_2008,2008-11-16,2008-12-04,wesm_normalized_workunit,https://prd-tnm.s3.amazonaws.com/index.html?prefix=StagedProducts/Elevation/metadata/legacy/ID_USGSTRIBUTARY_2008
IL_10CoNRCS_2_D23,2023-12-07,2024-03-29,wesm_exact_workunit,https://prd-tnm.s3.amazonaws.com/index.html?prefix=StagedProducts/Elevation/metadata/IL_10CountyNRCS_D23/IL_10CoNRCS_2_D23
IL_10CoNRCS_3_D23,2023-12-11,2024-01-29,wesm_exact_workunit,https://prd-tnm.s3.amazonaws.com/index.html?prefix=StagedProducts/Elevation/metadata/IL_10CountyNRCS_D23/IL_10CoNRCS_3_D23
IL_8County_B1_2020,2020-04-08,2020-05-04,wesm_exact_workunit,https://prd-tnm.s3.amazonaws.com/index.html?prefix=StagedProducts/Elevation/metadata/IL_8County_2020_A20/IL_8County_B1_2020
IL_8County_B2_2020,2020-03-30,2020-04-10,wesm_exact_workunit,https://prd-tnm.s3.amazonaws.com/index.html?prefix=StagedProducts/Elevation/metadata/IL_8County_2020_A20/IL_8County_B2_2020
IL_8County_PlusChampaign_B1_2019,2019-11-23,2020-03-08,wesm_exact_workunit,https://prd-tnm.s3.amazonaws.com/index.html?prefix=StagedProducts/Elevation/metadata/IL_8County_PlusChampaign_2019_B19/IL_8County_PlusChampaign_B1_2019
IL_8County_PlusChampaign_B2_2019,2019-11-23,2020-11-12,wesm_exact_workunit,https://prd-tnm.s3.amazonaws.com/index.html?prefix=StagedProducts/Elevation/metadata/IL_8County_PlusChampaign_2019_B19/IL_8County_PlusChampaign_B2_2019
IL_8County_PlusChampaign_B3_QL1_2019,2019-04-16,2019-04-16,wesm_exact_workunit,https://prd-tnm.s3.amazonaws.com/index.html?prefix=StagedProducts/Elevation/metadata/IL_8County_PlusChampaign_2019_B19/IL_8County_PlusChampaign_B3_QL1_2019
IL_8County_PlusChampaign_B4_2019,2019-11-23,2020-03-08,wesm_exact_workunit,https://prd-tnm.s3.amazonaws.com/index.html?prefix=StagedProducts/Elevation/metadata/IL_8County_PlusChampaign_2019_B19/IL_8County_PlusChampaign_B4_2019
IL_BooneCo_2007,2007-04-13,2007-04-13,wesm_normalized_workunit,https://prd-tnm.s3.amazonaws.com/index.html?prefix=StagedProducts/Elevation/metadata/legacy/IL_BOONECO_2007
IL_CassCounty_2017,2017-03-21,2017-11-30,wesm_exact_workunit,https://prd-tnm.s3.amazonaws.com/index.html?prefix=StagedProducts/Elevation/metadata/IL_CassCounty_2017_C18/IL_CassCounty_2017
IL_FordIroquoisLivingston_L1_2014,2015-04-27,2015-06-07,wesm_exact_workunit,https://prd-tnm.s3.amazonaws.com/index.html?prefix=StagedProducts/Elevation/metadata/IL_FordIroqouisLivingston_2015_C16/IL_FordIroquoisLivingston-L1_2014
IL_FordIroquoisLivingston_L2_2014,2015-04-27,2015-06-07,wesm_exact_workunit,https://prd-tnm.s3.amazonaws.com/index.html?prefix=StagedProducts/Elevation/metadata/IL_FordIroqouisLivingston_2015_C16/IL_FordIroquoisLivingston_L2_2014
IL_FordIroquoisLivingston_L4_2014,2015-04-27,2015-06-07,wesm_exact_workunit,https://prd-tnm.s3.amazonaws.com/index.html?prefix=StagedProducts/Elevation/metadata/IL_FordIroqouisLivingston_2015_C16/IL_FordIroquoisLivingston-L4_2014
IL_HenryCo_2009,2009-03-30,2009-03-30,wesm_normalized_workunit,https://prd-tnm.s3.amazonaws.com/index.html?prefix=StagedProducts/Elevation/metadata/legacy/IL_HENRYCO_2009
IL_HicksDome_FluorsparDist_2_2019,2020-02-29,2020-12-11,wesm_exact_workunit,https://prd-tnm.s3.amazonaws.com/index.html?prefix=StagedProducts/Elevation/metadata/IL_HicksDome_FluorsparDistrict_2019_D19/IL_HicksDome_FluorsparDist_2_2019
IL_HicksDome_FluorsparDist_3_2019,2020-03-05,2020-12-10,wesm_exact_workunit,https://prd-tnm.s3.amazonaws.com/index.html?prefix=StagedProducts/Elevation/metadata/IL_HicksDome_FluorsparDistrict_2019_D19/IL_HicksDome_FluorsparDist_3_2019
IL_HicksDome_FluorsparDistrict_B1_2019,2020-02-29,2020-03-08,wesm_exact_workunit,https://prd-tnm.s3.amazonaws.com/index.html?prefix=StagedProducts/Elevation/metadata/IL_HicksDome_FluorsparDistrict_2019_D19/IL_HicksDome_FluorsparDistrict_B1_2019
IL_Johnson-Pulaski_MassacCos_2012-2014,2012-02-02,2012-02-17,wesm_normalized_workunit,https://prd-tnm.s3.amazonaws.com/index.html?prefix=StagedProducts/Elevation/metadata/Pulaski_Massac_and_Johnson_Counties_IL_LiDAR_Processing/IL_JOHNSON-PULASKI_MASSACCOS_2012-2014
IL_KendallCo_2010,2010-03-31,2010-04-03,wesm_normalized_workunit,https://prd-tnm.s3.amazonaws.com/index.html?prefix=StagedProducts/Elevation/metadata/legacy/IL_KENDALLCO_2010
IL_MidNorth_1_D22,2022-04-03,2022-05-08,wesm_exact_workunit,https://prd-tnm.s3.amazonaws.com/index.html?prefix=StagedProducts/Elevation/metadata/IL_MidNorth_D22/IL_MidNorth_1_D22
IL_MidNorth_2_D22,2022-04-10,2022-06-28,wesm_exact_workunit,https://prd-tnm.s3.amazonaws.com/index.html?prefix=StagedProducts/Elevation/metadata/IL_MidNorth_D22/IL_MidNorth_2_D22
IL_MidNorth_3_D22,2022-05-07,2022-06-28,wesm_exact_workunit,https://prd-tnm.s3.amazonaws.com/index.html?prefix=StagedProducts/Elevation/metadata/IL_MidNorth_D22/IL_MidNorth_3_D22
IL_MidNorth_4_D22,2022-03-21,2022-04-10,wesm_exact_workunit,https://prd-tnm.s3.amazonaws.com/index.html?prefix=StagedProducts/Elevation/metadata/IL_MidNorth_D22/IL_MidNorth_4_D22
IL_Peoria_2008,2008-03-25,2008-03-29,wesm_normalized_workunit,https://prd-tnm.s3.amazonaws.com/index.html?prefix=StagedProducts/Elevation/metadata/legacy/IL_PEORIA_2008
IL_SalineRiver_2010,2010-09-01,2010-12-01,wesm_normalized_workunit,https://prd-tnm.s3.amazonaws.com/index.html?prefix=StagedProducts/Elevation/metadata/legacy/IL_SALINERIVER_2010
IL_SangamonRiver_2011,2011-12-24,2011-12-24,wesm_normalized_workunit,https://prd-tnm.s3.amazonaws.com/index.html?prefix=StagedProducts/Elevation/metadata/legacy/IL_SANGAMONRIVER_2011
IL_SouthCentral_1_2021,2021-03-06,2021-04-05,wesm_exact_workunit,https://prd-tnm.s3.amazonaws.com/index.html?prefix=StagedProducts/Elevation/metadata/IL_SouthCentral_2021_D21/IL_SouthCentral_1_2021
IL_SouthCentral_2_2021,2021-03-06,2021-04-12,wesm_exact_workunit,https://prd-tnm.s3.amazonaws.com/index.html?prefix=StagedProducts/Elevation/metadata/IL_SouthCentral_2021_D21/IL_SouthCentral_2_2021
IL_Wabash-Saline-FEMA_2011,2011-04-06,2011-04-17,wesm_normalized_workunit,https://prd-tnm.s3.amazonaws.com/index.html?prefix=StagedProducts/Elevation/metadata/legacy/IL_WABASH-SALINE-FEMA_2011
IL_WabashRiver_2010,2010-09-01,2010-12-01,wesm_normalized_workunit,https://prd-tnm.s3.amazonaws.com/index.html?prefix=StagedProducts/Elevation/metadata/legacy/IL_WABASHRIVER_2010
IN_ET_B6_Wells_2012,2012-03-13,2012-03-28,wesm_exact_workunit,https://prd-tnm.s3.amazonaws.com/index.html?prefix=StagedProducts/Elevation/metadata/Eastern_Indiana_QL3_Lidar/IN_ET-B6-Wells_2012
IN_ET_B7_Wayne_2012,2012-01-31,2012-04-02,wesm_exact_workunit,https://prd-tnm.s3.amazonaws.com/index.html?prefix=StagedProducts/Elevation/metadata/Eastern_Indiana_QL3_Lidar/IN_ET-B7-Wayne_2012
IN_LakeErie_2010,2010-11-23,2010-11-28,wesm_normalized_workunit,https://prd-tnm.s3.amazonaws.com/index.html?prefix=StagedProducts/Elevation/metadata/legacy/IN_LAKEERIE_2010
IN_Statewide-BartholomewCo_2011,2011-03-13,2011-04-20,wesm_normalized_workunit,https://prd-tnm.s3.amazonaws.com/index.html?prefix=StagedProducts/Elevation/metadata/legacy/IN_STATEWIDE-BARTHOLOMEWCO_2011
IN_Statewide-BooneCo_2011,2011-03-13,2011-04-30,wesm_normalized_workunit,https://prd-tnm.s3.amazonaws.com/index.html?prefix=StagedProducts/Elevation/metadata/legacy/IN_STATEWIDE-BOONECO_2011
IN_Statewide-BrownCo_2011,2011-03-13,2011-04-30,wesm_normalized_workunit,https://prd-tnm.s3.amazonaws.com/index.html?prefix=StagedProducts/Elevation/metadata/legacy/IN_STATEWIDE-BROWNCO_2011
IN_Statewide-CarrollCo_2011,2011-03-13,2011-04-30,wesm_normalized_workunit,https://prd-tnm.s3.amazonaws.com/index.html?prefix=StagedProducts/Elevation/metadata/legacy/IN_STATEWIDE-CARROLLCO_2011
IN_Statewide-CassCo_2011,2011-03-13,2011-04-30,wesm_normalized_workunit,https://prd-tnm.s3.amazonaws.com/index.html?prefix=StagedProducts/Elevation/metadata/legacy/IN_STATEWIDE-CASSCO_2011
IN_Statewide-ClintonCo_2011,2011-03-13,2011-04-30,wesm_normalized_workunit,https://prd-tnm.s3.amazonaws.com/index.html?prefix=StagedProducts/Elevation/metadata/legacy/IN_STATEWIDE-CLINTONCO_2011
IN_Statewide-CrawfordCo_2011,2011-03-13,2011-04-30,wesm_normalized_workunit,https://prd-tnm.s3.amazonaws.com/index.html?prefix=StagedProducts/Elevation/metadata/legacy/IN_STATEWIDE-CRAWFORDCO_2011
IN_Statewide-ElkhartCo_2011,2011-03-13,2011-04-30,wesm_normalized_workunit,https://prd-tnm.s3.amazonaws.com/index.html?prefix=StagedProducts/Elevation/metadata/legacy/IN_STATEWIDE-ELKHARTCO_2011
IN_Statewide-FultonCo_2011,2011-03-13,2011-04-30,wesm_normalized_workunit,https://prd-tnm.s3.amazonaws.com/index.html?prefix=StagedProducts/Elevation/metadata/legacy/IN_STATEWIDE-FULTONCO_2011
IN_Statewide-HarrisonCo-2011,2011-03-13,2011-04-30,wesm_normalized_workunit,https://prd-tnm.s3.amazonaws.com/index.html?prefix=StagedProducts/Elevation/metadata/legacy/IN_STATEWIDE-HARRISONCO-2011
IN_Statewide-HowardCo_2011,2011-03-13,2011-04-30,wesm_normalized_workunit,https://prd-tnm.s3.amazonaws.com/index.html?prefix=StagedProducts/Elevation/metadata/legacy/IN_STATEWIDE-HOWARDCO_2011
IN_Statewide-JacksonCo_2011,2011-03-13,2011-04-30,wesm_normalized_workunit,https://prd-tnm.s3.amazonaws.com/index.html?prefix=StagedProducts/Elevation/metadata/legacy/IN_STATEWIDE-JACKSONCO_2011
IN_Statewide-KosciuskoCo_2011,2011-03-13,2011-04-30,wesm_normalized_workunit,https://prd-tnm.s3.amazonaws.com/index.html?prefix=StagedProducts/Elevation/metadata/legacy/IN_STATEWIDE-KOSCIUSKOCO_2011
IN_Statewide-LawrenceCo_2011,2011-03-13,2011-04-30,wesm_normalized_workunit,https://prd-tnm.s3.amazonaws.com/index.html?prefix=StagedProducts/Elevation/metadata/legacy/IN_STATEWIDE-LAWRENCECO_2011
IN_Statewide-MarshallCo_2011,2011-03-13,2011-04-30,wesm_normalized_workunit,https://prd-tnm.s3.amazonaws.com/index.html?prefix=StagedProducts/Elevation/metadata/legacy/IN_STATEWIDE-MARSHALLCO_2011
IN_Statewide-MiamiCo_2011,2011-03-13,2011-04-30,wesm_normalized_workunit,https://prd-tnm.s3.amazonaws.com/index.html?prefix=StagedProducts/Elevation/metadata/legacy/IN_STATEWIDE-MIAMICO_2011
IN_Statewide-OrangeCo_2011,2011-03-13,2011-04-30,wesm_normalized_workunit,https://prd-tnm.s3.amazonaws.com/index.html?prefix=StagedProducts/Elevation/metadata/legacy/IN_STATEWIDE-ORANGECO_2011
IN_Statewide-PulaskiCo_2011,2011-03-13,2011-04-30,wesm_normalized_workunit,https://prd-tnm.s3.amazonaws.com/index.html?prefix=StagedProducts/Elevation/metadata/legacy/IN_STATEWIDE-PULASKICO_2011
IN_Statewide-StJosephCo_2011,2011-03-13,2011-04-30,wesm_normalized_workunit,https://prd-tnm.s3.amazonaws.com/index.html?prefix=StagedProducts/Elevation/metadata/legacy/IN_STATEWIDE-STJOSEPHCO_2011
IN_Statewide-StarkeCo_2011,2011-03-13,2011-04-30,wesm_normalized_workunit,https://prd-tnm.s3.amazonaws.com/index.html?prefix=StagedProducts/Elevation/metadata/legacy/IN_STATEWIDE-STARKECO_2011
IN_Statewide-TiptonCo_2011,2011-03-13,2011-04-30,wesm_normalized_workunit,https://prd-tnm.s3.amazonaws.com/index.html?prefix=StagedProducts/Elevation/metadata/legacy/IN_STATEWIDE-TIPTONCO_2011
IN_Statewide-WabashCo_2011,2011-03-13,2011-04-30,wesm_normalized_workunit,https://prd-tnm.s3.amazonaws.com/index.html?prefix=StagedProducts/Elevation/metadata/legacy/IN_STATEWIDE-WABASHCO_2011
IN_Statewide-WashingtonCo_2011,2011-03-13,2011-04-30,wesm_normalized_workunit,https://prd-tnm.s3.amazonaws.com/index.html?prefix=StagedProducts/Elevation/metadata/legacy/IN_STATEWIDE-WASHINGTONCO_2011
IN_Statewide_B1_2017,2017-03-08,2017-04-02,wesm_exact_workunit,https://prd-tnm.s3.amazonaws.com/index.html?prefix=StagedProducts/Elevation/metadata/IN_Indiana_Statewide_LiDAR_2017_B17/IN_Statewide_B1_2017
IN_Statewide_B2_2017,2017-03-08,2017-04-02,wesm_exact_workunit,https://prd-tnm.s3.amazonaws.com/index.html?prefix=StagedProducts/Elevation/metadata/IN_Indiana_Statewide_LiDAR_2017_B17/IN_Statewide_B2_2017
IN_Statewide_Opt1_B1_2017,2017-03-08,2017-04-02,wesm_exact_workunit,https://prd-tnm.s3.amazonaws.com/index.html?prefix=StagedProducts/Elevation/metadata/IN_Indiana_Statewide_LiDAR_2017_B17/IN_Statewide_Opt1_B1_2017
IN_Statewide_Opt1_B2_2017,2017-03-08,2017-04-12,wesm_exact_workunit,https://prd-tnm.s3.amazonaws.com/index.html?prefix=StagedProducts/Elevation/metadata/IN_Indiana_Statewide_LiDAR_2017_B17/IN_Statewide_Opt1_B2_2017
IN_Statewide_Opt1_B3_2017,2017-04-08,2017-04-13,wesm_exact_workunit,https://prd-tnm.s3.amazonaws.com/index.html?prefix=StagedProducts/Elevation/metadata/IN_Indiana_Statewide_LiDAR_2017_B17/IN_Statewide_Opt1_B3_2017
IN_Statewide_Opt1_B4_2017,2017-03-05,2018-04-21,wesm_exact_workunit,https://prd-tnm.s3.amazonaws.com/index.html?prefix=StagedProducts/Elevation/metadata/IN_Indiana_Statewide_LiDAR_2017_B17/IN_Statewide_Opt1_B4_2017
IN_Statewide_Opt1_B5_2017,2017-03-05,2017-03-16,wesm_exact_workunit,https://prd-tnm.s3.amazonaws.com/index.html?prefix=StagedProducts/Elevation/metadata/IN_Indiana_Statewide_LiDAR_2017_B17/IN_Statewide_Opt1_B5_2017
IN_Statewide_Opt2_B1_2017,2017-03-03,2017-04-26,wesm_exact_workunit,https://prd-tnm.s3.amazonaws.com/index.html?prefix=StagedProducts/Elevation/metadata/IN_Indiana_Statewide_LiDAR_2017_B17/IN_Statewide_Opt2_B1_2017
IN_Statewide_Opt2_B2_2017,2017-03-22,2018-04-26,wesm_exact_workunit,https://prd-tnm.s3.amazonaws.com/index.html?prefix=StagedProducts/Elevation/metadata/IN_Indiana_Statewide_LiDAR_2017_B17/IN_Statewide_Opt2_B2_2017
IN_Statewide_Opt2_B3_2017,2017-03-28,2019-06-30,wesm_exact_workunit,https://prd-tnm.s3.amazonaws.com/index.html?prefix=StagedProducts/Elevation/metadata/IN_Indiana_Statewide_LiDAR_2017_B17/IN_Statewide_Opt2_B3_2017
IN_Statewide_Opt2_B4_2017,2017-04-13,2019-03-23,wesm_exact_workunit,https://prd-tnm.s3.amazonaws.com/index.html?prefix=StagedProducts/Elevation/metadata/IN_Indiana_Statewide_LiDAR_2017_B17/IN_Statewide_Opt2_B4_2017
IN_Statewide_Opt2_B5_2017,2018-03-03,2018-04-11,wesm_exact_workunit,https://prd-tnm.s3.amazonaws.com/index.html?prefix=StagedProducts/Elevation/metadata/IN_Indiana_Statewide_LiDAR_2017_B17/IN_Statewide_Opt2_B5_2017
IN_Statewide_Opt2_B6_2017,2018-04-08,2020-04-11,wesm_exact_workunit,https://prd-tnm.s3.amazonaws.com/index.html?prefix=StagedProducts/Elevation/metadata/IN_Indiana_Statewide_LiDAR_2017_B17/IN_Statewide_Opt2_B6_2017
KS_4Area_3_D23,2023-11-28,2023-12-18,wesm_exact_workunit,https://prd-tnm.s3.amazonaws.com/index.html?prefix=StagedProducts/Elevation/metadata/KS_4Area_D23/KS_4Area_3_D23
KS_Area1_2012,2012-01-19,2012-03-26,wesm_normalized_workunit,https://prd-tnm.s3.amazonaws.com/index.html?prefix=StagedProducts/Elevation/metadata/legacy/KS_AREA1_2012
KS_Area3-ButlerCo_2012,2012-01-13,2012-04-17,wesm_normalized_workunit,https://prd-tnm.s3.amazonaws.com/index.html?prefix=StagedProducts/Elevation/metadata/legacy/KS_AREA3-BUTLERCO_2012
KS_Area3-NortheastA_2012,2012-01-05,2012-04-18,wesm_normalized_workunit,https://prd-tnm.s3.amazonaws.com/index.html?prefix=StagedProducts/Elevation/metadata/legacy/KS_AREA3-NORTHEASTA_2012
KS_Area3-NortheastB_2012,2012-01-13,2012-04-17,wesm_normalized_workunit,https://prd-tnm.s3.amazonaws.com/index.html?prefix=StagedProducts/Elevation/metadata/legacy/KS_AREA3-NORTHEASTB_2012
KS_Area3-Southeast_2012,2012-01-13,2012-04-17,wesm_normalized_workunit,https://prd-tnm.s3.amazonaws.com/index.html?prefix=StagedProducts/Elevation/metadata/legacy/KS_AREA3-SOUTHEAST_2012
KS_AtchinsonCo_2010,2010-02-01,2010-07-20,wesm_normalized_workunit,https://prd-tnm.s3.amazonaws.com/index.html?prefix=StagedProducts/Elevation/metadata/legacy/KS_ATCHINSONCO_2010
KS_BartonCo_2010,2010-12-13,2011-02-22,wesm_normalized_workunit,https://prd-tnm.s3.amazonaws.com/index.html?prefix=StagedProducts/Elevation/metadata/legacy/KS_BARTONCO_2010
KS_ChaseCo_2010,2010-12-15,2011-02-22,wesm_normalized_workunit,https://prd-tnm.s3.amazonaws.com/index.html?prefix=StagedProducts/Elevation/metadata/legacy/KS_CHASECO_2010
KS_Coffey_2010,2010-04-10,2010-04-17,wesm_normalized_workunit,https://prd-tnm.s3.amazonaws.com/index.html?prefix=StagedProducts/Elevation/metadata/legacy/KS_COFFEY_2010
KS_DickinsonCo_2010,2010-12-13,2011-02-22,wesm_normalized_workunit,https://prd-tnm.s3.amazonaws.com/index.html?prefix=StagedProducts/Elevation/metadata/legacy/KS_DICKINSONCO_2010
KS_DodgeCity_2010,2010-12-14,2010-12-14,wesm_normalized_workunit,https://prd-tnm.s3.amazonaws.com/index.html?prefix=StagedProducts/Elevation/metadata/legacy/KS_DODGECITY_2010
KS_DouglasCounty_2006,2006-05-25,2006-05-28,wesm_normalized_workunit,https://prd-tnm.s3.amazonaws.com/index.html?prefix=StagedProducts/Elevation/metadata/legacy/KS_DOUGLASCOUNTY_2006
KS_EllsworthCo_2010,2010-12-13,2011-02-22,wesm_normalized_workunit,https://prd-tnm.s3.amazonaws.com/index.html?prefix=StagedProducts/Elevation/metadata/legacy/KS_ELLSWORTHCO_2010
KS_Franklin_2010,2010-02-01,2010-07-20,wesm_normalized_workunit,https://prd-tnm.s3.amazonaws.com/index.html?prefix=StagedProducts/Elevation/metadata/legacy/KS_FRANKLIN_2010
KS_FtRiley_2006,2006-04-01,2006-04-01,wesm_normalized_workunit,https://prd-tnm.s3.amazonaws.com/index.html?prefix=StagedProducts/Elevation/metadata/legacy/KS_FTRILEY_2006
KS_Geary_2010,2010-03-18,2010-12-08,wesm_normalized_workunit,https://prd-tnm.s3.amazonaws.com/index.html?prefix=StagedProducts/Elevation/metadata/legacy/KS_GEARY_2010
KS_HarveyCo2_2010,2010-12-13,2011-02-22,wesm_normalized_workunit,https://prd-tnm.s3.amazonaws.com/index.html?prefix=StagedProducts/Elevation/metadata/legacy/KS_HARVEYCO2_2010
KS_HarveyCo_2010,2010-12-17,2011-01-04,wesm_normalized_workunit,https://prd-tnm.s3.amazonaws.com/index.html?prefix=StagedProducts/Elevation/metadata/legacy/KS_HARVEYCO_2010
KS_JacksonCo_2006,2006-04-15,2006-04-19,wesm_normalized_workunit,https://prd-tnm.s3.amazonaws.com/index.html?prefix=StagedProducts/Elevation/metadata/legacy/KS_JACKSONCO_2006
KS_JeffersonCo_2006,2006-03-29,2006-04-03,wesm_normalized_workunit,https://prd-tnm.s3.amazonaws.com/index.html?prefix=StagedProducts/Elevation/metadata/legacy/KS_JEFFERSONCO_2006
KS_JewellCo_2010,2010-12-13,2011-02-22,wesm_normalized_workunit,https://prd-tnm.s3.amazonaws.com/index.html?prefix=StagedProducts/Elevation/metadata/legacy/KS_JEWELLCO_2010
KS_JohnsonCo_2006,2006-04-10,2006-04-11,wesm_normalized_workunit,https://prd-tnm.s3.amazonaws.com/index.html?prefix=StagedProducts/Elevation/metadata/legacy/KS_JOHNSONCO_2006
KS_Leavenworth_2006,2006-03-01,2006-05-01,wesm_normalized_workunit,https://prd-tnm.s3.amazonaws.com/index.html?prefix=StagedProducts/Elevation/metadata/legacy/KS_LEAVENWORTH_2006
KS_Leavenworth_2010,2010-03-30,2010-03-30,wesm_normalized_workunit,https://prd-tnm.s3.amazonaws.com/index.html?prefix=StagedProducts/Elevation/metadata/legacy/KS_LEAVENWORTH_2010
KS_LincolnCo_2010,2010-12-13,2011-02-22,wesm_normalized_workunit,https://prd-tnm.s3.amazonaws.com/index.html?prefix=StagedProducts/Elevation/metadata/legacy/KS_LINCOLNCO_2010
KS_LyonCo_2010,2010-12-14,2011-01-04,wesm_normalized_workunit,https://prd-tnm.s3.amazonaws.com/index.html?prefix=StagedProducts/Elevation/metadata/legacy/KS_LYONCO_2010
KS_Manhattan_2006,2006-04-09,2006-04-09,wesm_normalized_workunit,https://prd-tnm.s3.amazonaws.com/index.html?prefix=StagedProducts/Elevation/metadata/legacy/KS_MANHATTAN_2006
KS_MarionCo_2010,2010-12-13,2011-02-22,wesm_normalized_workunit,https://prd-tnm.s3.amazonaws.com/index.html?prefix=StagedProducts/Elevation/metadata/legacy/KS_MARIONCO_2010
KS_MarshallCo_2010,2010-04-19,2011-03-10,wesm_normalized_workunit,https://prd-tnm.s3.amazonaws.com/index.html?prefix=StagedProducts/Elevation/metadata/legacy/KS_MARSHALLCO_2010
KS_McPhersonCo_2010,2010-12-13,2012-02-22,wesm_normalized_workunit,https://prd-tnm.s3.amazonaws.com/index.html?prefix=StagedProducts/Elevation/metadata/legacy/KS_MCPHERSONCO_2010
KS_MiamiCo_2009,2009-12-09,2010-04-13,wesm_normalized_workunit,https://prd-tnm.s3.amazonaws.com/index.html?prefix=StagedProducts/Elevation/metadata/legacy/KS_MIAMICO_2009
KS_MitchellCo_2010,2010-12-13,2011-02-22,wesm_normalized_workunit,https://prd-tnm.s3.amazonaws.com/index.html?prefix=StagedProducts/Elevation/metadata/legacy/KS_MITCHELLCO_2010
KS_MorrisCo_2010,2010-12-17,2011-01-04,wesm_normalized_workunit,https://prd-tnm.s3.amazonaws.com/index.html?prefix=StagedProducts/Elevation/metadata/legacy/KS_MORRISCO_2010
KS_NorthCentral_2009,2009-01-20,2009-03-15,wesm_normalized_workunit,https://prd-tnm.s3.amazonaws.com/index.html?prefix=StagedProducts/Elevation/metadata/legacy/KS_NORTHCENTRAL_2009
KS_Osage_2010,2010-02-01,2010-07-20,wesm_normalized_workunit,https://prd-tnm.s3.amazonaws.com/index.html?prefix=StagedProducts/Elevation/metadata/legacy/KS_OSAGE_2010
KS_OttawaCo_2010,2010-12-13,2011-02-22,wesm_normalized_workunit,https://prd-tnm.s3.amazonaws.com/index.html?prefix=StagedProducts/Elevation/metadata/legacy/KS_OTTAWACO_2010
KS_PottawatomieCo_2010,2010-04-19,2011-03-10,wesm_normalized_workunit,https://prd-tnm.s3.amazonaws.com/index.html?prefix=StagedProducts/Elevation/metadata/legacy/KS_POTTAWATOMIECO_2010
KS_RiceCo_2010,2010-12-13,2011-02-22,wesm_normalized_workunit,https://prd-tnm.s3.amazonaws.com/index.html?prefix=StagedProducts/Elevation/metadata/legacy/KS_RICECO_2010
KS_Riley_2010,2010-02-01,2010-07-30,wesm_normalized_workunit,https://prd-tnm.s3.amazonaws.com/index.html?prefix=StagedProducts/Elevation/metadata/legacy/KS_RILEY_2010
KS_SalineCo_2010,2010-12-13,2011-02-22,wesm_normalized_workunit,https://prd-tnm.s3.amazonaws.com/index.html?prefix=StagedProducts/Elevation/metadata/legacy/KS_SALINECO_2010
KS_Sedgwick-Wichita_2008,2008-03-09,2008-03-20,wesm_normalized_workunit,https://prd-tnm.s3.amazonaws.com/index.html?prefix=StagedProducts/Elevation/metadata/legacy/KS_SEDGWICK-WICHITA_2008
KS_ShawneeCounty_2006,2006-04-04,2006-04-04,wesm_normalized_workunit,https://prd-tnm.s3.amazonaws.com/index.html?prefix=StagedProducts/Elevation/metadata/legacy/KS_SHAWNEECOUNTY_2006
KS_Statewide_2017,2017-01-27,2017-05-05,wesm_exact_workunit,https://prd-tnm.s3.amazonaws.com/index.html?prefix=StagedProducts/Elevation/metadata/KS_Statewide4County_2017_A18/KS_Statewide_2017
KS_Statewide_B10_2018,2018-04-30,2019-03-20,wesm_exact_workunit,https://prd-tnm.s3.amazonaws.com/index.html?prefix=StagedProducts/Elevation/metadata/KS_Statewide_2018_A18/KS_Statewide_B10_2018
KS_Statewide_B11_2018,2018-01-24,2018-04-29,wesm_exact_workunit,https://prd-tnm.s3.amazonaws.com/index.html?prefix=StagedProducts/Elevation/metadata/KS_Statewide_2018_A18/KS_Statewide_B11_2018
KS_Statewide_B12_2018,2017-12-14,2018-04-27,wesm_exact_workunit,https://prd-tnm.s3.amazonaws.com/index.html?prefix=StagedProducts/Elevation/metadata/KS_Statewide_2018_A18/KS_Statewide_B12_2018
KS_Statewide_B13_2018,2018-11-24,2018-12-15,wesm_exact_workunit,https://prd-tnm.s3.amazonaws.com/index.html?prefix=StagedProducts/Elevation/metadata/KS_Statewide_2018_A18/KS_Statewide_B13_2018
KS_Statewide_B14_2018,2018-01-03,2018-03-14,wesm_exact_workunit,https://prd-tnm.s3.amazonaws.com/index.html?prefix=StagedProducts/Elevation/metadata/KS_Statewide_2018_A18/KS_Statewide_B14_2018
KS_Statewide_B15_2018,2018-01-03,2018-03-14,wesm_exact_workunit,https://prd-tnm.s3.amazonaws.com/index.html?prefix=StagedProducts/Elevation/metadata/KS_Statewide_2018_A18/KS_Statewide_B15_2018
KS_Statewide_B16_2018,2018-01-17,2019-03-22,wesm_exact_workunit,https://prd-tnm.s3.amazonaws.com/index.html?prefix=StagedProducts/Elevation/metadata/KS_Statewide_2018_A18/KS_Statewide_B16_2018
KS_Statewide_B17_2018,2018-01-02,2018-01-25,wesm_exact_workunit,https://prd-tnm.s3.amazonaws.com/index.html?prefix=StagedProducts/Elevation/metadata/KS_Statewide_2018_A18/KS_Statewide_B17_2018
KS_Statewide_B18_2018,2018-01-23,2018-11-18,wesm_exact_workunit,https://prd-tnm.s3.amazonaws.com/index.html?prefix=StagedProducts/Elevation/metadata/KS_Statewide_2018_A18/KS_Statewide_B18_2018
KS_Statewide_B2_2018,2018-11-26,2018-12-15,wesm_exact_workunit,https://prd-tnm.s3.amazonaws.com/index.html?prefix=StagedProducts/Elevation/metadata/KS_Statewide_2018_A18/KS_Statewide_B2_2018
KS_Statewide_B4_2018,2019-12-06,2019-12-19,wesm_exact_workunit,https://prd-tnm.s3.amazonaws.com/index.html?prefix=StagedProducts/Elevation/metadata/KS_Statewide_2018_A18/KS_Statewide_B4_2018
KS_Statewide_B5_2018,2018-01-18,2018-03-03,wesm_exact_workunit,https://prd-tnm.s3.amazonaws.com/index.html?prefix=StagedProducts/Elevation/metadata/KS_Statewide_2018_A18/KS_Statewide_B5_2018
KS_Statewide_B6A_2018,2018-01-23,2019-03-21,wesm_exact_workunit,https://prd-tnm.s3.amazonaws.com/index.html?prefix=StagedProducts/Elevation/metadata/KS_Statewide_2018_A18/KS_Statewide_B6A_2018
KS_Statewide_B6B_2018,2018-02-26,2019-03-22,wesm_exact_workunit,https://prd-tnm.s3.amazonaws.com/index.html?prefix=StagedProducts/Elevation/metadata/KS_Statewide_2018_A18/KS_Statewide_B6B_2018
KS_Statewide_B7_2018,2018-12-09,2018-12-16,wesm_exact_workunit,https://prd-tnm.s3.amazonaws.com/index.html?prefix=StagedProducts/Elevation/metadata/KS_Statewide_2018_A18/KS_Statewide_B7_2018
KS_Statewide_B8A_2018,2018-01-24,2018-05-07,wesm_exact_workunit,https://prd-tnm.s3.amazonaws.com/index.html?prefix=StagedProducts/Elevation/metadata/KS_Statewide_2018_A18/KS_Statewide_B8A_2018
KS_Statewide_B9_2018,2018-04-29,2020-07-25,wesm_exact_workunit,https://prd-tnm.s3.amazonaws.com/index.html?prefix=StagedProducts/Elevation/metadata/KS_Statewide_2018_A18/KS_Statewide_B9_2018
KS_USFWS_2010,2010-12-13,2011-02-22,wesm_exact_workunit,https://prd-tnm.s3.amazonaws.com/index.html?prefix=StagedProducts/Elevation/metadata/legacy/KS_USFWS_2010
KY_CentralEast_3_A23,2023-02-07,2024-02-22,wesm_exact_workunit,https://prd-tnm.s3.amazonaws.com/index.html?prefix=StagedProducts/Elevation/metadata/KY_CentralEast_A23/KY_CentralEast_3_A23
KY_Eastern_B1_2019,2019-02-19,2019-03-23,wesm_exact_workunit,https://prd-tnm.s3.amazonaws.com/index.html?prefix=StagedProducts/Elevation/metadata/KY_Eastern_2019_A19/KY_Eastern_B1_2019
KY_Eastern_B2_2019,2019-02-26,2019-03-23,wesm_exact_workunit,https://prd-tnm.s3.amazonaws.com/index.html?prefix=StagedProducts/Elevation/metadata/KY_Eastern_2019_A19/KY_Eastern_B2_2019
KY_FluorsparDistrict_2019,2019-12-05,2020-02-08,wesm_exact_workunit,https://prd-tnm.s3.amazonaws.com/index.html?prefix=StagedProducts/Elevation/metadata/KY_FluorsparDistrict_2019_D19/KY_FluorsparDistrict_2019
KY_FullState,,,,
KY_Statewide_1_2021,2021-03-04,2021-03-20,wesm_exact_workunit,https://prd-tnm.s3.amazonaws.com/index.html?prefix=StagedProducts/Elevation/metadata/KY_Statewide_2021_A21/KY_Statewide_1_2021
KY_Western_1_A22,2022-02-07,2022-04-14,wesm_exact_workunit,https://prd-tnm.s3.amazonaws.com/index.html?prefix=StagedProducts/Elevation/metadata/KY_WesternKY_A22/KY_Western_1_A22
LA_2021GNO_1_C22,2021-11-12,2021-11-20,wesm_exact_workunit,https://prd-tnm.s3.amazonaws.com/index.html?prefix=StagedProducts/Elevation/metadata/LA_2021GreaterNewOrleans_C22/LA_2021GNO_1_C22
LA_Atchafalaya2_2013,2012-12-18,2013-03-02,wesm_normalized_workunit,https://prd-tnm.s3.amazonaws.com/index.html?prefix=StagedProducts/Elevation/metadata/Atchafalaya_2_LiDAR/LA_ATCHAFALAYA2_2013
LA_AtchafalayaBasin_2010,2010-12-02,2010-12-07,wesm_normalized_workunit,https://prd-tnm.s3.amazonaws.com/index.html?prefix=StagedProducts/Elevation/metadata/legacy/LA_ATCHAFALAYABASIN_2010
LA_Bayou_Nezpique_TL_2018,2018-04-20,2018-06-06,wesm_exact_workunit,https://prd-tnm.s3.amazonaws.com/index.html?prefix=StagedProducts/Elevation/metadata/LA_Bayou_Nezpique_2018_D18/LA_Bayou_Nezpique_TL_2018
LA_BretonIsl_Topobathymetric_D22,2022-10-06,2022-11-03,wesm_exact_workunit,https://prd-tnm.s3.amazonaws.com/index.html?prefix=StagedProducts/Elevation/metadata/LA_BretonIslandTB_D22/LA_BretonIsl_Topobathymetric_D22
LA_CPRA_B1_2019,2019-03-27,2019-04-10,wesm_exact_workunit,https://prd-tnm.s3.amazonaws.com/index.html?prefix=StagedProducts/Elevation/metadata/LA_CPRA_2019_C20/LA_CPRA_B1_2019
LA_CPRA_B2_2019,2019-05-14,2019-06-19,wesm_exact_workunit,https://prd-tnm.s3.amazonaws.com/index.html?prefix=StagedProducts/Elevation/metadata/LA_CPRA_2019_C20/LA_CPRA_B2_2019
LA_CPRA_B3_2019,2019-06-11,2019-10-24,wesm_exact_workunit,https://prd-tnm.s3.amazonaws.com/index.html?prefix=StagedProducts/Elevation/metadata/LA_CPRA_2019_C20/LA_CPRA_B3_2019
LA_CPRA_B4_2019,2019-04-26,2019-11-01,wesm_exact_workunit,https://prd-tnm.s3.amazonaws.com/index.html?prefix=StagedProducts/Elevation/metadata/LA_CPRA_2019_C20/LA_CPRA_B4_2019
LA_CPRA_B5_2019,2019-04-10,2019-11-04,wesm_exact_workunit,https://prd-tnm.s3.amazonaws.com/index.html?prefix=StagedProducts/Elevation/metadata/LA_CPRA_2019_C20/LA_CPRA_B5_2019
LA_Catahoula_Concordia_1_2017,2019-12-02,2019-12-15,wesm_exact_workunit,https://prd-tnm.s3.amazonaws.com/index.html?prefix=StagedProducts/Elevation/metadata/LA_Catahoula_Concordia_2017_D17/LA_Catahoula_Concordia_1_2017
LA_Catahoula_Concordia_2_2017,2018-01-24,2019-12-15,wesm_exact_workunit,https://prd-tnm.s3.amazonaws.com/index.html?prefix=StagedProducts/Elevation/metadata/LA_Catahoula_Concordia_2017_D17/LA_Catahoula_Concordia_2_2017
LA_Catahoula_Concordia_3_2017,2019-10-06,2019-11-21,wesm_exact_workunit,https://prd-tnm.s3.amazonaws.com/index.html?prefix=StagedProducts/Elevation/metadata/LA_Catahoula_Concordia_2017_D17/LA_Catahoula_Concordia_3_2017
LA_CoastalLouisiana_1_2020,2021-03-04,2021-11-23,wesm_exact_workunit,https://prd-tnm.s3.amazonaws.com/index.html?prefix=StagedProducts/Elevation/metadata/LA_CoastalLouisiana_2020_D20/LA_CoastalLouisiana_1_2020
LA_CoastalLouisiana_2_2020,2021-03-04,2021-04-05,wesm_exact_workunit,https://prd-tnm.s3.amazonaws.com/index.html?prefix=StagedProducts/Elevation/metadata/LA_CoastalLouisiana_2020_D20/LA_CoastalLouisiana_2_2020
LA_Jean-Lafitte_2013,2013-03-05,2013-03-08,wesm_normalized_workunit,https://prd-tnm.s3.amazonaws.com/index.html?prefix=StagedProducts/Elevation/metadata/Barataria_and_Jean_Lafitte_LiDAR/LA_Jean-Lafitte_2013
LA_NortheastDOTD_1_2017,2018-01-06,2018-08-03,wesm_exact_workunit,https://prd-tnm.s3.amazonaws.com/index.html?prefix=StagedProducts/Elevation/metadata/LA_NortheastDOTD_2017_C20/LA_NortheastDOTD_1_2017
LA_NortheastDOTD_2_2017,2017-11-27,2018-11-20,wesm_exact_workunit,https://prd-tnm.s3.amazonaws.com/index.html?prefix=StagedProducts/Elevation/metadata/LA_NortheastDOTD_2017_C20/LA_NortheastDOTD_2_2017
LA_NortheastDOTD_3_2017,2018-03-08,2019-09-03,wesm_exact_workunit,https://prd-tnm.s3.amazonaws.com/index.html?prefix=StagedProducts/Elevation/metadata/LA_NortheastDOTD_2017_C20/LA_NortheastDOTD_3_2017
LA_NortheastDOTD_4_2017,2018-10-27,2019-09-12,wesm_exact_workunit,https://prd-tnm.s3.amazonaws.com/index.html?prefix=StagedProducts/Elevation/metadata/LA_NortheastDOTD_2017_C20/LA_NortheastDOTD_4_2017
LA_Sabine_River_Lidar_A1_2018,2018-02-02,2018-03-21,wesm_exact_workunit,https://prd-tnm.s3.amazonaws.com/index.html?prefix=StagedProducts/Elevation/metadata/LA_Sabine_River_Lidar_2018_D18/LA_Sabine_River_Lidar_A1_2018
LA_Sabine_River_Lidar_A2_2018,2018-01-14,2018-06-10,wesm_exact_workunit,https://prd-tnm.s3.amazonaws.com/index.html?prefix=StagedProducts/Elevation/metadata/LA_Sabine_River_Lidar_2018_D18/LA_Sabine_River_Lidar_A2_2018
LA_Sabine_River_Lidar_A3_2018,2018-01-31,2018-06-10,wesm_exact_workunit,https://prd-tnm.s3.amazonaws.com/index.html?prefix=StagedProducts/Elevation/metadata/LA_Sabine_River_Lidar_2018_D18/LA_Sabine_River_Lidar_A3_2018
LA_Sabine_River_Lidar_A4_2018,2018-01-31,2018-06-08,wesm_exact_workunit,https://prd-tnm.s3.amazonaws.com/index.html?prefix=StagedProducts/Elevation/metadata/LA_Sabine_River_Lidar_2018_D18/LA_Sabine_River_Lidar_A4_2018
LA_Sabine_River_Lidar_A5_2018,2018-12-06,2018-12-07,wesm_exact_workunit,https://prd-tnm.s3.amazonaws.com/index.html?prefix=StagedProducts/Elevation/metadata/LA_Sabine_River_Lidar_2018_D18/LA_Sabine_River_Lidar_A5_2018
LA_Sabine_River_Lidar_A6_2018,2018-01-31,2018-12-10,wesm_exact_workunit,https://prd-tnm.s3.amazonaws.com/index.html?prefix=StagedProducts/Elevation/metadata/LA_Sabine_River_Lidar_2018_D18/LA_Sabine_River_Lidar_A6_2018
MA_CentralEastern_1_2021,2021-03-20,2021-04-24,wesm_exact_workunit,https://prd-tnm.s3.amazonaws.com/index.html?prefix=StagedProducts/Elevation/metadata/MA_CentralEastern_2021_B21/MA_CentralEastern_1_2021
MA_CentralEastern_2_2021,2021-03-23,2021-04-23,wesm_exact_workunit,https://prd-tnm.s3.amazonaws.com/index.html?prefix=StagedProducts/Elevation/metadata/MA_CentralEastern_2021_B21/MA_CentralEastern_2_2021
MA_NE_CMGP_Sandy_Z19_A1_2015,2013-11-16,2014-12-31,wesm_exact_workunit,https://prd-tnm.s3.amazonaws.com/index.html?prefix=StagedProducts/Elevation/metadata/New_England_CMGP_SANDY_LiDAR/MA_NE_CMGP_Sandy_Z19_A1_2015
MD_Baltimore_2008,2008-04-15,2008-04-15,wesm_normalized_workunit,https://prd-tnm.s3.amazonaws.com/index.html?prefix=StagedProducts/Elevation/metadata/legacy/MD_BALTIMORE_2008
MD_CalvertCo_2011,2011-03-25,2011-03-29,wesm_normalized_workunit,https://prd-tnm.s3.amazonaws.com/index.html?prefix=StagedProducts/Elevation/metadata/legacy/MD_CALVERTCO_2011
MD_FEMA_AlleganyCo_2012,2012-01-29,2012-02-03,wesm_normalized_workunit,https://prd-tnm.s3.amazonaws.com/index.html?prefix=StagedProducts/Elevation/metadata/legacy/MD_FEMA_ALLEGANYCO_2012
MD_FEMA_HoopersIsland_2011,2011-04-18,2011-04-18,wesm_normalized_workunit,https://prd-tnm.s3.amazonaws.com/index.html?prefix=StagedProducts/Elevation/metadata/legacy/MD_FEMA_HOOPERSISLAND_2011
MD_FEMA_WashingtonCounty_2012,2012-01-31,2012-03-27,wesm_normalized_workunit,https://prd-tnm.s3.amazonaws.com/index.html?prefix=StagedProducts/Elevation/metadata/legacy/MD_FEMA_WASHINGTONCOUNTY_2012
MD_FEMA_WorcesterCo_2011,2011-04-18,2011-04-18,wesm_normalized_workunit,https://prd-tnm.s3.amazonaws.com/index.html?prefix=StagedProducts/Elevation/metadata/legacy/MD_FEMA_WORCESTERCO_2011
MD_GoldenBeach_2012,2012-04-09,2012-04-09,wesm_normalized_workunit,https://prd-tnm.s3.amazonaws.com/index.html?prefix=StagedProducts/Elevation/metadata/legacy/MD_GOLDENBEACH_2012
MD_Kent_QueenAnne_Caroline_2006,2006-03-18,2006-04-06,wesm_normalized_workunit,https://prd-tnm.s3.amazonaws.com/index.html?prefix=StagedProducts/Elevation/metadata/legacy/MD_KENT_QUEENANNE_CAROLINE_2006
MD_NRCS-LiDAR_2012,2012-02-14,2012-03-13,wesm_normalized_workunit,https://prd-tnm.s3.amazonaws.com/index.html?prefix=StagedProducts/Elevation/metadata/legacy/MD_NRCS-LIDAR_2012
MD_PotomacP2_TB_2021,2021-10-03,2021-10-05,wesm_exact_workunit,https://prd-tnm.s3.amazonaws.com/index.html?prefix=StagedProducts/Elevation/metadata/MD_PotomacP2_Tobobathy_2021_D21/MD_PotomacP2_TB_2021
MD_PotomacRiver_Bathy_2019,2019-10-21,2019-10-26,wesm_exact_workunit,https://prd-tnm.s3.amazonaws.com/index.html?prefix=StagedProducts/Elevation/metadata/MD_PotomacRiverTopoBathy_2019_D19/MD_PotomacRiver_Bathy_2019
MD_Southeast_1_2019,2020-12-19,2021-01-28,wesm_exact_workunit,https://prd-tnm.s3.amazonaws.com/index.html?prefix=StagedProducts/Elevation/metadata/MD_Southeast_2019_D20/MD_Southeast_1_2019
MD_VA_NCB_KGeorge_1_2020,2020-12-06,2020-12-12,wesm_exact_workunit,https://prd-tnm.s3.amazonaws.com/index.html?prefix=StagedProducts/Elevation/metadata/MD_VA_NorthChesapeakeBay_KGeorge_2020_D20/MD_VA_NCB_KGeorge_1_2020
MD_Western_1_D21,2021-12-04,2021-12-21,wesm_exact_workunit,https://prd-tnm.s3.amazonaws.com/index.html?prefix=StagedProducts/Elevation/metadata/MD_Western_2021_D21/MD_Western_1_D21
MD_Western_2_D21,2021-12-14,2021-12-21,wesm_exact_workunit,https://prd-tnm.s3.amazonaws.com/index.html?prefix=StagedProducts/Elevation/metadata/MD_Western_2021_D21/MD_Western_2_D21
ME_Androscoggin_2009,2009-11-17,2009-12-02,wesm_normalized_workunit,https://prd-tnm.s3.amazonaws.com/index.html?prefix=StagedProducts/Elevation/metadata/legacy/ME_ANDROSCOGGIN_2009
ME_AroostookCo_2012,2012-04-18,2012-05-12,wesm_normalized_workunit,https://prd-tnm.s3.amazonaws.com/index.html?prefix=StagedProducts/Elevation/metadata/legacy/ME_AROOSTOOKCO_2012
ME_Augusta_2006,2006-11-10,2007-02-28,wesm_normalized_workunit,https://prd-tnm.s3.amazonaws.com/index.html?prefix=StagedProducts/Elevation/metadata/legacy/ME_AUGUSTA_2006
ME_CrownofMaine_B2_2018,2018-05-13,2019-06-08,wesm_exact_workunit,https://prd-tnm.s3.amazonaws.com/index.html?prefix=StagedProducts/Elevation/metadata/ME_CrownofMaine_2018_A18/ME_CrownofMaine_B2_2018
ME_Eastern_TL_2017,2017-04-30,2017-11-21,wesm_exact_workunit,https://prd-tnm.s3.amazonaws.com/index.html?prefix=StagedProducts/Elevation/metadata/ME_EasternME_2017_A17/ME_Eastern_TL_2017
ME_ME_MA_QL2_L1_2015,2015-04-19,2015-12-05,wesm_exact_workunit,https://prd-tnm.s3.amazonaws.com/index.html?prefix=StagedProducts/Elevation/metadata/Maine_and_Massachusetts_QL1_and_QL2_LiDAR_BAA/ME_ME_MA_QL2_L1_2015
ME_MidCentral_1_B23,2023-04-28,2023-05-18,wesm_exact_workunit,https://prd-tnm.s3.amazonaws.com/index.html?prefix=StagedProducts/Elevation/metadata/ME_MidCentral_B23/ME_MidCentral_1_B23
ME_MidCoast_1_2021,2021-05-09,2021-05-27,wesm_exact_workunit,https://prd-tnm.s3.amazonaws.com/index.html?prefix=StagedProducts/Elevation/metadata/ME_MidCoast_2021_B21/ME_MidCoast_1_2021
ME_MidCoast_2_2021,2021-05-13,2022-05-11,wesm_exact_workunit,https://prd-tnm.s3.amazonaws.com/index.html?prefix=StagedProducts/Elevation/metadata/ME_MidCoast_2021_B21/ME_MidCoast_2_2021
ME_MidCoast_3_2021,2021-05-09,2022-05-11,wesm_exact_workunit,https://prd-tnm.s3.amazonaws.com/index.html?prefix=StagedProducts/Elevation/metadata/ME_MidCoast_2021_B21/ME_MidCoast_3_2021
ME_SouthCentral_1_B22,2022-04-07,2022-04-21,wesm_exact_workunit,https://prd-tnm.s3.amazonaws.com/index.html?prefix=StagedProducts/Elevation/metadata/ME_SouthCentral_B22/ME_SouthCentral_1_B22
ME_SouthCoastal_1_2020,2020-05-17,2020-06-10,wesm_exact_workunit,https://prd-tnm.s3.amazonaws.com/index.html?prefix=StagedProducts/Elevation/metadata/ME_SouthCoastal_2020_A20/ME_SouthCoastal_1_2020
ME_SouthCoastal_2_2020,2020-05-17,2020-05-21,wesm_exact_workunit,https://prd-tnm.s3.amazonaws.com/index.html?prefix=StagedProducts/Elevation/metadata/ME_SouthCoastal_2020_A20/ME_SouthCoastal_2_2020
MI_31Co_Barry_2016,2017-05-02,2018-11-20,wesm_exact_workunit,https://prd-tnm.s3.amazonaws.com/index.html?prefix=StagedProducts/Elevation/metadata/MI_31County_2016_A16/MI_31Co
MI_31Co_ChippewaCo_TL_2017,2017-05-04,2017-05-06,wesm_exact_workunit,https://prd-tnm.s3.amazonaws.com/index.html?prefix=StagedProducts/Elevation/metadata/MI_31County_2016_A16/MI_31Co_ChippewaCo_TL_2017
MI_31Co_EatonB_2016,2018-04-22,2018-04-22,wesm_exact_workunit,https://prd-tnm.s3.amazonaws.com/index.html?prefix=StagedProducts/Elevation/metadata/MI_31County_2016_A16/MI_31Co_EatonB_2016
MI_31Co_InghamB_2016,2017-05-02,2018-11-20,wesm_exact_workunit,https://prd-tnm.s3.amazonaws.com/index.html?prefix=StagedProducts/Elevation/metadata/MI_31County_2016_A16/MI_31Co_InghamB_2016
MI_31Co_Ogemaw_2016,2016-11-11,2016-11-14,wesm_exact_workunit,https://prd-tnm.s3.amazonaws.com/index.html?prefix=StagedProducts/Elevation/metadata/MI_31County_2016_A16/MI_31Co_Ogemaw_2016
MI_Baraga_2015,2015-10-25,2015-11-11,wesm_exact_workunit,https://prd-tnm.s3.amazonaws.com/index.html?prefix=StagedProducts/Elevation/metadata/MI_13County_2015_C16/MI_Baraga_2015
MI_CalhounCo_2017,2017-04-18,2017-04-23,wesm_exact_workunit,https://prd-tnm.s3.amazonaws.com/index.html?prefix=StagedProducts/Elevation/metadata/MI_Branch-Calhoun_2017/MI_CalhounCo_2017
MI_Charlevoix_Islands_TL_2018,2015-11-16,2015-11-21,wesm_exact_workunit,https://prd-tnm.s3.amazonaws.com/index.html?prefix=StagedProducts/Elevation/metadata/MI_CharlevoixCounty_2018_A18/MI_Charlevoix_Islands_TL_2018
MI_DickinsonCo-NRCS_2012,2012-11-15,2012-11-16,wesm_normalized_workunit,https://prd-tnm.s3.amazonaws.com/index.html?prefix=StagedProducts/Elevation/metadata/legacy/MI_DICKINSONCO-NRCS_2012
MI_FEMA_Alcona_Oscoda_2019,2019-05-14,2019-11-08,wesm_exact_workunit,https://prd-tnm.s3.amazonaws.com/index.html?prefix=StagedProducts/Elevation/metadata/MI_FEMA_2019_C19/MI_FEMA_Alcona_Oscoda_2019
MI_FEMA_Alpena_Montmorency_2019,2020-04-24,2020-04-28,wesm_exact_workunit,https://prd-tnm.s3.amazonaws.com/index.html?prefix=StagedProducts/Elevation/metadata/MI_FEMA_2019_C19/MI_FEMA_Alpena_Montmorency_2019
MI_FEMA_Cheboygan_2019,2019-05-12,2019-11-27,wesm_exact_workunit,https://prd-tnm.s3.amazonaws.com/index.html?prefix=StagedProducts/Elevation/metadata/MI_FEMA_2019_C19/MI_FEMA_Cheboygan_2019
MI_FEMA_Chippewa_2019,2019-05-26,2019-05-30,wesm_exact_workunit,https://prd-tnm.s3.amazonaws.com/index.html?prefix=StagedProducts/Elevation/metadata/MI_FEMA_2019_C19/MI_FEMA_Chippewa_2019
MI_FEMA_Crawford_Kalkaska_2019,2019-05-17,2019-05-22,wesm_exact_workunit,https://prd-tnm.s3.amazonaws.com/index.html?prefix=StagedProducts/Elevation/metadata/MI_FEMA_2019_C19/MI_FEMA_Crawford_Kalkaska_2019
MI_FEMA_Dickinson_Iron_Menominee_2019,2020-05-02,2020-06-28,wesm_exact_workunit,https://prd-tnm.s3.amazonaws.com/index.html?prefix=StagedProducts/Elevation/metadata/MI_FEMA_2019_C19/MI_FEMA_Dickinson_Iron_Menominee_2019
MI_FEMA_Gogebic_2019,2019-05-21,2020-05-29,wesm_exact_workunit,https://prd-tnm.s3.amazonaws.com/index.html?prefix=StagedProducts/Elevation/metadata/MI_FEMA_2019_C19/MI_FEMA_Gogebic_2019
MI_FEMA_Houghton_Keweenaw_Ontonagon_2019,2019-05-26,2021-06-07,wesm_exact_workunit,https://prd-tnm.s3.amazonaws.com/index.html?prefix=StagedProducts/Elevation/metadata/MI_FEMA_2019_C19/MI_FEMA_Houghton_Keweenaw_Ontonagon_2019
MI_FEMA_Luce_Schoolcraft_2019,2020-05-13,2020-05-20,wesm_exact_workunit,https://prd-tnm.s3.amazonaws.com/index.html?prefix=StagedProducts/Elevation/metadata/MI_FEMA_2019_C19/MI_FEMA_Luce_Schoolcraft_2019
MI_LakeErie_UTM16_2010,2010-11-19,2010-11-28,wesm_normalized_workunit,https://prd-tnm.s3.amazonaws.com/index.html?prefix=StagedProducts/Elevation/metadata/legacy/MI_LAKEERIE_UTM16_2010
MI_LakeErie_UTM17_2010,2010-11-19,2010-11-28,wesm_normalized_workunit,https://prd-tnm.s3.amazonaws.com/index.html?prefix=StagedProducts/Elevation/metadata/legacy/MI_LAKEERIE_UTM17_2010
MI_Marquette_2015,2015-05-21,2016-05-17,wesm_exact_workunit,https://prd-tnm.s3.amazonaws.com/index.html?prefix=StagedProducts/Elevation/metadata/MI_13County_2015_C16/MI_Marquette_2015
MI_SaginawBay_2011,2011-11-18,2012-04-06,wesm_normalized_workunit,https://prd-tnm.s3.amazonaws.com/index.html?prefix=StagedProducts/Elevation/metadata/legacy/MI_SAGINAWBAY_2011
MN_BeckerCo_1_2021,2022-05-15,2022-09-18,wesm_exact_workunit,https://prd-tnm.s3.amazonaws.com/index.html?prefix=StagedProducts/Elevation/metadata/MN_BeckerCounty_2021_D21/MN_BeckerCo_1_2021
MN_CentralMissRiver_1_B22,2022-05-14,2022-05-27,wesm_exact_workunit,https://prd-tnm.s3.amazonaws.com/index.html?prefix=StagedProducts/Elevation/metadata/MN_CentralMissRiver_B22/MN_CentralMissRiver_1_B22
MN_CentralMissRiver_2_B22,2022-05-23,2022-06-02,wesm_exact_workunit,https://prd-tnm.s3.amazonaws.com/index.html?prefix=StagedProducts/Elevation/metadata/MN_CentralMissRiver_B22/MN_CentralMissRiver_2_B22
MN_CentralMissRiver_3_B22,2022-05-27,2023-05-17,wesm_exact_workunit,https://prd-tnm.s3.amazonaws.com/index.html?prefix=StagedProducts/Elevation/metadata/MN_CentralMissRiver_B22/MN_CentralMissRiver_3_B22
MN_CentralMissRiver_4_B22,2022-05-04,2022-05-24,wesm_exact_workunit,https://prd-tnm.s3.amazonaws.com/index.html?prefix=StagedProducts/Elevation/metadata/MN_CentralMissRiver_B22/MN_CentralMissRiver_4_B22
MN_CentralMissRiver_5_B22,2022-05-13,2022-05-24,wesm_exact_workunit,https://prd-tnm.s3.amazonaws.com/index.html?prefix=StagedProducts/Elevation/metadata/MN_CentralMissRiver_B22/MN_CentralMissRiver_5_B22
MN_CentralMissRiver_6_B22,2022-05-10,2022-05-23,wesm_exact_workunit,https://prd-tnm.s3.amazonaws.com/index.html?prefix=StagedProducts/Elevation/metadata/MN_CentralMissRiver_B22/MN_CentralMissRiver_6_B22
MN_ChippewaCo_2010,2010-04-08,2011-11-19,wesm_normalized_workunit,https://prd-tnm.s3.amazonaws.com/index.html?prefix=StagedProducts/Elevation/metadata/legacy/MN_CHIPPEWACO_2010
MN_CottonwoodCo_2010,2010-04-08,2011-11-19,wesm_normalized_workunit,https://prd-tnm.s3.amazonaws.com/index.html?prefix=StagedProducts/Elevation/metadata/legacy/MN_COTTONWOODCO_2010
MN_FullState,,,,
MN_GoodhueCo_1_2020,2020-04-08,2020-05-03,wesm_exact_workunit,https://prd-tnm.s3.amazonaws.com/index.html?prefix=StagedProducts/Elevation/metadata/MN_GoodhueCounty_2020_A20/MN_GoodhueCo_1_2020
MN_KandiyohiCo_2010,2010-04-08,2011-11-19,wesm_normalized_workunit,https://prd-tnm.s3.amazonaws.com/index.html?prefix=StagedProducts/Elevation/metadata/legacy/MN_KANDIYOHICO_2010
MN_LakeCounty_2018,2018-09-22,2018-10-22,wesm_exact_workunit,https://prd-tnm.s3.amazonaws.com/index.html?prefix=StagedProducts/Elevation/metadata/MN_LakeCounty_2018_C20/MN_LakeCounty_2018
MN_LakeSuperior_1_2021,2021-04-25,2021-05-02,wesm_exact_workunit,https://prd-tnm.s3.amazonaws.com/index.html?prefix=StagedProducts/Elevation/metadata/MN_LakeSuperior_2021_B21/MN_LakeSuperior_1_2021
MN_LakeSuperior_2_2021,2021-04-30,2021-05-18,wesm_exact_workunit,https://prd-tnm.s3.amazonaws.com/index.html?prefix=StagedProducts/Elevation/metadata/MN_LakeSuperior_2021_B21/MN_LakeSuperior_2_2021
MN_MORiverBigSioux_1_B21,2022-04-27,2022-05-23,wesm_exact_workunit,https://prd-tnm.s3.amazonaws.com/index.html?prefix=StagedProducts/Elevation/metadata/MN_MissouriRiverBigSioux_2021_B21/MN_MORiverBigSioux_1_B21
MN_MurrayCo_2010,2010-04-08,2011-11-19,wesm_normalized_workunit,https://prd-tnm.s3.amazonaws.com/index.html?prefix=StagedProducts/Elevation/metadata/legacy/MN_MURRAYCO_2010
MN_RainyLake_1_2020,2021-04-16,2021-05-17,wesm_exact_workunit,https://prd-tnm.s3.amazonaws.com/index.html?prefix=StagedProducts/Elevation/metadata/MN_RainyLake_2020_B20/MN_RainyLake_1_2020
MN_RainyLake_2_2020,2021-04-16,2021-05-08,wesm_exact_workunit,https://prd-tnm.s3.amazonaws.com/index.html?prefix=StagedProducts/Elevation/metadata/MN_RainyLake_2020_B20/MN_RainyLake_2_2020
MN_RenvilleCo_2010,2010-04-08,2011-11-19,wesm_normalized_workunit,https://prd-tnm.s3.amazonaws.com/index.html?prefix=StagedProducts/Elevation/metadata/legacy/MN_RENVILLECO_2010
MN_RiverEast_1_B23,2023-04-11,2023-05-10,wesm_exact_workunit,https://prd-tnm.s3.amazonaws.com/index.html?prefix=StagedProducts/Elevation/metadata/MN_RiverEast_B23/MN_RiverEast_1_B23
MN_RiverWest_1_B23,2023-05-04,2023-06-20,wesm_exact_workunit,https://prd-tnm.s3.amazonaws.com/index.html?prefix=StagedProducts/Elevation/metadata/MN_RiverWest_B23/MN_RiverWest_1_B23
MN_RiverWest_2_B23,2023-05-15,2023-06-20,wesm_exact_workunit,https://prd-tnm.s3.amazonaws.com/index.html?prefix=StagedProducts/Elevation/metadata/MN_RiverWest_B23/MN_RiverWest_2_B23
MN_RiverWest_3_B23,2023-05-25,2023-06-20,wesm_exact_workunit,https://prd-tnm.s3.amazonaws.com/index.html?prefix=StagedProducts/Elevation/metadata/MN_RiverWest_B23/MN_RiverWest_3_B23
MN_RockCo_2010,2010-04-08,2011-11-19,wesm_normalized_workunit,https://prd-tnm.s3.amazonaws.com/index.html?prefix=StagedProducts/Elevation/metadata/legacy/MN_ROCKCO_2010
MN_SEDriftless_1_2021,2021-04-22,2021-06-13,wesm_exact_workunit,https://prd-tnm.s3.amazonaws.com/index.html?prefix=StagedProducts/Elevation/metadata/MN_SE_Driftless_2021_B21/MN_SEDriftless_1_2021
MN_SEDriftless_2_2021,2021-04-25,2022-05-15,wesm_exact_workunit,https://prd-tnm.s3.amazonaws.com/index.html?prefix=StagedProducts/Elevation/metadata/MN_SE_Driftless_2021_B21/MN_SEDriftless_2_2021
MN_SEDriftless_3_2021,2021-05-08,2022-05-15,wesm_exact_workunit,https://prd-tnm.s3.amazonaws.com/index.html?prefix=StagedProducts/Elevation/metadata/MN_SE_Driftless_2021_B21/MN_SEDriftless_3_2021
MN_SEDriftless_4_2021,2022-05-05,2022-05-19,wesm_exact_workunit,https://prd-tnm.s3.amazonaws.com/index.html?prefix=StagedProducts/Elevation/metadata/MN_SE_Driftless_2021_B21/MN_SEDriftless_4_2021
MN_SEDriftless_5_2021,2021-04-16,2021-05-13,wesm_exact_workunit,https://prd-tnm.s3.amazonaws.com/index.html?prefix=StagedProducts/Elevation/metadata/MN_SE_Driftless_2021_B21/MN_SEDriftless_5_2021
MN_SibleyCo_2010,2010-04-08,2011-11-19,wesm_normalized_workunit,https://prd-tnm.s3.amazonaws.com/index.html?prefix=StagedProducts/Elevation/metadata/legacy/MN_SIBLEYCO_2010
MN_SwiftCo_2010,2010-04-08,2011-11-19,wesm_normalized_workunit,https://prd-tnm.s3.amazonaws.com/index.html?prefix=StagedProducts/Elevation/metadata/legacy/MN_SWIFTCO_2010
MN_UpperMissRiver_2_B22,2022-05-23,2022-07-02,wesm_exact_workunit,https://prd-tnm.s3.amazonaws.com/index.html?prefix=StagedProducts/Elevation/metadata/MN_UpperMissRiver_B22/MN_UpperMissRiver_2_B22
MN_UpperMissRiver_4_B22,2022-06-09,2023-05-20,wesm_exact_workunit,https://prd-tnm.s3.amazonaws.com/index.html?prefix=StagedProducts/Elevation/metadata/MN_UpperMissRiver_B22/MN_UpperMissRiver_4_B22
MN_UpperMissRiver_5_B22,2022-06-09,2022-07-18,wesm_exact_workunit,https://prd-tnm.s3.amazonaws.com/index.html?prefix=StagedProducts/Elevation/metadata/MN_UpperMissRiver_B22/MN_UpperMissRiver_5_B22
MN_UpperMissRiver_6_B22,2022-05-23,2022-07-16,wesm_exact_workunit,https://prd-tnm.s3.amazonaws.com/index.html?prefix=StagedProducts/Elevation/metadata/MN_UpperMissRiver_B22/MN_UpperMissRiver_6_B22
MN_WasecaCo_2010,2010-04-08,2011-11-19,wesm_normalized_workunit,https://prd-tnm.s3.amazonaws.com/index.html?prefix=StagedProducts/Elevation/metadata/legacy/MN_WASECACO_2010
MO_7Co_1_D23,2023-04-05,2023-04-19,wesm_exact_workunit,https://prd-tnm.s3.amazonaws.com/index.html?prefix=StagedProducts/Elevation/metadata/MO_7County_D23/MO_7Co_1_D23
MO_AR_CapeGirardeau_Stoddard_2013,2013-12-26,2014-04-17,wesm_exact_workunit,https://prd-tnm.s3.amazonaws.com/index.html?prefix=StagedProducts/Elevation/metadata/MO_AR_2014_Lidar/MO-AR_CapeGirardeau-Stoddard_2013
MO_AR_CapeGirardeau_Stoddard_UTM15_2013,2013-12-31,2015-03-21,wesm_exact_workunit,https://prd-tnm.s3.amazonaws.com/index.html?prefix=StagedProducts/Elevation/metadata/MO_AR_2014_Lidar/MO_AR_CapeGirardeau_Stoddard_UTM15_2013
MO_AdairCo_2011,2011-11-14,2012-02-01,wesm_normalized_workunit,https://prd-tnm.s3.amazonaws.com/index.html?prefix=StagedProducts/Elevation/metadata/legacy/MO_ADAIRCO_2011
MO_BarryCo_2011,2011-05-06,2011-05-06,wesm_normalized_workunit,https://prd-tnm.s3.amazonaws.com/index.html?prefix=StagedProducts/Elevation/metadata/legacy/MO_BARRYCO_2011
MO_BooneCo_2009,2009-03-18,2009-03-19,wesm_normalized_workunit,https://prd-tnm.s3.amazonaws.com/index.html?prefix=StagedProducts/Elevation/metadata/legacy/MO_BOONECO_2009
MO_Clay_County_2008,2008-04-02,2008-04-07,wesm_normalized_workunit,https://prd-tnm.s3.amazonaws.com/index.html?prefix=StagedProducts/Elevation/metadata/legacy/MO_CLAY_COUNTY_2008
MO_Cole-Callaway-Osage_2010,2010-04-14,2010-05-07,wesm_normalized_workunit,https://prd-tnm.s3.amazonaws.com/index.html?prefix=StagedProducts/Elevation/metadata/legacy/MO_COLE-CALLAWAY-OSAGE_2010
MO_CooperCo_2011,2011-12-24,2011-12-25,wesm_normalized_workunit,https://prd-tnm.s3.amazonaws.com/index.html?prefix=StagedProducts/Elevation/metadata/legacy/MO_COOPERCO_2011
MO_DuckCreek_2009,2009-03-17,2009-03-20,wesm_normalized_workunit,https://prd-tnm.s3.amazonaws.com/index.html?prefix=StagedProducts/Elevation/metadata/legacy/MO_DUCKCREEK_2009
MO_DunklinCo_2012,2012-01-24,2012-01-28,wesm_normalized_workunit,https://prd-tnm.s3.amazonaws.com/index.html?prefix=StagedProducts/Elevation/metadata/legacy/MO_DUNKLINCO_2012
MO_FEMANRCS_1_2020,2020-04-15,2020-12-05,wesm_exact_workunit,https://prd-tnm.s3.amazonaws.com/index.html?prefix=StagedProducts/Elevation/metadata/MO_FEMANRCS_2020_D20/MO_FEMANRCS_1_2020
MO_FEMANRCS_2_2020,2020-04-08,2020-11-28,wesm_exact_workunit,https://prd-tnm.s3.amazonaws.com/index.html?prefix=StagedProducts/Elevation/metadata/MO_FEMANRCS_2020_D20/MO_FEMANRCS_2_2020
MO_FEMANRCS_3_2020,2020-04-10,2020-11-27,wesm_exact_workunit,https://prd-tnm.s3.amazonaws.com/index.html?prefix=StagedProducts/Elevation/metadata/MO_FEMANRCS_2020_D20/MO_FEMANRCS_3_2020
MO_FranklinCo_2011,2011-01-04,2011-04-05,wesm_normalized_workunit,https://prd-tnm.s3.amazonaws.com/index.html?prefix=StagedProducts/Elevation/metadata/legacy/MO_FRANKLINCO_2011
MO_GreeneCo_2011,2011-01-27,2011-01-28,wesm_normalized_workunit,https://prd-tnm.s3.amazonaws.com/index.html?prefix=StagedProducts/Elevation/metadata/legacy/MO_GREENECO_2011
MO_HowardCo_2011,2011-12-29,2011-12-30,wesm_normalized_workunit,https://prd-tnm.s3.amazonaws.com/index.html?prefix=StagedProducts/Elevation/metadata/legacy/MO_HOWARDCO_2011
MO_JasperCo_2010,2010-04-11,2010-04-13,wesm_normalized_workunit,https://prd-tnm.s3.amazonaws.com/index.html?prefix=StagedProducts/Elevation/metadata/legacy/MO_JASPERCO_2010
MO_JeffersonGenevieve_2010,2010-12-10,2011-04-06,wesm_normalized_workunit,https://prd-tnm.s3.amazonaws.com/index.html?prefix=StagedProducts/Elevation/metadata/legacy/MO_JEFFERSONGENEVIEVE_2010
MO_LincolnCo_2011,2011-12-08,2011-12-10,wesm_normalized_workunit,https://prd-tnm.s3.amazonaws.com/index.html?prefix=StagedProducts/Elevation/metadata/legacy/MO_LINCOLNCO_2011
MO_LivingstonCo_2011,2011-04-22,2011-04-22,wesm_normalized_workunit,https://prd-tnm.s3.amazonaws.com/index.html?prefix=StagedProducts/Elevation/metadata/legacy/MO_LIVINGSTONCO_2011
MO_LivingstonCounty_2011,2011-12-18,2011-12-28,wesm_normalized_workunit,https://prd-tnm.s3.amazonaws.com/index.html?prefix=StagedProducts/Elevation/metadata/legacy/MO_LIVINGSTONCOUNTY_2011
MO_MaconCo_2011,2011-11-29,2011-12-21,wesm_normalized_workunit,https://prd-tnm.s3.amazonaws.com/index.html?prefix=StagedProducts/Elevation/metadata/legacy/MO_MACONCO_2011
MO_MonroeAudrainMontgomeryCos_2011,2011-11-24,2011-12-08,wesm_normalized_workunit,https://prd-tnm.s3.amazonaws.com/index.html?prefix=StagedProducts/Elevation/metadata/legacy/MO_MONROEAUDRAINMONTGOMERYCOS_2011
MO_NSEMO_1_2021,2021-12-22,2022-04-14,wesm_exact_workunit,https://prd-tnm.s3.amazonaws.com/index.html?prefix=StagedProducts/Elevation/metadata/MO_Northern_SEMO_2021_D21/MO_NSEMO_1_2021
MO_NSEMO_2_2021,2021-11-28,2021-12-16,wesm_exact_workunit,https://prd-tnm.s3.amazonaws.com/index.html?prefix=StagedProducts/Elevation/metadata/MO_Northern_SEMO_2021_D21/MO_NSEMO_2_2021
MO_Platte_County_2008,2008-04-02,2008-04-07,wesm_normalized_workunit,https://prd-tnm.s3.amazonaws.com/index.html?prefix=StagedProducts/Elevation/metadata/legacy/MO_PLATTE_COUNTY_2008
MO_PutnamCo_2011,2011-11-15,2011-12-01,wesm_normalized_workunit,https://prd-tnm.s3.amazonaws.com/index.html?prefix=StagedProducts/Elevation/metadata/legacy/MO_PUTNAMCO_2011
MO_RandolphCo_2012,2012-01-09,2012-01-10,wesm_normalized_workunit,https://prd-tnm.s3.amazonaws.com/index.html?prefix=StagedProducts/Elevation/metadata/legacy/MO_RANDOLPHCO_2012
MO_RayCo_2011,2011-12-18,2011-12-28,wesm_normalized_workunit,https://prd-tnm.s3.amazonaws.com/index.html?prefix=StagedProducts/Elevation/metadata/legacy/MO_RAYCO_2011
MO_Rolla_2011,2011-03-02,2011-03-02,wesm_normalized_workunit,https://prd-tnm.s3.amazonaws.com/index.html?prefix=StagedProducts/Elevation/metadata/legacy/MO_ROLLA_2011
MO_SE11County_1_B24,2024-03-17,2024-04-13,wesm_exact_workunit,https://prd-tnm.s3.amazonaws.com/index.html?prefix=StagedProducts/Elevation/metadata/MO_SE11County_B24/MO_SE11County_1_B24
MO_SouthernMO_1_D22,2023-03-15,2023-03-20,wesm_exact_workunit,https://prd-tnm.s3.amazonaws.com/index.html?prefix=StagedProducts/Elevation/metadata/MO_SouthernMO_D22/MO_SouthernMO_1_D22
MO_SouthernMO_2_D22,2023-03-19,2023-03-20,wesm_exact_workunit,https://prd-tnm.s3.amazonaws.com/index.html?prefix=StagedProducts/Elevation/metadata/MO_SouthernMO_D22/MO_SouthernMO_2_D22
MO_Southwest_1_2021,2021-12-06,2021-12-22,wesm_exact_workunit,https://prd-tnm.s3.amazonaws.com/index.html?prefix=StagedProducts/Elevation/metadata/MO_Southwest_2021_D21/MO_Southwest_1_2021
MO_Southwest_2_2021,2021-12-16,2022-01-31,wesm_exact_workunit,https://prd-tnm.s3.amazonaws.com/index.html?prefix=StagedProducts/Elevation/metadata/MO_Southwest_2021_D21/MO_Southwest_2_2021
MO_StFrancoisCo_2011,2011-01-02,2011-02-18,wesm_normalized_workunit,https://prd-tnm.s3.amazonaws.com/index.html?prefix=StagedProducts/Elevation/metadata/legacy/MO_STFRANCOISCO_2011
MO_StFrancois_2012,2012-02-02,2012-02-02,wesm_normalized_workunit,https://prd-tnm.s3.amazonaws.com/index.html?prefix=StagedProducts/Elevation/metadata/legacy/MO_STFRANCOIS_2012
MO_StLouis_2012,2012-01-29,2012-02-01,wesm_normalized_workunit,https://prd-tnm.s3.amazonaws.com/index.html?prefix=StagedProducts/Elevation/metadata/legacy/MO_STLOUIS_2012
MO_Steelville_2011,2011-03-02,2011-03-02,wesm_normalized_workunit,https://prd-tnm.s3.amazonaws.com/index.html?prefix=StagedProducts/Elevation/metadata/legacy/MO_STEELVILLE_2011
MO_SullivanCo_2012,2012-02-27,2012-03-06,wesm_normalized_workunit,https://prd-tnm.s3.amazonaws.com/index.html?prefix=StagedProducts/Elevation/metadata/legacy/MO_SULLIVANCO_2012
MO_UpperGrand_2011,2011-05-07,2011-06-03,wesm_normalized_workunit,https://prd-tnm.s3.amazonaws.com/index.html?prefix=StagedProducts/Elevation/metadata/legacy/MO_UPPERGRAND_2011
MO_Washinton-IronCo_2011,2011-01-03,2011-04-06,wesm_normalized_workunit,https://prd-tnm.s3.amazonaws.com/index.html?prefix=StagedProducts/Elevation/metadata/legacy/MO_WASHINTON-IRONCO_2011
MO_WestCentral_1_2018,2019-12-03,2020-02-02,wesm_exact_workunit,https://prd-tnm.s3.amazonaws.com/index.html?prefix=StagedProducts/Elevation/metadata/MO_WestCentral_2018_D19/MO_WestCentral_1_2018
MO_WestCentral_2_2018,2019-02-19,2020-03-06,wesm_exact_workunit,https://prd-tnm.s3.amazonaws.com/index.html?prefix=StagedProducts/Elevation/metadata/MO_WestCentral_2018_D19/MO_WestCentral_2_2018
MO_WestCentral_3_2018,2019-12-12,2020-04-09,wesm_exact_workunit,https://prd-tnm.s3.amazonaws.com/index.html?prefix=StagedProducts/Elevation/metadata/MO_WestCentral_2018_D19/MO_WestCentral_3_2018
MO_WestCentral_4_2018,2019-12-07,2020-02-22,wesm_exact_workunit,https://prd-tnm.s3.amazonaws.com/index.html?prefix=StagedProducts/Elevation/metadata/MO_WestCentral_2018_D19/MO_WestCentral_4_2018
MS_CampShelby_2006,2006-03-26,2006-04-12,wesm_normalized_workunit,https://prd-tnm.s3.amazonaws.com/index.html?prefix=StagedProducts/Elevation/metadata/legacy/MS_CAMPSHELBY_2006
MS_MSDeltaYazoo-Phase1_2009,2009-02-19,2010-08-02,wesm_normalized_workunit,https://prd-tnm.s3.amazonaws.com/index.html?prefix=StagedProducts/Elevation/metadata/legacy/MS_MSDELTAYAZOO-PHASE1_2009
MS_MississippiDelta_3_2018,2018-02-26,2020-12-13,wesm_exact_workunit,https://prd-tnm.s3.amazonaws.com/index.html?prefix=StagedProducts/Elevation/metadata/MS_Central_Delta_2018_D18/MS_MississippiDelta_3_2018
MS_MississippiDelta_4_2018,2019-06-29,2020-12-13,wesm_exact_workunit,https://prd-tnm.s3.amazonaws.com/index.html?prefix=StagedProducts/Elevation/metadata/MS_Central_Delta_2018_D18/MS_MississippiDelta_4_2018
MS_MississippiDelta_A1_2018,2018-02-18,2019-02-08,wesm_exact_workunit,https://prd-tnm.s3.amazonaws.com/index.html?prefix=StagedProducts/Elevation/metadata/MS_Central_Delta_2018_D18/MS_MississippiDelta_A1_2018
MS_MississippiDelta_A2_2018,2019-01-27,2019-02-18,wesm_exact_workunit,https://prd-tnm.s3.amazonaws.com/index.html?prefix=StagedProducts/Elevation/metadata/MS_Central_Delta_2018_D18/MS_MississippiDelta_A2_2018
MS_NRCS-Lauderdale_2013,2013-01-31,2013-03-03,wesm_normalized_workunit,https://prd-tnm.s3.amazonaws.com/index.html?prefix=StagedProducts/Elevation/metadata/NRCS_Lauderdale_MS_07m_NPS_LiDAR/MS_NRCS-LAUDERDALE_2013
MS_NRCS_East_1_2018,2020-02-07,2020-02-09,wesm_exact_workunit,https://prd-tnm.s3.amazonaws.com/index.html?prefix=StagedProducts/Elevation/metadata/MS_NRCS_East_2018_B19/MS_NRCS_East_1_2018
MS_NRCS_East_2_2018,2019-12-11,2020-02-09,wesm_exact_workunit,https://prd-tnm.s3.amazonaws.com/index.html?prefix=StagedProducts/Elevation/metadata/MS_NRCS_East_2018_B19/MS_NRCS_East_2_2018
MS_NRCS_East_3_2018,2020-02-09,2021-01-14,wesm_exact_workunit,https://prd-tnm.s3.amazonaws.com/index.html?prefix=StagedProducts/Elevation/metadata/MS_NRCS_East_2018_B19/MS_NRCS_East_3_2018
MS_NRCS_East_4_2018,2020-02-09,2021-01-14,wesm_exact_workunit,https://prd-tnm.s3.amazonaws.com/index.html?prefix=StagedProducts/Elevation/metadata/MS_NRCS_East_2018_B19/MS_NRCS_East_4_2018
MS_Tupelo_2012,2012-02-07,2012-03-05,wesm_normalized_workunit,https://prd-tnm.s3.amazonaws.com/index.html?prefix=StagedProducts/Elevation/metadata/legacy/MS_TUPELO_2012
MT_DNRC_1_2018,2019-05-30,2019-05-30,wesm_exact_workunit,https://prd-tnm.s3.amazonaws.com/index.html?prefix=StagedProducts/Elevation/metadata/MT_DNRC_2018_C20/MT_DNRC_1_2018
MT_HCW_1_2021,2021-09-16,2021-10-24,wesm_exact_workunit,https://prd-tnm.s3.amazonaws.com/index.html?prefix=StagedProducts/Elevation/metadata/MT_HighlineCompletionWibaux_2021_D21/MT_HCW_1_2021
MT_HCW_2_2021,2021-09-08,2021-10-16,wesm_exact_workunit,https://prd-tnm.s3.amazonaws.com/index.html?prefix=StagedProducts/Elevation/metadata/MT_HighlineCompletionWibaux_2021_D21/MT_HCW_2_2021
MT_Helena_2012,2012-05-08,2012-05-09,wesm_normalized_workunit,https://prd-tnm.s3.amazonaws.com/index.html?prefix=StagedProducts/Elevation/metadata/legacy/MT_HELENA_2012
MT_NRCS_B1_QL1_2018,2018-07-05,2018-07-05,wesm_exact_workunit,https://prd-tnm.s3.amazonaws.com/index.html?prefix=StagedProducts/Elevation/metadata/MT_NRCS_MT_2018_D18/MT_NRCS_B1_QL1_2018
MT_NRCS_B1_QL2_2018,2018-07-03,2018-07-16,wesm_exact_workunit,https://prd-tnm.s3.amazonaws.com/index.html?prefix=StagedProducts/Elevation/metadata/MT_NRCS_MT_2018_D18/MT_NRCS_B1_QL2_2018
MT_NRCS_B2_2018,2018-05-30,2018-07-13,wesm_exact_workunit,https://prd-tnm.s3.amazonaws.com/index.html?prefix=StagedProducts/Elevation/metadata/MT_NRCS_MT_2018_D18/MT_NRCS_B2_2018
MT_RavalliGraniteCusterPowderRiver_2_2019,2019-10-25,2020-04-30,wesm_exact_workunit,https://prd-tnm.s3.amazonaws.com/index.html?prefix=StagedProducts/Elevation/metadata/MT_RavalliGraniteCusterPowder_2019_B19/MT_RavalliGraniteCusterPowder_2_2019
MT_RavalliGraniteCusterPowder_1_2019,2020-06-02,2020-08-04,wesm_exact_workunit,https://prd-tnm.s3.amazonaws.com/index.html?prefix=StagedProducts/Elevation/metadata/MT_RavalliGraniteCusterPowder_2019_B19/MT_RavalliGraniteCusterPowder_1_2019
MT_RavalliGraniteCusterPowder_4_2019,2020-05-09,2020-08-29,wesm_exact_workunit,https://prd-tnm.s3.amazonaws.com/index.html?prefix=StagedProducts/Elevation/metadata/MT_RavalliGraniteCusterPowder_2019_B19/MT_RavalliGraniteCusterPowder_4_2019
MT_SageGrouse_2010,2010-08-29,2010-09-15,wesm_normalized_workunit,https://prd-tnm.s3.amazonaws.com/index.html?prefix=StagedProducts/Elevation/metadata/legacy/MT_SAGEGROUSE_2010
MT_StatewideP4_1_B22,2022-08-19,2022-08-30,wesm_exact_workunit,https://prd-tnm.s3.amazonaws.com/index.html?prefix=StagedProducts/Elevation/metadata/MT_Statewide_Phase4_B22/MT_StatewideP4_1_B22
MT_StatewideP4_2_B22,2022-07-12,2022-08-12,wesm_exact_workunit,https://prd-tnm.s3.amazonaws.com/index.html?prefix=StagedProducts/Elevation/metadata/MT_Statewide_Phase4_B22/MT_StatewideP4_2_B22
MT_StatewideP4_3_B22,2022-07-31,2022-08-03,wesm_exact_workunit,https://prd-tnm.s3.amazonaws.com/index.html?prefix=StagedProducts/Elevation/metadata/MT_Statewide_Phase4_B22/MT_StatewideP4_3_B22
MT_StatewideP4_4_B22,2022-07-30,2022-09-16,wesm_exact_workunit,https://prd-tnm.s3.amazonaws.com/index.html?prefix=StagedProducts/Elevation/metadata/MT_Statewide_Phase4_B22/MT_StatewideP4_4_B22
MT_StatewideP4_5_B22,2022-07-16,2022-09-17,wesm_exact_workunit,https://prd-tnm.s3.amazonaws.com/index.html?prefix=StagedProducts/Elevation/metadata/MT_Statewide_Phase4_B22/MT_StatewideP4_5_B22
MT_StatewideP4_6_B22,2022-07-16,2022-09-17,wesm_exact_workunit,https://prd-tnm.s3.amazonaws.com/index.html?prefix=StagedProducts/Elevation/metadata/MT_Statewide_Phase4_B22/MT_StatewideP4_6_B22
MT_StatewideP4_7_B22,2022-09-03,2022-09-05,wesm_exact_workunit,https://prd-tnm.s3.amazonaws.com/index.html?prefix=StagedProducts/Elevation/metadata/MT_Statewide_Phase4_B22/MT_StatewideP4_7_B22
MT_StatewideP4_8_B22,2022-06-16,2022-08-27,wesm_exact_workunit,https://prd-tnm.s3.amazonaws.com/index.html?prefix=StagedProducts/Elevation/metadata/MT_Statewide_Phase4_B22/MT_StatewideP4_8_B22
MT_StatewideP4_9_B22,2022-08-10,2022-09-21,wesm_exact_workunit,https://prd-tnm.s3.amazonaws.com/index.html?prefix=StagedProducts/Elevation/metadata/MT_Statewide_Phase4_B22/MT_StatewideP4_9_B22
MT_Statewide_P2_1_2020,2020-10-08,2021-05-11,wesm_exact_workunit,https://prd-tnm.s3.amazonaws.com/index.html?prefix=StagedProducts/Elevation/metadata/MT_Statewide_Phase2_2020_B20/MT_Statewide_P2_1_2020
MT_Statewide_P2_2_2020,2020-08-12,2020-09-08,wesm_exact_workunit,https://prd-tnm.s3.amazonaws.com/index.html?prefix=StagedProducts/Elevation/metadata/MT_Statewide_Phase2_2020_B20/MT_Statewide_P2_2_2020
MT_Statewide_P2_3_2020,2020-09-11,2021-06-03,wesm_exact_workunit,https://prd-tnm.s3.amazonaws.com/index.html?prefix=StagedProducts/Elevation/metadata/MT_Statewide_Phase2_2020_B20/MT_Statewide_P2_3_2020
MT_Statewide_P2_4_2020,2020-09-11,2021-05-10,wesm_exact_workunit,https://prd-tnm.s3.amazonaws.com/index.html?prefix=StagedProducts/Elevation/metadata/MT_Statewide_Phase2_2020_B20/MT_Statewide_P2_4_2020
MT_Statewide_P2_5_2020,2020-08-12,2021-07-15,wesm_exact_workunit,https://prd-tnm.s3.amazonaws.com/index.html?prefix=StagedProducts/Elevation/metadata/MT_Statewide_Phase2_2020_B20/MT_Statewide_P2_5_2020
MT_Statewide_P3_1_B21,2021-09-04,2022-10-07,wesm_exact_workunit,https://prd-tnm.s3.amazonaws.com/index.html?prefix=StagedProducts/Elevation/metadata/MT_Statewide_Phase3_2021_B21/MT_Statewide_P3_1_B21
MT_Statewide_P3_2_B21,2021-09-27,2022-06-08,wesm_exact_workunit,https://prd-tnm.s3.amazonaws.com/index.html?prefix=StagedProducts/Elevation/metadata/MT_Statewide_Phase3_2021_B21/MT_Statewide_P3_2_B21
MT_Statewide_P3_3_B21,2021-09-08,2022-08-28,wesm_exact_workunit,https://prd-tnm.s3.amazonaws.com/index.html?prefix=StagedProducts/Elevation/metadata/MT_Statewide_Phase3_2021_B21/MT_Statewide_P3_3_B21
MT_Statewide_P3_4_B21,2021-09-25,2022-08-29,wesm_exact_workunit,https://prd-tnm.s3.amazonaws.com/index.html?prefix=StagedProducts/Elevation/metadata/MT_Statewide_Phase3_2021_B21/MT_Statewide_P3_4_B21
MT_Statewide_P3_5_B21,2021-09-04,2022-08-29,wesm_exact_workunit,https://prd-tnm.s3.amazonaws.com/index.html?prefix=StagedProducts/Elevation/metadata/MT_Statewide_Phase3_2021_B21/MT_Statewide_P3_5_B21
NC_BladenCo_2014,2014-02-07,2014-03-11,wesm_exact_workunit,https://prd-tnm.s3.amazonaws.com/index.html?prefix=StagedProducts/Elevation/metadata/NC_Phase2_2014/NC_BladenCo_2014
NC_BrunswickCo_2014,2014-02-14,2014-03-10,wesm_exact_workunit,https://prd-tnm.s3.amazonaws.com/index.html?prefix=StagedProducts/Elevation/metadata/NC_Phase2_2014/NC_BrunswickCo_2014
NC_ColumbusCo_2014,2014-02-22,2014-03-11,wesm_exact_workunit,https://prd-tnm.s3.amazonaws.com/index.html?prefix=StagedProducts/Elevation/metadata/NC_Phase2_2014/NC_ColumbusCo_2014
NC_DuplinCo_2014,2014-02-14,2014-03-09,wesm_exact_workunit,https://prd-tnm.s3.amazonaws.com/index.html?prefix=StagedProducts/Elevation/metadata/NC_Phase2_2014/NC_DuplinCo_2014
NC_EdgecombeCo_2014,2014-02-17,2014-03-14,wesm_exact_workunit,https://prd-tnm.s3.amazonaws.com/index.html?prefix=StagedProducts/Elevation/metadata/NC_Phase2_2014/NC_EdgecombeCo_2014
NC_FranklinCo_2014,2014-02-08,2014-03-14,wesm_exact_workunit,https://prd-tnm.s3.amazonaws.com/index.html?prefix=StagedProducts/Elevation/metadata/NC_Phase2_2014/NC_FranklinCo_2014
NC_GreeneCo_2014,2014-02-14,2014-03-13,wesm_exact_workunit,https://prd-tnm.s3.amazonaws.com/index.html?prefix=StagedProducts/Elevation/metadata/NC_Phase2_2014/NC_GreeneCo_2014
NC_HalifaxCo_2014,2014-02-17,2014-03-14,wesm_exact_workunit,https://prd-tnm.s3.amazonaws.com/index.html?prefix=StagedProducts/Elevation/metadata/NC_Phase2_2014/NC_HalifaxCo_2014
NC_HurFlo_NOAA_12_2020,2019-11-26,2020-07-20,wesm_exact_workunit,https://prd-tnm.s3.amazonaws.com/index.html?prefix=StagedProducts/Elevation/metadata/NC_HurricaneFlorence_2020_D20/NC_HurFlo_NOAA_12_2020
NC_HurFlo_NOAA_13_2020,2019-12-07,2020-08-25,wesm_exact_workunit,https://prd-tnm.s3.amazonaws.com/index.html?prefix=StagedProducts/Elevation/metadata/NC_HurricaneFlorence_2020_D20/NC_HurFlo_NOAA_13_2020
NC_HurFlo_NOAA_14_2020,2019-11-26,2020-03-12,wesm_exact_workunit,https://prd-tnm.s3.amazonaws.com/index.html?prefix=StagedProducts/Elevation/metadata/NC_HurricaneFlorence_2020_D20/NC_HurFlo_NOAA_14_2020
NC_HurFlo_NOAA_15_2020,2019-11-26,2020-04-02,wesm_exact_workunit,https://prd-tnm.s3.amazonaws.com/index.html?prefix=StagedProducts/Elevation/metadata/NC_HurricaneFlorence_2020_D20/NC_HurFlo_NOAA_15_2020
NC_HurricaneFlorence_10_2020,2019-12-08,2020-01-26,wesm_exact_workunit,https://prd-tnm.s3.amazonaws.com/index.html?prefix=StagedProducts/Elevation/metadata/NC_HurricaneFlorence_2020_D20/NC_HurricaneFlorence_10_2020
NC_HurricaneFlorence_11_2020,2019-12-15,2020-02-28,wesm_exact_workunit,https://prd-tnm.s3.amazonaws.com/index.html?prefix=StagedProducts/Elevation/metadata/NC_HurricaneFlorence_2020_D20/NC_HurricaneFlorence_11_2020
NC_HurricaneFlorence_1_2020,2019-12-10,2020-01-08,wesm_exact_workunit,https://prd-tnm.s3.amazonaws.com/index.html?prefix=StagedProducts/Elevation/metadata/NC_HurricaneFlorence_2020_D20/NC_HurricaneFlorence_1_2020
NC_HurricaneFlorence_2_2020,2019-12-08,2020-01-08,wesm_exact_workunit,https://prd-tnm.s3.amazonaws.com/index.html?prefix=StagedProducts/Elevation/metadata/NC_HurricaneFlorence_2020_D20/NC_HurricaneFlorence_2_2020
NC_HurricaneFlorence_3_2020,2019-12-08,2020-01-26,wesm_exact_workunit,https://prd-tnm.s3.amazonaws.com/index.html?prefix=StagedProducts/Elevation/metadata/NC_HurricaneFlorence_2020_D20/NC_HurricaneFlorence_3_2020
NC_HurricaneFlorence_4_2020,2020-01-30,2020-02-02,wesm_exact_workunit,https://prd-tnm.s3.amazonaws.com/index.html?prefix=StagedProducts/Elevation/metadata/NC_HurricaneFlorence_2020_D20/NC_HurricaneFlorence_4_2020
NC_HurricaneFlorence_5_2020,2019-12-12,2020-01-26,wesm_exact_workunit,https://prd-tnm.s3.amazonaws.com/index.html?prefix=StagedProducts/Elevation/metadata/NC_HurricaneFlorence_2020_D20/NC_HurricaneFlorence_5_2020
NC_HurricaneFlorence_6_2020,2019-12-16,2020-02-08,wesm_exact_workunit,https://prd-tnm.s3.amazonaws.com/index.html?prefix=StagedProducts/Elevation/metadata/NC_HurricaneFlorence_2020_D20/NC_HurricaneFlorence_6_2020
NC_HurricaneFlorence_7_2020,2019-12-12,2020-01-08,wesm_exact_workunit,https://prd-tnm.s3.amazonaws.com/index.html?prefix=StagedProducts/Elevation/metadata/NC_HurricaneFlorence_2020_D20/NC_HurricaneFlorence_7_2020
NC_HurricaneFlorence_8_2020,2019-12-16,2020-02-23,wesm_exact_workunit,https://prd-tnm.s3.amazonaws.com/index.html?prefix=StagedProducts/Elevation/metadata/NC_HurricaneFlorence_2020_D20/NC_HurricaneFlorence_8_2020
NC_HurricaneFlorence_9_2020,2020-01-18,2020-02-28,wesm_exact_workunit,https://prd-tnm.s3.amazonaws.com/index.html?prefix=StagedProducts/Elevation/metadata/NC_HurricaneFlorence_2020_D20/NC_HurricaneFlorence_9_2020
NC_JohnstonCo_2014,2014-02-08,2014-02-19,wesm_exact_workunit,https://prd-tnm.s3.amazonaws.com/index.html?prefix=StagedProducts/Elevation/metadata/NC_Phase2_2014/NC_JohnstonCo_2014
NC_LenoirCo_2014,2014-02-14,2014-03-08,wesm_exact_workunit,https://prd-tnm.s3.amazonaws.com/index.html?prefix=StagedProducts/Elevation/metadata/NC_Phase2_2014/NC_LenoirCo_2014
NC_NashCo_2014,2014-02-08,2014-02-23,wesm_exact_workunit,https://prd-tnm.s3.amazonaws.com/index.html?prefix=StagedProducts/Elevation/metadata/NC_Phase2_2014/NC_NashCo_2014
NC_NewHanoverCo_2014,2014-02-14,2014-03-09,wesm_exact_workunit,https://prd-tnm.s3.amazonaws.com/index.html?prefix=StagedProducts/Elevation/metadata/NC_Phase2_2014/NC_NewHanoverCo_2014
NC_PenderCo_2014,2014-02-18,2014-03-09,wesm_exact_workunit,https://prd-tnm.s3.amazonaws.com/index.html?prefix=StagedProducts/Elevation/metadata/NC_Phase2_2014/NC_PenderCo_2014
NC_Phase4_Lincoln_2016,2016-02-27,2017-02-21,wesm_exact_workunit,https://prd-tnm.s3.amazonaws.com/index.html?prefix=StagedProducts/Elevation/metadata/NC_Phase_4_CentralWestNC_GEIGER_A16/NC_Phase4_Lincoln_2016
NC_Phase5_Ashe_2017,2017-03-05,2017-03-09,wesm_exact_workunit,https://prd-tnm.s3.amazonaws.com/index.html?prefix=StagedProducts/Elevation/metadata/NC_Phase5_2018_A18/NC_Phase5_Ashe_2017
NC_Phase5_Avery_2017,2017-03-05,2017-03-24,wesm_exact_workunit,https://prd-tnm.s3.amazonaws.com/index.html?prefix=StagedProducts/Elevation/metadata/NC_Phase5_2018_A18/NC_Phase5_Avery_2017
NC_Phase5_Buncombe_2017,2017-02-14,2017-04-10,wesm_exact_workunit,https://prd-tnm.s3.amazonaws.com/index.html?prefix=StagedProducts/Elevation/metadata/NC_Phase5_2018_A18/NC_Phase5_Buncombe_2017
NC_Phase5_Burke_2017,2017-02-11,2017-03-24,wesm_exact_workunit,https://prd-tnm.s3.amazonaws.com/index.html?prefix=StagedProducts/Elevation/metadata/NC_Phase5_2018_A18/NC_Phase5_Burke_2017
NC_Phase5_Caldwell_2017,2017-02-18,2017-03-24,wesm_exact_workunit,https://prd-tnm.s3.amazonaws.com/index.html?prefix=StagedProducts/Elevation/metadata/NC_Phase5_2018_A18/NC_Phase5_Caldwell_2017
NC_Phase5_Cherokee_2017,2017-03-13,2017-04-11,wesm_exact_workunit,https://prd-tnm.s3.amazonaws.com/index.html?prefix=StagedProducts/Elevation/metadata/NC_Phase5_2018_A18/NC_Phase5_Cherokee_2017
NC_Phase5_Clay_2017,2017-04-02,2017-04-11,wesm_exact_workunit,https://prd-tnm.s3.amazonaws.com/index.html?prefix=StagedProducts/Elevation/metadata/NC_Phase5_2018_A18/NC_Phase5_Clay_2017
NC_Phase5_Graham_2017,2017-03-13,2017-04-10,wesm_exact_workunit,https://prd-tnm.s3.amazonaws.com/index.html?prefix=StagedProducts/Elevation/metadata/NC_Phase5_2018_A18/NC_Phase5_Graham_2017
NC_Phase5_Haywood_2017,2017-04-02,2017-04-10,wesm_exact_workunit,https://prd-tnm.s3.amazonaws.com/index.html?prefix=StagedProducts/Elevation/metadata/NC_Phase5_2018_A18/NC_Phase5_Haywood_2017
NC_Phase5_Henderson_2017,2017-02-11,2017-04-08,wesm_exact_workunit,https://prd-tnm.s3.amazonaws.com/index.html?prefix=StagedProducts/Elevation/metadata/NC_Phase5_2018_A18/NC_Phase5_Henderson_2017
NC_Phase5_Jackson_2017,2017-03-11,2017-04-11,wesm_exact_workunit,https://prd-tnm.s3.amazonaws.com/index.html?prefix=StagedProducts/Elevation/metadata/NC_Phase5_2018_A18/NC_Phase5_Jackson_2017
NC_Phase5_Macon_2017,2017-03-11,2017-04-11,wesm_exact_workunit,https://prd-tnm.s3.amazonaws.com/index.html?prefix=StagedProducts/Elevation/metadata/NC_Phase5_2018_A18/NC_Phase5_Macon_2017
NC_Phase5_Madison_2017,2017-03-04,2017-04-10,wesm_exact_workunit,https://prd-tnm.s3.amazonaws.com/index.html?prefix=StagedProducts/Elevation/metadata/NC_Phase5_2018_A18/NC_Phase5_Madison_2017
NC_Phase5_McDowell_2017,2017-02-11,2017-03-24,wesm_exact_workunit,https://prd-tnm.s3.amazonaws.com/index.html?prefix=StagedProducts/Elevation/metadata/NC_Phase5_2018_A18/NC_Phase5_McDowell_2017
NC_Phase5_Mitchell_2017,2017-03-05,2017-03-09,wesm_exact_workunit,https://prd-tnm.s3.amazonaws.com/index.html?prefix=StagedProducts/Elevation/metadata/NC_Phase5_2018_A18/NC_Phase5_Mitchell_2017
NC_Phase5_Polk_2017,2017-03-05,2017-03-09,wesm_exact_workunit,https://prd-tnm.s3.amazonaws.com/index.html?prefix=StagedProducts/Elevation/metadata/NC_Phase5_2018_A18/NC_Phase5_Polk_2017
NC_Phase5_Rutherford_2017,2017-03-05,2017-03-09,wesm_exact_workunit,https://prd-tnm.s3.amazonaws.com/index.html?prefix=StagedProducts/Elevation/metadata/NC_Phase5_2018_A18/NC_Phase5_Rutherford_2017
NC_Phase5_Swain_2017,2017-03-13,2017-04-10,wesm_exact_workunit,https://prd-tnm.s3.amazonaws.com/index.html?prefix=StagedProducts/Elevation/metadata/NC_Phase5_2018_A18/NC_Phase5_Swain_2017
NC_Phase5_Transylvania_2017,2017-03-09,2017-04-08,wesm_exact_workunit,https://prd-tnm.s3.amazonaws.com/index.html?prefix=StagedProducts/Elevation/metadata/NC_Phase5_2018_A18/NC_Phase5_Transylvania_2017
NC_Phase5_Watauga_2017,2017-03-05,2017-03-09,wesm_exact_workunit,https://prd-tnm.s3.amazonaws.com/index.html?prefix=StagedProducts/Elevation/metadata/NC_Phase5_2018_A18/NC_Phase5_Watauga_2017
NC_Phase5_Yancey_2017,2017-02-18,2017-04-10,wesm_exact_workunit,https://prd-tnm.s3.amazonaws.com/index.html?prefix=StagedProducts/Elevation/metadata/NC_Phase5_2018_A18/NC_Phase5_Yancey_2017
NC_RobesonCo_2014,2014-02-10,2014-03-11,wesm_exact_workunit,https://prd-tnm.s3.amazonaws.com/index.html?prefix=StagedProducts/Elevation/metadata/NC_Phase2_2014/NC_RobesonCo_2014
NC_SampsonCo_2014,2014-02-07,2014-03-09,wesm_exact_workunit,https://prd-tnm.s3.amazonaws.com/index.html?prefix=StagedProducts/Elevation/metadata/NC_Phase2_2014/NC_SampsonCo_2014
NC_SpartaEQ_1_2020,2020-12-12,2020-12-14,wesm_exact_workunit,https://prd-tnm.s3.amazonaws.com/index.html?prefix=StagedProducts/Elevation/metadata/NC_SpartaEarthquake_2020_D21/NC_SpartaEQ_1_2020
NC_VanceCo_2014,2014-01-30,2014-03-13,wesm_exact_workunit,https://prd-tnm.s3.amazonaws.com/index.html?prefix=StagedProducts/Elevation/metadata/NC_Phase2_2014/NC_VanceCo_2014
NC_WarrenCo_2014,2014-01-30,2014-03-13,wesm_exact_workunit,https://prd-tnm.s3.amazonaws.com/index.html?prefix=StagedProducts/Elevation/metadata/NC_Phase2_2014/NC_WarrenCo_2014
NC_WayneCo_2014,2014-02-08,2014-03-14,wesm_exact_workunit,https://prd-tnm.s3.amazonaws.com/index.html?prefix=StagedProducts/Elevation/metadata/NC_Phase2_2014/NC_WayneCo_2014
NC_WilsonCo_2014,2014-02-08,2014-03-14,wesm_exact_workunit,https://prd-tnm.s3.amazonaws.com/index.html?prefix=StagedProducts/Elevation/metadata/NC_Phase2_2014/NC_WilsonCo_2014
ND_3DEPProcessing_1_D22,2019-05-31,2021-04-10,wesm_exact_workunit,https://prd-tnm.s3.amazonaws.com/index.html?prefix=StagedProducts/Elevation/metadata/ND_3DEPProcessing_D22/ND_3DEPProcessing_1_D22
ND_3DEPProcessing_2_D22,2016-11-14,2021-04-29,wesm_exact_workunit,https://prd-tnm.s3.amazonaws.com/index.html?prefix=StagedProducts/Elevation/metadata/ND_3DEPProcessing_D22/ND_3DEPProcessing_2_D22
ND_3DEPProcessing_3_D22,2017-05-04,2021-04-29,wesm_exact_workunit,https://prd-tnm.s3.amazonaws.com/index.html?prefix=StagedProducts/Elevation/metadata/ND_3DEPProcessing_D22/ND_3DEPProcessing_3_D22
ND_3DEPProcessing_4_D22,2016-11-19,2017-10-27,wesm_exact_workunit,https://prd-tnm.s3.amazonaws.com/index.html?prefix=StagedProducts/Elevation/metadata/ND_3DEPProcessing_D22/ND_3DEPProcessing_4_D22
ND_3DEPProcessing_5_D22,2020-10-09,2021-04-29,wesm_exact_workunit,https://prd-tnm.s3.amazonaws.com/index.html?prefix=StagedProducts/Elevation/metadata/ND_3DEPProcessing_D22/ND_3DEPProcessing_5_D22
ND_3DEPProcessing_6_D22,2019-05-26,2021-04-01,wesm_exact_workunit,https://prd-tnm.s3.amazonaws.com/index.html?prefix=StagedProducts/Elevation/metadata/ND_3DEPProcessing_D22/ND_3DEPProcessing_6_D22
ND_Phase10_1_C23,2022-10-16,2022-11-04,wesm_exact_workunit,https://prd-tnm.s3.amazonaws.com/index.html?prefix=StagedProducts/Elevation/metadata/ND_Lidar_Phase10/ND_Phase10_1_C23
ND_Phase10_2_C23,2021-10-18,2021-10-28,wesm_exact_workunit,https://prd-tnm.s3.amazonaws.com/index.html?prefix=StagedProducts/Elevation/metadata/ND_Lidar_Phase10/ND_Phase10_2_C23
ND_SouthWest_1_D21,2021-10-29,2021-11-08,wesm_exact_workunit,https://prd-tnm.s3.amazonaws.com/index.html?prefix=StagedProducts/Elevation/metadata/ND_SouthWest_2021_D21/ND_SouthWest_1_D21
ND_SouthWest_2_D21,2021-11-06,2021-11-07,wesm_exact_workunit,https://prd-tnm.s3.amazonaws.com/index.html?prefix=StagedProducts/Elevation/metadata/ND_SouthWest_2021_D21/ND_SouthWest_2_D21
NE_CherryBrownCuster_Partial_1_2020,2021-03-19,2021-04-14,wesm_exact_workunit,https://prd-tnm.s3.amazonaws.com/index.html?prefix=StagedProducts/Elevation/metadata/NE_CherryBrownCuster_Partial_2020_D21/NE_CherryBrownCuster_Partial_1_2020
NE_CumingCo_2010,2010-11-18,2010-12-06,wesm_normalized_workunit,https://prd-tnm.s3.amazonaws.com/index.html?prefix=StagedProducts/Elevation/metadata/legacy/NE_CUMINGCO_2010
NE_NIROC-PapioCo_2010,2010-04-16,2010-04-28,wesm_normalized_workunit,https://prd-tnm.s3.amazonaws.com/index.html?prefix=StagedProducts/Elevation/metadata/legacy/NE_NIROC-PAPIOCO_2010
NE_Niobrara_Topobathy_2018,2020-08-24,2020-09-20,wesm_exact_workunit,https://prd-tnm.s3.amazonaws.com/index.html?prefix=StagedProducts/Elevation/metadata/NE_Niobrara_Topobathy_2018_D18/NE_Niobrara_Topobathy_2018
NE_Northeast_1_2020,2020-03-31,2020-04-22,wesm_exact_workunit,https://prd-tnm.s3.amazonaws.com/index.html?prefix=StagedProducts/Elevation/metadata/NE_Northeast_2020_D20/NE_Northeast_1_2020
NE_Northeast_2_2020,2020-03-29,2020-06-03,wesm_exact_workunit,https://prd-tnm.s3.amazonaws.com/index.html?prefix=StagedProducts/Elevation/metadata/NE_Northeast_2020_D20/NE_Northeast_2_2020
NE_Northeast_3_2020,2020-04-18,2020-04-26,wesm_exact_workunit,https://prd-tnm.s3.amazonaws.com/index.html?prefix=StagedProducts/Elevation/metadata/NE_Northeast_2020_D20/NE_Northeast_3_2020
NE_Northeast_Phase2_1_2020,2020-11-16,2020-12-09,wesm_exact_workunit,https://prd-tnm.s3.amazonaws.com/index.html?prefix=StagedProducts/Elevation/metadata/NE_Northeast_Phase2_2020_D20/NE_Northeast_Phase2_1_2020
NE_Northeast_Phase2_2_2020,2020-11-16,2020-12-09,wesm_exact_workunit,https://prd-tnm.s3.amazonaws.com/index.html?prefix=StagedProducts/Elevation/metadata/NE_Northeast_Phase2_2020_D20/NE_Northeast_Phase2_2_2020
NE_PostSpringFlood_OrthoLidar_B1_2019,2019-06-01,2019-06-07,wesm_exact_workunit,https://prd-tnm.s3.amazonaws.com/index.html?prefix=StagedProducts/Elevation/metadata/NE_PostSpringFlood_OrthoLidar_2019_D19/NE_PostSpringFlood_OrthoLidar_B1_2019
NE_PostSpringFlood_OrthoLidar_TL_2019,2019-05-25,2019-07-13,wesm_exact_workunit,https://prd-tnm.s3.amazonaws.com/index.html?prefix=StagedProducts/Elevation/metadata/NE_PostSpringFlood_OrthoLidar_2019_D19/NE_PostSpringFlood_OrthoLidar_TL_2019
NE_Rainwater-1_2009,2009-01-20,2009-03-21,wesm_normalized_workunit,https://prd-tnm.s3.amazonaws.com/index.html?prefix=StagedProducts/Elevation/metadata/legacy/NE_RAINWATER-1_2009
NE_Rainwater-2_2009,2009-01-20,2009-03-21,wesm_normalized_workunit,https://prd-tnm.s3.amazonaws.com/index.html?prefix=StagedProducts/Elevation/metadata/legacy/NE_RAINWATER-2_2009
NE_SouthernNE_B1_2018,2019-04-13,2019-05-13,wesm_exact_workunit,https://prd-tnm.s3.amazonaws.com/index.html?prefix=StagedProducts/Elevation/metadata/NE_SouthernNE_2018_D19/NE_SouthernNE_B1_2018
NE_SouthernNE_B2_2018,2019-04-18,2019-05-10,wesm_exact_workunit,https://prd-tnm.s3.amazonaws.com/index.html?prefix=StagedProducts/Elevation/metadata/NE_SouthernNE_2018_D19/NE_SouthernNE_B2_2018
NE_SouthernNE_B3_2018,2019-04-20,2019-05-13,wesm_exact_workunit,https://prd-tnm.s3.amazonaws.com/index.html?prefix=StagedProducts/Elevation/metadata/NE_SouthernNE_2018_D19/NE_SouthernNE_B3_2018
NE_SouthernNE_B4A_2018,2019-04-23,2019-05-13,wesm_exact_workunit,https://prd-tnm.s3.amazonaws.com/index.html?prefix=StagedProducts/Elevation/metadata/NE_SouthernNE_2018_D19/NE_SouthernNE_B4A_2018
NE_SouthernNE_B4B_2018,2020-02-20,2020-02-21,wesm_exact_workunit,https://prd-tnm.s3.amazonaws.com/index.html?prefix=StagedProducts/Elevation/metadata/NE_SouthernNE_2018_D19/NE_SouthernNE_B4B_2018
NE_SouthernNE_B5_2018,2020-02-20,2020-02-21,wesm_exact_workunit,https://prd-tnm.s3.amazonaws.com/index.html?prefix=StagedProducts/Elevation/metadata/NE_SouthernNE_2018_D19/NE_SouthernNE_B5_2018
NE_Southwest_1_2020,2020-11-21,2021-03-05,wesm_exact_workunit,https://prd-tnm.s3.amazonaws.com/index.html?prefix=StagedProducts/Elevation/metadata/NE_Southwest_2020_D20/NE_Southwest_1_2020
NE_Southwest_2_2020,2020-11-26,2021-03-05,wesm_exact_workunit,https://prd-tnm.s3.amazonaws.com/index.html?prefix=StagedProducts/Elevation/metadata/NE_Southwest_2020_D20/NE_Southwest_2_2020
NE_Statewide_1_D23,2023-11-13,2023-12-15,wesm_exact_workunit,https://prd-tnm.s3.amazonaws.com/index.html?prefix=StagedProducts/Elevation/metadata/NE_Statewide_D23/NE_Statewide_1_D23
NE_Statewide_2_D23,2023-11-19,2023-12-21,wesm_exact_workunit,https://prd-tnm.s3.amazonaws.com/index.html?prefix=StagedProducts/Elevation/metadata/NE_Statewide_D23/NE_Statewide_2_D23
NE_Statewide_3_D23,2023-11-17,2024-03-06,wesm_exact_workunit,https://prd-tnm.s3.amazonaws.com/index.html?prefix=StagedProducts/Elevation/metadata/NE_Statewide_D23/NE_Statewide_3_D23
NH_Coastal_1_2019,2019-11-23,2020-04-23,wesm_exact_workunit,https://prd-tnm.s3.amazonaws.com/index.html?prefix=StagedProducts/Elevation/metadata/NH_Coastal_2019_B19/NH_Coastal_1_2019
NH_Coastal_2_2019,2019-11-16,2020-04-23,wesm_exact_workunit,https://prd-tnm.s3.amazonaws.com/index.html?prefix=StagedProducts/Elevation/metadata/NH_Coastal_2019_B19/NH_Coastal_2_2019
NH_Umbagog_2016,2016-04-06,2018-05-24,wesm_exact_workunit,https://prd-tnm.s3.amazonaws.com/index.html?prefix=StagedProducts/Elevation/metadata/NH_Umbagog_LiDAR_2016_D16/NH_Umbagog_2016
NJ_CapeMayCo_2008,2008-04-08,2008-04-17,wesm_normalized_workunit,https://prd-tnm.s3.amazonaws.com/index.html?prefix=StagedProducts/Elevation/metadata/legacy/NJ_CAPEMAYCO_2008
NJ_CumberlandCo_2008,2008-04-08,2008-04-17,wesm_normalized_workunit,https://prd-tnm.s3.amazonaws.com/index.html?prefix=StagedProducts/Elevation/metadata/legacy/NJ_CUMBERLANDCO_2008
NJ_GloucesterCo_2007,2007-03-29,2007-04-06,wesm_normalized_workunit,https://prd-tnm.s3.amazonaws.com/index.html?prefix=StagedProducts/Elevation/metadata/legacy/NJ_GLOUCESTERCO_2007
NJ_NW6Co_2017,2017-04-15,2018-04-27,wesm_exact_workunit,https://prd-tnm.s3.amazonaws.com/index.html?prefix=StagedProducts/Elevation/metadata/NJ_NW_New_Jersey_6_County_Lidar_2017_B17/NJ_NW6Co_2017
NJ_SalemCo_2008,2008-04-08,2008-04-17,wesm_normalized_workunit,https://prd-tnm.s3.amazonaws.com/index.html?prefix=StagedProducts/Elevation/metadata/legacy/NJ_SALEMCO_2008
NJ_SalemCo_2009,2009-03-25,2009-03-31,wesm_normalized_workunit,https://prd-tnm.s3.amazonaws.com/index.html?prefix=StagedProducts/Elevation/metadata/legacy/NJ_SALEMCO_2009
NJ_South_Jersey_FEMA_2018,2019-03-08,2019-03-08,wesm_exact_workunit,https://prd-tnm.s3.amazonaws.com/index.html?prefix=StagedProducts/Elevation/metadata/NJ_South_Jersey_Lidar_2018_B18_FEMA/NJ_South_Jersey_FEMA_2018
NJ_SouthernNJ_2018,2019-03-13,2019-04-23,wesm_exact_workunit,https://prd-tnm.s3.amazonaws.com/index.html?prefix=StagedProducts/Elevation/metadata/NJ_South_Jersey_Lidar_2018_B18/NJ_SouthernNJ_2018
NJ_SussexWarren_2008,2008-04-01,2008-04-01,wesm_normalized_workunit,https://prd-tnm.s3.amazonaws.com/index.html?prefix=StagedProducts/Elevation/metadata/legacy/NJ_SUSSEXWARREN_2008
NM_Albuquerque_2010,2010-01-01,2010-12-31,wesm_exact_workunit,https://prd-tnm.s3.amazonaws.com/index.html?prefix=StagedProducts/Elevation/metadata/NM_Albuquerque_2010_Legacy_Data/NM_Albuquerque_2010/
NM_HermitsPeak_1_D23,2023-09-17,2023-10-08,wesm_exact_workunit,https://prd-tnm.s3.amazonaws.com/index.html?prefix=StagedProducts/Elevation/metadata/NM_HermitsPeak_D23/NM_HermitsPeak_1_D23
NM_MRCOG_B1_2018,2018-03-18,2018-04-09,wesm_exact_workunit,https://prd-tnm.s3.amazonaws.com/index.html?prefix=StagedProducts/Elevation/metadata/NM_MRCOG_2018_C20/NM_MRCOG_B1_2018
NM_McKinley_CoalMine_2012,2012-10-26,2012-10-27,wesm_normalized_workunit,https://prd-tnm.s3.amazonaws.com/index.html?prefix=StagedProducts/Elevation/metadata/legacy/NM_MCKINLEY_COALMINE_2012
NM_NRCS_MiddleRioGrande_2017,2018-03-18,2018-04-22,wesm_exact_workunit,https://prd-tnm.s3.amazonaws.com/index.html?prefix=StagedProducts/Elevation/metadata/NM_NRCS_MiddleRioGrande_2017_D18/NM_NRCS_MiddleRioGrande_2017
NM_Navajo-Pinabete_CoalMine_2012,2012-10-26,2012-10-27,wesm_normalized_workunit,https://prd-tnm.s3.amazonaws.com/index.html?prefix=StagedProducts/Elevation/metadata/legacy/NM_NAVAJO-PINABETE_COALMINE_2012
NM_NorthCentral_B1_2016,2016-11-29,2018-10-31,wesm_exact_workunit,https://prd-tnm.s3.amazonaws.com/index.html?prefix=StagedProducts/Elevation/metadata/NM_North_Central_FEMA_R6_Lidar_2016_D17/NM_NorthCentral_B1_2016
NM_NorthCentral_B2_2016,2016-11-29,2018-10-31,wesm_exact_workunit,https://prd-tnm.s3.amazonaws.com/index.html?prefix=StagedProducts/Elevation/metadata/NM_North_Central_FEMA_R6_Lidar_2016_D17/NM_NorthCentral_B2_2016
NM_NorthWest_B1_2018,2018-11-14,2018-11-28,wesm_exact_workunit,https://prd-tnm.s3.amazonaws.com/index.html?prefix=StagedProducts/Elevation/metadata/NM_NorthWest_2018_D19/NM_NorthWest_B1_2018
NM_NorthWest_B2A_2018,2018-11-20,2018-11-25,wesm_exact_workunit,https://prd-tnm.s3.amazonaws.com/index.html?prefix=StagedProducts/Elevation/metadata/NM_NorthWest_2018_D19/NM_NorthWest_B2A_2018
NM_NorthWest_B2B_2018,2018-11-17,2018-11-21,wesm_exact_workunit,https://prd-tnm.s3.amazonaws.com/index.html?prefix=StagedProducts/Elevation/metadata/NM_NorthWest_2018_D19/NM_NorthWest_B2B_2018
NM_NorthWest_B3B_2018,2018-11-20,2018-11-20,wesm_exact_workunit,https://prd-tnm.s3.amazonaws.com/index.html?prefix=StagedProducts/Elevation/metadata/NM_NorthWest_2018_D19/NM_NorthWest_B3B_2018
NM_NorthWest_B4_2018,2018-11-14,2018-11-19,wesm_exact_workunit,https://prd-tnm.s3.amazonaws.com/index.html?prefix=StagedProducts/Elevation/metadata/NM_NorthWest_2018_D19/NM_NorthWest_B4_2018
NM_NorthWest_Jicarilla_TL_2018,2018-11-21,2018-11-28,wesm_exact_workunit,https://prd-tnm.s3.amazonaws.com/index.html?prefix=StagedProducts/Elevation/metadata/NM_NorthWest_2018_D19/NM_NorthWest_Jicarilla_TL_2018
NM_NorthWest_Navajo_A_TL_2018,2018-11-14,2018-11-28,wesm_exact_workunit,https://prd-tnm.s3.amazonaws.com/index.html?prefix=StagedProducts/Elevation/metadata/NM_NorthWest_2018_D19/NM_NorthWest_Navajo_A_TL_2018
NM_NorthWest_Navajo_B_TL_2018,2018-11-14,2018-11-28,wesm_exact_workunit,https://prd-tnm.s3.amazonaws.com/index.html?prefix=StagedProducts/Elevation/metadata/NM_NorthWest_2018_D19/NM_NorthWest_Navajo_B_TL_2018
NM_NorthWest_SouthernUte_TL_2018,2018-11-14,2018-11-28,wesm_exact_workunit,https://prd-tnm.s3.amazonaws.com/index.html?prefix=StagedProducts/Elevation/metadata/NM_NorthWest_2018_D19/NM_NorthWest_SouthernUte_TL_2018
NM_NorthWest_UteMountain_TL_2018,2018-11-14,2018-11-28,wesm_exact_workunit,https://prd-tnm.s3.amazonaws.com/index.html?prefix=StagedProducts/Elevation/metadata/NM_NorthWest_2018_D19/NM_NorthWest_UteMountain_TL_2018
NM_NorthWest_Zuni_TL_2018,2018-11-14,2018-11-28,wesm_exact_workunit,https://prd-tnm.s3.amazonaws.com/index.html?prefix=StagedProducts/Elevation/metadata/NM_NorthWest_2018_D19/NM_NorthWest_Zuni_TL_2018
NM_Northeast_B1_2018,2018-01-13,2018-02-11,wesm_exact_workunit,https://prd-tnm.s3.amazonaws.com/index.html?prefix=StagedProducts/Elevation/metadata/NM_NRCS_FEMA_Northeast_2017/NM_Northeast_B1_2018
NM_Northeast_B2_2018,2017-12-02,2018-02-11,wesm_exact_workunit,https://prd-tnm.s3.amazonaws.com/index.html?prefix=StagedProducts/Elevation/metadata/NM_NRCS_FEMA_Northeast_2017/NM_Northeast_B2_2018
NM_Northeast_B3_2018,2017-11-24,2018-02-03,wesm_exact_workunit,https://prd-tnm.s3.amazonaws.com/index.html?prefix=StagedProducts/Elevation/metadata/NM_NRCS_FEMA_Northeast_2017/NM_Northeast_B3_2018
NM_Northeast_B4_2018,2017-11-20,2018-02-11,wesm_exact_workunit,https://prd-tnm.s3.amazonaws.com/index.html?prefix=StagedProducts/Elevation/metadata/NM_NRCS_FEMA_Northeast_2017/NM_Northeast_B4_2018
NM_Northeast_B5_2018,2017-11-20,2018-02-09,wesm_exact_workunit,https://prd-tnm.s3.amazonaws.com/index.html?prefix=StagedProducts/Elevation/metadata/NM_NRCS_FEMA_Northeast_2017/NM_Northeast_B5_2018
NM_RioSanJose_TL_2016,2016-12-15,2017-06-11,wesm_exact_workunit,https://prd-tnm.s3.amazonaws.com/index.html?prefix=StagedProducts/Elevation/metadata/NM___Rio_San_Jose_FEMA_R6_Lidar_2016_D17/NM_RioSanJose_TL_2016/
NM_SouthCentral_Acoma_TL_2018,2018-12-04,2019-05-26,wesm_exact_workunit,https://prd-tnm.s3.amazonaws.com/index.html?prefix=StagedProducts/Elevation/metadata/NM_SouthCentral_2018_D19/NM_SouthCentral_Acoma_TL_2018
NM_SouthCentral_Apache_TL_2018,2019-05-15,2019-05-16,wesm_exact_workunit,https://prd-tnm.s3.amazonaws.com/index.html?prefix=StagedProducts/Elevation/metadata/NM_SouthCentral_2018_D19/NM_SouthCentral_Apache_TL_2018
NM_SouthCentral_B10_2018,2019-04-18,2019-06-06,wesm_exact_workunit,https://prd-tnm.s3.amazonaws.com/index.html?prefix=StagedProducts/Elevation/metadata/NM_SouthCentral_2018_D19/NM_SouthCentral_B10_2018
NM_SouthCentral_B1_2018,2018-11-20,2019-05-27,wesm_exact_workunit,https://prd-tnm.s3.amazonaws.com/index.html?prefix=StagedProducts/Elevation/LPC/Projects/NM_SouthCentral_2018_D19/NM_SouthCentral_B1_2018/metadata/
NM_SouthCentral_B2_2018,2018-11-21,2019-02-01,wesm_exact_workunit,https://prd-tnm.s3.amazonaws.com/index.html?prefix=StagedProducts/Elevation/metadata/NM_SouthCentral_2018_D19/NM_SouthCentral_B2_2018
NM_SouthCentral_B4_2018,2018-11-20,2019-05-27,wesm_exact_workunit,https://prd-tnm.s3.amazonaws.com/index.html?prefix=StagedProducts/Elevation/LPC/Projects/NM_SouthCentral_2018_D19/NM_SouthCentral_B4_2018/metadata/
NM_SouthCentral_B5_2018,2018-12-30,2019-05-30,wesm_exact_workunit,https://prd-tnm.s3.amazonaws.com/index.html?prefix=StagedProducts/Elevation/LPC/Projects/NM_SouthCentral_2018_D19/NM_SouthCentral_B5_2018/metadata/
NM_SouthCentral_B6_2018,2018-11-20,2019-05-27,wesm_exact_workunit,https://prd-tnm.s3.amazonaws.com/index.html?prefix=StagedProducts/Elevation/metadata/NM_SouthCentral_2018_D19/NM_SouthCentral_B6_2018
NM_SouthCentral_B7_2018,2018-12-04,2019-05-26,wesm_exact_workunit,https://prd-tnm.s3.amazonaws.com/index.html?prefix=StagedProducts/Elevation/metadata/NM_SouthCentral_2018_D19/NM_SouthCentral_B7_2018
NM_SouthCentral_B8_2018,2018-11-20,2019-06-06,wesm_exact_workunit,https://prd-tnm.s3.amazonaws.com/index.html?prefix=StagedProducts/Elevation/metadata/NM_SouthCentral_2018_D19/NM_SouthCentral_B8_2018
NM_SouthCentral_B9_2018,2018-12-04,2019-06-04,wesm_exact_workunit,https://prd-tnm.s3.amazonaws.com/index.html?prefix=StagedProducts/Elevation/metadata/NM_SouthCentral_2018_D19/NM_SouthCentral_B9_2018
NM_SouthCentral_Fort_Sill_TL_2018,2018-11-20,2019-05-27,wesm_exact_workunit,https://prd-tnm.s3.amazonaws.com/index.html?prefix=StagedProducts/Elevation/metadata/NM_SouthCentral_2018_D19/NM_SouthCentral_Fort_Sill_TL_2018
NM_SouthCentral_Navajo_A_TL_2018,2018-11-20,2019-05-27,wesm_exact_workunit,https://prd-tnm.s3.amazonaws.com/index.html?prefix=StagedProducts/Elevation/metadata/NM_SouthCentral_2018_D19/NM_SouthCentral_Navajo_A_TL_2018
NM_SouthCentral_Navajo_B_TL_2018,2019-04-28,2019-04-28,wesm_exact_workunit,https://prd-tnm.s3.amazonaws.com/index.html?prefix=StagedProducts/Elevation/metadata/NM_SouthCentral_2018_D19/NM_SouthCentral_Navajo_B_TL_2018
NM_SouthCentral_Zuni_TL_2018,2019-05-14,2019-05-15,wesm_exact_workunit,https://prd-tnm.s3.amazonaws.com/index.html?prefix=StagedProducts/Elevation/metadata/NM_SouthCentral_2018_D19/NM_SouthCentral_Zuni_TL_2018
NM_SouthEast_B1_2018,2018-11-27,2019-05-04,wesm_exact_workunit,https://prd-tnm.s3.amazonaws.com/index.html?prefix=StagedProducts/Elevation/metadata/NM_SouthEast_2018_D19/NM_SouthEast_B1_2018
NM_SouthEast_B2_2018,2018-11-23,2019-04-29,wesm_exact_workunit,https://prd-tnm.s3.amazonaws.com/index.html?prefix=StagedProducts/Elevation/metadata/NM_SouthEast_2018_D19/NM_SouthEast_B2_2018
NM_SouthEast_B3_2018,2018-12-05,2019-04-29,wesm_exact_workunit,https://prd-tnm.s3.amazonaws.com/index.html?prefix=StagedProducts/Elevation/metadata/NM_SouthEast_2018_D19/NM_SouthEast_B3_2018
NM_SouthEast_B4_2018,2018-12-10,2019-04-29,wesm_exact_workunit,https://prd-tnm.s3.amazonaws.com/index.html?prefix=StagedProducts/Elevation/metadata/NM_SouthEast_2018_D19/NM_SouthEast_B4_2018
NM_SouthEast_B5_2018,2018-11-23,2019-01-10,wesm_exact_workunit,https://prd-tnm.s3.amazonaws.com/index.html?prefix=StagedProducts/Elevation/metadata/NM_SouthEast_2018_D19/NM_SouthEast_B5_2018
NM_SouthEast_B7_2018,2018-11-20,2018-12-04,wesm_exact_workunit,https://prd-tnm.s3.amazonaws.com/index.html?prefix=StagedProducts/Elevation/metadata/NM_SouthEast_2018_D19/NM_SouthEast_B7_2018
NM_SouthEast_B8_2018,2018-11-17,2018-12-23,wesm_exact_workunit,https://prd-tnm.s3.amazonaws.com/index.html?prefix=StagedProducts/Elevation/metadata/NM_SouthEast_2018_D19/NM_SouthEast_B8_2018
NM_USFSEnchantedCircle_1_D24,2024-06-28,2024-09-03,wesm_exact_workunit,https://prd-tnm.s3.amazonaws.com/index.html?prefix=StagedProducts/Elevation/metadata/NM_USFSEnchantedCircle_D24/NM_USFSEnchantedCircle_1_D24
NM_WhiteSandsNM_2020,2020-01-18,2020-01-19,wesm_exact_workunit,https://prd-tnm.s3.amazonaws.com/index.html?prefix=StagedProducts/Elevation/metadata/NM_WhiteSandsNM_2020_D20/NM_WhiteSandsNM_2020
NV_ClarkCo_1_B22,2022-07-08,2022-08-01,wesm_exact_workunit,https://prd-tnm.s3.amazonaws.com/index.html?prefix=StagedProducts/Elevation/metadata/NV_ClarkCounty_B22/NV_ClarkCo_1_B22
NV_ClarkCo_2_B22,2022-07-08,2022-08-01,wesm_exact_workunit,https://prd-tnm.s3.amazonaws.com/index.html?prefix=StagedProducts/Elevation/metadata/NV_ClarkCounty_B22/NV_ClarkCo_2_B22
NV_ClarkCounty_B1_2018,2018-04-14,2018-04-17,wesm_exact_workunit,https://prd-tnm.s3.amazonaws.com/index.html?prefix=StagedProducts/Elevation/metadata/NV_ClarkCounty_2018_C19/NV_ClarkCounty_B1_2018
NV_EastCentral_1_D21,2021-11-03,2022-09-09,wesm_exact_workunit,https://prd-tnm.s3.amazonaws.com/index.html?prefix=StagedProducts/Elevation/metadata/NV_EastCentral_2021_D21/NV_EastCentral_1_D21
NV_EastCentral_2_D21,2021-10-15,2022-10-20,wesm_exact_workunit,https://prd-tnm.s3.amazonaws.com/index.html?prefix=StagedProducts/Elevation/metadata/NV_EastCentral_2021_D21/NV_EastCentral_2_D21
NV_EastCentral_3_D21,2022-05-21,2022-08-18,wesm_exact_workunit,https://prd-tnm.s3.amazonaws.com/index.html?prefix=StagedProducts/Elevation/metadata/NV_EastCentral_2021_D21/NV_EastCentral_3_D21
NV_EastCentral_4_D21,2022-05-16,2022-07-16,wesm_exact_workunit,https://prd-tnm.s3.amazonaws.com/index.html?prefix=StagedProducts/Elevation/metadata/NV_EastCentral_2021_D21/NV_EastCentral_4_D21
NV_EastCentral_5_D21,2021-10-16,2022-10-20,wesm_exact_workunit,https://prd-tnm.s3.amazonaws.com/index.html?prefix=StagedProducts/Elevation/metadata/NV_EastCentral_2021_D21/NV_EastCentral_5_D21
NV_Humboldt_1_2021,2021-09-23,2021-10-11,wesm_exact_workunit,https://prd-tnm.s3.amazonaws.com/index.html?prefix=StagedProducts/Elevation/metadata/NV_Humboldt_2021_D21/NV_Humboldt_1_2021
NV_Humboldt_2_2021,2021-09-13,2021-10-15,wesm_exact_workunit,https://prd-tnm.s3.amazonaws.com/index.html?prefix=StagedProducts/Elevation/metadata/NV_Humboldt_2021_D21/NV_Humboldt_2_2021
NV_Humboldt_3_2021,2021-09-13,2021-10-16,wesm_exact_workunit,https://prd-tnm.s3.amazonaws.com/index.html?prefix=StagedProducts/Elevation/metadata/NV_Humboldt_2021_D21/NV_Humboldt_3_2021
NV_LasVegasValley_2010,2010-06-08,2010-06-09,wesm_normalized_workunit,https://prd-tnm.s3.amazonaws.com/index.html?prefix=StagedProducts/Elevation/metadata/legacy/NV_LASVEGASVALLEY_2010
NV_NWElko_1_D20,2020-10-03,2021-11-08,wesm_exact_workunit,https://prd-tnm.s3.amazonaws.com/index.html?prefix=StagedProducts/Elevation/metadata/NV_NorthWestElko_2020_D20/NV_NWElko_1_D20
NV_NWElko_2_D20,2020-10-09,2021-11-08,wesm_exact_workunit,https://prd-tnm.s3.amazonaws.com/index.html?prefix=StagedProducts/Elevation/metadata/NV_NorthWestElko_2020_D20/NV_NWElko_2_D20
NV_NyeNE_1_D23,2023-06-17,2023-09-16,wesm_exact_workunit,https://prd-tnm.s3.amazonaws.com/index.html?prefix=StagedProducts/Elevation/metadata/NV_NyeNE_D23/NV_NyeNE_1_D23
NV_Southern_1_D23,2023-10-09,2023-11-02,wesm_exact_workunit,https://prd-tnm.s3.amazonaws.com/index.html?prefix=StagedProducts/Elevation/metadata/NV_Southern_D23/NV_Southern_1_D23
NV_Southern_2_D23,2023-10-09,2023-12-17,wesm_exact_workunit,https://prd-tnm.s3.amazonaws.com/index.html?prefix=StagedProducts/Elevation/metadata/NV_Southern_D23/NV_Southern_2_D23
NV_Southern_3_D23,2023-08-30,2023-11-02,wesm_exact_workunit,https://prd-tnm.s3.amazonaws.com/index.html?prefix=StagedProducts/Elevation/metadata/NV_Southern_D23/NV_Southern_3_D23
NV_Southern_5_D23,2023-08-06,2023-10-14,wesm_exact_workunit,https://prd-tnm.s3.amazonaws.com/index.html?prefix=StagedProducts/Elevation/metadata/NV_Southern_D23/NV_Southern_5_D23
NV_USFSR4_1_D23,2023-07-26,2023-08-25,wesm_exact_workunit,https://prd-tnm.s3.amazonaws.com/index.html?prefix=StagedProducts/Elevation/metadata/NV_USFSR4_D23/NV_USFSR4_1_D23
NV_USFSR4_2_D23,2023-08-25,2023-09-09,wesm_exact_workunit,https://prd-tnm.s3.amazonaws.com/index.html?prefix=StagedProducts/Elevation/metadata/NV_USFSR4_D23/NV_USFSR4_2_D23
NV_WestCentralEarthMRI_1_2020,2020-10-15,2020-11-04,wesm_exact_workunit,https://prd-tnm.s3.amazonaws.com/index.html?prefix=StagedProducts/Elevation/metadata/NV_WestCentral_EarthMRI_2020_D20/NV_WestCentralEarthMRI_1_2020
NV_WestCentralEarthMRI_2_2020,2020-10-18,2020-11-20,wesm_exact_workunit,https://prd-tnm.s3.amazonaws.com/index.html?prefix=StagedProducts/Elevation/metadata/NV_WestCentral_EarthMRI_2020_D20/NV_WestCentralEarthMRI_2_2020
NV_WestCentralEarthMRI_3_2020,2020-10-15,2020-11-03,wesm_exact_workunit,https://prd-tnm.s3.amazonaws.com/index.html?prefix=StagedProducts/Elevation/metadata/NV_WestCentral_EarthMRI_2020_D20/NV_WestCentralEarthMRI_3_2020
NV_WestCentralEarthMRI_4_2020,2020-10-18,2020-11-06,wesm_exact_workunit,https://prd-tnm.s3.amazonaws.com/index.html?prefix=StagedProducts/Elevation/metadata/NV_WestCentral_EarthMRI_2020_D20/NV_WestCentralEarthMRI_4_2020
NV_WestCentralEarthMRI_5_2020,2020-10-22,2020-11-20,wesm_exact_workunit,https://prd-tnm.s3.amazonaws.com/index.html?prefix=StagedProducts/Elevation/metadata/NV_WestCentral_EarthMRI_2020_D20/NV_WestCentralEarthMRI_5_2020
NV_WestCentralEarthMRI_6_2020,2020-10-13,2020-10-27,wesm_exact_workunit,https://prd-tnm.s3.amazonaws.com/index.html?prefix=StagedProducts/Elevation/metadata/NV_WestCentral_EarthMRI_2020_D20/NV_WestCentralEarthMRI_6_2020
NY_3County_2019,2019-04-25,2019-05-09,wesm_exact_workunit,https://prd-tnm.s3.amazonaws.com/index.html?prefix=StagedProducts/Elevation/metadata/NY_3County_2019_A19/NY_3County_2019
NY_Columbia_Rensselaer_2016,2015-12-20,2016-03-21,wesm_exact_workunit,https://prd-tnm.s3.amazonaws.com/index.html?prefix=StagedProducts/Elevation/metadata/NY_ColumbiaRensselaer_2016_C18/NY_Columbia_Rensselaer_2016
NY_FEMAR2_Central_2_2018,2019-05-18,2019-09-24,wesm_exact_workunit,https://prd-tnm.s3.amazonaws.com/index.html?prefix=StagedProducts/Elevation/metadata/NY_FEMAR2_Central_2018_D19/NY_FEMAR2_Central_2_2018
NY_FEMAR2_Central_3_2018,2019-04-16,2019-05-19,wesm_exact_workunit,https://prd-tnm.s3.amazonaws.com/index.html?prefix=StagedProducts/Elevation/metadata/NY_FEMAR2_Central_2018_D19/NY_FEMAR2_Central_3_2018
NY_FEMAR2_Central_4_2018,2019-04-25,2020-09-25,wesm_exact_workunit,https://prd-tnm.s3.amazonaws.com/index.html?prefix=StagedProducts/Elevation/metadata/NY_FEMAR2_Central_2018_D19/NY_FEMAR2_Central_4_2018
NY_FEMAR2_Central_5_2018,2019-04-13,2020-09-24,wesm_exact_workunit,https://prd-tnm.s3.amazonaws.com/index.html?prefix=StagedProducts/Elevation/metadata/NY_FEMAR2_Central_2018_D19/NY_FEMAR2_Central_5_2018
NY_FEMAR2_Central_B1_2018,2019-01-04,2019-04-25,wesm_exact_workunit,https://prd-tnm.s3.amazonaws.com/index.html?prefix=StagedProducts/Elevation/metadata/NY_FEMAR2_Central_2018_D19/NY_FEMAR2_Central_B1_2018
NY_FingerLakes_1_2020,2020-05-02,2020-05-14,wesm_exact_workunit,https://prd-tnm.s3.amazonaws.com/index.html?prefix=StagedProducts/Elevation/metadata/NY_FingerLakes_2020_A20/NY_FingerLakes_1_2020
NY_HudsonRiverRegion_1_2020,2018-08-11,2019-10-14,wesm_exact_workunit,https://prd-tnm.s3.amazonaws.com/index.html?prefix=StagedProducts/Elevation/metadata/NY_HudsonRiverRegion_2020_A20/NY_HudsonRiverRegion_1_2020
NY_Hudson_1_D22,2022-11-08,2023-04-15,wesm_exact_workunit,https://prd-tnm.s3.amazonaws.com/index.html?prefix=StagedProducts/Elevation/metadata/NY_Hudson_D22/NY_Hudson_1_D22
NY_NewYorkCity,,,,
NY_Region2Lot1-FEMA_2012,2012-03-20,2012-04-30,wesm_normalized_workunit,https://prd-tnm.s3.amazonaws.com/index.html?prefix=StagedProducts/Elevation/metadata/legacy/NY_REGION2LOT1-FEMA_2012
NY_SE4County_1_A22,2022-04-09,2022-04-30,wesm_exact_workunit,https://prd-tnm.s3.amazonaws.com/index.html?prefix=StagedProducts/Elevation/metadata/NY_SouthEast4County_A22/NY_SE4County_1_A22
NY_Southwest_B2_2017,2017-11-15,2017-12-04,wesm_exact_workunit,https://prd-tnm.s3.amazonaws.com/index.html?prefix=StagedProducts/Elevation/metadata/NY_SouthwestNY_2017_A17/NY_Southwest_B2_2017
OH_ChippewaWatershed_2017,2017-03-27,2017-03-27,wesm_exact_workunit,https://prd-tnm.s3.amazonaws.com/index.html?prefix=StagedProducts/Elevation/metadata/OH_Chippewa_Watershed_Lidar_2017_B17/OH_ChippewaWatershed_2017
OH_StatewideP3_1_B21,2021-12-12,2022-04-30,wesm_exact_workunit,https://prd-tnm.s3.amazonaws.com/index.html?prefix=StagedProducts/Elevation/metadata/OH_Statewide_Phase3_2021_B21/OH_StatewideP3_1_B21
OH_StatewideP3_2_B21,2022-02-21,2022-04-20,wesm_exact_workunit,https://prd-tnm.s3.amazonaws.com/index.html?prefix=StagedProducts/Elevation/metadata/OH_Statewide_Phase3_2021_B21/OH_StatewideP3_2_B21
OH_StatewideP3_3_B21,2021-12-09,2023-01-15,wesm_exact_workunit,https://prd-tnm.s3.amazonaws.com/index.html?prefix=StagedProducts/Elevation/metadata/OH_Statewide_Phase3_2021_B21/OH_StatewideP3_3_B21
OH_StatewideP3_4_B21,2022-04-22,2022-04-23,wesm_exact_workunit,https://prd-tnm.s3.amazonaws.com/index.html?prefix=StagedProducts/Elevation/metadata/OH_Statewide_Phase3_2021_B21/OH_StatewideP3_4_B21
OH_StatewideP3_5_B21,2022-02-20,2022-12-21,wesm_exact_workunit,https://prd-tnm.s3.amazonaws.com/index.html?prefix=StagedProducts/Elevation/metadata/OH_Statewide_Phase3_2021_B21/OH_StatewideP3_5_B21
OH_StatewideP3_7_B21,2022-03-16,2022-05-08,wesm_exact_workunit,https://prd-tnm.s3.amazonaws.com/index.html?prefix=StagedProducts/Elevation/metadata/OH_Statewide_Phase3_2021_B21/OH_StatewideP3_7_B21
OH_StatewideP3_8_B21,2020-12-10,2021-01-13,wesm_exact_workunit,https://prd-tnm.s3.amazonaws.com/index.html?prefix=StagedProducts/Elevation/metadata/OH_Statewide_Phase3_2021_B21/OH_StatewideP3_8_B21
OH_Statewide_Phase1_1_2019,2019-11-09,2020-05-02,wesm_exact_workunit,https://prd-tnm.s3.amazonaws.com/index.html?prefix=StagedProducts/Elevation/metadata/OH_Statewide_Phase1_2019_B19/OH_Statewide_Phase1_1_2019
OH_Statewide_Phase1_2_2019,2019-11-04,2020-02-21,wesm_exact_workunit,https://prd-tnm.s3.amazonaws.com/index.html?prefix=StagedProducts/Elevation/metadata/OH_Statewide_Phase1_2019_B19/OH_Statewide_Phase1_2_2019
OH_Statewide_Phase1_3_2019,2019-11-08,2020-04-19,wesm_exact_workunit,https://prd-tnm.s3.amazonaws.com/index.html?prefix=StagedProducts/Elevation/metadata/OH_Statewide_Phase1_2019_B19/OH_Statewide_Phase1_3_2019
OH_Statewide_Phase1_4_2019,2020-02-23,2020-04-27,wesm_exact_workunit,https://prd-tnm.s3.amazonaws.com/index.html?prefix=StagedProducts/Elevation/metadata/OH_Statewide_Phase1_2019_B19/OH_Statewide_Phase1_4_2019
OH_Statewide_Phase1_5_2019,2019-11-04,2020-04-27,wesm_exact_workunit,https://prd-tnm.s3.amazonaws.com/index.html?prefix=StagedProducts/Elevation/metadata/OH_Statewide_Phase1_2019_B19/OH_Statewide_Phase1_5_2019
OH_Statewide_Phase1_6_2019,2020-02-22,2020-04-19,wesm_exact_workunit,https://prd-tnm.s3.amazonaws.com/index.html?prefix=StagedProducts/Elevation/metadata/OH_Statewide_Phase1_2019_B19/OH_Statewide_Phase1_6_2019
OH_Statewide_Phase1_7_2019,2019-11-26,2020-05-02,wesm_exact_workunit,https://prd-tnm.s3.amazonaws.com/index.html?prefix=StagedProducts/Elevation/metadata/OH_Statewide_Phase1_2019_B19/OH_Statewide_Phase1_7_2019
OH_Statewide_Phase1_8_2019,2019-11-09,2021-12-21,wesm_exact_workunit,https://prd-tnm.s3.amazonaws.com/index.html?prefix=StagedProducts/Elevation/metadata/OH_Statewide_Phase1_2019_B19/OH_Statewide_Phase1_8_2019
OH_Statewide_Phase2_1_2020,2020-12-11,2021-04-11,wesm_exact_workunit,https://prd-tnm.s3.amazonaws.com/index.html?prefix=StagedProducts/Elevation/metadata/OH_Statewide_Phase2_2020_B20/OH_Statewide_Phase2_1_2020
OH_Statewide_Phase2_2_2020,2021-03-07,2021-04-13,wesm_exact_workunit,https://prd-tnm.s3.amazonaws.com/index.html?prefix=StagedProducts/Elevation/metadata/OH_Statewide_Phase2_2020_B20/OH_Statewide_Phase2_2_2020
OH_Statewide_Phase2_3_2020,2021-01-23,2021-03-29,wesm_exact_workunit,https://prd-tnm.s3.amazonaws.com/index.html?prefix=StagedProducts/Elevation/metadata/OH_Statewide_Phase2_2020_B20/OH_Statewide_Phase2_3_2020
OH_Statewide_Phase2_4_2020,2021-03-10,2021-04-03,wesm_exact_workunit,https://prd-tnm.s3.amazonaws.com/index.html?prefix=StagedProducts/Elevation/metadata/OH_Statewide_Phase2_2020_B20/OH_Statewide_Phase2_4_2020
OH_Statewide_Phase2_5_2020,2021-03-21,2021-04-19,wesm_exact_workunit,https://prd-tnm.s3.amazonaws.com/index.html?prefix=StagedProducts/Elevation/metadata/OH_Statewide_Phase2_2020_B20/OH_Statewide_Phase2_5_2020
OH_Statewide_Phase2_6_2020,2020-11-19,2021-04-05,wesm_exact_workunit,https://prd-tnm.s3.amazonaws.com/index.html?prefix=StagedProducts/Elevation/metadata/OH_Statewide_Phase2_2020_B20/OH_Statewide_Phase2_6_2020
OH_Statewide_Phase2_7_2020,2020-11-24,2021-04-19,wesm_exact_workunit,https://prd-tnm.s3.amazonaws.com/index.html?prefix=StagedProducts/Elevation/metadata/OH_Statewide_Phase2_2020_B20/OH_Statewide_Phase2_7_2020
OH_Statewide_Phase2_8_2020,2020-05-19,2021-04-19,wesm_exact_workunit,https://prd-tnm.s3.amazonaws.com/index.html?prefix=StagedProducts/Elevation/metadata/OH_Statewide_Phase2_2020_B20/OH_Statewide_Phase2_8_2020
OK_GrandLake_2010,2010-12-03,2010-12-29,wesm_normalized_workunit,https://prd-tnm.s3.amazonaws.com/index.html?prefix=StagedProducts/Elevation/metadata/legacy/OK_GRANDLAKE_2010
OK_McIntosh_2011,2011-12-09,2011-12-09,wesm_normalized_workunit,https://prd-tnm.s3.amazonaws.com/index.html?prefix=StagedProducts/Elevation/metadata/legacy/OK_MCINTOSH_2011
OK_Panhandle_B1A_2018,2019-01-16,2019-03-01,wesm_exact_workunit,https://prd-tnm.s3.amazonaws.com/index.html?prefix=StagedProducts/Elevation/metadata/OK_Panhandle_2018_D18/OK_Panhandle_B1A_2018
OK_Panhandle_B1B_2018,2019-01-30,2019-03-07,wesm_exact_workunit,https://prd-tnm.s3.amazonaws.com/index.html?prefix=StagedProducts/Elevation/metadata/OK_Panhandle_2018_D18/OK_Panhandle_B1B_2018
OK_Panhandle_B1C_2018,2019-02-25,2019-03-07,wesm_exact_workunit,https://prd-tnm.s3.amazonaws.com/index.html?prefix=StagedProducts/Elevation/metadata/OK_Panhandle_2018_D18/OK_Panhandle_B1C_2018
OK_Panhandle_B2_2018,2019-01-08,2019-03-07,wesm_exact_workunit,https://prd-tnm.s3.amazonaws.com/index.html?prefix=StagedProducts/Elevation/metadata/OK_Panhandle_2018_D18/OK_Panhandle_B2_2018
OK_Pottawatomie_2011,2011-12-08,2011-12-10,wesm_normalized_workunit,https://prd-tnm.s3.amazonaws.com/index.html?prefix=StagedProducts/Elevation/metadata/legacy/OK_POTTAWATOMIE_2011
OK_Statewide_1_D22,2022-12-14,2023-01-18,wesm_exact_workunit,https://prd-tnm.s3.amazonaws.com/index.html?prefix=StagedProducts/Elevation/metadata/OK_Statewide_D22/OK_Statewide_1_D22
OK_Statewide_2_D22,2022-12-17,2023-01-26,wesm_exact_workunit,https://prd-tnm.s3.amazonaws.com/index.html?prefix=StagedProducts/Elevation/metadata/OK_Statewide_D22/OK_Statewide_2_D22
OK_Stillwater_2010,2010-12-18,2010-12-22,wesm_normalized_workunit,https://prd-tnm.s3.amazonaws.com/index.html?prefix=StagedProducts/Elevation/metadata/legacy/OK_STILLWATER_2010
OK_WashitaRiver_14NAD83_2009,2009-12-04,2010-03-22,wesm_normalized_workunit,https://prd-tnm.s3.amazonaws.com/index.html?prefix=StagedProducts/Elevation/metadata/legacy/OK_WASHITARIVER_14NAD83_2009
OK_WashitaRiver_14WGS84_2009,2009-12-04,2010-03-22,wesm_normalized_workunit,https://prd-tnm.s3.amazonaws.com/index.html?prefix=StagedProducts/Elevation/metadata/legacy/OK_WASHITARIVER_14WGS84_2009
OK_WashitaRiver_UTM15_2009,2009-12-04,2010-03-22,wesm_normalized_workunit,https://prd-tnm.s3.amazonaws.com/index.html?prefix=StagedProducts/Elevation/metadata/legacy/OK_WASHITARIVER_UTM15_2009
OR_HarneySilver_1_2020,2014-10-15,2017-08-29,wesm_exact_workunit,https://prd-tnm.s3.amazonaws.com/index.html?prefix=StagedProducts/Elevation/metadata/OR_HarneySilver_2020_A20/OR_HarneySilver_1_2020
OR_HarneySilver_2_2020,2014-10-31,2017-09-11,wesm_exact_workunit,https://prd-tnm.s3.amazonaws.com/index.html?prefix=StagedProducts/Elevation/metadata/OR_HarneySilver_2020_A20/OR_HarneySilver_2_2020
OR_HarneySilver_3_2020,2017-08-28,2018-08-03,wesm_exact_workunit,https://prd-tnm.s3.amazonaws.com/index.html?prefix=StagedProducts/Elevation/metadata/OR_HarneySilver_2020_A20/OR_HarneySilver_3_2020
OR_HarneySilver_4_2020,2020-07-27,2020-07-28,wesm_exact_workunit,https://prd-tnm.s3.amazonaws.com/index.html?prefix=StagedProducts/Elevation/metadata/OR_HarneySilver_2020_A20/OR_HarneySilver_4_2020
OR_Klamath_2018,2018-09-15,2018-10-13,wesm_exact_workunit,https://prd-tnm.s3.amazonaws.com/index.html?prefix=StagedProducts/Elevation/metadata/OR_Klamath_2018_C20/OR_Klamath_2018
OR_MKRC_Topobathy_2021,2021-07-26,2021-07-28,wesm_exact_workunit,https://prd-tnm.s3.amazonaws.com/index.html?prefix=StagedProducts/Elevation/metadata/OR_McKenzieRiverCorridor_Topobathy_2021_D21/OR_MKRC_Topobathy_2021
OR_Malheur_1_A22,2022-07-01,2022-07-09,wesm_exact_workunit,https://prd-tnm.s3.amazonaws.com/index.html?prefix=StagedProducts/Elevation/metadata/OR_Malheur_A22/OR_Malheur_1_A22
OR_Malheur_USFS_2010,2010-07-27,2010-08-19,wesm_normalized_workunit,https://prd-tnm.s3.amazonaws.com/index.html?prefix=StagedProducts/Elevation/metadata/legacy/OR_MALHEUR_USFS_2010
OR_McKenzieRiver_1_2021,2021-07-04,2021-07-06,wesm_exact_workunit,https://prd-tnm.s3.amazonaws.com/index.html?prefix=StagedProducts/Elevation/metadata/OR_McKenzieRiver_2021_B21/OR_McKenzieRiver_1_2021
OR_NRCSUSGS_1_2019,2019-10-11,2019-11-02,wesm_exact_workunit,https://prd-tnm.s3.amazonaws.com/index.html?prefix=StagedProducts/Elevation/metadata/OR_NRCSUSGS_2019_D19/OR_NRCSUSGS_1_2019
OR_NRCSUSGS_2_2019,2019-11-05,2019-11-09,wesm_exact_workunit,https://prd-tnm.s3.amazonaws.com/index.html?prefix=StagedProducts/Elevation/metadata/OR_NRCSUSGS_2019_D19/OR_NRCSUSGS_2_2019
OR_NRCSUSGS_3_2019,2019-11-02,2019-11-30,wesm_exact_workunit,https://prd-tnm.s3.amazonaws.com/index.html?prefix=StagedProducts/Elevation/metadata/OR_NRCSUSGS_2019_D19/OR_NRCSUSGS_3_2019
OR_NRCSUSGS_4_2019,2019-10-30,2020-07-29,wesm_exact_workunit,https://prd-tnm.s3.amazonaws.com/index.html?prefix=StagedProducts/Elevation/metadata/OR_NRCSUSGS_2019_D19/OR_NRCSUSGS_4_2019
OR_NRCSUSGS_5_2019,2019-10-10,2019-10-12,wesm_exact_workunit,https://prd-tnm.s3.amazonaws.com/index.html?prefix=StagedProducts/Elevation/metadata/OR_NRCSUSGS_2019_D19/OR_NRCSUSGS_5_2019
OR_OLCMetro_2019,2020-05-08,2020-09-03,wesm_exact_workunit,https://prd-tnm.s3.amazonaws.com/index.html?prefix=StagedProducts/Elevation/metadata/OR_OLCMetro_2019_A19/OR_OLCMetro_2019
OR_PoleCreek_2013,2013-10-08,2013-10-11,wesm_exact_workunit,https://prd-tnm.s3.amazonaws.com/index.html?prefix=StagedProducts/Elevation/metadata/Pole_Creek_8ppsm_LiDAR/OR_PoleCreek_2013
OR_SWCentralSycan_1_B21,2020-07-09,2022-07-22,wesm_exact_workunit,https://prd-tnm.s3.amazonaws.com/index.html?prefix=StagedProducts/Elevation/metadata/OR_SouthwestCentralSycan_2021_B21/OR_SWCentralSycan_1_B21
OR_SWCentralSycan_2_B21,2020-06-22,2022-07-22,wesm_exact_workunit,https://prd-tnm.s3.amazonaws.com/index.html?prefix=StagedProducts/Elevation/metadata/OR_SouthwestCentralSycan_2021_B21/OR_SWCentralSycan_2_B21
OR_SWCentralSycan_3_B21,2021-10-15,2021-10-19,wesm_exact_workunit,https://prd-tnm.s3.amazonaws.com/index.html?prefix=StagedProducts/Elevation/metadata/OR_SouthwestCentralSycan_2021_B21/OR_SWCentralSycan_3_B21
OR_SWCentralSycan_4_B21,2022-07-19,2022-07-19,wesm_exact_workunit,https://prd-tnm.s3.amazonaws.com/index.html?prefix=StagedProducts/Elevation/metadata/OR_SouthwestCentralSycan_2021_B21/OR_SWCentralSycan_4_B21
OR_SouthEast_1_D22,2022-10-10,2023-06-16,wesm_exact_workunit,https://prd-tnm.s3.amazonaws.com/index.html?prefix=StagedProducts/Elevation/metadata/OR_SouthEast_D22/OR_SouthEast_1_D22
OR_SouthEast_2_D22,2022-11-06,2023-06-15,wesm_exact_workunit,https://prd-tnm.s3.amazonaws.com/index.html?prefix=StagedProducts/Elevation/metadata/OR_SouthEast_D22/OR_SouthEast_2_D22
OR_SouthEast_3_D22,2022-11-08,2023-07-26,wesm_exact_workunit,https://prd-tnm.s3.amazonaws.com/index.html?prefix=StagedProducts/Elevation/metadata/OR_SouthEast_D22/OR_SouthEast_3_D22
OR_SouthEast_4_D22,2023-06-15,2023-07-23,wesm_exact_workunit,https://prd-tnm.s3.amazonaws.com/index.html?prefix=StagedProducts/Elevation/metadata/OR_SouthEast_D22/OR_SouthEast_4_D22
OR_SouthEast_5_D22,2023-06-15,2023-07-27,wesm_exact_workunit,https://prd-tnm.s3.amazonaws.com/index.html?prefix=StagedProducts/Elevation/metadata/OR_SouthEast_D22/OR_SouthEast_5_D22
OR_SouthEast_6_D22,2023-06-02,2023-08-11,wesm_exact_workunit,https://prd-tnm.s3.amazonaws.com/index.html?prefix=StagedProducts/Elevation/metadata/OR_SouthEast_D22/OR_SouthEast_6_D22
OR_SouthEast_7_D22,2023-06-01,2023-09-10,wesm_exact_workunit,https://prd-tnm.s3.amazonaws.com/index.html?prefix=StagedProducts/Elevation/metadata/OR_SouthEast_D22/OR_SouthEast_7_D22
OR_SouthEast_8_D22,2023-06-06,2023-09-28,wesm_exact_workunit,https://prd-tnm.s3.amazonaws.com/index.html?prefix=StagedProducts/Elevation/metadata/OR_SouthEast_D22/OR_SouthEast_8_D22
OR_UmatillaWallowaWhitman_1_B22,2022-08-11,2022-08-29,wesm_exact_workunit,https://prd-tnm.s3.amazonaws.com/index.html?prefix=StagedProducts/Elevation/metadata/OR_UmatillaWallowaWhitman_B22/OR_UmatillaWallowaWhitman_1_B22
OR_UpperJohnDay_1_2020,2019-11-05,2020-08-20,wesm_exact_workunit,https://prd-tnm.s3.amazonaws.com/index.html?prefix=StagedProducts/Elevation/metadata/OR_UpperJohnDay_2020_A20/OR_UpperJohnDay_1_2020
OR_WWildfires_1_A22,2020-06-02,2022-09-07,wesm_exact_workunit,https://prd-tnm.s3.amazonaws.com/index.html?prefix=StagedProducts/Elevation/metadata/OR_WesternWildfires_A22/OR_WWildfires_1_A22
OR_WWildfires_2_A22,2022-05-08,2022-09-03,wesm_exact_workunit,https://prd-tnm.s3.amazonaws.com/index.html?prefix=StagedProducts/Elevation/metadata/OR_WesternWildfires_A22/OR_WWildfires_2_A22
PA_3_County_South_Central_2018,2017-11-23,2018-04-13,wesm_exact_workunit,https://prd-tnm.s3.amazonaws.com/index.html?prefix=StagedProducts/Elevation/metadata/PA_3_County_South_Central_2018_D18/PA_3_County_South_Central_2018
PA_Northcentral_B1_2019,2019-03-20,2019-03-28,wesm_exact_workunit,https://prd-tnm.s3.amazonaws.com/index.html?prefix=StagedProducts/Elevation/metadata/PA_Northcentral_2019_B19/PA_Northcentral_B1_2019
PA_Northcentral_B2_2019,2019-03-26,2019-04-11,wesm_exact_workunit,https://prd-tnm.s3.amazonaws.com/index.html?prefix=StagedProducts/Elevation/metadata/PA_Northcentral_2019_B19/PA_Northcentral_B2_2019
PA_Northcentral_B3QL1_2019,2019-03-23,2019-03-28,wesm_exact_workunit,https://prd-tnm.s3.amazonaws.com/index.html?prefix=StagedProducts/Elevation/metadata/PA_Northcentral_2019_B19/PA_Northcentral_B3QL1_2019
PA_Northcentral_B3_2019,2019-03-26,2019-05-08,wesm_exact_workunit,https://prd-tnm.s3.amazonaws.com/index.html?prefix=StagedProducts/Elevation/metadata/PA_Northcentral_2019_B19/PA_Northcentral_B3_2019
PA_Northcentral_B4_2019,2019-03-26,2019-11-16,wesm_exact_workunit,https://prd-tnm.s3.amazonaws.com/index.html?prefix=StagedProducts/Elevation/metadata/PA_Northcentral_2019_B19/PA_Northcentral_B4_2019
PA_Northcentral_B5_2019,2019-03-24,2019-11-23,wesm_exact_workunit,https://prd-tnm.s3.amazonaws.com/index.html?prefix=StagedProducts/Elevation/metadata/PA_Northcentral_2019_B19/PA_Northcentral_B5_2019
PA_WesternPA_1_2019,2019-11-18,2020-03-09,wesm_exact_workunit,https://prd-tnm.s3.amazonaws.com/index.html?prefix=StagedProducts/Elevation/metadata/PA_WesternPA_2019_D20/PA_WesternPA_1_2019
PA_WesternPA_2_2019,2019-11-25,2020-03-22,wesm_exact_workunit,https://prd-tnm.s3.amazonaws.com/index.html?prefix=StagedProducts/Elevation/metadata/PA_WesternPA_2019_D20/PA_WesternPA_2_2019
PA_WesternPA_3_2019,2020-04-25,2020-04-27,wesm_exact_workunit,https://prd-tnm.s3.amazonaws.com/index.html?prefix=StagedProducts/Elevation/metadata/PA_WesternPA_2019_D20/PA_WesternPA_3_2019
PA_WesternPA_4_2019,2020-01-07,2020-05-02,wesm_exact_workunit,https://prd-tnm.s3.amazonaws.com/index.html?prefix=StagedProducts/Elevation/metadata/PA_WesternPA_2019_D20/PA_WesternPA_4_2019
PI_CNMI_hydroflattened_2019,2019-07-11,2020-07-11,wesm_exact_workunit,https://prd-tnm.s3.amazonaws.com/index.html?prefix=StagedProducts/Elevation/metadata/PI_CNMI_2019_D19/PI_CNMI_hydroflattened_2019
PI_CNMI_hydroflattened_ellipsoid_2019,2019-07-26,2020-07-02,wesm_exact_workunit,https://prd-tnm.s3.amazonaws.com/index.html?prefix=StagedProducts/Elevation/metadata/PI_CNMI_2019_D19/PI_CNMI_hydroflattened_ellipsoid_2019
PI_CNMI_topobathymetric_2019,2019-07-11,2020-07-11,wesm_exact_workunit,https://prd-tnm.s3.amazonaws.com/index.html?prefix=StagedProducts/Elevation/metadata/PI_CNMI_2019_D19/PI_CNMI_topobathymetric_2019
PI_CNMI_topobathymetric_ellipsoid_2019,2019-07-26,2020-07-02,wesm_exact_workunit,https://prd-tnm.s3.amazonaws.com/index.html?prefix=StagedProducts/Elevation/metadata/PI_CNMI_2019_D19/PI_CNMI_topobathymetric_ellipsoid_2019
RI_Statewide_1_D22,2022-03-26,2022-03-30,wesm_exact_workunit,https://prd-tnm.s3.amazonaws.com/index.html?prefix=StagedProducts/Elevation/metadata/RI_Statewide_D22/RI_Statewide_1_D22
SC_AndersonCo_2011,2011-03-08,2011-03-13,wesm_normalized_workunit,https://prd-tnm.s3.amazonaws.com/index.html?prefix=StagedProducts/Elevation/metadata/legacy/SC_ANDERSONCO_2011
SC_BerkeleyCo_2009,2009-02-25,2009-04-11,wesm_normalized_workunit,https://prd-tnm.s3.amazonaws.com/index.html?prefix=StagedProducts/Elevation/metadata/legacy/SC_BERKELEYCO_2009
SC_Berkeley_2016,2016-12-16,2017-03-09,wesm_exact_workunit,https://prd-tnm.s3.amazonaws.com/index.html?prefix=StagedProducts/Elevation/metadata/SC_CoastalCounties_2017_A17/SC_Berkeley_2016
SC_Berkeley_B2_2016,2017-02-27,2017-03-05,wesm_exact_workunit,https://prd-tnm.s3.amazonaws.com/index.html?prefix=StagedProducts/Elevation/metadata/SC_CoastalCounties_2017_A17/SC_Berkeley_B2_2016
SC_CherokeeCo_2008,2008-01-15,2008-02-10,wesm_normalized_workunit,https://prd-tnm.s3.amazonaws.com/index.html?prefix=StagedProducts/Elevation/metadata/legacy/SC_CHEROKEECO_2008
SC_ChesterCo_2008,2008-01-15,2008-02-10,wesm_normalized_workunit,https://prd-tnm.s3.amazonaws.com/index.html?prefix=StagedProducts/Elevation/metadata/legacy/SC_CHESTERCO_2008
SC_ChesterfieldCo_2008,2008-01-15,2008-02-10,wesm_normalized_workunit,https://prd-tnm.s3.amazonaws.com/index.html?prefix=StagedProducts/Elevation/metadata/legacy/SC_CHESTERFIELDCO_2008
SC_ClarendonCo_2008,2008-01-15,2008-02-20,wesm_normalized_workunit,https://prd-tnm.s3.amazonaws.com/index.html?prefix=StagedProducts/Elevation/metadata/legacy/SC_CLARENDONCO_2008
SC_DarlingtonCo_2008,2008-01-15,2008-02-10,wesm_normalized_workunit,https://prd-tnm.s3.amazonaws.com/index.html?prefix=StagedProducts/Elevation/metadata/legacy/SC_DARLINGTONCO_2008
SC_DillonCo_2008,2008-01-15,2008-02-10,wesm_normalized_workunit,https://prd-tnm.s3.amazonaws.com/index.html?prefix=StagedProducts/Elevation/metadata/legacy/SC_DILLONCO_2008
SC_FairfieldCo_2008,2008-01-15,2008-02-10,wesm_normalized_workunit,https://prd-tnm.s3.amazonaws.com/index.html?prefix=StagedProducts/Elevation/metadata/legacy/SC_FAIRFIELDCO_2008
SC_FlorenceCo_2009,2009-03-16,2009-03-19,wesm_normalized_workunit,https://prd-tnm.s3.amazonaws.com/index.html?prefix=StagedProducts/Elevation/metadata/legacy/SC_FLORENCECO_2009
SC_GreenwoodCo_2008,2008-01-15,2008-02-10,wesm_normalized_workunit,https://prd-tnm.s3.amazonaws.com/index.html?prefix=StagedProducts/Elevation/metadata/legacy/SC_GREENWOODCO_2008
SC_Kershaw_2010,2010-02-21,2010-03-24,wesm_normalized_workunit,https://prd-tnm.s3.amazonaws.com/index.html?prefix=StagedProducts/Elevation/metadata/legacy/SC_KERSHAW_2010
SC_LancasterCo_2008,2008-01-15,2008-02-10,wesm_normalized_workunit,https://prd-tnm.s3.amazonaws.com/index.html?prefix=StagedProducts/Elevation/metadata/legacy/SC_LANCASTERCO_2008
SC_LaurensCo_2008,2008-01-15,2008-02-10,wesm_normalized_workunit,https://prd-tnm.s3.amazonaws.com/index.html?prefix=StagedProducts/Elevation/metadata/legacy/SC_LAURENSCO_2008
SC_LexingtonCo_2010,2010-03-14,2010-03-27,wesm_normalized_workunit,https://prd-tnm.s3.amazonaws.com/index.html?prefix=StagedProducts/Elevation/metadata/legacy/SC_LEXINGTONCO_2010
SC_MarionCo_2008,2008-01-15,2008-02-10,wesm_normalized_workunit,https://prd-tnm.s3.amazonaws.com/index.html?prefix=StagedProducts/Elevation/metadata/legacy/SC_MARIONCO_2008
SC_MarlboroCo_2008,2008-01-15,2008-02-10,wesm_normalized_workunit,https://prd-tnm.s3.amazonaws.com/index.html?prefix=StagedProducts/Elevation/metadata/legacy/SC_MARLBOROCO_2008
SC_NewberryCo_2008,2008-01-15,2008-02-10,wesm_normalized_workunit,https://prd-tnm.s3.amazonaws.com/index.html?prefix=StagedProducts/Elevation/metadata/legacy/SC_NEWBERRYCO_2008
SC_OconeeCo_2011,2011-03-08,2011-03-13,wesm_normalized_workunit,https://prd-tnm.s3.amazonaws.com/index.html?prefix=StagedProducts/Elevation/metadata/legacy/SC_OCONEECO_2011
SC_OrangeburgCo_2008,2008-01-15,2008-02-10,wesm_normalized_workunit,https://prd-tnm.s3.amazonaws.com/index.html?prefix=StagedProducts/Elevation/metadata/legacy/SC_ORANGEBURGCO_2008
SC_PickensCo_2011,2011-03-08,2011-03-13,wesm_normalized_workunit,https://prd-tnm.s3.amazonaws.com/index.html?prefix=StagedProducts/Elevation/metadata/legacy/SC_PICKENSCO_2011
SC_RichlandCo_2010,2010-03-23,2010-03-27,wesm_normalized_workunit,https://prd-tnm.s3.amazonaws.com/index.html?prefix=StagedProducts/Elevation/metadata/legacy/SC_RICHLANDCO_2010
SC_SaludaCo_2010,2010-02-20,2010-03-27,wesm_normalized_workunit,https://prd-tnm.s3.amazonaws.com/index.html?prefix=StagedProducts/Elevation/metadata/legacy/SC_SALUDACO_2010
SC_SavannahPeeDee_1_2019,2020-01-01,2020-02-03,wesm_exact_workunit,https://prd-tnm.s3.amazonaws.com/index.html?prefix=StagedProducts/Elevation/metadata/SC_SavannahPeeDee_2019_B19/SC_SavannahPeeDee_1_2019
SC_SavannahPeeDee_2_2019,2020-01-05,2020-01-22,wesm_exact_workunit,https://prd-tnm.s3.amazonaws.com/index.html?prefix=StagedProducts/Elevation/metadata/SC_SavannahPeeDee_2019_B19/SC_SavannahPeeDee_2_2019
SC_SavannahPeeDee_3_2019,2020-01-01,2020-02-03,wesm_exact_workunit,https://prd-tnm.s3.amazonaws.com/index.html?prefix=StagedProducts/Elevation/metadata/SC_SavannahPeeDee_2019_B19/SC_SavannahPeeDee_3_2019
SC_SavannahPeeDee_4_2019,2020-01-20,2020-01-20,wesm_exact_workunit,https://prd-tnm.s3.amazonaws.com/index.html?prefix=StagedProducts/Elevation/metadata/SC_SavannahPeeDee_2019_B19/SC_SavannahPeeDee_4_2019
SC_SavannahPeeDee_5_2019,2020-01-16,2020-02-03,wesm_exact_workunit,https://prd-tnm.s3.amazonaws.com/index.html?prefix=StagedProducts/Elevation/metadata/SC_SavannahPeeDee_2019_B19/SC_SavannahPeeDee_5_2019
SC_SavannahPeeDee_6_2019,2020-01-05,2020-03-20,wesm_exact_workunit,https://prd-tnm.s3.amazonaws.com/index.html?prefix=StagedProducts/Elevation/metadata/SC_SavannahPeeDee_2019_B19/SC_SavannahPeeDee_6_2019
SC_SavannahPeeDee_6_ReFlight_2019,2020-01-28,2022-01-12,wesm_exact_workunit,https://prd-tnm.s3.amazonaws.com/index.html?prefix=StagedProducts/Elevation/metadata/SC_SavannahPeeDee_2019_B19/SC_SavannahPeeDee_6_ReFlight_2019
SC_SavannahPeeDee_7_2019,2020-01-20,2020-03-12,wesm_exact_workunit,https://prd-tnm.s3.amazonaws.com/index.html?prefix=StagedProducts/Elevation/metadata/SC_SavannahPeeDee_2019_B19/SC_SavannahPeeDee_7_2019
SC_SavannahPeeDee_8_2019,2020-01-20,2020-01-20,wesm_exact_workunit,https://prd-tnm.s3.amazonaws.com/index.html?prefix=StagedProducts/Elevation/metadata/SC_SavannahPeeDee_2019_B19/SC_SavannahPeeDee_8_2019
SC_UnionCo_2008,2008-01-15,2008-02-10,wesm_normalized_workunit,https://prd-tnm.s3.amazonaws.com/index.html?prefix=StagedProducts/Elevation/metadata/legacy/SC_UNIONCO_2008
SC_WilliamsburgCo_2008,2008-01-15,2008-02-10,wesm_normalized_workunit,https://prd-tnm.s3.amazonaws.com/index.html?prefix=StagedProducts/Elevation/metadata/legacy/SC_WILLIAMSBURGCO_2008
SC_YorkCo_2011,2011-03-08,2011-03-13,wesm_normalized_workunit,https://prd-tnm.s3.amazonaws.com/index.html?prefix=StagedProducts/Elevation/metadata/legacy/SC_YORKCO_2011
SD_Beadle_County_2012,2012-08-31,2012-09-28,wesm_normalized_workunit,https://prd-tnm.s3.amazonaws.com/index.html?prefix=StagedProducts/Elevation/metadata/legacy/SD_BEADLE_COUNTY_2012
SD_Brookings_2012,2012-09-28,2012-09-28,wesm_normalized_workunit,https://prd-tnm.s3.amazonaws.com/index.html?prefix=StagedProducts/Elevation/metadata/legacy/SD_BROOKINGS_2012
SD_CentralNorth_1_D22,2022-04-21,2022-11-01,wesm_exact_workunit,https://prd-tnm.s3.amazonaws.com/index.html?prefix=StagedProducts/Elevation/metadata/SD_CentralNorth_D22/SD_CentralNorth_1_D22
SD_CentralNorth_2_D22,2022-04-21,2023-11-11,wesm_exact_workunit,https://prd-tnm.s3.amazonaws.com/index.html?prefix=StagedProducts/Elevation/metadata/SD_CentralNorth_D22/SD_CentralNorth_2_D22
SD_Clark_County_2012,2012-10-15,2012-10-15,wesm_normalized_workunit,https://prd-tnm.s3.amazonaws.com/index.html?prefix=StagedProducts/Elevation/metadata/legacy/SD_CLARK_COUNTY_2012
SD_Clay_County_2012,2012-09-28,2012-09-28,wesm_normalized_workunit,https://prd-tnm.s3.amazonaws.com/index.html?prefix=StagedProducts/Elevation/metadata/legacy/SD_CLAY_COUNTY_2012
SD_Codington_County_2012,2012-10-15,2012-10-15,wesm_normalized_workunit,https://prd-tnm.s3.amazonaws.com/index.html?prefix=StagedProducts/Elevation/metadata/legacy/SD_CODINGTON_COUNTY_2012
SD_Davison_County_2012,2012-09-28,2012-09-28,wesm_normalized_workunit,https://prd-tnm.s3.amazonaws.com/index.html?prefix=StagedProducts/Elevation/metadata/legacy/SD_DAVISON_COUNTY_2012
SD_Deuel_County_2012,2012-09-28,2012-09-28,wesm_normalized_workunit,https://prd-tnm.s3.amazonaws.com/index.html?prefix=StagedProducts/Elevation/metadata/legacy/SD_DEUEL_COUNTY_2012
SD_EasternP2_1_2021,2021-04-10,2021-05-01,wesm_exact_workunit,https://prd-tnm.s3.amazonaws.com/index.html?prefix=StagedProducts/Elevation/metadata/SD_EasternP2_2021_D21/SD_EasternP2_1_2021
SD_EasternP2_2_2021,2021-05-01,2022-12-01,wesm_exact_workunit,https://prd-tnm.s3.amazonaws.com/index.html?prefix=StagedProducts/Elevation/metadata/SD_EasternP2_2021_D21/SD_EasternP2_2_2021
SD_EasternSD_1_2020,2020-04-18,2020-05-14,wesm_exact_workunit,https://prd-tnm.s3.amazonaws.com/index.html?prefix=StagedProducts/Elevation/metadata/SD_EasternSD_2020_B20/SD_EasternSD_1_2020
SD_EasternSD_2_2020,2020-05-14,2020-12-01,wesm_exact_workunit,https://prd-tnm.s3.amazonaws.com/index.html?prefix=StagedProducts/Elevation/metadata/SD_EasternSD_2020_B20/SD_EasternSD_2_2020
SD_EasternSD_3_2020,2020-04-10,2020-12-22,wesm_exact_workunit,https://prd-tnm.s3.amazonaws.com/index.html?prefix=StagedProducts/Elevation/metadata/SD_EasternSD_2020_B20/SD_EasternSD_3_2020
SD_Grant_County_2012,2012-09-28,2012-09-28,wesm_normalized_workunit,https://prd-tnm.s3.amazonaws.com/index.html?prefix=StagedProducts/Elevation/metadata/legacy/SD_GRANT_COUNTY_2012
SD_Hanson_County_2012,2012-08-31,2012-09-28,wesm_normalized_workunit,https://prd-tnm.s3.amazonaws.com/index.html?prefix=StagedProducts/Elevation/metadata/legacy/SD_HANSON_COUNTY_2012
SD_Hutchinson_County_2012,2012-09-28,2012-09-28,wesm_normalized_workunit,https://prd-tnm.s3.amazonaws.com/index.html?prefix=StagedProducts/Elevation/metadata/legacy/SD_HUTCHINSON_COUNTY_2012
SD_James_River_NRCS_G_2010,2010-11-06,2010-11-08,wesm_normalized_workunit,https://prd-tnm.s3.amazonaws.com/index.html?prefix=StagedProducts/Elevation/metadata/legacy/SD_JAMES_RIVER_NRCS_G_2010
SD_James_River_NRCS_H_2010,2010-11-08,2010-11-20,wesm_normalized_workunit,https://prd-tnm.s3.amazonaws.com/index.html?prefix=StagedProducts/Elevation/metadata/legacy/SD_JAMES_RIVER_NRCS_H_2010
SD_James_River_NRCS_I_2010,2010-11-19,2010-11-20,wesm_normalized_workunit,https://prd-tnm.s3.amazonaws.com/index.html?prefix=StagedProducts/Elevation/metadata/legacy/SD_JAMES_RIVER_NRCS_I_2010
SD_James_River_NRCS_J_2010,2010-11-27,2010-11-28,wesm_normalized_workunit,https://prd-tnm.s3.amazonaws.com/index.html?prefix=StagedProducts/Elevation/metadata/legacy/SD_JAMES_RIVER_NRCS_J_2010
SD_Kingsbury_County_2012,2012-10-15,2012-10-15,wesm_normalized_workunit,https://prd-tnm.s3.amazonaws.com/index.html?prefix=StagedProducts/Elevation/metadata/legacy/SD_KINGSBURY_COUNTY_2012
SD_LincolnCo_2008,2008-05-13,2008-05-23,wesm_normalized_workunit,https://prd-tnm.s3.amazonaws.com/index.html?prefix=StagedProducts/Elevation/metadata/legacy/SD_LINCOLNCO_2008
SD_MO-River-Dewberry-B7_2016,2016-06-11,2016-06-28,wesm_normalized_workunit,https://prd-tnm.s3.amazonaws.com/index.html?prefix=StagedProducts/Elevation/metadata/SD_Missouri_River_LiDAR_Dewberry_2016_D16/SD_MO-River-Dewberry-B7_2016
SD_MO-River-Dewberry-B8_2016,2016-06-11,2016-06-28,wesm_normalized_workunit,https://prd-tnm.s3.amazonaws.com/index.html?prefix=StagedProducts/Elevation/metadata/SD_Missouri_River_LiDAR_Dewberry_2016_D16/SD_MO-River-Dewberry-B8_2016
SD_MORiver_Woolpert_B3_2016,2016-11-28,2017-04-22,wesm_exact_workunit,https://prd-tnm.s3.amazonaws.com/index.html?prefix=StagedProducts/Elevation/metadata/SD_Missouri_River_LiDAR_Woolpert_2016_D16/SD_MORiver_Woolpert_B3_2016
SD_MORiver_Woolpert_TL_2016,2016-11-26,2017-04-18,wesm_exact_workunit,https://prd-tnm.s3.amazonaws.com/index.html?prefix=StagedProducts/Elevation/metadata/SD_Missouri_River_LiDAR_Woolpert_2016_D16/SD_MORiver_Woolpert_TL_2016
SD_MO_River_Dewberry_B1_2016,2016-06-26,2016-06-29,wesm_exact_workunit,https://prd-tnm.s3.amazonaws.com/index.html?prefix=StagedProducts/Elevation/metadata/SD_Missouri_River_LiDAR_Dewberry_2016_D16/SD_MO_River_Dewberry_B1_2016
SD_MO_River_Dewberry_B2_2016,2016-06-13,2016-06-29,wesm_exact_workunit,https://prd-tnm.s3.amazonaws.com/index.html?prefix=StagedProducts/Elevation/metadata/SD_Missouri_River_LiDAR_Dewberry_2016_D16/SD_MO_River_Dewberry_B2_2016
SD_MO_River_Dewberry_B3_2016,2016-06-13,2016-06-17,wesm_exact_workunit,https://prd-tnm.s3.amazonaws.com/index.html?prefix=StagedProducts/Elevation/metadata/SD_Missouri_River_LiDAR_Dewberry_2016_D16/SD_MO_River_Dewberry_B3_2016
SD_MO_River_Dewberry_B4_2016,2016-06-09,2016-06-16,wesm_exact_workunit,https://prd-tnm.s3.amazonaws.com/index.html?prefix=StagedProducts/Elevation/metadata/SD_Missouri_River_LiDAR_Dewberry_2016_D16/SD_MO_River_Dewberry_B4_2016
SD_MO_River_Dewberry_B5_2016,2016-06-07,2016-06-13,wesm_exact_workunit,https://prd-tnm.s3.amazonaws.com/index.html?prefix=StagedProducts/Elevation/metadata/SD_Missouri_River_LiDAR_Dewberry_2016_D16/SD_MO_River_Dewberry_B5_2016
SD_McCook_County_2012,2012-08-31,2012-09-28,wesm_normalized_workunit,https://prd-tnm.s3.amazonaws.com/index.html?prefix=StagedProducts/Elevation/metadata/legacy/SD_MCCOOK_COUNTY_2012
SD_Miner_County_2012,2012-10-15,2012-10-15,wesm_normalized_workunit,https://prd-tnm.s3.amazonaws.com/index.html?prefix=StagedProducts/Elevation/metadata/legacy/SD_MINER_COUNTY_2012
SD_MinnehahaCo_2008,2008-05-13,2008-05-23,wesm_normalized_workunit,https://prd-tnm.s3.amazonaws.com/index.html?prefix=StagedProducts/Elevation/metadata/legacy/SD_MINNEHAHACO_2008
SD_Moody_County_2012,2012-09-28,2012-09-28,wesm_normalized_workunit,https://prd-tnm.s3.amazonaws.com/index.html?prefix=StagedProducts/Elevation/metadata/legacy/SD_MOODY_COUNTY_2012
SD_NRCS_QSI_A1_2017,2017-03-20,2017-04-27,wesm_exact_workunit,https://prd-tnm.s3.amazonaws.com/index.html?prefix=StagedProducts/Elevation/metadata/SD_FY17_NRCS_Lidar_QSI_2017_D17/SD_NRCS_QSI_A1_2017
SD_NRCS_QSI_A1_TL_2017,2017-03-24,2017-04-22,wesm_exact_workunit,https://prd-tnm.s3.amazonaws.com/index.html?prefix=StagedProducts/Elevation/metadata/SD_FY17_NRCS_Lidar_QSI_2017_D17/SD_NRCS_QSI_A1_TL_2017
SD_NRCS_QSI_A2_2017,2017-03-20,2017-04-27,wesm_exact_workunit,https://prd-tnm.s3.amazonaws.com/index.html?prefix=StagedProducts/Elevation/metadata/SD_FY17_NRCS_Lidar_QSI_2017_D17/SD_NRCS_QSI_A2_2017
SD_NRCS_QSI_A2_TL_2017,2017-03-22,2017-04-27,wesm_exact_workunit,https://prd-tnm.s3.amazonaws.com/index.html?prefix=StagedProducts/Elevation/metadata/SD_FY17_NRCS_Lidar_QSI_2017_D17/SD_NRCS_QSI_A2_TL_2017
SD_NRCS_QSI_A3_2017,2017-11-05,2017-12-15,wesm_exact_workunit,https://prd-tnm.s3.amazonaws.com/index.html?prefix=StagedProducts/Elevation/metadata/SD_FY17_NRCS_Lidar_QSI_2017_D17/SD_NRCS_QSI_A3_2017
SD_NRCS_QSI_A4_2017,2017-04-20,2017-04-24,wesm_exact_workunit,https://prd-tnm.s3.amazonaws.com/index.html?prefix=StagedProducts/Elevation/metadata/SD_FY17_NRCS_Lidar_QSI_2017_D17/SD_NRCS_QSI_A4_2017
SD_NRCS_QSI_A5_2017,2017-03-20,2017-12-15,wesm_exact_workunit,https://prd-tnm.s3.amazonaws.com/index.html?prefix=StagedProducts/Elevation/metadata/SD_FY17_NRCS_Lidar_QSI_2017_D17/SD_NRCS_QSI_A5_2017
SD_RileyPass_2012,2012-08-28,2012-08-29,wesm_normalized_workunit,https://prd-tnm.s3.amazonaws.com/index.html?prefix=StagedProducts/Elevation/metadata/legacy/SD_RILEYPASS_2012
SD_Roberts_County_2012,2012-09-28,2012-09-28,wesm_normalized_workunit,https://prd-tnm.s3.amazonaws.com/index.html?prefix=StagedProducts/Elevation/metadata/legacy/SD_ROBERTS_COUNTY_2012
SD_Sanborn_County_2012,2012-10-15,2012-10-15,wesm_normalized_workunit,https://prd-tnm.s3.amazonaws.com/index.html?prefix=StagedProducts/Elevation/metadata/legacy/SD_SANBORN_COUNTY_2012
SD_Southwest_B1_2018,2018-05-14,2018-05-26,wesm_exact_workunit,https://prd-tnm.s3.amazonaws.com/index.html?prefix=StagedProducts/Elevation/metadata/SD_Southwest_NRCS_SD_2018_D18/SD_Southwest_B1_2018
SD_Southwest_B2_2018,2018-04-22,2018-12-17,wesm_exact_workunit,https://prd-tnm.s3.amazonaws.com/index.html?prefix=StagedProducts/Elevation/metadata/SD_Southwest_NRCS_SD_2018_D18/SD_Southwest_B2_2018
SD_Southwest_B3_2018,2018-10-15,2018-10-21,wesm_exact_workunit,https://prd-tnm.s3.amazonaws.com/index.html?prefix=StagedProducts/Elevation/metadata/SD_Southwest_NRCS_SD_2018_D18/SD_Southwest_B3_2018
SD_Spink_County_2012,2012-10-15,2012-10-15,wesm_normalized_workunit,https://prd-tnm.s3.amazonaws.com/index.html?prefix=StagedProducts/Elevation/metadata/legacy/SD_SPINK_COUNTY_2012
SD_Turner_County_2012,2012-09-28,2012-09-28,wesm_normalized_workunit,https://prd-tnm.s3.amazonaws.com/index.html?prefix=StagedProducts/Elevation/metadata/legacy/SD_TURNER_COUNTY_2012
SD_Union_County_2012,2012-09-28,2012-09-28,wesm_normalized_workunit,https://prd-tnm.s3.amazonaws.com/index.html?prefix=StagedProducts/Elevation/metadata/legacy/SD_UNION_COUNTY_2012
SD_Yankton_County_2012,2012-09-28,2012-09-28,wesm_normalized_workunit,https://prd-tnm.s3.amazonaws.com/index.html?prefix=StagedProducts/Elevation/metadata/legacy/SD_YANKTON_COUNTY_2012
TN_DavidsonCo_1_2022,2022-03-20,2022-03-21,wesm_exact_workunit,https://prd-tnm.s3.amazonaws.com/index.html?prefix=StagedProducts/Elevation/metadata/TN_DavidsonCounty_D22/TN_DavidsonCo_1_2022
TN_Memphis_2011,2011-12-01,2011-12-01,wesm_normalized_workunit,https://prd-tnm.s3.amazonaws.com/index.html?prefix=StagedProducts/Elevation/metadata/legacy/TN_MEMPHIS_2011
TN_Nashville_2011,2011-03-16,2011-03-22,wesm_normalized_workunit,https://prd-tnm.s3.amazonaws.com/index.html?prefix=StagedProducts/Elevation/metadata/legacy/TN_NASHVILLE_2011
TN_OSMRE-GPSC_2011,2011-03-07,2011-04-03,wesm_normalized_workunit,https://prd-tnm.s3.amazonaws.com/index.html?prefix=StagedProducts/Elevation/metadata/legacy/TN_OSMRE-GPSC_2011
TN_ShelbyCo_2012,2012-01-23,2012-01-24,wesm_normalized_workunit,https://prd-tnm.s3.amazonaws.com/index.html?prefix=StagedProducts/Elevation/metadata/legacy/TN_SHELBYCO_2012
TN_WestTN_B1_2019,2015-12-17,2019-03-29,wesm_exact_workunit,https://prd-tnm.s3.amazonaws.com/index.html?prefix=StagedProducts/Elevation/metadata/TN_WestTN_2019_B19/TN_WestTN_B1_2019
TN_WestTN_B2_2019,2019-12-11,2020-02-02,wesm_exact_workunit,https://prd-tnm.s3.amazonaws.com/index.html?prefix=StagedProducts/Elevation/metadata/TN_WestTN_2019_B19/TN_WestTN_B2_2019
TN_WestTN_B3_2019,2019-02-08,2021-01-17,wesm_exact_workunit,https://prd-tnm.s3.amazonaws.com/index.html?prefix=StagedProducts/Elevation/metadata/TN_WestTN_2019_B19/TN_WestTN_B3_2019
TX_Aransas_Refugio_2006,2006-04-09,2006-07-15,wesm_normalized_workunit,https://prd-tnm.s3.amazonaws.com/index.html?prefix=StagedProducts/Elevation/metadata/legacy/TX_ARANSAS_REFUGIO_2006
TX_Bell-Burnet-McLennan_2011,2011-03-11,2011-06-09,wesm_normalized_workunit,https://prd-tnm.s3.amazonaws.com/index.html?prefix=StagedProducts/Elevation/metadata/legacy/TX_BELL-BURNET-MCLENNAN_2011
TX_Brazoria_2006,2006-04-09,2006-05-13,wesm_normalized_workunit,https://prd-tnm.s3.amazonaws.com/index.html?prefix=StagedProducts/Elevation/metadata/legacy/TX_BRAZORIA_2006
TX_CentralEast_1_A23,2024-01-07,2024-03-10,wesm_exact_workunit,https://prd-tnm.s3.amazonaws.com/index.html?prefix=StagedProducts/Elevation/metadata/TX_CentralEast_A23/TX_CentralEast_1_A23
TX_CentralEast_2_A23,2024-01-18,2024-01-20,wesm_exact_workunit,https://prd-tnm.s3.amazonaws.com/index.html?prefix=StagedProducts/Elevation/metadata/TX_CentralEast_A23/TX_CentralEast_2_A23
TX_Chambers_2006,2006-04-22,2006-06-12,wesm_normalized_workunit,https://prd-tnm.s3.amazonaws.com/index.html?prefix=StagedProducts/Elevation/metadata/legacy/TX_CHAMBERS_2006
TX_Coastal_B1_2018,2018-01-13,2018-06-11,wesm_exact_workunit,https://prd-tnm.s3.amazonaws.com/index.html?prefix=StagedProducts/Elevation/metadata/TX_CoastalRegion_2018_A18/TX_Coastal_B1_2018
TX_Coastal_B2_Z14_2018,2018-01-18,2018-03-02,wesm_exact_workunit,https://prd-tnm.s3.amazonaws.com/index.html?prefix=StagedProducts/Elevation/metadata/TX_CoastalRegion_2018_A18/TX_Coastal_B2_Z14_2018
TX_Coastal_B2_Z15_2018,2018-01-13,2018-06-11,wesm_exact_workunit,https://prd-tnm.s3.amazonaws.com/index.html?prefix=StagedProducts/Elevation/metadata/TX_CoastalRegion_2018_A18/TX_Coastal_B2_Z15_2018
TX_Coastal_B3_2018,2018-01-13,2018-06-11,wesm_exact_workunit,https://prd-tnm.s3.amazonaws.com/index.html?prefix=StagedProducts/Elevation/metadata/TX_CoastalRegion_2018_A18/TX_Coastal_B3_2018
TX_ColemanCo_2006,2006-12-31,2007-01-07,wesm_normalized_workunit,https://prd-tnm.s3.amazonaws.com/index.html?prefix=StagedProducts/Elevation/metadata/legacy/TX_COLEMANCO_2006
TX_DesertMountains_B1_2018,2019-09-11,2019-10-20,wesm_exact_workunit,https://prd-tnm.s3.amazonaws.com/index.html?prefix=StagedProducts/Elevation/metadata/TX_DesertMountains_2018_D19/TX_DesertMountains_B1_2018
TX_DesertMountains_B2_2018,2019-09-12,2019-10-19,wesm_exact_workunit,https://prd-tnm.s3.amazonaws.com/index.html?prefix=StagedProducts/Elevation/metadata/TX_DesertMountains_2018_D19/TX_DesertMountains_B2_2018
TX_FayetteCo_2008,2008-08-22,2008-09-10,wesm_normalized_workunit,https://prd-tnm.s3.amazonaws.com/index.html?prefix=StagedProducts/Elevation/metadata/legacy/TX_FAYETTECO_2008
TX_Galveston_2006,2006-09-01,2006-10-31,wesm_normalized_workunit,https://prd-tnm.s3.amazonaws.com/index.html?prefix=StagedProducts/Elevation/metadata/legacy/TX_GALVESTON_2006
TX_HaysCo_2008,2008-08-22,2008-09-10,wesm_normalized_workunit,https://prd-tnm.s3.amazonaws.com/index.html?prefix=StagedProducts/Elevation/metadata/legacy/TX_HAYSCO_2008
TX_Hurricane_B4_2018,2019-01-12,2019-02-21,wesm_exact_workunit,https://prd-tnm.s3.amazonaws.com/index.html?prefix=StagedProducts/Elevation/metadata/TX_Hurricane_2018_D18_SUPPLEMENTAL_DRRA/TX_Hurricane_B4_2018
TX_Hurricane_B5B_2018,2019-01-29,2019-02-12,wesm_exact_workunit,https://prd-tnm.s3.amazonaws.com/index.html?prefix=StagedProducts/Elevation/metadata/TX_Hurricane_2018_D18_SUPPLEMENTAL_DRRA/TX_Hurricane_B5B_2018
TX_Hurricane_B5_2018,2019-01-13,2019-02-13,wesm_exact_workunit,https://prd-tnm.s3.amazonaws.com/index.html?prefix=StagedProducts/Elevation/metadata/TX_Hurricane_2018_D18_SUPPLEMENTAL_DRRA/TX_Hurricane_B5_2018
TX_Jackson_2006,2006-04-09,2006-05-13,wesm_normalized_workunit,https://prd-tnm.s3.amazonaws.com/index.html?prefix=StagedProducts/Elevation/metadata/legacy/TX_JACKSON_2006
TX_Jefferson_2006,2006-07-04,2006-07-06,wesm_normalized_workunit,https://prd-tnm.s3.amazonaws.com/index.html?prefix=StagedProducts/Elevation/metadata/legacy/TX_JEFFERSON_2006
TX_KimbleCo_2006,2006-12-31,2007-01-07,wesm_normalized_workunit,https://prd-tnm.s3.amazonaws.com/index.html?prefix=StagedProducts/Elevation/metadata/legacy/TX_KIMBLECO_2006
TX_LCRA_Thalweg_2006,2006-05-05,2006-05-05,wesm_normalized_workunit,https://prd-tnm.s3.amazonaws.com/index.html?prefix=StagedProducts/Elevation/metadata/legacy/TX_LCRA_THALWEG_2006
TX_LowerRioGrande_1_D22,2023-01-25,2023-02-05,wesm_exact_workunit,https://prd-tnm.s3.amazonaws.com/index.html?prefix=StagedProducts/Elevation/metadata/TX_LowerRioGrande_D22/TX_LowerRioGrande_1_D22
TX_LowerRioGrande_2_D22,2023-01-22,2023-02-04,wesm_exact_workunit,https://prd-tnm.s3.amazonaws.com/index.html?prefix=StagedProducts/Elevation/metadata/TX_LowerRioGrande_D22/TX_LowerRioGrande_2_D22
TX_LowerRioGrande_3_D22,2023-02-09,2023-03-03,wesm_exact_workunit,https://prd-tnm.s3.amazonaws.com/index.html?prefix=StagedProducts/Elevation/metadata/TX_LowerRioGrande_D22/TX_LowerRioGrande_3_D22
TX_LowerRioGrande_4_D22,2023-01-22,2023-02-18,wesm_exact_workunit,https://prd-tnm.s3.amazonaws.com/index.html?prefix=StagedProducts/Elevation/metadata/TX_LowerRioGrande_D22/TX_LowerRioGrande_4_D22
TX_Mason_2007,2007-02-22,2007-06-21,wesm_normalized_workunit,https://prd-tnm.s3.amazonaws.com/index.html?prefix=StagedProducts/Elevation/metadata/legacy/TX_MASON_2007
TX_Matagorda_2006,2006-04-09,2006-05-13,wesm_normalized_workunit,https://prd-tnm.s3.amazonaws.com/index.html?prefix=StagedProducts/Elevation/metadata/legacy/TX_MATAGORDA_2006
TX_MenardCo_2006,2006-12-31,2007-01-07,wesm_normalized_workunit,https://prd-tnm.s3.amazonaws.com/index.html?prefix=StagedProducts/Elevation/metadata/legacy/TX_MENARDCO_2006
TX_MillsCo_2006,2006-12-31,2007-01-07,wesm_normalized_workunit,https://prd-tnm.s3.amazonaws.com/index.html?prefix=StagedProducts/Elevation/metadata/legacy/TX_MILLSCO_2006
TX_Orange_2006,2006-06-04,2006-06-06,wesm_normalized_workunit,https://prd-tnm.s3.amazonaws.com/index.html?prefix=StagedProducts/Elevation/metadata/legacy/TX_ORANGE_2006
TX_Pecos_Dallas_B1_2018,2019-01-26,2019-02-11,wesm_exact_workunit,https://prd-tnm.s3.amazonaws.com/index.html?prefix=StagedProducts/Elevation/metadata/TX_Pecos_Dallas_2018_D19/TX_Pecos_Dallas_B1_2018
TX_Pecos_Dallas_B2a_2018,2019-03-07,2019-04-20,wesm_exact_workunit,https://prd-tnm.s3.amazonaws.com/index.html?prefix=StagedProducts/Elevation/metadata/TX_Pecos_Dallas_2018_D19/TX_Pecos_Dallas_B2a_2018
TX_Pecos_Dallas_B2b_2018,2019-01-26,2019-07-12,wesm_exact_workunit,https://prd-tnm.s3.amazonaws.com/index.html?prefix=StagedProducts/Elevation/metadata/TX_Pecos_Dallas_2018_D19/TX_Pecos_Dallas_B2b_2018
TX_Pecos_Dallas_B3_2018,2019-03-16,2019-07-12,wesm_exact_workunit,https://prd-tnm.s3.amazonaws.com/index.html?prefix=StagedProducts/Elevation/metadata/TX_Pecos_Dallas_2018_D19/TX_Pecos_Dallas_B3_2018
TX_San_Patricio_2006,2006-07-10,2006-07-15,wesm_normalized_workunit,https://prd-tnm.s3.amazonaws.com/index.html?prefix=StagedProducts/Elevation/metadata/legacy/TX_SAN_PATRICIO_2006
TX_Victoria_2006,2006-06-14,2006-06-26,wesm_normalized_workunit,https://prd-tnm.s3.amazonaws.com/index.html?prefix=StagedProducts/Elevation/metadata/legacy/TX_VICTORIA_2006
TX_WestTexas_B1_2018,2019-02-20,2019-04-04,wesm_exact_workunit,https://prd-tnm.s3.amazonaws.com/index.html?prefix=StagedProducts/Elevation/metadata/TX_WestTexas_2018_D19/TX_WestTexas_B1_2018
TX_WestTexas_B2_2018,2019-02-16,2019-04-13,wesm_exact_workunit,https://prd-tnm.s3.amazonaws.com/index.html?prefix=StagedProducts/Elevation/metadata/TX_WestTexas_2018_D19/TX_WestTexas_B2_2018
TX_WestTexas_B3_2018,2019-03-23,2019-04-18,wesm_exact_workunit,https://prd-tnm.s3.amazonaws.com/index.html?prefix=StagedProducts/Elevation/metadata/TX_WestTexas_2018_D19/TX_WestTexas_B3_2018
TX_WestTexas_B5_2018,2019-03-06,2019-05-01,wesm_exact_workunit,https://prd-tnm.s3.amazonaws.com/index.html?prefix=StagedProducts/Elevation/metadata/TX_WestTexas_2018_D19/TX_WestTexas_B5_2018
TX_WestTexas_B6_2018,2019-02-25,2019-04-02,wesm_exact_workunit,https://prd-tnm.s3.amazonaws.com/index.html?prefix=StagedProducts/Elevation/metadata/TX_WestTexas_2018_D19/TX_WestTexas_B6_2018
TX_WestTexas_B7_2018,2019-03-06,2019-05-14,wesm_exact_workunit,https://prd-tnm.s3.amazonaws.com/index.html?prefix=StagedProducts/Elevation/metadata/TX_WestTexas_2018_D19/TX_WestTexas_B7_2018
TX_WestTexas_B8_2018,2019-03-06,2019-05-14,wesm_exact_workunit,https://prd-tnm.s3.amazonaws.com/index.html?prefix=StagedProducts/Elevation/metadata/TX_WestTexas_2018_D19/TX_WestTexas_B8_2018
TX_WestTexas_B9_2018,2019-03-31,2019-05-14,wesm_exact_workunit,https://prd-tnm.s3.amazonaws.com/index.html?prefix=StagedProducts/Elevation/metadata/TX_WestTexas_2018_D19/TX_WestTexas_B9_2018
TX_WestTexas_TL_2018,2019-02-22,2019-03-05,wesm_exact_workunit,https://prd-tnm.s3.amazonaws.com/index.html?prefix=StagedProducts/Elevation/metadata/TX_WestTexas_2018_D19/TX_WestTexas_TL_2018
USGS_LPC_AK_Anchorage_2015_LAS_2017,2015-05-10,2016-09-29,wesm_normalized_workunit,https://prd-tnm.s3.amazonaws.com/index.html?prefix=StagedProducts/Elevation/metadata/Anchorage_Lidar/AK_Anchorage_2015
USGS_LPC_AK_FairbanksNSB_QL1_2017_LAS_2018,2017-05-28,2017-09-13,wesm_normalized_workunit,https://prd-tnm.s3.amazonaws.com/index.html?prefix=StagedProducts/Elevation/metadata/AK_Fairbanks_NSB_Lidar_2017_B17/AK_FairbanksNSB_QL1_2017
USGS_LPC_AK_FairbanksNSB_QL2_2017_LAS_2018,2017-05-28,2017-09-13,wesm_normalized_workunit,https://prd-tnm.s3.amazonaws.com/index.html?prefix=StagedProducts/Elevation/metadata/AK_Fairbanks_NSB_Lidar_2017_B17/AK_FairbanksNSB_QL2_2017
USGS_LPC_AK_POW_P2_2018_LAS_2019,2018-05-06,2018-09-18,wesm_normalized_workunit,https://prd-tnm.s3.amazonaws.com/index.html?prefix=StagedProducts/Elevation/metadata/AK_PrinceOfWalesP2_2018_B18/AK_POW_P2_2018
USGS_LPC_AK_POW_P2_TL_2018_LAS_2019,2018-05-06,2018-09-18,wesm_normalized_workunit,https://prd-tnm.s3.amazonaws.com/index.html?prefix=StagedProducts/Elevation/metadata/AK_PrinceOfWalesP2_2018_B18/AK_POW_P2_TL_2018
USGS_LPC_AK_PrinceofWalesIsland_2017_LAS_2019,2017-05-27,2017-10-02,wesm_normalized_workunit,https://prd-tnm.s3.amazonaws.com/index.html?prefix=StagedProducts/Elevation/metadata/AK_Prince_of_Wales_Island_QL1_Lidar_2017_B17/AK_PrinceofWalesIsland_2017
USGS_LPC_AL_25Co_B1_2017,2016-12-02,2017-02-15,wesm_normalized_workunit,https://prd-tnm.s3.amazonaws.com/index.html?prefix=StagedProducts/Elevation/metadata/AL_25_County_Lidar_2017_B17/AL_25Co_B1_2017
USGS_LPC_AL_25Co_B3_2017,2017-02-26,2017-11-20,wesm_normalized_workunit,https://prd-tnm.s3.amazonaws.com/index.html?prefix=StagedProducts/Elevation/metadata/AL_25_County_Lidar_2017_B17/AL_25Co_B3_2017
USGS_LPC_AL_25Co_B4_2017,2017-02-25,2017-04-02,wesm_normalized_workunit,https://prd-tnm.s3.amazonaws.com/index.html?prefix=StagedProducts/Elevation/metadata/AL_25_County_Lidar_2017_B17/AL_25Co_B4_2017
USGS_LPC_AL_25Co_B5_2017,2017-03-17,2017-03-22,wesm_normalized_workunit,https://prd-tnm.s3.amazonaws.com/index.html?prefix=StagedProducts/Elevation/metadata/AL_25_County_Lidar_2017_B17/AL_25Co_B5_2017
USGS_LPC_AL_25Co_B6_2017,2017-03-19,2018-12-18,wesm_normalized_workunit,https://prd-tnm.s3.amazonaws.com/index.html?prefix=StagedProducts/Elevation/metadata/AL_25_County_Lidar_2017_B17/AL_25Co_B6_2017
USGS_LPC_AL_25Co_B7_2017,2018-01-02,2018-01-19,wesm_normalized_workunit,https://prd-tnm.s3.amazonaws.com/index.html?prefix=StagedProducts/Elevation/metadata/AL_25_County_Lidar_2017_B17/AL_25Co_B7_2017
USGS_LPC_AL_25Co_B8_2017,2018-01-14,2018-12-17,wesm_normalized_workunit,https://prd-tnm.s3.amazonaws.com/index.html?prefix=StagedProducts/Elevation/metadata/AL_25_County_Lidar_2017_B17/AL_25Co_B8_2017
USGS_LPC_AL_3County_2015_LAS_2017,2015-12-10,2016-02-16,wesm_normalized_workunit,https://prd-tnm.s3.amazonaws.com/index.html?prefix=StagedProducts/Elevation/metadata/BAA_AL_3_County_QL2_LiDAR/AL_3County_2015
USGS_LPC_AL_ADECA_B1_2016_LAS_2019,2016-12-02,2017-03-15,wesm_normalized_workunit,https://prd-tnm.s3.amazonaws.com/index.html?prefix=StagedProducts/Elevation/metadata/AL_ADECA_6_County_Lidar_2016_B16/AL_ADECA_B1_2016
USGS_LPC_AL_ADECA_B2_2016_LAS_2019,2016-10-24,2017-03-24,wesm_normalized_workunit,https://prd-tnm.s3.amazonaws.com/index.html?prefix=StagedProducts/Elevation/metadata/AL_ADECA_6_County_Lidar_2016_B16/AL_ADECA_B2_2016
USGS_LPC_AL_AGIO_B1_2016_LAS_2019,2016-12-02,2017-03-15,wesm_normalized_workunit,https://prd-tnm.s3.amazonaws.com/index.html?prefix=StagedProducts/Elevation/metadata/AL_AGIO_6_County_Lidar_2016_B16/AL_AGIO_B1_2016
USGS_LPC_AL_AGIO_B2_2016_LAS_2019,2016-12-02,2017-03-15,wesm_normalized_workunit,https://prd-tnm.s3.amazonaws.com/index.html?prefix=StagedProducts/Elevation/metadata/AL_AGIO_6_County_Lidar_2016_B16/AL_AGIO_B2_2016
USGS_LPC_AL_Autauga_2010_LAS_2016,2010-04-02,2010-04-05,wesm_normalized_workunit,https://prd-tnm.s3.amazonaws.com/index.html?prefix=StagedProducts/Elevation/metadata/Alabama_Counties_LiDAR/AL_Autauga_2010
USGS_LPC_AL_Clay_CleburneCo_2013_LAS_2016,2013-01-19,2013-01-26,wesm_normalized_workunit,https://prd-tnm.s3.amazonaws.com/index.html?prefix=StagedProducts/Elevation/metadata/TALLADEGA_NF_AL_LiDAR/AL_Clay-CleburneCo_2013
USGS_LPC_AL_Coffee_Dale_GenevaCo_2011_LAS_2016,2011-01-12,2011-07-17,wesm_normalized_workunit,https://prd-tnm.s3.amazonaws.com/index.html?prefix=StagedProducts/Elevation/metadata/Alabama_Counties_LiDAR/AL_Coffee-Dale-GenevaCo_2011
USGS_LPC_AL_EscambiaCo_2013_LAS_2016,2013-01-22,2013-01-31,wesm_normalized_workunit,https://prd-tnm.s3.amazonaws.com/index.html?prefix=StagedProducts/Elevation/metadata/Escambia_County_AL_LiDAR/AL_EscambiaCo_2013
USGS_LPC_AL_JeffersonCo_2013_LAS_2015,2013-04-13,2013-05-07,wesm_normalized_workunit,https://prd-tnm.s3.amazonaws.com/index.html?prefix=StagedProducts/Elevation/metadata/Jefferson_County_AL_LIDAR/AL_JeffersonCo_2013
USGS_LPC_AL_LawrenceCo_2012_LAS_2018,2012-03-01,2012-03-04,wesm_normalized_workunit,https://prd-tnm.s3.amazonaws.com/index.html?prefix=StagedProducts/Elevation/metadata/Lawrence_and_Morgan_Counties/AL_LawrenceCo_2012
USGS_LPC_AL_MobileCo_2014_LAS_2016,2014-01-12,2014-01-22,wesm_normalized_workunit,https://prd-tnm.s3.amazonaws.com/index.html?prefix=StagedProducts/Elevation/metadata/Mobile_AL_QL2_Lidar/AL_MobileCo_2014
USGS_LPC_AL_MorganCo_2012_LAS_2018,2012-07-10,2012-07-10,wesm_normalized_workunit,https://prd-tnm.s3.amazonaws.com/index.html?prefix=StagedProducts/Elevation/metadata/Lawrence_and_Morgan_Counties/AL_MorganCo_2012
USGS_LPC_AL_ThreeCo_2012_LAS_2015,2014-01-04,2014-01-18,wesm_normalized_workunit,https://prd-tnm.s3.amazonaws.com/index.html?prefix=StagedProducts/Elevation/metadata/Alabama_Counties_LiDAR/AL_ThreeCo_2012
USGS_LPC_AR_Benton_Co_2015_LAS_2017,2015-12-02,2015-12-04,wesm_normalized_workunit,https://prd-tnm.s3.amazonaws.com/index.html?prefix=StagedProducts/Elevation/metadata/AR_Benton_2015/AR_Benton_Co_2015
USGS_LPC_AR_LAnguillee_2011_LAS_2016,,,,
USGS_LPC_AR_LakeConwayPointRE_2014_LAS_2016,2012-01-13,2012-05-10,wesm_normalized_workunit,https://prd-tnm.s3.amazonaws.com/index.html?prefix=StagedProducts/Elevation/metadata/NRCS_LakeConwayPointRemove/AR_LakeConwayPointRE_2014
USGS_LPC_AR_NRCS_A1_2016_LAS_2017,2016-02-17,2016-09-28,wesm_normalized_workunit,https://prd-tnm.s3.amazonaws.com/index.html?prefix=StagedProducts/Elevation/metadata/AR_NRCS_AR_LiDAR_2016_B16/AR_NRCS-A1_2016
USGS_LPC_AR_NRCS_A2_2016_LAS_2017,2016-02-17,2016-09-28,wesm_normalized_workunit,https://prd-tnm.s3.amazonaws.com/index.html?prefix=StagedProducts/Elevation/metadata/AR_NRCS_AR_LiDAR_2016_B16/AR_NRCS_A2_2016
USGS_LPC_AR_NRCS_A3_2016_LAS_2017,2016-02-17,2016-09-26,wesm_normalized_workunit,https://prd-tnm.s3.amazonaws.com/index.html?prefix=StagedProducts/Elevation/metadata/AR_NRCS_AR_LiDAR_2016_B16/AR_NRCS_A3_2016
USGS_LPC_AR_NRCS_A4_2016_LAS_2017,2016-02-16,2017-03-03,wesm_normalized_workunit,https://prd-tnm.s3.amazonaws.com/index.html?prefix=StagedProducts/Elevation/metadata/AR_NRCS_AR_LiDAR_2016_B16/AR_NRCS-A4_2016
USGS_LPC_AR_NRCS_A5_2016_LAS_2017,2016-02-17,2016-09-28,wesm_normalized_workunit,https://prd-tnm.s3.amazonaws.com/index.html?prefix=StagedProducts/Elevation/metadata/AR_NRCS_AR_LiDAR_2016_B16/AR_NRCS_A5_2016
USGS_LPC_AR_NRCS_Cache_2011_LAS_2016,2011-04-07,2011-04-11,wesm_normalized_workunit,https://prd-tnm.s3.amazonaws.com/index.html?prefix=StagedProducts/Elevation/metadata/NRCS_Cache/AR_NRCS-Cache_2011
USGS_LPC_AR_North_Corridor_B1_2017_LAS_2018,2016-12-15,2017-01-28,wesm_normalized_workunit,https://prd-tnm.s3.amazonaws.com/index.html?prefix=StagedProducts/Elevation/metadata/AR_North_Corridor_FEMA_R6_Lidar_2016_D17/AR_North_Corridor_B1_2017
USGS_LPC_AR_North_Corridor_B2_2017_LAS_2018,2016-12-15,2017-01-28,wesm_normalized_workunit,https://prd-tnm.s3.amazonaws.com/index.html?prefix=StagedProducts/Elevation/metadata/AR_North_Corridor_FEMA_R6_Lidar_2016_D17/AR_North_Corridor_B2_2017
USGS_LPC_AR_North_Corridor_B3_2017_LAS_2018,2016-12-15,2017-01-28,wesm_normalized_workunit,https://prd-tnm.s3.amazonaws.com/index.html?prefix=StagedProducts/Elevation/metadata/AR_North_Corridor_FEMA_R6_Lidar_2016_D17/AR_North_Corridor_B3_2017
USGS_LPC_AR_Ouachita_2016_LAS_2018,2017-01-20,2017-03-27,wesm_normalized_workunit,https://prd-tnm.s3.amazonaws.com/index.html?prefix=StagedProducts/Elevation/metadata/AR_Ouachita_FEMA_R6_Lidar_2016_D17/AR_Ouachita_2016
USGS_LPC_AR_Ouachita_B1_2016_LAS_2018,2017-01-20,2017-03-26,wesm_normalized_workunit,https://prd-tnm.s3.amazonaws.com/index.html?prefix=StagedProducts/Elevation/metadata/AR_Ouachita_FEMA_R6_Lidar_2016_D17/AR_Ouachita_B1_2016
USGS_LPC_AR_Ouachita_B2_2016_LAS_2018,2017-01-20,2017-03-27,wesm_normalized_workunit,https://prd-tnm.s3.amazonaws.com/index.html?prefix=StagedProducts/Elevation/metadata/AR_Ouachita_FEMA_R6_Lidar_2016_D17/AR_Ouachita_B2_2016
USGS_LPC_AR_Ouachita_B3_2016_LAS_2018,2017-01-20,2017-03-27,wesm_normalized_workunit,https://prd-tnm.s3.amazonaws.com/index.html?prefix=StagedProducts/Elevation/metadata/AR_Ouachita_FEMA_R6_Lidar_2016_D17/AR_Ouachita_B3_2016
USGS_LPC_AR_Ouachita_B5_2016_LAS_2018,2017-01-20,2017-03-26,wesm_normalized_workunit,https://prd-tnm.s3.amazonaws.com/index.html?prefix=StagedProducts/Elevation/metadata/AR_Ouachita_FEMA_R6_Lidar_2016_D17/AR_Ouachita_B5_2016
USGS_LPC_AR_Ouachita_B6_2016_LAS_2018,2017-01-20,2017-03-26,wesm_normalized_workunit,https://prd-tnm.s3.amazonaws.com/index.html?prefix=StagedProducts/Elevation/metadata/AR_Ouachita_FEMA_R6_Lidar_2016_D17/AR_Ouachita_B6_2016
USGS_LPC_AR_Ouachita_B7_2016_LAS_2018,2017-01-20,2017-03-26,wesm_normalized_workunit,https://prd-tnm.s3.amazonaws.com/index.html?prefix=StagedProducts/Elevation/metadata/AR_Ouachita_FEMA_R6_Lidar_2016_D17/AR_Ouachita-B7_2016
USGS_LPC_AR_R6_JeffersonCO_2015_LAS_2016,2015-01-16,2015-01-18,wesm_normalized_workunit,https://prd-tnm.s3.amazonaws.com/index.html?prefix=StagedProducts/Elevation/metadata/FEMA_Region_6_Arkansas_QL2_LiDAR/AR_R6-JeffersonCO_2015
USGS_LPC_AR_R6_LowerBlackwaterWS_2015_LAS_2016,2015-01-14,2015-01-24,wesm_normalized_workunit,https://prd-tnm.s3.amazonaws.com/index.html?prefix=StagedProducts/Elevation/metadata/FEMA_Region_6_Arkansas_QL2_LiDAR/AR_R6_LowerBlackwaterWS_2015
USGS_LPC_AR_R6_WashingtonCO_2015_LAS_2016,2015-01-05,2015-01-24,wesm_normalized_workunit,https://prd-tnm.s3.amazonaws.com/index.html?prefix=StagedProducts/Elevation/metadata/FEMA_Region_6_Arkansas_QL2_LiDAR/AR_R6-WashingtonCO_2015
USGS_LPC_AR_UpperSaline_2014_LAS_2015,2014-01-20,2014-01-22,wesm_normalized_workunit,https://prd-tnm.s3.amazonaws.com/index.html?prefix=StagedProducts/Elevation/metadata/AR_Upper_Saline_Watershed_Lidar_14/AR_UpperSaline_2014
USGS_LPC_AZ_BrawleyRillito_FEMA_2018,2019-03-05,2019-06-01,wesm_normalized_workunit,https://prd-tnm.s3.amazonaws.com/index.html?prefix=StagedProducts/Elevation/metadata/AZ_BrawleyRillito_2018_D19/AZ_BrawleyRillito_FEMA_2018
USGS_LPC_AZ_BrawleyRillito_NRCS_2018,2019-03-05,2019-06-01,wesm_normalized_workunit,https://prd-tnm.s3.amazonaws.com/index.html?prefix=StagedProducts/Elevation/metadata/AZ_BrawleyRillito_2018_D19/AZ_BrawleyRillito_NRCS_2018
USGS_LPC_AZ_CORiverBasin_L1_2014_LAS_2017,2014-03-07,2014-03-20,wesm_normalized_workunit,https://prd-tnm.s3.amazonaws.com/index.html?prefix=StagedProducts/Elevation/metadata/Colorado_River_Basin_LiDAR_QL1_Minute_319/AZ_CORiverBasin-L1_2014
USGS_LPC_AZ_ColoradoRiverLot2_2014_LAS_2015,2014-07-31,2014-08-06,wesm_normalized_workunit,https://prd-tnm.s3.amazonaws.com/index.html?prefix=StagedProducts/Elevation/metadata/Colorado_River_Basin_LiDAR_QL1_Minute_319/AZ_ColoradoRiverLot2_2014
USGS_LPC_AZ_Fredonia_QL1_2016_LAS_2018,2016-10-15,2017-12-10,wesm_normalized_workunit,https://prd-tnm.s3.amazonaws.com/index.html?prefix=StagedProducts/Elevation/metadata/AZ_Fredonia_Safford_LiDAR_2016_D16/AZ_Fredonia-QL1_2016
USGS_LPC_AZ_LowerColoradoRiver_2015_LAS_2016,2015-04-18,2015-04-18,wesm_normalized_workunit,https://prd-tnm.s3.amazonaws.com/index.html?prefix=StagedProducts/Elevation/metadata/Lower_Colorado_River_Multi_Species_Conservation_Pr/AZ_LowerColoradoRiver_2015
USGS_LPC_AZ_Safford_QL2_2016_LAS_2018,2016-10-15,2017-12-10,wesm_normalized_workunit,https://prd-tnm.s3.amazonaws.com/index.html?prefix=StagedProducts/Elevation/metadata/AZ_Fredonia_Safford_LiDAR_2016_D16/AZ_Safford-QL2_2016
USGS_LPC_AZ_VerdeKaibab_B1_2018_LAS_2019,2018-08-10,2018-09-07,wesm_normalized_workunit,https://prd-tnm.s3.amazonaws.com/index.html?prefix=StagedProducts/Elevation/metadata/AZ_VerdeKaibab_2018_B18/AZ_VerdeKaibab_B1_2018
USGS_LPC_AZ_VerdeKaibab_B1_TL_2018_LAS_2019,2018-08-10,2018-09-05,wesm_normalized_workunit,https://prd-tnm.s3.amazonaws.com/index.html?prefix=StagedProducts/Elevation/metadata/AZ_VerdeKaibab_2018_B18/AZ_VerdeKaibab_B1_TL_2018
USGS_LPC_AZ_VerdeKaibab_B2_2018_LAS_2019,2018-08-10,2018-09-08,wesm_normalized_workunit,https://prd-tnm.s3.amazonaws.com/index.html?prefix=StagedProducts/Elevation/metadata/AZ_VerdeKaibab_2018_B18/AZ_VerdeKaibab_B2_2018
USGS_LPC_AZ_VerdeKaibab_B2_TL_2018_LAS_2019,2018-08-10,2018-09-08,wesm_normalized_workunit,https://prd-tnm.s3.amazonaws.com/index.html?prefix=StagedProducts/Elevation/metadata/AZ_VerdeKaibab_2018_B18/AZ_VerdeKaibab_B2_TL_2018
USGS_LPC_AZ_WalnutGulch_2015_LAS_2017,2015-09-16,2015-09-18,wesm_normalized_workunit,https://prd-tnm.s3.amazonaws.com/index.html?prefix=StagedProducts/Elevation/metadata/AZ_WalnutGulch_2015/AZ_WalnutGulch_2015
USGS_LPC_CA_Central_Valley_2017_LAS_2019,2017-12-03,2017-12-07,wesm_normalized_workunit,https://prd-tnm.s3.amazonaws.com/index.html?prefix=StagedProducts/Elevation/metadata/CA_Central_Valley_LiDAR_2016_D16/CA_Central_Valley_2017
USGS_LPC_CA_E_SanDiegoCo_2016_LAS_2017,2016-10-31,2017-01-31,wesm_normalized_workunit,https://prd-tnm.s3.amazonaws.com/index.html?prefix=StagedProducts/Elevation/metadata/CA_Eastern_San_Diego_Co_Lidar_2016_B16/CA_E-SanDiegoCo_2016
USGS_LPC_CA_FEMA_R9_Alpine_2017_LAS_2018,2017-08-24,2017-08-24,wesm_normalized_workunit,https://prd-tnm.s3.amazonaws.com/index.html?prefix=StagedProducts/Elevation/metadata/CA_FEMA_R9_Lidar_2016_D17/CA_FEMA_R9_Alpine_2017
USGS_LPC_CA_FEMA_R9_Cow_Creek_2017_LAS_2018,2017-03-11,2017-03-12,wesm_normalized_workunit,https://prd-tnm.s3.amazonaws.com/index.html?prefix=StagedProducts/Elevation/metadata/CA_FEMA_R9_Lidar_2016_D17/CA_FEMA-R9-Cow-Creek_2017
USGS_LPC_CA_FEMA_R9_Keefer_2017_LAS_2018,2017-05-19,2017-05-21,wesm_normalized_workunit,https://prd-tnm.s3.amazonaws.com/index.html?prefix=StagedProducts/Elevation/metadata/CA_FEMA_R9_Lidar_2016_D17/CA_FEMA-R9-Keefer_2017
USGS_LPC_CA_FEMA_R9_Mendocino_HF_2017_LAS_2018,2017-03-01,2018-04-03,wesm_normalized_workunit,https://prd-tnm.s3.amazonaws.com/index.html?prefix=StagedProducts/Elevation/metadata/CA_FEMA_R9_Lidar_2016_D17/CA_FEMA_R9_Mendocino_HF_2017
USGS_LPC_CA_FEMA_R9_Russian_2017_LAS_2018,2017-03-03,2017-06-24,wesm_normalized_workunit,https://prd-tnm.s3.amazonaws.com/index.html?prefix=StagedProducts/Elevation/metadata/CA_FEMA_R9_Lidar_2016_D17/CA_FEMA_R9_Russian_2017
USGS_LPC_CA_FEMA_R9_Upper_Pit_2017_LAS_2019,2017-03-03,2017-08-24,wesm_normalized_workunit,https://prd-tnm.s3.amazonaws.com/index.html?prefix=StagedProducts/Elevation/metadata/CA_FEMA_R9_Lidar_2016_D17/CA_FEMA_R9_Upper_Pit_2017
USGS_LPC_CA_LakeCounty_2015_LAS_2017,2015-12-29,2016-02-14,wesm_normalized_workunit,https://prd-tnm.s3.amazonaws.com/index.html?prefix=StagedProducts/Elevation/metadata/CA_LakeCounty_C16/CA_LakeCounty_2015
USGS_LPC_CA_LongValleyCaldera_2017_LAS_2018,2017-10-09,2017-10-09,wesm_normalized_workunit,https://prd-tnm.s3.amazonaws.com/index.html?prefix=StagedProducts/Elevation/metadata/CA_Long_Valley_Caldera_Lidar_2017_D17/CA_LongValleyCaldera_2017
USGS_LPC_CA_LosAngeles_2016_LAS_2018,2015-09-27,2016-10-18,wesm_normalized_workunit,https://prd-tnm.s3.amazonaws.com/index.html?prefix=StagedProducts/Elevation/metadata/Los_Angeles_County_Lidar/CA_LosAngeles_2016
USGS_LPC_CA_NoCAL_Wildfires_B1_2018,2018-07-14,2018-08-20,wesm_normalized_workunit,https://prd-tnm.s3.amazonaws.com/index.html?prefix=StagedProducts/Elevation/metadata/CA_NoCAL_3DEP_Supp_Funding_2018_D18/CA_NoCAL_Wildfires_B1_2018
USGS_LPC_CA_NoCAL_Wildfires_B2_2018,2018-07-07,2019-02-21,wesm_normalized_workunit,https://prd-tnm.s3.amazonaws.com/index.html?prefix=StagedProducts/Elevation/metadata/CA_NoCAL_3DEP_Supp_Funding_2018_D18/CA_NoCAL_Wildfires_B2_2018
USGS_LPC_CA_NoCAL_Wildfires_B3_2018,2018-08-21,2019-01-24,wesm_normalized_workunit,https://prd-tnm.s3.amazonaws.com/index.html?prefix=StagedProducts/Elevation/metadata/CA_NoCAL_3DEP_Supp_Funding_2018_D18/CA_NoCAL_Wildfires_B3_2018
USGS_LPC_CA_NoCAL_Wildfires_B4_2018,2018-07-07,2019-08-11,wesm_normalized_workunit,https://prd-tnm.s3.amazonaws.com/index.html?prefix=StagedProducts/Elevation/metadata/CA_NoCAL_3DEP_Supp_Funding_2018_D18/CA_NoCAL_Wildfires_B4_2018
USGS_LPC_CA_NoCAL_Wildfires_B5a_2018,2018-08-03,2019-03-12,wesm_normalized_workunit,https://prd-tnm.s3.amazonaws.com/index.html?prefix=StagedProducts/Elevation/metadata/CA_NoCAL_3DEP_Supp_Funding_2018_D18/CA_NoCAL_Wildfires_B5a_2018
USGS_LPC_CA_NoCAL_Wildfires_B5b_2018,2017-12-01,2018-04-24,wesm_normalized_workunit,https://prd-tnm.s3.amazonaws.com/index.html?prefix=StagedProducts/Elevation/metadata/CA_NoCAL_3DEP_Supp_Funding_2018_D18/CA_NoCAL_Wildfires_B5b_2018
USGS_LPC_CA_NoCAL_Wildfires_PlumasNF_B1_2018,2017-12-01,2018-04-24,wesm_normalized_workunit,https://prd-tnm.s3.amazonaws.com/index.html?prefix=StagedProducts/Elevation/metadata/CA_NoCAL_3DEP_Supp_Funding_2018_D18/CA_NoCAL_Wildfires_PlumasNF_B1_2018
USGS_LPC_CA_NoCAL_Wildfires_PlumasNF_B2_2018,2018-07-07,2018-09-20,wesm_normalized_workunit,https://prd-tnm.s3.amazonaws.com/index.html?prefix=StagedProducts/Elevation/metadata/CA_NoCAL_3DEP_Supp_Funding_2018_D18/CA_NoCAL_Wildfires_PlumasNF_B2_2018
USGS_LPC_CA_NoCal_Wildfires_B5b_QL1_2018,2017-12-01,2018-04-24,wesm_normalized_workunit,https://prd-tnm.s3.amazonaws.com/index.html?prefix=StagedProducts/Elevation/metadata/CA_NoCAL_3DEP_Supp_Funding_2018_D18/CA_NoCal_Wildfires_B5b_QL1_2018
USGS_LPC_CA_NoCal_Wildfires_CampFire_2018,2019-02-10,2019-09-06,wesm_normalized_workunit,https://prd-tnm.s3.amazonaws.com/index.html?prefix=StagedProducts/Elevation/metadata/CA_NoCAL_3DEP_Supp_Funding_2018_D18/CA_NoCal_Wildfires_CampFire_2018
USGS_LPC_CA_NoCal_Wildfires_GMEG_2018,2019-02-10,2019-09-06,wesm_normalized_workunit,https://prd-tnm.s3.amazonaws.com/index.html?prefix=StagedProducts/Elevation/metadata/CA_NoCAL_3DEP_Supp_Funding_2018_D18/CA_NoCal_Wildfires_GMEG_2018
USGS_LPC_CA_Riverside_B1_2019,2019-08-10,2019-08-22,wesm_normalized_workunit,https://prd-tnm.s3.amazonaws.com/index.html?prefix=StagedProducts/Elevation/metadata/CA_Riverside_2019_B19/CA_Riverside_B1_2019
USGS_LPC_CA_Riverside_B2_2019,2019-08-11,2019-08-22,wesm_normalized_workunit,https://prd-tnm.s3.amazonaws.com/index.html?prefix=StagedProducts/Elevation/metadata/CA_Riverside_2019_B19/CA_Riverside_B2_2019
USGS_LPC_CA_SanBernardinoCo_AreaA_2013_LAS_2018,2013-03-10,2013-03-19,wesm_normalized_workunit,https://prd-tnm.s3.amazonaws.com/index.html?prefix=StagedProducts/Elevation/metadata/San_Bernadino_County_Flood_Control_Lidar/CA_SanBernardinoCo_AreaA_2013
USGS_LPC_CA_SanBernardinoCo_AreaB_2013_LAS_2018,2013-03-10,2013-03-19,wesm_normalized_workunit,https://prd-tnm.s3.amazonaws.com/index.html?prefix=StagedProducts/Elevation/metadata/San_Bernadino_County_Flood_Control_Lidar/CA_SanBernardinoCo_AreaB_2013
USGS_LPC_CA_SanDiegoQL1_2014_LAS_2016,2014-10-27,2015-02-17,wesm_normalized_workunit,https://prd-tnm.s3.amazonaws.com/index.html?prefix=StagedProducts/Elevation/metadata/San_Diego_CA_2014_LiDAR/CA_SanDiegoQL1_2014
USGS_LPC_CA_SoCAL_Wildfires_TL_2018_LAS_2019,2018-05-27,2018-10-12,wesm_normalized_workunit,https://prd-tnm.s3.amazonaws.com/index.html?prefix=StagedProducts/Elevation/metadata/CA_SoCAL_Wildfires_2018_D18/CA_SoCAL_Wildfires_TL_2018
USGS_LPC_CA_SoCal_Wildfires_B1_2018_LAS_2019,2018-05-27,2018-10-12,wesm_normalized_workunit,https://prd-tnm.s3.amazonaws.com/index.html?prefix=StagedProducts/Elevation/metadata/CA_SoCAL_Wildfires_2018_D18/CA_SoCal_Wildfires_B1_2018
USGS_LPC_CA_SoCal_Wildfires_B2_2018_LAS_2019,2018-05-27,2018-10-12,wesm_normalized_workunit,https://prd-tnm.s3.amazonaws.com/index.html?prefix=StagedProducts/Elevation/metadata/CA_SoCAL_Wildfires_2018_D18/CA_SoCal_Wildfires_B2_2018
USGS_LPC_CA_SoCal_Wildfires_B3_2018_LAS_2019,2018-05-27,2018-07-22,wesm_normalized_workunit,https://prd-tnm.s3.amazonaws.com/index.html?prefix=StagedProducts/Elevation/metadata/CA_SoCAL_Wildfires_2018_D18/CA_SoCal_Wildfires_B3_2018
USGS_LPC_CA_SoCal_Wildfires_B4_2018_LAS_2019,2018-05-27,2018-10-12,wesm_normalized_workunit,https://prd-tnm.s3.amazonaws.com/index.html?prefix=StagedProducts/Elevation/metadata/CA_SoCAL_Wildfires_2018_D18/CA_SoCal_Wildfires_B4_2018
USGS_LPC_CA_Sonoma_2013_LAS_2017,2013-09-28,2013-11-11,wesm_normalized_workunit,https://prd-tnm.s3.amazonaws.com/index.html?prefix=StagedProducts/Elevation/metadata/Sonoma_County_CA_Lidar/CA_Sonoma_2013
USGS_LPC_CA_Sonoma_A2_2013_LAS_2017,2013-09-28,2013-11-11,wesm_normalized_workunit,https://prd-tnm.s3.amazonaws.com/index.html?prefix=StagedProducts/Elevation/metadata/Sonoma_County_CA_Lidar/CA_Sonoma-A2_2013
USGS_LPC_CA_Sonoma_A3_2013_LAS_2017,2013-09-28,2013-11-11,wesm_normalized_workunit,https://prd-tnm.s3.amazonaws.com/index.html?prefix=StagedProducts/Elevation/metadata/Sonoma_County_CA_Lidar/CA_Sonoma-A3_2013
USGS_LPC_CA_Sonoma_A4_2013_LAS_2017,2013-09-28,2013-11-11,wesm_normalized_workunit,https://prd-tnm.s3.amazonaws.com/index.html?prefix=StagedProducts/Elevation/metadata/Sonoma_County_CA_Lidar/CA_Sonoma-A4_2013
USGS_LPC_CA_WestCoastElNinoUTM10_2016_LAS_2017,2016-04-28,2016-05-28,wesm_normalized_workunit,https://prd-tnm.s3.amazonaws.com/index.html?prefix=StagedProducts/Elevation/metadata/CA_West_Coast_LiDAR_2016_B16/CA_WestCoastElNinoUTM10_2016
USGS_LPC_CA_WestCoastElNinoUTM11_2016_LAS_2017,2016-04-28,2016-05-28,wesm_normalized_workunit,https://prd-tnm.s3.amazonaws.com/index.html?prefix=StagedProducts/Elevation/metadata/CA_West_Coast_LiDAR_2016_B16/CA_WestCoastElNinoUTM11_2016
USGS_LPC_CO_Central_Western_2016_LAS_2018,2016-05-28,2016-10-07,wesm_normalized_workunit,https://prd-tnm.s3.amazonaws.com/index.html?prefix=StagedProducts/Elevation/metadata/CO_Central_and_WesternCO_2016_A16/CO_Central-Western_2016
USGS_LPC_CO_MesaCo_QL1_2016_LAS_2017,2015-11-01,2016-07-17,wesm_normalized_workunit,https://prd-tnm.s3.amazonaws.com/index.html?prefix=StagedProducts/Elevation/metadata/CO_MesaCounty_2015/CO_MesaCo-QL1_2016
USGS_LPC_CO_MesaCo_QL2_2015_LAS_2017,2015-11-01,2016-07-17,wesm_normalized_workunit,https://prd-tnm.s3.amazonaws.com/index.html?prefix=StagedProducts/Elevation/metadata/CO_MesaCounty_2015/CO_MesaCo-QL2_2015
USGS_LPC_CO_MesaCo_QL2_UTM13_2015_LAS_2017,2015-11-01,2016-07-17,wesm_normalized_workunit,https://prd-tnm.s3.amazonaws.com/index.html?prefix=StagedProducts/Elevation/metadata/CO_MesaCounty_2015/CO_MesaCo-QL2-UTM13_2015
USGS_LPC_CO_SanJuan_NF_2017_LAS_2018,2017-09-16,2017-10-24,wesm_normalized_workunit,https://prd-tnm.s3.amazonaws.com/index.html?prefix=StagedProducts/Elevation/metadata/CO_San_Juan_2017_D17/CO_SanJuan_NF_2017
USGS_LPC_CO_SoPlatteRiver_Lot1_2013_LAS_2015,2013-10-25,2014-05-31,wesm_normalized_workunit,https://prd-tnm.s3.amazonaws.com/index.html?prefix=StagedProducts/Elevation/metadata/South_Platte_River_Flood_LiDAR/CO_SoPlatteRiver-Lot1_2013
USGS_LPC_CO_SoPlatteRiver_Lot2a_2013_LAS_2015,2013-10-25,2014-05-31,wesm_normalized_workunit,https://prd-tnm.s3.amazonaws.com/index.html?prefix=StagedProducts/Elevation/metadata/South_Platte_River_Flood_LiDAR/CO_SoPlatteRiver-Lot2a_2013
USGS_LPC_CO_SoPlatteRiver_Lot5_2013_LAS_2015,2013-10-25,2014-05-31,wesm_normalized_workunit,https://prd-tnm.s3.amazonaws.com/index.html?prefix=StagedProducts/Elevation/metadata/South_Platte_River_Flood_LiDAR/CO_SoPlatteRiver-Lot5_2013
USGS_LPC_CO_SoPlatte_Lot3_2013_LAS_2015,2013-10-25,2014-07-25,wesm_normalized_workunit,https://prd-tnm.s3.amazonaws.com/index.html?prefix=StagedProducts/Elevation/metadata/South_Platte_River_Flood_LiDAR/CO_SoPlatte-Lot3_2013
USGS_LPC_CT_River_Lot6_Winnipesaulee_2015_LAS_2017,,,,
USGS_LPC_CT_Sandy_2014_LAS_2015,2014-04-27,2014-05-29,wesm_normalized_workunit,https://prd-tnm.s3.amazonaws.com/index.html?prefix=StagedProducts/Elevation/metadata/Connecticut_SANDY_LiDAR/CT_Sandy_2014
USGS_LPC_CT_Statewide_B8_2016,2016-03-11,2016-04-16,wesm_normalized_workunit,https://prd-tnm.s3.amazonaws.com/index.html?prefix=StagedProducts/Elevation/metadata/CT_Statewide_C16/CT_Statewide_B8_2016
USGS_LPC_DE_DelawareValleyHD_5A_2015_LAS_2017,2015-04-12,2015-11-25,wesm_normalized_workunit,https://prd-tnm.s3.amazonaws.com/index.html?prefix=StagedProducts/Elevation/metadata/Delaware_Valley_High_Density_QL2_LiDAR_BAA/DE_DelawareValleyHD-5A_2015
USGS_LPC_DE_DelawareValley_HD_2015_LAS_2017,2015-04-12,2015-05-23,wesm_normalized_workunit,https://prd-tnm.s3.amazonaws.com/index.html?prefix=StagedProducts/Elevation/metadata/Delaware_Valley_High_Density_QL2_LiDAR_BAA/DE_DelawareValley-HD_2015
USGS_LPC_DE_Snds_2013_LAS_2015,2013-12-17,2014-04-06,wesm_normalized_workunit,https://prd-tnm.s3.amazonaws.com/index.html?prefix=StagedProducts/Elevation/metadata/Sandy_Supplemental_DE_and_MD_QL2_LiDAR/DE_Snds_2013
USGS_LPC_FL_LeonCo_2018_LAS_2019,2018-02-05,2018-04-25,wesm_normalized_workunit,https://prd-tnm.s3.amazonaws.com/index.html?prefix=StagedProducts/Elevation/metadata/FL_LeonCountyProcessing_2018_D18/FL_LeonCo_2018
USGS_LPC_FL_Lower_Choctawhatchee_TL_2017_LAS_2019,2017-05-02,2017-05-17,wesm_normalized_workunit,https://prd-tnm.s3.amazonaws.com/index.html?prefix=StagedProducts/Elevation/metadata/FL_Lower_Choctawhatchee_NWFWMD_Lidar_2017_B17/FL_Lower_Choctawhatchee_TL_2017
USGS_LPC_FL_MartinCo_2015_LAS_2017,2016-01-16,2016-01-23,wesm_normalized_workunit,https://prd-tnm.s3.amazonaws.com/index.html?prefix=StagedProducts/Elevation/metadata/Martin_Co_Lidar/FL_MartinCo_2015
USGS_LPC_FL_PalmBeachCo_2016_LAS_2019,2016-12-28,2017-03-10,wesm_normalized_workunit,https://prd-tnm.s3.amazonaws.com/index.html?prefix=StagedProducts/Elevation/metadata/FL_Palm_Beach_County_LiDAR_2016_B16/FL_PalmBeachCo_2016
USGS_LPC_FL_Panhandle_B1_2018_LAS_2019,2018-03-31,2018-05-10,wesm_normalized_workunit,https://prd-tnm.s3.amazonaws.com/index.html?prefix=StagedProducts/Elevation/metadata/FL_Panhandle_2018_B18/FL_Panhandle_B1_2018
USGS_LPC_FL_Panhandle_B2_2018_LAS_2019,2018-03-31,2018-05-10,wesm_normalized_workunit,https://prd-tnm.s3.amazonaws.com/index.html?prefix=StagedProducts/Elevation/metadata/FL_Panhandle_2018_B18/FL_Panhandle_B2_2018
USGS_LPC_FL_Panhandle_B3_2018_LAS_2019,2018-03-31,2019-05-10,wesm_normalized_workunit,https://prd-tnm.s3.amazonaws.com/index.html?prefix=StagedProducts/Elevation/metadata/FL_Panhandle_2018_B18/FL_Panhandle_B3_2018
USGS_LPC_FL_PeaceRiver_2014_LAS_2018,2014-12-01,2015-11-06,wesm_normalized_workunit,https://prd-tnm.s3.amazonaws.com/index.html?prefix=StagedProducts/Elevation/metadata/FL_PeaceRiver_2014_C17/FL_PeaceRiver_2014
USGS_LPC_FL_Southeast_B1_2018_LAS_2019,2018-06-02,2018-06-02,wesm_normalized_workunit,https://prd-tnm.s3.amazonaws.com/index.html?prefix=StagedProducts/Elevation/metadata/FL_Southeast_2018_D18_SUPPLEMENTAL/FL_Southeast_B1_2018
USGS_LPC_FL_Southeast_B2_2018_LAS_2019,2018-06-02,2018-12-17,wesm_normalized_workunit,https://prd-tnm.s3.amazonaws.com/index.html?prefix=StagedProducts/Elevation/metadata/FL_Southeast_2018_D18_SUPPLEMENTAL/FL_Southeast_B2_2018
USGS_LPC_FL_Southeast_TL_2018_LAS_2019,2018-06-02,2018-12-17,wesm_normalized_workunit,https://prd-tnm.s3.amazonaws.com/index.html?prefix=StagedProducts/Elevation/metadata/FL_Southeast_2018_D18_SUPPLEMENTAL/FL_Southeast_TL_2018
USGS_LPC_FL_Southwest_A_2018_LAS_2019,2018-05-08,2018-10-29,wesm_normalized_workunit,https://prd-tnm.s3.amazonaws.com/index.html?prefix=StagedProducts/Elevation/metadata/FL_Southwest_2018_D18_SUPPLEMENTAL/FL_Southwest_A_2018
USGS_LPC_FL_Southwest_B_2018_LAS_2019,2018-05-08,2018-10-29,wesm_normalized_workunit,https://prd-tnm.s3.amazonaws.com/index.html?prefix=StagedProducts/Elevation/metadata/FL_Southwest_2018_D18_SUPPLEMENTAL/FL_Southwest_B_2018
USGS_LPC_FL_Southwest_B_TL_2018_LAS_2019,2018-05-08,2019-03-01,wesm_normalized_workunit,https://prd-tnm.s3.amazonaws.com/index.html?prefix=StagedProducts/Elevation/metadata/FL_Southwest_2018_D18_SUPPLEMENTAL/FL_Southwest_B_TL_2018
USGS_LPC_FL_SuwanneeRiver_2017_LAS_2018,2017-01-14,2017-02-10,wesm_normalized_workunit,https://prd-tnm.s3.amazonaws.com/index.html?prefix=StagedProducts/Elevation/metadata/FL_Suwannee_River_Lidar__2016_B16/FL_SuwanneeRiver_2017
USGS_LPC_FL_Suwannee_NCentral_2014_LAS_2016,2014-02-19,2014-03-01,wesm_normalized_workunit,https://prd-tnm.s3.amazonaws.com/index.html?prefix=StagedProducts/Elevation/metadata/FL_Suwannee_River_FL_QL2_LiDAR_(FY14)_14/FL_Suwannee_NCentral_2014
USGS_LPC_FL_Upper_Saint_Johns_2017_LAS_2019,2018-03-22,2018-06-13,wesm_normalized_workunit,https://prd-tnm.s3.amazonaws.com/index.html?prefix=StagedProducts/Elevation/metadata/FL_Upper_Saint_Johns_Lidar_2017_B17/FL_Upper_Saint_Johns_2017
USGS_LPC_GA_Georgia_A1_2016_LAS_2018,2016-03-11,2017-02-10,wesm_normalized_workunit,https://prd-tnm.s3.amazonaws.com/index.html?prefix=StagedProducts/Elevation/metadata/GA_Georgia_Lidar_2016_D16/GA_Georgia_A1_2016
USGS_LPC_GA_Georgia_A2_2016_LAS_2018,2016-02-28,2017-02-10,wesm_normalized_workunit,https://prd-tnm.s3.amazonaws.com/index.html?prefix=StagedProducts/Elevation/metadata/GA_Georgia_Lidar_2016_D16/GA_Georgia-A2_2016
USGS_LPC_GA_Georgia_A3_2016_LAS_2018,2016-02-28,2017-02-10,wesm_normalized_workunit,https://prd-tnm.s3.amazonaws.com/index.html?prefix=StagedProducts/Elevation/metadata/GA_Georgia_Lidar_2016_D16/GA_Georgia-A3_2016
USGS_LPC_HI_Oahu_2012_LAS_2015,2013-06-01,2013-08-09,wesm_normalized_workunit,"https://prd-tnm.s3.amazonaws.com/index.html?prefix=StagedProducts/Elevation/metadata/Oahu,_HI_1.0m_NPS_LiDAR/HI_Oahu_2012"
USGS_LPC_ID_Clearwater_d1_2010_LAS_2015,2010-09-27,2010-09-29,wesm_normalized_workunit,https://prd-tnm.s3.amazonaws.com/index.html?prefix=StagedProducts/Elevation/metadata/Clearwater_NF_USFS_LiDAR/ID_Clearwater-d1_2010
USGS_LPC_ID_EmeraldCreek_2004_LAS_2016,2016-03-08,2016-03-08,wesm_normalized_workunit,https://prd-tnm.s3.amazonaws.com/index.html?prefix=StagedProducts/Elevation/metadata/Clearwater_NF_USFS_LiDAR/ID_EmeraldCreek_2004
USGS_LPC_ID_FEMAHQ_2018_LAS_2019,2018-04-26,2018-08-08,wesm_normalized_workunit,https://prd-tnm.s3.amazonaws.com/index.html?prefix=StagedProducts/Elevation/metadata/ID_FEMAHQ_2018_D18/ID_FEMAHQ_2018
USGS_LPC_ID_Franklin_Bear_2017_LAS_2018,2017-10-13,2017-11-08,wesm_normalized_workunit,https://prd-tnm.s3.amazonaws.com/index.html?prefix=StagedProducts/Elevation/metadata/ID_Franklin_Bear_Lidar_2017_D17/ID_Franklin_Bear_2017
USGS_LPC_ID_JackWaite_2007_LAS_2016,2016-03-29,2016-03-29,wesm_normalized_workunit,https://prd-tnm.s3.amazonaws.com/index.html?prefix=StagedProducts/Elevation/metadata/Clearwater_NF_USFS_LiDAR/ID_Jackwaite_2007
USGS_LPC_ID_MoscowMountain_2003_LAS_2015,2003-08-13,2003-08-14,wesm_normalized_workunit,https://prd-tnm.s3.amazonaws.com/index.html?prefix=StagedProducts/Elevation/metadata/Clearwater_NF_USFS_LiDAR/ID_MoscowMountain_2003
USGS_LPC_ID_NezPerce_QL1_2016_LAS_2019,2016-10-29,2016-11-13,wesm_normalized_workunit,https://prd-tnm.s3.amazonaws.com/index.html?prefix=StagedProducts/Elevation/metadata/ID_Nez_Perce_LiDAR_2016_B16/ID_NezPerce_QL1_2016
USGS_LPC_ID_NezPerce_QL2_2016_LAS_2019,2016-10-29,2016-11-13,wesm_normalized_workunit,https://prd-tnm.s3.amazonaws.com/index.html?prefix=StagedProducts/Elevation/metadata/ID_Nez_Perce_LiDAR_2016_B16/ID_NezPerce_QL2_2016
USGS_LPC_ID_Nez_Perce_QL1_TL_2016_LAS_2019,2016-10-29,2016-11-13,wesm_normalized_workunit,https://prd-tnm.s3.amazonaws.com/index.html?prefix=StagedProducts/Elevation/metadata/ID_Nez_Perce_LiDAR_2016_B16/ID_Nez_Perce_QL1_TL_2016
USGS_LPC_ID_Nez_Perce_QL2_TL_2016_LAS_2019,2016-10-29,2016-11-13,wesm_normalized_workunit,https://prd-tnm.s3.amazonaws.com/index.html?prefix=StagedProducts/Elevation/metadata/ID_Nez_Perce_LiDAR_2016_B16/ID_Nez_Perce_QL2_TL_2016
USGS_LPC_ID_Payette_NF_QL2_2017_LAS_2018,2017-09-09,2017-10-14,wesm_normalized_workunit,https://prd-tnm.s3.amazonaws.com/index.html?prefix=StagedProducts/Elevation/metadata/ID_Payette_NF_QL1_Lidar_2017_D17/ID_Payette_NF_QL2_2017
USGS_LPC_ID_SaintJoe_2003_LAS_2015,2003-07-23,2003-09-22,wesm_normalized_workunit,https://prd-tnm.s3.amazonaws.com/index.html?prefix=StagedProducts/Elevation/metadata/Clearwater_NF_USFS_LiDAR/ID_SaintJoe_2003
USGS_LPC_ID_SlateLolo_2006_LAS_2015,2006-09-29,2006-10-03,wesm_normalized_workunit,https://prd-tnm.s3.amazonaws.com/index.html?prefix=StagedProducts/Elevation/metadata/Clearwater_NF_USFS_LiDAR/ID_SlateLolo_2006
USGS_LPC_IL_12County_KaneCo_2008_LAS_2015,2008-04-16,2008-04-16,wesm_normalized_workunit,https://prd-tnm.s3.amazonaws.com/index.html?prefix=StagedProducts/Elevation/metadata/Illinois_Twelve_Counties_LiDAR_Processing_and_Hydro_Flattened_DEMs/IL_12-County-KaneCo_2008
USGS_LPC_IL_12_County_CarollCo_2009_LAS_2015,2009-03-20,2009-03-20,wesm_normalized_workunit,https://prd-tnm.s3.amazonaws.com/index.html?prefix=StagedProducts/Elevation/metadata/Illinois_Twelve_Counties_LiDAR_Processing_and_Hydro_Flattened_DEMs/IL_12-County-CarollCo_2009
USGS_LPC_IL_12_County_ChampaignCo_2008_LAS_2016,2008-04-16,2008-04-16,wesm_normalized_workunit,https://prd-tnm.s3.amazonaws.com/index.html?prefix=StagedProducts/Elevation/metadata/Illinois_Twelve_Counties_LiDAR_Processing_and_Hydro_Flattened_DEMs/IL_12-County-ChampaignCo_2008
USGS_LPC_IL_12_County_GrundyCo_2008_LAS_2016,2008-04-16,2008-04-16,wesm_normalized_workunit,https://prd-tnm.s3.amazonaws.com/index.html?prefix=StagedProducts/Elevation/metadata/Illinois_Twelve_Counties_LiDAR_Processing_and_Hydro_Flattened_DEMs/IL_12-County-GrundyCo_2008
USGS_LPC_IL_12_County_HenryCo_2009_LAS_2016,2009-05-12,2009-05-12,wesm_normalized_workunit,https://prd-tnm.s3.amazonaws.com/index.html?prefix=StagedProducts/Elevation/metadata/Illinois_Twelve_Counties_LiDAR_Processing_and_Hydro_Flattened_DEMs/IL_12-County-HenryCo_2009
USGS_LPC_IL_12_County_OgleCo_2008_LAS_2015,2009-03-20,2009-03-20,wesm_normalized_workunit,https://prd-tnm.s3.amazonaws.com/index.html?prefix=StagedProducts/Elevation/metadata/Illinois_Twelve_Counties_LiDAR_Processing_and_Hydro_Flattened_DEMs/IL_12-County-OgleCo_2008
USGS_LPC_IL_12_County_Stephenson_Co_2009_LAS_2016,2009-03-20,2009-03-20,wesm_normalized_workunit,https://prd-tnm.s3.amazonaws.com/index.html?prefix=StagedProducts/Elevation/metadata/Illinois_Twelve_Counties_LiDAR_Processing_and_Hydro_Flattened_DEMs/IL_12_County_Stephenson_Co_2009
USGS_LPC_IL_4County_Cook_2017_LAS_2019,2017-04-16,2017-05-07,wesm_normalized_workunit,https://prd-tnm.s3.amazonaws.com/index.html?prefix=StagedProducts/Elevation/metadata/IL_4_County_QL1_LiDAR__2016_B16/IL_4County_Cook_2017
USGS_LPC_IL_4County_Kane_2018_LAS_2019,2017-04-16,2017-05-07,wesm_normalized_workunit,https://prd-tnm.s3.amazonaws.com/index.html?prefix=StagedProducts/Elevation/metadata/IL_4_County_QL1_LiDAR__2016_B16/IL_4County_Kane_2018
USGS_LPC_IL_4County_Lake_2016_LAS_2019,2017-04-16,2017-05-07,wesm_normalized_workunit,https://prd-tnm.s3.amazonaws.com/index.html?prefix=StagedProducts/Elevation/metadata/IL_4_County_QL1_LiDAR__2016_B16/IL_4County_Lake_2016
USGS_LPC_IL_4County_McHenry_2018_LAS_2019,2017-04-18,2017-04-25,wesm_normalized_workunit,https://prd-tnm.s3.amazonaws.com/index.html?prefix=StagedProducts/Elevation/metadata/IL_4_County_QL1_LiDAR__2016_B16/IL_4County_McHenry_2018
USGS_LPC_IL_5County_KankakeeCo_2014_LAS_2016,2014-04-12,2014-04-19,wesm_normalized_workunit,https://prd-tnm.s3.amazonaws.com/index.html?prefix=StagedProducts/Elevation/metadata/IL_5_County_2014_15/IL_5County_KankakeeCo_2014
USGS_LPC_IL_5County_WillCo_2014_LAS_2016,2014-04-05,2014-04-19,wesm_normalized_workunit,https://prd-tnm.s3.amazonaws.com/index.html?prefix=StagedProducts/Elevation/metadata/IL_5_County_2014_15/IL_5County-WillCo_2014
USGS_LPC_IL_5county_MarionCo_2015_LAS_2016,2015-01-24,2015-02-06,wesm_normalized_workunit,https://prd-tnm.s3.amazonaws.com/index.html?prefix=StagedProducts/Elevation/metadata/IL_5_County_2014_15/IL_5county_MarionCo_2015
USGS_LPC_IL_BondCo_2015_LAS_2016,2015-01-01,2015-01-20,wesm_normalized_workunit,https://prd-tnm.s3.amazonaws.com/index.html?prefix=StagedProducts/Elevation/metadata/Illinois_Contributed_3County_QL3_15/IL_BondCo_2015
USGS_LPC_IL_Boone_2018,2011-09-23,2018-04-28,wesm_normalized_workunit,https://prd-tnm.s3.amazonaws.com/index.html?prefix=StagedProducts/Elevation/metadata/IL_BooneWinnebago_2018_C19/IL_Boone_2018
USGS_LPC_IL_BureauCo_2015_LAS_2017,2015-12-04,2015-12-09,wesm_normalized_workunit,https://prd-tnm.s3.amazonaws.com/index.html?prefix=StagedProducts/Elevation/metadata/IL_BureauCty_2015_C16/IL_BureauCo_2015
USGS_LPC_IL_ChristianCo_2014_LAS_2016,2014-12-03,2015-03-16,wesm_normalized_workunit,https://prd-tnm.s3.amazonaws.com/index.html?prefix=StagedProducts/Elevation/metadata/NRCS_Christian_County_IL_4ppsm_LiDAR/IL_ChristianCo_2014
USGS_LPC_IL_ClintonCo_2015_LAS_2016,2015-01-01,2015-03-15,wesm_normalized_workunit,https://prd-tnm.s3.amazonaws.com/index.html?prefix=StagedProducts/Elevation/metadata/IL_5_County_2014_15/IL_ClintonCo_2015
USGS_LPC_IL_DOT_District5_DewittCo_2012_LAS_2017,2012-02-17,2012-11-16,wesm_normalized_workunit,https://prd-tnm.s3.amazonaws.com/index.html?prefix=StagedProducts/Elevation/metadata/Contributed_ILDOT_District_5_QL3/IL_DOT-District5-DewittCo_2012
USGS_LPC_IL_DOT_District5_EdgarCo_2012_LAS_2017,2012-02-17,2012-11-16,wesm_normalized_workunit,https://prd-tnm.s3.amazonaws.com/index.html?prefix=StagedProducts/Elevation/metadata/Contributed_ILDOT_District_5_QL3/IL_DOT-District5-EdgarCo_2012
USGS_LPC_IL_DOT_District5_McleanCo_2012_LAS_2017,2012-02-17,2012-11-16,wesm_normalized_workunit,https://prd-tnm.s3.amazonaws.com/index.html?prefix=StagedProducts/Elevation/metadata/Contributed_ILDOT_District_5_QL3/IL_DOT-District5-McleanCo_2012
USGS_LPC_IL_DOT_District5_PiattCo_2012_LAS_2017,2012-02-17,2012-11-16,wesm_normalized_workunit,https://prd-tnm.s3.amazonaws.com/index.html?prefix=StagedProducts/Elevation/metadata/Contributed_ILDOT_District_5_QL3/IL_DOT-District5-PiattCo_2012
USGS_LPC_IL_DOT_District5_VermilionCo_2012_LAS_2017,2012-02-17,2012-11-16,wesm_normalized_workunit,https://prd-tnm.s3.amazonaws.com/index.html?prefix=StagedProducts/Elevation/metadata/Contributed_ILDOT_District_5_QL3/IL_DOT-District5-VermilionCo_2012
USGS_LPC_IL_DOT_District_7_LiDAR_LAS_2017,2012-02-17,2012-11-16,wesm_normalized_workunit,https://prd-tnm.s3.amazonaws.com/index.html?prefix=StagedProducts/Elevation/metadata/Contributed_ILDOT_District_7_QL3/IL_DOT_District_7_LiDAR
USGS_LPC_IL_District4_Fulton_2014_LAS_2018,2011-04-05,2012-02-12,wesm_normalized_workunit,https://prd-tnm.s3.amazonaws.com/index.html?prefix=StagedProducts/Elevation/metadata/Contributed_ILDOT_District_4_QL3/IL_District4-Fulton_2014
USGS_LPC_IL_District4_Henderson_2014_LAS_2016,2011-04-05,2012-02-12,wesm_normalized_workunit,https://prd-tnm.s3.amazonaws.com/index.html?prefix=StagedProducts/Elevation/metadata/Contributed_ILDOT_District_4_QL3/IL_District4-Henderson_2014
USGS_LPC_IL_District4_Knox_2014_LAS_2017,2011-04-05,2012-02-12,wesm_normalized_workunit,https://prd-tnm.s3.amazonaws.com/index.html?prefix=StagedProducts/Elevation/metadata/Contributed_ILDOT_District_4_QL3/IL_District4-Knox_2014
USGS_LPC_IL_District4_Marshal_2014_LAS_2016,2011-04-05,2012-02-12,wesm_normalized_workunit,https://prd-tnm.s3.amazonaws.com/index.html?prefix=StagedProducts/Elevation/metadata/Contributed_ILDOT_District_4_QL3/IL_District4-Marshal_2014
USGS_LPC_IL_District4_McDonough_2014_LAS_2018,2018-01-25,2018-01-25,wesm_normalized_workunit,https://prd-tnm.s3.amazonaws.com/index.html?prefix=StagedProducts/Elevation/metadata/Contributed_ILDOT_District_4_QL3/IL_District4-McDonough_2014
USGS_LPC_IL_District4_Mercer_2014_LAS_2016,2011-04-05,2012-02-12,wesm_normalized_workunit,https://prd-tnm.s3.amazonaws.com/index.html?prefix=StagedProducts/Elevation/metadata/Contributed_ILDOT_District_4_QL3/IL_District4-Mercer_2014
USGS_LPC_IL_District4_Peoria_2014_LAS_2016,2011-04-05,2012-02-12,wesm_normalized_workunit,https://prd-tnm.s3.amazonaws.com/index.html?prefix=StagedProducts/Elevation/metadata/Contributed_ILDOT_District_4_QL3/IL_District4-Peoria_2014
USGS_LPC_IL_District4_Putnam_2014_LAS_2017,2011-04-05,2012-02-12,wesm_normalized_workunit,https://prd-tnm.s3.amazonaws.com/index.html?prefix=StagedProducts/Elevation/metadata/Contributed_ILDOT_District_4_QL3/IL_District4-Putnam_2014
USGS_LPC_IL_District4_Stark_2014_LAS_2018,2011-04-05,2012-02-12,wesm_normalized_workunit,https://prd-tnm.s3.amazonaws.com/index.html?prefix=StagedProducts/Elevation/metadata/Contributed_ILDOT_District_4_QL3/IL_District4-Stark_2014
USGS_LPC_IL_District4_Tazewell_2014_LAS_2016,2011-04-05,2012-02-12,wesm_normalized_workunit,https://prd-tnm.s3.amazonaws.com/index.html?prefix=StagedProducts/Elevation/metadata/Contributed_ILDOT_District_4_QL3/IL_District4-Tazewell_2014
USGS_LPC_IL_District4_Warren_2014_LAS_2018,2018-01-12,2018-01-12,wesm_normalized_workunit,https://prd-tnm.s3.amazonaws.com/index.html?prefix=StagedProducts/Elevation/metadata/Contributed_ILDOT_District_4_QL3/IL_District4-Warren_2014
USGS_LPC_IL_District4_Woodford_2014_LAS_2016,2011-04-05,2012-02-12,wesm_normalized_workunit,https://prd-tnm.s3.amazonaws.com/index.html?prefix=StagedProducts/Elevation/metadata/Contributed_ILDOT_District_4_QL3/IL_District4-Woodford_2014
USGS_LPC_IL_District5_DouglasCo_2012_LAS_2018,2012-02-17,2012-11-16,wesm_normalized_workunit,https://prd-tnm.s3.amazonaws.com/index.html?prefix=StagedProducts/Elevation/metadata/Contributed_ILDOT_District_5_QL3/IL_District5-DouglasCo_2012
USGS_LPC_IL_District7_Clark_2014_LAS_2017,2010-12-07,2011-04-14,wesm_normalized_workunit,https://prd-tnm.s3.amazonaws.com/index.html?prefix=StagedProducts/Elevation/metadata/Contributed_ILDOT_District_7_QL3/IL_District7-Clark_2014
USGS_LPC_IL_District7_Crawford_2014_LAS_2017,2010-12-07,2011-04-14,wesm_normalized_workunit,https://prd-tnm.s3.amazonaws.com/index.html?prefix=StagedProducts/Elevation/metadata/Contributed_ILDOT_District_7_QL3/IL_District7-Crawford_2014
USGS_LPC_IL_District7_Cumberland_2014_LAS_2017,2010-12-07,2011-04-14,wesm_normalized_workunit,https://prd-tnm.s3.amazonaws.com/index.html?prefix=StagedProducts/Elevation/metadata/Contributed_ILDOT_District_7_QL3/IL_District7-Cumberland_2014
USGS_LPC_IL_District7_Edwards_2014_LAS_2017,2012-02-17,2012-11-16,wesm_normalized_workunit,https://prd-tnm.s3.amazonaws.com/index.html?prefix=StagedProducts/Elevation/metadata/Contributed_ILDOT_District_7_QL3/IL_District7-Edwards_2014
USGS_LPC_IL_District7_Effingham_2014_LAS_2017,2010-12-07,2011-04-14,wesm_normalized_workunit,https://prd-tnm.s3.amazonaws.com/index.html?prefix=StagedProducts/Elevation/metadata/Contributed_ILDOT_District_7_QL3/IL_District7-Effingham_2014
USGS_LPC_IL_District7_Fayette_2014_LAS_2017,2010-12-07,2011-04-14,wesm_normalized_workunit,https://prd-tnm.s3.amazonaws.com/index.html?prefix=StagedProducts/Elevation/metadata/Contributed_ILDOT_District_7_QL3/IL_District7-Fayette_2014
USGS_LPC_IL_District7_Macon_2014_LAS_2017,2012-02-17,2012-11-16,wesm_normalized_workunit,https://prd-tnm.s3.amazonaws.com/index.html?prefix=StagedProducts/Elevation/metadata/Contributed_ILDOT_District_7_QL3/IL_District7-Macon_2014
USGS_LPC_IL_District7_Moultrie_2014_LAS_2018,2012-02-17,2012-11-16,wesm_normalized_workunit,https://prd-tnm.s3.amazonaws.com/index.html?prefix=StagedProducts/Elevation/metadata/Contributed_ILDOT_District_7_QL3/IL_District7-Moultrie_2014
USGS_LPC_IL_District7_Richland_2014_LAS_2017,2010-12-07,2011-04-14,wesm_normalized_workunit,https://prd-tnm.s3.amazonaws.com/index.html?prefix=StagedProducts/Elevation/metadata/Contributed_ILDOT_District_7_QL3/IL_District7-Richland_2014
USGS_LPC_IL_District7_Shelby_2014_LAS_2017,2012-02-17,2012-11-16,wesm_normalized_workunit,https://prd-tnm.s3.amazonaws.com/index.html?prefix=StagedProducts/Elevation/metadata/Contributed_ILDOT_District_7_QL3/IL_District7-Shelby_2014
USGS_LPC_IL_District7_Wabash_2014_LAS_2017,2012-02-17,2012-11-16,wesm_normalized_workunit,https://prd-tnm.s3.amazonaws.com/index.html?prefix=StagedProducts/Elevation/metadata/Contributed_ILDOT_District_7_QL3/IL_District7-Wabash_2014
USGS_LPC_IL_District7_Wayne_2014_LAS_2018,2012-02-17,2012-11-16,wesm_normalized_workunit,https://prd-tnm.s3.amazonaws.com/index.html?prefix=StagedProducts/Elevation/metadata/Contributed_ILDOT_District_7_QL3/IL_District7-Wayne_2014
USGS_LPC_IL_FordIroquoisLivingston_L3_2014_LAS_2017,2015-04-27,2015-06-07,wesm_normalized_workunit,https://prd-tnm.s3.amazonaws.com/index.html?prefix=StagedProducts/Elevation/metadata/IL_FordIroqouisLivingston_2015_C16/IL_FordIroquoisLivingston-L3_2014
USGS_LPC_IL_FranklinCo_2014_LAS_2018,2014-04-02,2014-04-30,wesm_normalized_workunit,https://prd-tnm.s3.amazonaws.com/index.html?prefix=StagedProducts/Elevation/metadata/Contributed_IL_Franklin_Jackson_Perry_Counties_QL3/IL_FranklinCo_2014
USGS_LPC_IL_GrnMacMont_2017_LAS_2018,2017-04-07,2017-04-24,wesm_normalized_workunit,https://prd-tnm.s3.amazonaws.com/index.html?prefix=StagedProducts/Elevation/metadata/IL_GreenMacoupinMont_2017_C18/IL_GrnMacMont_2017
USGS_LPC_IL_HancockCo_2017_LAS_2018,2017-03-15,2017-07-07,wesm_normalized_workunit,https://prd-tnm.s3.amazonaws.com/index.html?prefix=StagedProducts/Elevation/metadata/IL_HancockCounty_2017_C18/IL_HancockCo_2017
USGS_LPC_IL_Hardin_2014_LAS_2017,2014-03-20,2014-03-21,wesm_normalized_workunit,https://prd-tnm.s3.amazonaws.com/index.html?prefix=StagedProducts/Elevation/metadata/Hardin_and_Pope_Counties_Contributed_Lidar/IL_Hardin_2014
USGS_LPC_IL_JacksonCo_2015_LAS_2018,2014-04-02,2014-04-30,wesm_normalized_workunit,https://prd-tnm.s3.amazonaws.com/index.html?prefix=StagedProducts/Elevation/metadata/Contributed_IL_Franklin_Jackson_Perry_Counties_QL3/IL_JacksonCo_2015
USGS_LPC_IL_Jasper_2014_LAS_2017,2010-12-07,2011-04-14,wesm_normalized_workunit,https://prd-tnm.s3.amazonaws.com/index.html?prefix=StagedProducts/Elevation/metadata/Contributed_ILDOT_District_7_QL3/IL_Jasper_2014
USGS_LPC_IL_JeffersonCo_2015_LAS_2016,2015-01-24,2016-02-06,wesm_normalized_workunit,https://prd-tnm.s3.amazonaws.com/index.html?prefix=StagedProducts/Elevation/metadata/Illinois_Contributed_3County_QL3_15/IL_JeffersonCo_2015
USGS_LPC_IL_JoDaviessCo_2008_LAS_2015,2009-03-20,2009-03-20,wesm_normalized_workunit,https://prd-tnm.s3.amazonaws.com/index.html?prefix=StagedProducts/Elevation/metadata/Illinois_Twelve_Counties_LiDAR_Processing_and_Hydro_Flattened_DEMs/IL_JoDaviessCo_2008
USGS_LPC_IL_LaSalle_B1_2017_LAS_2019,2017-11-19,2018-04-12,wesm_normalized_workunit,https://prd-tnm.s3.amazonaws.com/index.html?prefix=StagedProducts/Elevation/metadata/IL_LaSalle_County_QL2_Plus_Lidar_2017_B17/IL_LaSalle_B1_2017
USGS_LPC_IL_LaSalle_B2_2017_LAS_2019,2017-11-19,2018-04-12,wesm_normalized_workunit,https://prd-tnm.s3.amazonaws.com/index.html?prefix=StagedProducts/Elevation/metadata/IL_LaSalle_County_QL2_Plus_Lidar_2017_B17/IL_LaSalle_B2_2017
USGS_LPC_IL_LeeCo_2008_LAS_2015,2009-03-20,2009-03-20,wesm_normalized_workunit,https://prd-tnm.s3.amazonaws.com/index.html?prefix=StagedProducts/Elevation/metadata/Illinois_Twelve_Counties_LiDAR_Processing_and_Hydro_Flattened_DEMs/IL_LeeCo_2008
USGS_LPC_IL_LoganCo_2013_LAS_2015,2013-11-23,2013-11-30,wesm_normalized_workunit,https://prd-tnm.s3.amazonaws.com/index.html?prefix=StagedProducts/Elevation/metadata/IL_NRCS_Logan_4ppsm_Lidar_Task_14/IL_LoganCo_2013
USGS_LPC_IL_MadisonCo_2014_LAS_2016,2014-03-23,2014-03-31,wesm_normalized_workunit,https://prd-tnm.s3.amazonaws.com/index.html?prefix=StagedProducts/Elevation/metadata/IL_5_County_2014_15/IL_MadisonCo_2014
USGS_LPC_IL_PerryCo_2015_LAS_2019,2014-04-02,2014-04-30,wesm_normalized_workunit,https://prd-tnm.s3.amazonaws.com/index.html?prefix=StagedProducts/Elevation/metadata/Contributed_IL_Franklin_Jackson_Perry_Counties_QL3/IL_PerryCo_2015
USGS_LPC_IL_Pike_ScottCo_2015_LAS_2017,2015-04-26,2015-05-14,wesm_normalized_workunit,https://prd-tnm.s3.amazonaws.com/index.html?prefix=StagedProducts/Elevation/metadata/IL_Pike-Scott_2015/IL_Pike-ScottCo_2015
USGS_LPC_IL_Pope_2014_LAS_2017,2014-03-20,2014-03-21,wesm_normalized_workunit,https://prd-tnm.s3.amazonaws.com/index.html?prefix=StagedProducts/Elevation/metadata/Hardin_and_Pope_Counties_Contributed_Lidar/IL_Pope_2014
USGS_LPC_IL_Twelve_Counties_McHenry_LAS_2016,2008-04-16,2008-04-16,wesm_normalized_workunit,https://prd-tnm.s3.amazonaws.com/index.html?prefix=StagedProducts/Elevation/metadata/Illinois_Twelve_Counties_LiDAR_Processing_and_Hydro_Flattened_DEMs/IL_Twelve_Counties_McHenry
USGS_LPC_IL_WashingtonCo_2015_LAS_2016,2015-01-01,2015-03-15,wesm_normalized_workunit,https://prd-tnm.s3.amazonaws.com/index.html?prefix=StagedProducts/Elevation/metadata/Illinois_Contributed_3County_QL3_15/IL_WashingtonCo_2015
USGS_LPC_IL_WestCentral_2017_LAS_2019,2017-12-03,2017-12-13,wesm_normalized_workunit,https://prd-tnm.s3.amazonaws.com/index.html?prefix=StagedProducts/Elevation/metadata/IL_West_Central_Lidar_2017_D17/IL_WestCentral_2017
USGS_LPC_IL_WhitesideCO_2009_LAS_2015,2009-03-20,2009-03-20,wesm_normalized_workunit,https://prd-tnm.s3.amazonaws.com/index.html?prefix=StagedProducts/Elevation/metadata/Illinois_Twelve_Counties_LiDAR_Processing_and_Hydro_Flattened_DEMs/IL_WhitesideCO_2009
USGS_LPC_IN_Central_Hamilton_2017_LAS_2019,2016-03-21,2016-03-22,wesm_normalized_workunit,https://prd-tnm.s3.amazonaws.com/index.html?prefix=StagedProducts/Elevation/metadata/IN_Central_3_County_2016_A16/IN_Central_Hamilton_2017
USGS_LPC_IN_Central_MarionCo_2016_LAS_2018,2016-03-11,2016-03-18,wesm_normalized_workunit,https://prd-tnm.s3.amazonaws.com/index.html?prefix=StagedProducts/Elevation/metadata/IN_Central_3_County_2016_A16/IN_Central-MarionCo_2016
USGS_LPC_IN_Central_Wayne_2016_LAS_2019,2017-03-05,2017-04-09,wesm_normalized_workunit,https://prd-tnm.s3.amazonaws.com/index.html?prefix=StagedProducts/Elevation/metadata/IN_Central_3_County_2016_A16/IN_Central_Wayne_2016
USGS_LPC_IN_ET_B5_Allen_2012__LAS_2016,2012-01-31,2012-04-02,wesm_normalized_workunit,https://prd-tnm.s3.amazonaws.com/index.html?prefix=StagedProducts/Elevation/metadata/Eastern_Indiana_QL3_Lidar/IN_ET-B5-Allen_2012
USGS_LPC_IN_ET_B5_Dekalb_2012_LAS_2016,2012-01-31,2012-04-02,wesm_normalized_workunit,https://prd-tnm.s3.amazonaws.com/index.html?prefix=StagedProducts/Elevation/metadata/Eastern_Indiana_QL3_Lidar/IN_ET-B5-Dekalb_2012
USGS_LPC_IN_ET_B5_LaGrange_2012_LAS_2016,2012-01-31,2012-04-02,wesm_normalized_workunit,https://prd-tnm.s3.amazonaws.com/index.html?prefix=StagedProducts/Elevation/metadata/Eastern_Indiana_QL3_Lidar/IN_ET-B5-LaGrange_2012
USGS_LPC_IN_ET_B5_Noble_2012__LAS_2016,2012-01-31,2012-04-02,wesm_normalized_workunit,https://prd-tnm.s3.amazonaws.com/index.html?prefix=StagedProducts/Elevation/metadata/Eastern_Indiana_QL3_Lidar/IN_ET-B5-Noble_2012
USGS_LPC_IN_ET_B5_Steuben_2012_LAS_2016,2012-01-31,2012-04-02,wesm_normalized_workunit,https://prd-tnm.s3.amazonaws.com/index.html?prefix=StagedProducts/Elevation/metadata/Eastern_Indiana_QL3_Lidar/IN_ET-B5-Steuben_2012
USGS_LPC_IN_ET_B5_Whitley_2012__LAS_2016,2012-01-31,2012-04-02,wesm_normalized_workunit,https://prd-tnm.s3.amazonaws.com/index.html?prefix=StagedProducts/Elevation/metadata/Eastern_Indiana_QL3_Lidar/IN_ET-B5-Whitley_2012
USGS_LPC_IN_ET_B6_Adams_2012_LAS_2016,2012-03-13,2012-03-28,wesm_normalized_workunit,https://prd-tnm.s3.amazonaws.com/index.html?prefix=StagedProducts/Elevation/metadata/Eastern_Indiana_QL3_Lidar/IN_ET-B6-Adams_2012
USGS_LPC_IN_ET_B6_Blackford_2012_LAS_2016,2012-03-13,2012-03-28,wesm_normalized_workunit,https://prd-tnm.s3.amazonaws.com/index.html?prefix=StagedProducts/Elevation/metadata/Eastern_Indiana_QL3_Lidar/IN_ET-B6-Blackford_2012
USGS_LPC_IN_ET_B6_Delaware_2012_LAS_2017,2012-01-31,2012-04-02,wesm_normalized_workunit,https://prd-tnm.s3.amazonaws.com/index.html?prefix=StagedProducts/Elevation/metadata/Eastern_Indiana_QL3_Lidar/IN_ET-B6-Delaware_2012
USGS_LPC_IN_ET_B6_Grant_2012_LAS_2016,2012-03-13,2012-03-28,wesm_normalized_workunit,https://prd-tnm.s3.amazonaws.com/index.html?prefix=StagedProducts/Elevation/metadata/Eastern_Indiana_QL3_Lidar/IN_ET-B6-Grant_2012
USGS_LPC_IN_ET_B6_Hamilton_2012_LAS_2017,2012-01-31,2012-04-02,wesm_normalized_workunit,https://prd-tnm.s3.amazonaws.com/index.html?prefix=StagedProducts/Elevation/metadata/Eastern_Indiana_QL3_Lidar/IN_ET-B6-Hamilton_2012
USGS_LPC_IN_ET_B6_Huntington_2012_LAS_2016,2012-03-13,2012-03-28,wesm_normalized_workunit,https://prd-tnm.s3.amazonaws.com/index.html?prefix=StagedProducts/Elevation/metadata/Eastern_Indiana_QL3_Lidar/IN_ET-B6-Huntington_2012
USGS_LPC_IN_ET_B6_Jay_2012_LAS_2016,2012-03-13,2012-03-28,wesm_normalized_workunit,https://prd-tnm.s3.amazonaws.com/index.html?prefix=StagedProducts/Elevation/metadata/Eastern_Indiana_QL3_Lidar/IN_ET-B6-Jay_2012
USGS_LPC_IN_ET_B6_Madison_2012_LAS_2017,2012-01-31,2012-04-04,wesm_normalized_workunit,https://prd-tnm.s3.amazonaws.com/index.html?prefix=StagedProducts/Elevation/metadata/Eastern_Indiana_QL3_Lidar/IN_ET-B6-Madison_2012
USGS_LPC_IN_ET_B6_Randolph_2012_LAS_2017,2012-01-31,2012-04-04,wesm_normalized_workunit,https://prd-tnm.s3.amazonaws.com/index.html?prefix=StagedProducts/Elevation/metadata/Eastern_Indiana_QL3_Lidar/IN_ET-B6-Randolph_2012
USGS_LPC_IN_ET_B7_Decatur_2012_LAS_2016,2012-03-03,2012-12-12,wesm_normalized_workunit,https://prd-tnm.s3.amazonaws.com/index.html?prefix=StagedProducts/Elevation/metadata/Eastern_Indiana_QL3_Lidar/IN_ET-B7-Decatur_2012
USGS_LPC_IN_ET_B7_Fayette_2012_LAS_2016,2012-03-03,2012-12-12,wesm_normalized_workunit,https://prd-tnm.s3.amazonaws.com/index.html?prefix=StagedProducts/Elevation/metadata/Eastern_Indiana_QL3_Lidar/IN_ET-B7-Fayette_2012
USGS_LPC_IN_ET_B7_Franklin_2012_LAS_2016,2012-03-03,2012-12-12,wesm_normalized_workunit,https://prd-tnm.s3.amazonaws.com/index.html?prefix=StagedProducts/Elevation/metadata/Eastern_Indiana_QL3_Lidar/IN_ET-B7-Franklin_2012
USGS_LPC_IN_ET_B7_Hancock_2012_LAS_2016,2012-03-03,2012-12-12,wesm_normalized_workunit,https://prd-tnm.s3.amazonaws.com/index.html?prefix=StagedProducts/Elevation/metadata/Eastern_Indiana_QL3_Lidar/IN_ET-B7-Hancock_2012
USGS_LPC_IN_ET_B7_Henry_2012_LAS_2016,2012-01-31,2012-04-02,wesm_normalized_workunit,https://prd-tnm.s3.amazonaws.com/index.html?prefix=StagedProducts/Elevation/metadata/Eastern_Indiana_QL3_Lidar/IN_ET-B7-Henry_2012
USGS_LPC_IN_ET_B7_Rush_2012_LAS_2016,2012-03-03,2012-12-12,wesm_normalized_workunit,https://prd-tnm.s3.amazonaws.com/index.html?prefix=StagedProducts/Elevation/metadata/Eastern_Indiana_QL3_Lidar/IN_ET-B7-Rush_2012
USGS_LPC_IN_ET_B7_Shelby_2012_LAS_2016,2012-01-31,2012-04-02,wesm_normalized_workunit,https://prd-tnm.s3.amazonaws.com/index.html?prefix=StagedProducts/Elevation/metadata/Eastern_Indiana_QL3_Lidar/IN_ET-B7-Shelby_2012
USGS_LPC_IN_ET_B7_Union_2012_LAS_2016,2012-01-31,2012-04-02,wesm_normalized_workunit,https://prd-tnm.s3.amazonaws.com/index.html?prefix=StagedProducts/Elevation/metadata/Eastern_Indiana_QL3_Lidar/IN_ET-B7-Union_2012
USGS_LPC_IN_ET_B8_Clark_2012_LAS_2016,2012-01-31,2012-04-02,wesm_normalized_workunit,https://prd-tnm.s3.amazonaws.com/index.html?prefix=StagedProducts/Elevation/metadata/Eastern_Indiana_QL3_Lidar/IN_ET-B8-Clark_2012
USGS_LPC_IN_ET_B8_Dearborn_2012_LAS_2016,2012-01-31,2012-04-02,wesm_normalized_workunit,https://prd-tnm.s3.amazonaws.com/index.html?prefix=StagedProducts/Elevation/metadata/Eastern_Indiana_QL3_Lidar/IN_ET-B8-Dearborn_2012
USGS_LPC_IN_ET_B8_Floyd_2011_LAS_2016,2012-01-31,2012-04-02,wesm_normalized_workunit,https://prd-tnm.s3.amazonaws.com/index.html?prefix=StagedProducts/Elevation/metadata/Eastern_Indiana_QL3_Lidar/IN_ET-B8-Floyd_2011
USGS_LPC_IN_ET_B8_Jefferson_2012_LAS_2016,2012-01-31,2012-04-02,wesm_normalized_workunit,https://prd-tnm.s3.amazonaws.com/index.html?prefix=StagedProducts/Elevation/metadata/Eastern_Indiana_QL3_Lidar/IN_ET-B8-Jefferson_2012
USGS_LPC_IN_ET_B8_Jennings_2012_LAS_2016,2012-01-31,2012-04-02,wesm_normalized_workunit,https://prd-tnm.s3.amazonaws.com/index.html?prefix=StagedProducts/Elevation/metadata/Eastern_Indiana_QL3_Lidar/IN_ET-B8-Jennings_2012
USGS_LPC_IN_ET_B8_Ohio_2012_LAS_2016,2012-01-31,2012-04-02,wesm_normalized_workunit,https://prd-tnm.s3.amazonaws.com/index.html?prefix=StagedProducts/Elevation/metadata/Eastern_Indiana_QL3_Lidar/IN_ET-B8-Ohio_2012
USGS_LPC_IN_ET_B8_RipleyCo_2012_LAS_2016,2012-01-31,2012-04-02,wesm_normalized_workunit,https://prd-tnm.s3.amazonaws.com/index.html?prefix=StagedProducts/Elevation/metadata/Eastern_Indiana_QL3_Lidar/IN_ET-B8-RipleyCo_2012
USGS_LPC_IN_ET_B8_Scott_2012_LAS_2016,2012-01-31,2012-04-02,wesm_normalized_workunit,https://prd-tnm.s3.amazonaws.com/index.html?prefix=StagedProducts/Elevation/metadata/Eastern_Indiana_QL3_Lidar/IN_ET-B8-Scott_2012
USGS_LPC_IN_ET_B8_Switzerland_2012_LAS_2016,2012-01-31,2012-04-02,wesm_normalized_workunit,https://prd-tnm.s3.amazonaws.com/index.html?prefix=StagedProducts/Elevation/metadata/Eastern_Indiana_QL3_Lidar/IN_ET-B8-Switzerland_2012
USGS_LPC_IN_HendricksCo_2011_LAS_2015,2011-03-13,2011-04-30,wesm_normalized_workunit,https://prd-tnm.s3.amazonaws.com/index.html?prefix=StagedProducts/Elevation/metadata/Central_Indiana_LiDAR/IN_HendricksCo_2011
USGS_LPC_IN_JohnsonCo_2011_LAS_2016,2011-03-13,2011-04-30,wesm_normalized_workunit,https://prd-tnm.s3.amazonaws.com/index.html?prefix=StagedProducts/Elevation/metadata/Central_Indiana_LiDAR/IN_JohnsonCo_2011
USGS_LPC_IN_Johnson_2011_LAS_2016,,,,
USGS_LPC_IN_MarionCo_2011_LAS_2016,2011-03-13,2011-04-30,wesm_normalized_workunit,https://prd-tnm.s3.amazonaws.com/index.html?prefix=StagedProducts/Elevation/metadata/Central_Indiana_LiDAR/IN_MarionCo_2011
USGS_LPC_IN_Marion_2011_LAS_2016,,,,
USGS_LPC_IN_Monroe_2011_LAS_2016,2011-02-03,2011-04-30,wesm_normalized_workunit,https://prd-tnm.s3.amazonaws.com/index.html?prefix=StagedProducts/Elevation/metadata/Central_Indiana_LiDAR/IN_Monroe_2011
USGS_LPC_IN_Morgan_2011_LAS_2016,2011-03-13,2011-04-20,wesm_normalized_workunit,https://prd-tnm.s3.amazonaws.com/index.html?prefix=StagedProducts/Elevation/metadata/Central_Indiana_LiDAR/IN_Morgan_2011
USGS_LPC_IN_WT_B10_Benton_2013_LAS_2016,2013-02-14,2013-04-14,wesm_normalized_workunit,https://prd-tnm.s3.amazonaws.com/index.html?prefix=StagedProducts/Elevation/metadata/Western_Indiana_LiDAR/IN_WT-B10-Benton_2013
USGS_LPC_IN_WT_B10_Fountain_2013_LAS_2016,2013-03-14,2013-04-14,wesm_normalized_workunit,https://prd-tnm.s3.amazonaws.com/index.html?prefix=StagedProducts/Elevation/metadata/Western_Indiana_LiDAR/IN_WT-B10-Fountain_2013
USGS_LPC_IN_WT_B10_Montgomery_2013_LAS_2016,2013-02-14,2013-04-14,wesm_normalized_workunit,https://prd-tnm.s3.amazonaws.com/index.html?prefix=StagedProducts/Elevation/metadata/Western_Indiana_LiDAR/IN_WT-B10-Montgomery_2013
USGS_LPC_IN_WT_B10_Tippecanoe_2013_LAS_2016,2013-03-14,2013-04-14,wesm_normalized_workunit,https://prd-tnm.s3.amazonaws.com/index.html?prefix=StagedProducts/Elevation/metadata/Western_Indiana_LiDAR/IN_WT-B10-Tippecanoe_2013
USGS_LPC_IN_WT_B10_Warren_2013_LAS_2016,2013-02-14,2013-04-14,wesm_normalized_workunit,https://prd-tnm.s3.amazonaws.com/index.html?prefix=StagedProducts/Elevation/metadata/Western_Indiana_LiDAR/IN_WT-B10-Warren_2013
USGS_LPC_IN_WT_B10_White_2013_LAS_2016,2013-03-14,2013-04-14,wesm_normalized_workunit,https://prd-tnm.s3.amazonaws.com/index.html?prefix=StagedProducts/Elevation/metadata/Western_Indiana_LiDAR/IN_WT-B10-White_2013
USGS_LPC_IN_WT_B11_Clay_2013_LAS_2016,2013-03-14,2013-04-14,wesm_normalized_workunit,https://prd-tnm.s3.amazonaws.com/index.html?prefix=StagedProducts/Elevation/metadata/Western_Indiana_LiDAR/IN_WT-B11-Clay_2013
USGS_LPC_IN_WT_B11_Greene_2013_LAS_2016,2013-03-14,2013-04-14,wesm_normalized_workunit,https://prd-tnm.s3.amazonaws.com/index.html?prefix=StagedProducts/Elevation/metadata/Western_Indiana_LiDAR/IN_WT-B11-Greene_2013
USGS_LPC_IN_WT_B11_Owen_2013_LAS_2016,2013-03-14,2013-04-14,wesm_normalized_workunit,https://prd-tnm.s3.amazonaws.com/index.html?prefix=StagedProducts/Elevation/metadata/Western_Indiana_LiDAR/IN_WT-B11-Owen_2013
USGS_LPC_IN_WT_B11_Parke_2013_LAS_2016,2013-02-14,2013-04-14,wesm_normalized_workunit,https://prd-tnm.s3.amazonaws.com/index.html?prefix=StagedProducts/Elevation/metadata/Western_Indiana_LiDAR/IN_WT-B11-Parke_2013
USGS_LPC_IN_WT_B11_Putnam_2013_LAS_2016,2013-02-14,2013-04-14,wesm_normalized_workunit,https://prd-tnm.s3.amazonaws.com/index.html?prefix=StagedProducts/Elevation/metadata/Western_Indiana_LiDAR/IN_WT-B11-Putnam_2013
USGS_LPC_IN_WT_B11_Sullivan_2013_LAS_2016,2013-02-14,2013-04-14,wesm_normalized_workunit,https://prd-tnm.s3.amazonaws.com/index.html?prefix=StagedProducts/Elevation/metadata/Western_Indiana_LiDAR/IN_WT-B11-Sullivan_2013
USGS_LPC_IN_WT_B11_Vermillion_2013_LAS_2016,2013-03-14,2013-04-14,wesm_normalized_workunit,https://prd-tnm.s3.amazonaws.com/index.html?prefix=StagedProducts/Elevation/metadata/Western_Indiana_LiDAR/IN_WT-B11-Vermillion_2013
USGS_LPC_IN_WT_B11_Vigo_2013_LAS_2016,2013-02-14,2013-04-14,wesm_normalized_workunit,https://prd-tnm.s3.amazonaws.com/index.html?prefix=StagedProducts/Elevation/metadata/Western_Indiana_LiDAR/IN_WT-B11-Vigo_2013
USGS_LPC_IN_WT_B12_Daviess_2013_LAS_2016,2013-03-13,2013-04-12,wesm_normalized_workunit,https://prd-tnm.s3.amazonaws.com/index.html?prefix=StagedProducts/Elevation/metadata/Western_Indiana_LiDAR/IN_WT-B12-Daviess_2013
USGS_LPC_IN_WT_B12_Dubois_2013_LAS_2016,2013-02-14,2013-04-14,wesm_normalized_workunit,https://prd-tnm.s3.amazonaws.com/index.html?prefix=StagedProducts/Elevation/metadata/Western_Indiana_LiDAR/IN_WT-B12-Dubois_2013
USGS_LPC_IN_WT_B12_Gibson_2013_LAS_2016,2013-02-14,2013-04-14,wesm_normalized_workunit,https://prd-tnm.s3.amazonaws.com/index.html?prefix=StagedProducts/Elevation/metadata/Western_Indiana_LiDAR/IN_WT-B12-Gibson_2013
USGS_LPC_IN_WT_B12_Knox_2013_LAS_2016,2013-02-14,2013-04-14,wesm_normalized_workunit,https://prd-tnm.s3.amazonaws.com/index.html?prefix=StagedProducts/Elevation/metadata/Western_Indiana_LiDAR/IN_WT-B12-Knox_2013
USGS_LPC_IN_WT_B12_Martin_2013_LAS_2016,2013-02-14,2013-04-14,wesm_normalized_workunit,https://prd-tnm.s3.amazonaws.com/index.html?prefix=StagedProducts/Elevation/metadata/Western_Indiana_LiDAR/IN_WT-B12-Martin_2013
USGS_LPC_IN_WT_B12_Perry_2013_LAS_2016,2013-02-14,2013-04-14,wesm_normalized_workunit,https://prd-tnm.s3.amazonaws.com/index.html?prefix=StagedProducts/Elevation/metadata/Western_Indiana_LiDAR/IN_WT-B12-Perry_2013
USGS_LPC_IN_WT_B12_Pike_2013_LAS_2016,2013-03-13,2013-04-12,wesm_normalized_workunit,https://prd-tnm.s3.amazonaws.com/index.html?prefix=StagedProducts/Elevation/metadata/Western_Indiana_LiDAR/IN_WT-B12-Pike_2013
USGS_LPC_IN_WT_B12_Posey_2013_LAS_2016,2013-02-14,2013-04-14,wesm_normalized_workunit,https://prd-tnm.s3.amazonaws.com/index.html?prefix=StagedProducts/Elevation/metadata/Western_Indiana_LiDAR/IN_WT-B12-Posey_2013
USGS_LPC_IN_WT_B12_Spencer_2013_LAS_2016,2013-03-13,2013-04-12,wesm_normalized_workunit,https://prd-tnm.s3.amazonaws.com/index.html?prefix=StagedProducts/Elevation/metadata/Western_Indiana_LiDAR/IN_WT-B12-Spencer_2013
USGS_LPC_IN_WT_B12_Vanderburgh_2013_LAS_2016,2013-03-13,2013-04-12,wesm_normalized_workunit,https://prd-tnm.s3.amazonaws.com/index.html?prefix=StagedProducts/Elevation/metadata/Western_Indiana_LiDAR/IN_WT-B12-Vanderburgh_2013
USGS_LPC_IN_WT_B12_Warrick_2013_LAS_2016,2013-03-13,2013-04-12,wesm_normalized_workunit,https://prd-tnm.s3.amazonaws.com/index.html?prefix=StagedProducts/Elevation/metadata/Western_Indiana_LiDAR/IN_WT-B12-Warrick_2013
USGS_LPC_IN_WT_B9_Jasper_2013_LAS_2016,2013-02-14,2013-04-14,wesm_normalized_workunit,https://prd-tnm.s3.amazonaws.com/index.html?prefix=StagedProducts/Elevation/metadata/Western_Indiana_LiDAR/IN_WT-B9-Jasper_2013
USGS_LPC_IN_WT_B9_Lake_2013_LAS_2016,2013-02-14,2013-04-14,wesm_normalized_workunit,https://prd-tnm.s3.amazonaws.com/index.html?prefix=StagedProducts/Elevation/metadata/Western_Indiana_LiDAR/IN-WT-B9-Lake_2013
USGS_LPC_IN_WT_B9_Laporte_2013_LAS_2016,2013-02-14,2013-04-14,wesm_normalized_workunit,https://prd-tnm.s3.amazonaws.com/index.html?prefix=StagedProducts/Elevation/metadata/Western_Indiana_LiDAR/IN_WT-B9-Laporte_2013
USGS_LPC_IN_WT_B9_Newton_2013_LAS_2016,2013-02-14,2013-04-14,wesm_normalized_workunit,https://prd-tnm.s3.amazonaws.com/index.html?prefix=StagedProducts/Elevation/metadata/Western_Indiana_LiDAR/IN_WT-B9-Newton_2013
USGS_LPC_IN_WT_B9_Porter_2013_LAS_2016,2013-02-14,2013-04-14,wesm_normalized_workunit,https://prd-tnm.s3.amazonaws.com/index.html?prefix=StagedProducts/Elevation/metadata/Western_Indiana_LiDAR/IN_WT-B9-Porter_2013
USGS_LPC_Il_12Counties_Rock_IslandCo_LAS_2016,2009-05-12,2009-05-12,wesm_normalized_workunit,https://prd-tnm.s3.amazonaws.com/index.html?prefix=StagedProducts/Elevation/metadata/Illinois_Twelve_Counties_LiDAR_Processing_and_Hydro_Flattened_DEMs/Il_12Counties_Rock_IslandCo
USGS_LPC_KS_15CoNorth_A1_2015_LAS_2017,2015-12-21,2016-01-26,wesm_normalized_workunit,https://prd-tnm.s3.amazonaws.com/index.html?prefix=StagedProducts/Elevation/metadata/KS_15_County_LiDAR_2015_C16/KS_15CoNorth-A1_2015
USGS_LPC_KS_15CoNorth_A2_2015_LAS_2017,2015-12-21,2016-01-26,wesm_normalized_workunit,https://prd-tnm.s3.amazonaws.com/index.html?prefix=StagedProducts/Elevation/metadata/KS_15_County_LiDAR_2015_C16/KS_15CoNorth-A2_2015
USGS_LPC_KS_15CoNorth_A3_2015_LAS_2017,2015-12-21,2016-01-26,wesm_normalized_workunit,https://prd-tnm.s3.amazonaws.com/index.html?prefix=StagedProducts/Elevation/metadata/KS_15_County_LiDAR_2015_C16/KS_15CoNorth-A3_2015
USGS_LPC_KS_15Co_Cheney_2015_LAS_2017,2016-01-22,2016-02-10,wesm_normalized_workunit,https://prd-tnm.s3.amazonaws.com/index.html?prefix=StagedProducts/Elevation/metadata/KS_15_County_LiDAR_2015_C16/KS_15Co-Cheney_2015
USGS_LPC_KS_15Co_South_2015_LAS_2017,2015-11-20,2015-11-24,wesm_normalized_workunit,https://prd-tnm.s3.amazonaws.com/index.html?prefix=StagedProducts/Elevation/metadata/KS_15_County_LiDAR_2015_C16/KS_15Co-South_2015
USGS_LPC_KS_Area1_2014_LAS_2015,2013-12-12,2014-01-22,wesm_normalized_workunit,https://prd-tnm.s3.amazonaws.com/index.html?prefix=StagedProducts/Elevation/metadata/KS_Six_County_Kansas_Lidar_15/KS_Area1_2014
USGS_LPC_KS_Area1_Eastern_2011_LAS_2016,,,,
USGS_LPC_KS_Area2_2014_LAS_2015,2013-12-12,2014-01-22,wesm_normalized_workunit,https://prd-tnm.s3.amazonaws.com/index.html?prefix=StagedProducts/Elevation/metadata/KS_Six_County_Kansas_Lidar_15/KS_Area2_2014
USGS_LPC_KS_Area2_B1_2012_LAS_2016,2012-01-07,2012-01-10,wesm_normalized_workunit,https://prd-tnm.s3.amazonaws.com/index.html?prefix=StagedProducts/Elevation/metadata/KS_25_COUNTIES_LiDAR/KS_Area2-B1_2012
USGS_LPC_KS_Area2_B2_2012_LAS_2016,2012-02-25,2012-02-26,wesm_normalized_workunit,https://prd-tnm.s3.amazonaws.com/index.html?prefix=StagedProducts/Elevation/metadata/KS_25_COUNTIES_LiDAR/KS_Area2-B2_2012
USGS_LPC_KS_Area2_B3_2012_LAS_2016,2012-02-29,2012-03-01,wesm_normalized_workunit,https://prd-tnm.s3.amazonaws.com/index.html?prefix=StagedProducts/Elevation/metadata/KS_25_COUNTIES_LiDAR/KS_Area2-B3_2012
USGS_LPC_KS_Area2_B4_2012_LAS_2016,2012-02-27,2012-02-29,wesm_normalized_workunit,https://prd-tnm.s3.amazonaws.com/index.html?prefix=StagedProducts/Elevation/metadata/KS_25_COUNTIES_LiDAR/KS_Area2-B4_2012
USGS_LPC_KS_Area2_B5_2012_LAS_2016,2012-01-04,2012-01-06,wesm_normalized_workunit,https://prd-tnm.s3.amazonaws.com/index.html?prefix=StagedProducts/Elevation/metadata/KS_25_COUNTIES_LiDAR/KS_Area2-B5_2012
USGS_LPC_KS_Area2_B6_2012_LAS_2016,2012-01-02,2012-01-04,wesm_normalized_workunit,https://prd-tnm.s3.amazonaws.com/index.html?prefix=StagedProducts/Elevation/metadata/KS_25_COUNTIES_LiDAR/KS_Area2-B6_2012
USGS_LPC_KS_Lidar_1_B1_2013_LAS_2016,2012-12-11,2012-12-21,wesm_normalized_workunit,https://prd-tnm.s3.amazonaws.com/index.html?prefix=StagedProducts/Elevation/metadata/Kansas_2013_LiDAR/KS_Lidar-1-B1_2013
USGS_LPC_KS_Lidar_1_B2_2013_LAS_2016,2012-12-11,2012-12-21,wesm_normalized_workunit,https://prd-tnm.s3.amazonaws.com/index.html?prefix=StagedProducts/Elevation/metadata/Kansas_2013_LiDAR/KS_Lidar-1-B2_2013
USGS_LPC_KS_Lidar_1_B3_2013_LAS_2016,2012-12-11,2012-12-21,wesm_normalized_workunit,https://prd-tnm.s3.amazonaws.com/index.html?prefix=StagedProducts/Elevation/metadata/Kansas_2013_LiDAR/KS_Lidar-1-B3_2013
USGS_LPC_KS_Lidar_1_B4_2013_LAS_2016,2012-12-11,2012-12-21,wesm_normalized_workunit,https://prd-tnm.s3.amazonaws.com/index.html?prefix=StagedProducts/Elevation/metadata/Kansas_2013_LiDAR/KS_Lidar-1-B4_2013
USGS_LPC_KS_Lidar_1_B5_2013_LAS_2016,2012-12-11,2012-12-21,wesm_normalized_workunit,https://prd-tnm.s3.amazonaws.com/index.html?prefix=StagedProducts/Elevation/metadata/Kansas_2013_LiDAR/KS-Lidar-1-B5_2013
USGS_LPC_KS_Lidar_1_B6_2013_LAS_2016,2012-12-11,2012-12-21,wesm_normalized_workunit,https://prd-tnm.s3.amazonaws.com/index.html?prefix=StagedProducts/Elevation/metadata/Kansas_2013_LiDAR/KS-Lidar-1-B6_2013
USGS_LPC_KS_NF_Nin_Sub_2011_LAS_2016,2010-11-15,2010-12-03,wesm_normalized_workunit,https://prd-tnm.s3.amazonaws.com/index.html?prefix=StagedProducts/Elevation/metadata/NRCS_NorthForkNinnescahSubbasin/KS_NF-Nin-Sub_2011
USGS_LPC_KS_SCentral_L1_2015_LAS_2017,2015-02-24,2015-03-06,wesm_normalized_workunit,https://prd-tnm.s3.amazonaws.com/index.html?prefix=StagedProducts/Elevation/metadata/S_Central_NE_NW_Kansas_Lidar/KS_SCentral-L1_2015
USGS_LPC_KS_SCentral_L2_2015_LAS_2017,2015-03-07,2015-03-07,wesm_normalized_workunit,https://prd-tnm.s3.amazonaws.com/index.html?prefix=StagedProducts/Elevation/metadata/S_Central_NE_NW_Kansas_Lidar/KS_SCentral-L2_2015
USGS_LPC_KS_SCentral_L3_2015_LAS_2017,2015-03-08,2015-03-15,wesm_normalized_workunit,https://prd-tnm.s3.amazonaws.com/index.html?prefix=StagedProducts/Elevation/metadata/S_Central_NE_NW_Kansas_Lidar/KS_SCentral-L3_2015
USGS_LPC_KS_SCentral_L4_2015_LAS_2017,2014-11-29,2015-03-15,wesm_normalized_workunit,https://prd-tnm.s3.amazonaws.com/index.html?prefix=StagedProducts/Elevation/metadata/S_Central_NE_NW_Kansas_Lidar/KS_SCentral-L4_2015
USGS_LPC_KY_KYAPED_Area2_2012_LAS_2017,2011-11-11,2013-01-19,wesm_normalized_workunit,https://prd-tnm.s3.amazonaws.com/index.html?prefix=StagedProducts/Elevation/metadata/KY_STATEWIDE_LiDAR/KY_KYAPED-Area2_2012
USGS_LPC_KY_NRCS_Watersheds_2011_LAS_2016,2011-01-03,2012-04-10,wesm_normalized_workunit,https://prd-tnm.s3.amazonaws.com/index.html?prefix=StagedProducts/Elevation/metadata/NRCS_Lower_and_MiddleGreenPondRough/KY_NRCS-Watersheds_2011
USGS_LPC_LA_Amite_2018_LAS_2019,2018-03-01,2018-04-12,wesm_normalized_workunit,https://prd-tnm.s3.amazonaws.com/index.html?prefix=StagedProducts/Elevation/metadata/LA_Amite_2018_C19/LA_Amite_2018
USGS_LPC_LA_Barataria_2013_LAS_2015,2013-03-05,2013-03-08,wesm_normalized_workunit,https://prd-tnm.s3.amazonaws.com/index.html?prefix=StagedProducts/Elevation/metadata/Barataria_and_Jean_Lafitte_LiDAR/LA_Barataria_2013
USGS_LPC_LA_Bayou_Nezpique_B1_2018,2018-04-05,2018-06-09,wesm_normalized_workunit,https://prd-tnm.s3.amazonaws.com/index.html?prefix=StagedProducts/Elevation/metadata/LA_Bayou_Nezpique_2018_D18/LA_Bayou_Nezpique_B1_2018
USGS_LPC_LA_Bayou_Nezpique_B2_2018,2018-04-05,2018-06-09,wesm_normalized_workunit,https://prd-tnm.s3.amazonaws.com/index.html?prefix=StagedProducts/Elevation/metadata/LA_Bayou_Nezpique_2018_D18/LA_Bayou_Nezpique_B2_2018
USGS_LPC_LA_Bayou_Nezpique_B3_2018,2018-04-05,2018-06-08,wesm_normalized_workunit,https://prd-tnm.s3.amazonaws.com/index.html?prefix=StagedProducts/Elevation/metadata/LA_Bayou_Nezpique_2018_D18/LA_Bayou_Nezpique_B3_2018
USGS_LPC_LA_Bayou_Nezpique_B6_2018,2018-04-05,2018-06-08,wesm_normalized_workunit,https://prd-tnm.s3.amazonaws.com/index.html?prefix=StagedProducts/Elevation/metadata/LA_Bayou_Nezpique_2018_D18/LA_Bayou_Nezpique_B6_2018
USGS_LPC_LA_Chenier_Plain_2017_LAS_2018,2017-01-08,2017-06-21,wesm_normalized_workunit,https://prd-tnm.s3.amazonaws.com/index.html?prefix=StagedProducts/Elevation/metadata/LA_Chenier_Plain_Lidar_2017_B16/LA_Chenier_Plain_2017
USGS_LPC_LA_SoTerrebonne_GI_2015_LAS_2016,2015-01-18,2015-02-13,wesm_normalized_workunit,https://prd-tnm.s3.amazonaws.com/index.html?prefix=StagedProducts/Elevation/metadata/South_Terrebonne_and_Gulf_Islands_LiDAR/LA_SoTerrebonne-GI_2015
USGS_LPC_MA_ME_MA_QL1_UTM18_L1_2015_LAS_2018,2015-04-19,2015-12-05,wesm_normalized_workunit,https://prd-tnm.s3.amazonaws.com/index.html?prefix=StagedProducts/Elevation/metadata/Maine_and_Massachusetts_QL1_and_QL2_LiDAR_BAA/MA_ME-MA-QL1-UTM18-L1_2015
USGS_LPC_MA_ME_MA_QL2_UTM18_L1_2015_LAS_2018,2015-04-19,2015-12-05,wesm_normalized_workunit,https://prd-tnm.s3.amazonaws.com/index.html?prefix=StagedProducts/Elevation/metadata/Maine_and_Massachusetts_QL1_and_QL2_LiDAR_BAA/MA_ME-MA-QL2-UTM18-L1_2015
USGS_LPC_MA_ME_MA_QL2_UTM18_L2_2015_LAS_2018,2015-04-19,2015-12-05,wesm_normalized_workunit,https://prd-tnm.s3.amazonaws.com/index.html?prefix=StagedProducts/Elevation/metadata/Maine_and_Massachusetts_QL1_and_QL2_LiDAR_BAA/MA_ME-MA-QL2-UTM18-L2_2015
USGS_LPC_MA_ME_MA_QL2_UTM19_L1_2015_LAS_2018,2015-04-16,2015-05-05,wesm_normalized_workunit,https://prd-tnm.s3.amazonaws.com/index.html?prefix=StagedProducts/Elevation/metadata/Maine_and_Massachusetts_QL1_and_QL2_LiDAR_BAA/MA_ME-MA-QL2-UTM19-L1_2015
USGS_LPC_MA_NE_CMGP_Sandy_Z18_2013,2013-11-16,2014-12-31,wesm_normalized_workunit,https://prd-tnm.s3.amazonaws.com/index.html?prefix=StagedProducts/Elevation/metadata/New_England_CMGP_SANDY_LiDAR/MA_NE_CMGP_Sandy_Z18_2013
USGS_LPC_MA_NE_CMGP_Sandy_Z19_A2_2015_LAS_2017,2013-11-16,2014-12-31,wesm_normalized_workunit,https://prd-tnm.s3.amazonaws.com/index.html?prefix=StagedProducts/Elevation/metadata/New_England_CMGP_SANDY_LiDAR/MA_NE-CMGP-Sandy-Z19-A2_2015
USGS_LPC_MD_Garret_Co_2014_LAS_2017,2015-04-12,2015-05-04,wesm_normalized_workunit,https://prd-tnm.s3.amazonaws.com/index.html?prefix=StagedProducts/Elevation/metadata/Garrett_County_MD_QL2_LiDAR/MD_Garret-Co_2014
USGS_LPC_MD_HurricaneJoaquin_2015_LAS_2019,2015-11-26,2015-11-26,wesm_normalized_workunit,https://prd-tnm.s3.amazonaws.com/index.html?prefix=StagedProducts/Elevation/metadata/MD_Hurricane_Joaquin_Lidar_2016_D16/MD_HurricaneJoaquin_2015
USGS_LPC_MD_PA_SandySupp_2014_LAS_2016,2014-04-30,2015-10-31,wesm_normalized_workunit,https://prd-tnm.s3.amazonaws.com/index.html?prefix=StagedProducts/Elevation/metadata/Sandy_Supplemental_MD_PA_QL2_LiDAR/MD-PA_SandySupp_2014
USGS_LPC_MD_VA_Sandy_NCR_2014_LAS_2015,2014-04-10,2014-12-20,wesm_normalized_workunit,https://prd-tnm.s3.amazonaws.com/index.html?prefix=StagedProducts/Elevation/metadata/Sandy_Supplemental_NCR_VA_MD_DC_QL2_LiDAR/MD-VA_Sandy-NCR_2014
USGS_LPC_ME_NRCS_Lot4_2013_LAS_2015,2013-11-05,2013-12-04,wesm_normalized_workunit,https://prd-tnm.s3.amazonaws.com/index.html?prefix=StagedProducts/Elevation/metadata/ME_Maine_LiDAR_NRCS_14/ME_NRCS_Lot4_2013
USGS_LPC_ME_SouthernAreas_2012_LAS_2016,2012-04-18,2012-05-12,wesm_normalized_workunit,https://prd-tnm.s3.amazonaws.com/index.html?prefix=StagedProducts/Elevation/metadata/Maine_Midcoast_LiDAR/ME_SouthernAreas_2012
USGS_LPC_ME_Umbagog_2016_LAS_2019,2017-05-04,2017-05-21,wesm_normalized_workunit,https://prd-tnm.s3.amazonaws.com/index.html?prefix=StagedProducts/Elevation/metadata/NH_Umbagog_LiDAR_2016_D16/ME_Umbagog_2016
USGS_LPC_MI_13Co_BerrienCO_2015_LAS_2017,2015-04-14,2015-06-01,wesm_normalized_workunit,https://prd-tnm.s3.amazonaws.com/index.html?prefix=StagedProducts/Elevation/metadata/MI_13County_2015_C16/MI_13Co-BerrienCO_2015
USGS_LPC_MI_13Co_Delta_C16_2015_LAS_2018,,,,
USGS_LPC_MI_13Co_Emmett_2015_LAS_2017,,,,
USGS_LPC_MI_13Co_VanBurrenCo_2015_LAS_2017,2014-12-07,2014-12-23,wesm_normalized_workunit,https://prd-tnm.s3.amazonaws.com/index.html?prefix=StagedProducts/Elevation/metadata/MI_13County_2015_C16/MI_13Co-VanBurrenCo_2015
USGS_LPC_MI_16Co_Clare_2015_LAS_2018,2016-04-16,2016-04-17,wesm_normalized_workunit,https://prd-tnm.s3.amazonaws.com/index.html?prefix=StagedProducts/Elevation/metadata/MI_16CountiesFEMA2015_C16/MI_16Co-Clare_2015
USGS_LPC_MI_16Co_Lapeer_2015_LAS_2018,2015-11-15,2015-11-17,wesm_normalized_workunit,https://prd-tnm.s3.amazonaws.com/index.html?prefix=StagedProducts/Elevation/metadata/MI_16CountiesFEMA2015_C16/MI_16Co-Lapeer_2015
USGS_LPC_MI_16Co_Mecosta_2015_LAS_2018,2016-04-23,2016-04-23,wesm_normalized_workunit,https://prd-tnm.s3.amazonaws.com/index.html?prefix=StagedProducts/Elevation/metadata/MI_16CountiesFEMA2015_C16/MI_16Co-Mecosta_2015
USGS_LPC_MI_16Co_Newaygo_2015_LAS_2018,2016-04-15,2016-04-16,wesm_normalized_workunit,https://prd-tnm.s3.amazonaws.com/index.html?prefix=StagedProducts/Elevation/metadata/MI_16CountiesFEMA2015_C16/MI_16Co-Newaygo_2015
USGS_LPC_MI_16Co_Osceola_2015_LAS_2018,2016-04-23,2016-05-02,wesm_normalized_workunit,https://prd-tnm.s3.amazonaws.com/index.html?prefix=StagedProducts/Elevation/metadata/MI_16CountiesFEMA2015_C16/MI_16Co-Osceola_2015
USGS_LPC_MI_16Co_Roscommon_2015_LAS_2018,2016-05-02,2016-05-03,wesm_normalized_workunit,https://prd-tnm.s3.amazonaws.com/index.html?prefix=StagedProducts/Elevation/metadata/MI_16CountiesFEMA2015_C16/MI_16Co-Roscommon_2015
USGS_LPC_MI_16Co_Shiawassee_2015_LAS_2018,2015-11-11,2015-11-17,wesm_normalized_workunit,https://prd-tnm.s3.amazonaws.com/index.html?prefix=StagedProducts/Elevation/metadata/MI_16CountiesFEMA2015_C16/MI_16Co-Shiawassee_2015
USGS_LPC_MI_16Co_StJoseph_2015_LAS_2018,2015-11-20,2016-04-16,wesm_normalized_workunit,https://prd-tnm.s3.amazonaws.com/index.html?prefix=StagedProducts/Elevation/metadata/MI_16CountiesFEMA2015_C16/MI_16Co-StJoseph_2015
USGS_LPC_MI_25County_AlleganCo_2015_LAS_2017,,,,
USGS_LPC_MI_31Co_Arenac_2016_LAS_2019,2016-11-29,2017-11-24,wesm_normalized_workunit,https://prd-tnm.s3.amazonaws.com/index.html?prefix=StagedProducts/Elevation/metadata/MI_31County_2016_A16/MI_31Co_Arenac_2016
USGS_LPC_MI_31Co_Arenac_TL_2016_LAS_2019,2016-11-29,2017-11-24,wesm_normalized_workunit,https://prd-tnm.s3.amazonaws.com/index.html?prefix=StagedProducts/Elevation/metadata/MI_31County_2016_A16/MI_31Co_Arenac_TL_2016
USGS_LPC_MI_31Co_Bay_2016_LAS_2019,2015-04-04,2015-04-17,wesm_normalized_workunit,https://prd-tnm.s3.amazonaws.com/index.html?prefix=StagedProducts/Elevation/metadata/MI_31County_2016_A16/MI_31Co_Bay_2016
USGS_LPC_MI_31Co_Chippewa_2017_LAS_2019,2017-05-04,2017-05-11,wesm_normalized_workunit,https://prd-tnm.s3.amazonaws.com/index.html?prefix=StagedProducts/Elevation/metadata/MI_31County_2016_A16/MI_31Co_Chippewa_2017
USGS_LPC_MI_31Co_Clinton_2017_LAS_2019,2017-11-29,2017-12-01,wesm_normalized_workunit,https://prd-tnm.s3.amazonaws.com/index.html?prefix=StagedProducts/Elevation/metadata/MI_31County_2016_A16/MI_31Co_Clinton_2017
USGS_LPC_MI_31Co_Eaton_2016_LAS_2019,2017-12-01,2018-04-23,wesm_normalized_workunit,https://prd-tnm.s3.amazonaws.com/index.html?prefix=StagedProducts/Elevation/metadata/MI_31County_2016_A16/MI_31Co_Eaton_2016
USGS_LPC_MI_31Co_Gladwin_2016_LAS_2019,2016-11-29,2017-11-24,wesm_normalized_workunit,https://prd-tnm.s3.amazonaws.com/index.html?prefix=StagedProducts/Elevation/metadata/MI_31County_2016_A16/MI_31Co_Gladwin_2016
USGS_LPC_MI_31Co_Hillsdale_2016_LAS_2019,2017-03-23,2017-04-23,wesm_normalized_workunit,https://prd-tnm.s3.amazonaws.com/index.html?prefix=StagedProducts/Elevation/metadata/MI_31County_2016_A16/MI_31Co_Hillsdale_2016
USGS_LPC_MI_31Co_Huron_2016_LAS_2019,2016-11-29,2017-11-24,wesm_normalized_workunit,https://prd-tnm.s3.amazonaws.com/index.html?prefix=StagedProducts/Elevation/metadata/MI_31County_2016_A16/MI_31Co_Huron_2016
USGS_LPC_MI_31Co_Ingham_2017_LAS_2019,2017-05-02,2018-11-20,wesm_normalized_workunit,https://prd-tnm.s3.amazonaws.com/index.html?prefix=StagedProducts/Elevation/metadata/MI_31County_2016_A16/MI_31Co_Ingham_2017
USGS_LPC_MI_31Co_Ionia_2016_LAS_2019,2017-11-29,2017-12-01,wesm_normalized_workunit,https://prd-tnm.s3.amazonaws.com/index.html?prefix=StagedProducts/Elevation/metadata/MI_31County_2016_A16/MI_31Co_Ionia_2016
USGS_LPC_MI_31Co_Iosco_2016_LAS_2019,2016-11-11,2016-11-14,wesm_normalized_workunit,https://prd-tnm.s3.amazonaws.com/index.html?prefix=StagedProducts/Elevation/metadata/MI_31County_2016_A16/MI_31Co_Iosco_2016
USGS_LPC_MI_31Co_Isabella_2016_LAS_2019,2017-04-17,2017-04-18,wesm_normalized_workunit,https://prd-tnm.s3.amazonaws.com/index.html?prefix=StagedProducts/Elevation/metadata/MI_31County_2016_A16/MI_31Co_Isabella_2016
USGS_LPC_MI_31Co_Isabella_TL_2016_LAS_2019,2017-04-17,2017-04-18,wesm_normalized_workunit,https://prd-tnm.s3.amazonaws.com/index.html?prefix=StagedProducts/Elevation/metadata/MI_31County_2016_A16/MI_31Co_Isabella_TL_2016
USGS_LPC_MI_31Co_Jackson_2016_LAS_2019,2017-04-17,2017-04-24,wesm_normalized_workunit,https://prd-tnm.s3.amazonaws.com/index.html?prefix=StagedProducts/Elevation/metadata/MI_31County_2016_A16/MI_31Co_Jackson_2016
USGS_LPC_MI_31Co_Kent_2016_LAS_2019,2017-11-27,2018-05-02,wesm_normalized_workunit,https://prd-tnm.s3.amazonaws.com/index.html?prefix=StagedProducts/Elevation/metadata/MI_31County_2016_A16/MI_31Co_Kent_2016
USGS_LPC_MI_31Co_Lenawee_2017_LAS_2019,2017-03-23,2017-05-07,wesm_normalized_workunit,https://prd-tnm.s3.amazonaws.com/index.html?prefix=StagedProducts/Elevation/metadata/MI_31County_2016_A16/MI_31Co_Lenawee_2017
USGS_LPC_MI_31Co_Livingston_2018_LAS_2019,2017-12-02,2018-04-22,wesm_normalized_workunit,https://prd-tnm.s3.amazonaws.com/index.html?prefix=StagedProducts/Elevation/metadata/MI_31County_2016_A16/MI_31Co_Livingston_2018
USGS_LPC_MI_31Co_Macomb_2016_LAS_2019,2017-03-29,2017-05-03,wesm_normalized_workunit,https://prd-tnm.s3.amazonaws.com/index.html?prefix=StagedProducts/Elevation/metadata/MI_31County_2016_A16/MI_31Co_Macomb_2016
USGS_LPC_MI_31Co_Mason_2017_LAS_2018,2017-04-08,2017-04-08,wesm_normalized_workunit,https://prd-tnm.s3.amazonaws.com/index.html?prefix=StagedProducts/Elevation/metadata/MI_31County_2016_A16/MI_31Co-Mason_2017
USGS_LPC_MI_31Co_Midland_2016_LAS_2019,2017-04-16,2017-04-18,wesm_normalized_workunit,https://prd-tnm.s3.amazonaws.com/index.html?prefix=StagedProducts/Elevation/metadata/MI_31County_2016_A16/MI_31Co_Midland_2016
USGS_LPC_MI_31Co_Monroe_2016_LAS_2019,2017-03-24,2017-05-07,wesm_normalized_workunit,https://prd-tnm.s3.amazonaws.com/index.html?prefix=StagedProducts/Elevation/metadata/MI_31County_2016_A16/MI_31Co_Monroe_2016
USGS_LPC_MI_31Co_Oakland_2016_LAS_2019,2017-03-29,2017-05-03,wesm_normalized_workunit,https://prd-tnm.s3.amazonaws.com/index.html?prefix=StagedProducts/Elevation/metadata/MI_31County_2016_A16/MI_31Co_Oakland_2016
USGS_LPC_MI_31Co_Oceana_2016_LAS_2018,2017-04-08,2017-04-08,wesm_normalized_workunit,https://prd-tnm.s3.amazonaws.com/index.html?prefix=StagedProducts/Elevation/metadata/MI_31County_2016_A16/MI_31Co-Oceana_2016
USGS_LPC_MI_31Co_Ottawa_2016_LAS_2019,2017-11-26,2018-02-05,wesm_normalized_workunit,https://prd-tnm.s3.amazonaws.com/index.html?prefix=StagedProducts/Elevation/metadata/MI_31County_2016_A16/MI_31Co_Ottawa_2016
USGS_LPC_MI_31Co_Saginaw_2016_LAS_2019,2015-03-24,2015-04-17,wesm_normalized_workunit,https://prd-tnm.s3.amazonaws.com/index.html?prefix=StagedProducts/Elevation/metadata/MI_31County_2016_A16/MI_31Co_Saginaw_2016
USGS_LPC_MI_31Co_Sanilac_2017_LAS_2019,2017-04-02,2017-04-24,wesm_normalized_workunit,https://prd-tnm.s3.amazonaws.com/index.html?prefix=StagedProducts/Elevation/metadata/MI_31County_2016_A16/MI_31Co_Sanilac_2017
USGS_LPC_MI_31Co_StClair_2016_LAS_2019,2016-11-29,2017-11-24,wesm_normalized_workunit,https://prd-tnm.s3.amazonaws.com/index.html?prefix=StagedProducts/Elevation/metadata/MI_31County_2016_A16/MI_31Co_StClair_2016
USGS_LPC_MI_31Co_Tuscola_2016_LAS_2019,2016-11-29,2017-05-03,wesm_normalized_workunit,https://prd-tnm.s3.amazonaws.com/index.html?prefix=StagedProducts/Elevation/metadata/MI_31County_2016_A16/MI_31Co_Tuscola_2016
USGS_LPC_MI_31Co_Washtenaw_2016_LAS_2019,2017-04-15,2017-04-24,wesm_normalized_workunit,https://prd-tnm.s3.amazonaws.com/index.html?prefix=StagedProducts/Elevation/metadata/MI_31County_2016_A16/MI_31Co_Washtenaw_2016
USGS_LPC_MI_AlgerCo_2015_LAS_2017,2015-05-20,2015-05-30,wesm_normalized_workunit,https://prd-tnm.s3.amazonaws.com/index.html?prefix=StagedProducts/Elevation/metadata/MI_13County_2015_C16/MI_AlgerCo_2015
USGS_LPC_MI_BenzieCo_2015_LAS_2017,2015-04-24,2015-04-30,wesm_normalized_workunit,https://prd-tnm.s3.amazonaws.com/index.html?prefix=StagedProducts/Elevation/metadata/MI_13County_2015_C16/MI_BenzieCo_2015
USGS_LPC_MI_BranchCo_2017_LAS_2019,2017-03-22,2017-04-24,wesm_normalized_workunit,https://prd-tnm.s3.amazonaws.com/index.html?prefix=StagedProducts/Elevation/metadata/MI_Branch-Calhoun_2017/MI_BranchCo_2017
USGS_LPC_MI_CalhounCo_2017_LAS_2019,2017-04-18,2017-04-23,wesm_normalized_workunit,https://prd-tnm.s3.amazonaws.com/index.html?prefix=StagedProducts/Elevation/metadata/MI_Branch-Calhoun_2017/MI_CalhounCo_2017
USGS_LPC_MI_Cass_2015_LAS_2018,2015-11-20,2016-04-16,wesm_normalized_workunit,https://prd-tnm.s3.amazonaws.com/index.html?prefix=StagedProducts/Elevation/metadata/MI_16CountiesFEMA2015_C16/MI_Cass_2015
USGS_LPC_MI_Charlevoix_2018_LAS_2019,2018-05-08,2018-05-10,wesm_normalized_workunit,https://prd-tnm.s3.amazonaws.com/index.html?prefix=StagedProducts/Elevation/metadata/MI_CharlevoixCounty_2018_A18/MI_Charlevoix_2018
USGS_LPC_MI_Charlevoix_Islands_2016_LAS_2019,2015-11-15,2016-03-06,wesm_normalized_workunit,https://prd-tnm.s3.amazonaws.com/index.html?prefix=StagedProducts/Elevation/metadata/MI_CharlevoixCounty_2018_A18/MI_Charlevoix_Islands_2016
USGS_LPC_MI_Charlevoix_TL_2018_LAS_2019,,,,
USGS_LPC_MI_FEMAHQ_2018_LAS_2019,2018-05-12,2018-05-14,wesm_normalized_workunit,https://prd-tnm.s3.amazonaws.com/index.html?prefix=StagedProducts/Elevation/metadata/MI_FEMAHQ_2018_D18/MI_FEMAHQ_2018
USGS_LPC_MI_GenesseeCo_2015_LAS_2018,2015-11-20,2016-04-17,wesm_normalized_workunit,https://prd-tnm.s3.amazonaws.com/index.html?prefix=StagedProducts/Elevation/metadata/MI_16CountiesFEMA2015_C16/MI_GenesseeCo_2015
USGS_LPC_MI_GrandTraverseCO_2015_LAS_2017,2015-04-17,2015-04-24,wesm_normalized_workunit,https://prd-tnm.s3.amazonaws.com/index.html?prefix=StagedProducts/Elevation/metadata/MI_13County_2015_C16/MI_GrandTraverseCO_2015
USGS_LPC_MI_HiawathaNF_QL1_2018_LAS_2019,2018-10-29,2019-05-30,wesm_normalized_workunit,https://prd-tnm.s3.amazonaws.com/index.html?prefix=StagedProducts/Elevation/metadata/MI_Hiawatha_NF_2018_D18/MI_HiawathaNF_QL1_2018
USGS_LPC_MI_HiawathaNF_QL2_2018_LAS_2019,2018-11-01,2018-11-30,wesm_normalized_workunit,https://prd-tnm.s3.amazonaws.com/index.html?prefix=StagedProducts/Elevation/metadata/MI_Hiawatha_NF_2018_D18/MI_HiawathaNF_QL2_2018
USGS_LPC_MI_Kalamazoo_2015_LAS_2018,2015-11-20,2015-11-29,wesm_normalized_workunit,https://prd-tnm.s3.amazonaws.com/index.html?prefix=StagedProducts/Elevation/metadata/MI_16CountiesFEMA2015_C16/MI_Kalamazoo_2015
USGS_LPC_MI_Lake_2016_LAS_2017,2016-04-23,2016-05-02,wesm_normalized_workunit,https://prd-tnm.s3.amazonaws.com/index.html?prefix=StagedProducts/Elevation/metadata/MI_16CountiesFEMA2015_C16/MI_Lake_2016
USGS_LPC_MI_LeelanauCo_2015_LAS_2017,2014-12-06,2014-12-23,wesm_normalized_workunit,https://prd-tnm.s3.amazonaws.com/index.html?prefix=StagedProducts/Elevation/metadata/MI_13County_2015_C16/MI_LeelanauCo_2015
USGS_LPC_MI_MackinacCo_2015_LAS_2018,2015-05-05,2015-05-16,wesm_normalized_workunit,https://prd-tnm.s3.amazonaws.com/index.html?prefix=StagedProducts/Elevation/metadata/MI_13County_2015_C16/MI_MackinacCo_2015
USGS_LPC_MI_ManisteeCo_2015_LAS_2017,2014-12-06,2014-12-23,wesm_normalized_workunit,https://prd-tnm.s3.amazonaws.com/index.html?prefix=StagedProducts/Elevation/metadata/MI_13County_2015_C16/MI_ManisteeCo_2015
USGS_LPC_MI_Missaukee_2016_LAS_2017,2016-04-30,2016-05-02,wesm_normalized_workunit,https://prd-tnm.s3.amazonaws.com/index.html?prefix=StagedProducts/Elevation/metadata/MI_16CountiesFEMA2015_C16/MI_Missaukee_2016
USGS_LPC_MI_Montcalm_2015_LAS_2018,2018-10-24,2018-10-24,wesm_normalized_workunit,https://prd-tnm.s3.amazonaws.com/index.html?prefix=StagedProducts/Elevation/metadata/MI_16CountiesFEMA2015_C16/MI_Montcalm_2015
USGS_LPC_MI_MuskeganCo_2013_LAS_2016,,,,
USGS_LPC_MI_Muskegon_2015_LAS_2018,2016-04-14,2016-04-16,wesm_normalized_workunit,https://prd-tnm.s3.amazonaws.com/index.html?prefix=StagedProducts/Elevation/metadata/MI_16CountiesFEMA2015_C16/MI_Muskegon_2015
USGS_LPC_MI_Olga_Lake_Lot5_2016_LAS_2017,2016-06-17,2016-06-17,wesm_normalized_workunit,https://prd-tnm.s3.amazonaws.com/index.html?prefix=StagedProducts/Elevation/metadata/MI_Olga_Lake_Lidar_2016_D16/MI_Olga-Lake-Lot5_2016
USGS_LPC_MI_Ottawa_NF_2017_LAS_2019,2018-05-15,2018-10-24,wesm_normalized_workunit,https://prd-tnm.s3.amazonaws.com/index.html?prefix=StagedProducts/Elevation/metadata/MI_Ottawa_NF_2017_D17/MI_Ottawa_NF_2017
USGS_LPC_MI_Ottawa_NF_TL_2017_LAS_2019,2018-04-02,2018-04-30,wesm_normalized_workunit,https://prd-tnm.s3.amazonaws.com/index.html?prefix=StagedProducts/Elevation/metadata/MI_Ottawa_NF_2017_D17/MI_Ottawa_NF_TL_2017
USGS_LPC_MI_WayneCo_2017_LAS_2018,2017-04-15,2017-04-23,wesm_normalized_workunit,https://prd-tnm.s3.amazonaws.com/index.html?prefix=StagedProducts/Elevation/metadata/MI_WayneCounty_2017_A17/MI_WayneCo_2017
USGS_LPC_MI_Wexford_2016_LAS_2017,2016-04-29,2016-05-02,wesm_normalized_workunit,https://prd-tnm.s3.amazonaws.com/index.html?prefix=StagedProducts/Elevation/metadata/MI_16CountiesFEMA2015_C16/MI_Wexford_2016
USGS_LPC_MN_Arrowhead_B1_2011_LAS_2016,2011-05-03,2011-06-02,wesm_normalized_workunit,https://prd-tnm.s3.amazonaws.com/index.html?prefix=StagedProducts/Elevation/metadata/Eastern_MN_State_LiDAR_Phases_3_4_and_5/MN_Arrowhead-B1_2011
USGS_LPC_MN_Arrowhead_B2_2011_LAS_2016,2011-05-03,2011-06-02,wesm_normalized_workunit,https://prd-tnm.s3.amazonaws.com/index.html?prefix=StagedProducts/Elevation/metadata/Eastern_MN_State_LiDAR_Phases_3_4_and_5/MN_Arrowhead-B2_2011
USGS_LPC_MN_Arrowhead_B3_2011_LAS_2016,2011-05-03,2011-06-02,wesm_normalized_workunit,https://prd-tnm.s3.amazonaws.com/index.html?prefix=StagedProducts/Elevation/metadata/Eastern_MN_State_LiDAR_Phases_3_4_and_5/MN_Arrowhead-B3_2011
USGS_LPC_MN_Arrowhead_B4_2011_LAS_2016,2011-05-03,2011-06-02,wesm_normalized_workunit,https://prd-tnm.s3.amazonaws.com/index.html?prefix=StagedProducts/Elevation/metadata/Eastern_MN_State_LiDAR_Phases_3_4_and_5/MN_Arrowhead-B4_2011
USGS_LPC_MN_Arrowhead_B5_2011_LAS_2016,2011-05-02,2011-06-03,wesm_normalized_workunit,https://prd-tnm.s3.amazonaws.com/index.html?prefix=StagedProducts/Elevation/metadata/Eastern_MN_State_LiDAR_Phases_3_4_and_5/MN_Arrowhead-B5_2011
USGS_LPC_MN_BlueEarth_2011_LAS_2016,2011-05-11,2011-05-15,wesm_normalized_workunit,https://prd-tnm.s3.amazonaws.com/index.html?prefix=StagedProducts/Elevation/metadata/MN_BlueEarth_2011/MN_BlueEarth_2011
USGS_LPC_MN_CentralLakes_Block1_2012_LAS_2016,2012-04-05,2012-04-28,wesm_normalized_workunit,https://prd-tnm.s3.amazonaws.com/index.html?prefix=StagedProducts/Elevation/metadata/Eastern_MN_State_LiDAR_Phases_3_4_and_5/MN_CentralLakes-Block1_2012
USGS_LPC_MN_CentralLakes_Block2_2012_LAS_2016,2012-04-05,2012-04-28,wesm_normalized_workunit,https://prd-tnm.s3.amazonaws.com/index.html?prefix=StagedProducts/Elevation/metadata/Eastern_MN_State_LiDAR_Phases_3_4_and_5/MN_CentralLakes-Block2_2012
USGS_LPC_MN_CentralLakes_Block3_2012_LAS_2016,2012-04-05,2012-04-28,wesm_normalized_workunit,https://prd-tnm.s3.amazonaws.com/index.html?prefix=StagedProducts/Elevation/metadata/Eastern_MN_State_LiDAR_Phases_3_4_and_5/MN_CentralLakes-Block3_2012
USGS_LPC_MN_CentralLakes_Block4_2012_LAS_2016,2012-04-05,2012-04-28,wesm_normalized_workunit,https://prd-tnm.s3.amazonaws.com/index.html?prefix=StagedProducts/Elevation/metadata/Eastern_MN_State_LiDAR_Phases_3_4_and_5/MN_CentralLakes-Block4_2012
USGS_LPC_MN_CentralLakes_Block5_2012_LAS_2016,2012-04-05,2012-04-28,wesm_normalized_workunit,https://prd-tnm.s3.amazonaws.com/index.html?prefix=StagedProducts/Elevation/metadata/Eastern_MN_State_LiDAR_Phases_3_4_and_5/MN_CentralLakes-Block5_2012
USGS_LPC_MN_Phase1_BrownCO_2010_LAS_2016,2010-04-08,2010-11-19,wesm_normalized_workunit,https://prd-tnm.s3.amazonaws.com/index.html?prefix=StagedProducts/Elevation/metadata/Minnesota_River_Basin_LiDAR/MN_Phase1-BrownCO_2010
USGS_LPC_MN_Phase1_DouglasCO_2010_LAS_2016,2010-04-08,2010-05-05,wesm_normalized_workunit,https://prd-tnm.s3.amazonaws.com/index.html?prefix=StagedProducts/Elevation/metadata/Minnesota_River_Basin_LiDAR/MN_Phase1-DouglasCO_2010
USGS_LPC_MN_Phase1_FairbaultCO_2010_LAS_2016,2010-04-08,2010-11-19,wesm_normalized_workunit,https://prd-tnm.s3.amazonaws.com/index.html?prefix=StagedProducts/Elevation/metadata/Minnesota_River_Basin_LiDAR/MN_Phase1_FairbaultCO_2010
USGS_LPC_MN_Phase1_LacQuiParleCo_2010_LAS_2016,2010-04-08,2010-11-19,wesm_normalized_workunit,https://prd-tnm.s3.amazonaws.com/index.html?prefix=StagedProducts/Elevation/metadata/Minnesota_River_Basin_LiDAR/MN_Phase1-LacQuiParleCo_2010
USGS_LPC_MN_Phase1_LeSueurCO_2010_LAS_2016,2010-04-08,2010-11-19,wesm_normalized_workunit,https://prd-tnm.s3.amazonaws.com/index.html?prefix=StagedProducts/Elevation/metadata/Minnesota_River_Basin_LiDAR/MN_Phase1-LeSueurCO_2010
USGS_LPC_MN_Phase1_LincolnCo_2010_LAS_2016,2010-04-08,2016-11-19,wesm_normalized_workunit,https://prd-tnm.s3.amazonaws.com/index.html?prefix=StagedProducts/Elevation/metadata/Minnesota_River_Basin_LiDAR/MN_Phase1-LincolnCo_2010
USGS_LPC_MN_Phase1_LyonCO_2010_LAS_2016,2010-04-08,2010-11-10,wesm_normalized_workunit,https://prd-tnm.s3.amazonaws.com/index.html?prefix=StagedProducts/Elevation/metadata/Minnesota_River_Basin_LiDAR/MN_Phase1-LyonCO_2010
USGS_LPC_MN_Phase1_MartinCO_2010_LAS_2016,2010-04-08,2010-11-19,wesm_normalized_workunit,https://prd-tnm.s3.amazonaws.com/index.html?prefix=StagedProducts/Elevation/metadata/Minnesota_River_Basin_LiDAR/MN_Phase1-MartinCO_2010
USGS_LPC_MN_Phase1_NicolletCO_2010_LAS_2016,2010-04-08,2010-11-19,wesm_normalized_workunit,https://prd-tnm.s3.amazonaws.com/index.html?prefix=StagedProducts/Elevation/metadata/Minnesota_River_Basin_LiDAR/MN_Phase1-NicolletCO_2010
USGS_LPC_MN_Phase1_Nobles_2010_LAS_2016,2010-04-08,2010-11-10,wesm_normalized_workunit,https://prd-tnm.s3.amazonaws.com/index.html?prefix=StagedProducts/Elevation/metadata/Minnesota_River_Basin_LiDAR/MN_Phase1-Nobles_2010
USGS_LPC_MN_Phase1_PipestoneCO_2010_LAS_2016,2010-04-08,2010-11-19,wesm_normalized_workunit,https://prd-tnm.s3.amazonaws.com/index.html?prefix=StagedProducts/Elevation/metadata/Minnesota_River_Basin_LiDAR/MN_Phase1-PipestoneCO_2010
USGS_LPC_MN_Phase1_PopeCO_2011_LAS_2016,2010-04-08,2010-11-19,wesm_normalized_workunit,https://prd-tnm.s3.amazonaws.com/index.html?prefix=StagedProducts/Elevation/metadata/Minnesota_River_Basin_LiDAR/MN_Phase1-PopeCO_2011
USGS_LPC_MN_Phase1_RedwoodCO_2010_LAS_2016,2010-04-08,2010-05-05,wesm_normalized_workunit,https://prd-tnm.s3.amazonaws.com/index.html?prefix=StagedProducts/Elevation/metadata/Minnesota_River_Basin_LiDAR/MN_Phase1-RedwoodCO_2010
USGS_LPC_MN_Phase1_WatonwanCO_2010_LAS_2016,2010-04-08,2010-11-19,wesm_normalized_workunit,https://prd-tnm.s3.amazonaws.com/index.html?prefix=StagedProducts/Elevation/metadata/Minnesota_River_Basin_LiDAR/MN_Phase1-WatonwanCO_2010
USGS_LPC_MN_Phase1_YellowMedicineCO_2010_LAS_2016,2010-04-08,2010-11-19,wesm_normalized_workunit,https://prd-tnm.s3.amazonaws.com/index.html?prefix=StagedProducts/Elevation/metadata/Minnesota_River_Basin_LiDAR/MN_Phase1-YellowMedicineCO_2010
USGS_LPC_MN_Phase4_Metro_D_2011_LAS_2016,2011-04-29,2011-05-08,wesm_normalized_workunit,https://prd-tnm.s3.amazonaws.com/index.html?prefix=StagedProducts/Elevation/metadata/Eastern_MN_State_LiDAR_Phases_3_4_and_5/MN_Phase4-Metro-D_2011
USGS_LPC_MN_Phase4_Metro_Dakota_2011_LAS_2016,2011-11-12,2011-11-15,wesm_normalized_workunit,https://prd-tnm.s3.amazonaws.com/index.html?prefix=StagedProducts/Elevation/metadata/Eastern_MN_State_LiDAR_Phases_3_4_and_5/MN_Phase4-Metro-Dakota_2011
USGS_LPC_MN_Phase4_Metro_E_2011_LAS_2016,2011-04-25,2011-04-25,wesm_normalized_workunit,https://prd-tnm.s3.amazonaws.com/index.html?prefix=StagedProducts/Elevation/metadata/Eastern_MN_State_LiDAR_Phases_3_4_and_5/MN_Phase4-Metro-E_2011
USGS_LPC_MN_Phase4_Metro_F_2011_LAS_2016,2011-11-11,2011-11-12,wesm_normalized_workunit,https://prd-tnm.s3.amazonaws.com/index.html?prefix=StagedProducts/Elevation/metadata/Eastern_MN_State_LiDAR_Phases_3_4_and_5/MN_Phase4-Metro-F_2011
USGS_LPC_MN_Phase4_Metro_G_2011_LAS_2016,2011-04-25,2012-03-28,wesm_normalized_workunit,https://prd-tnm.s3.amazonaws.com/index.html?prefix=StagedProducts/Elevation/metadata/Eastern_MN_State_LiDAR_Phases_3_4_and_5/MN_Phase4-Metro-G_2011
USGS_LPC_MN_Phase4_Metro_H_2011_LAS_2016,2011-11-12,2012-03-28,wesm_normalized_workunit,https://prd-tnm.s3.amazonaws.com/index.html?prefix=StagedProducts/Elevation/metadata/Eastern_MN_State_LiDAR_Phases_3_4_and_5/MN_Phase4-Metro-H_2011
USGS_LPC_MN_Phase4_Metro_MapleGrove_2011_LAS_2016,2011-11-02,2011-11-15,wesm_normalized_workunit,https://prd-tnm.s3.amazonaws.com/index.html?prefix=StagedProducts/Elevation/metadata/Eastern_MN_State_LiDAR_Phases_3_4_and_5/MN_Phase4-Metro-MapleGrove_2011
USGS_LPC_MN_Phase_JacksonCO_2011_LAS_2016,2016-02-09,2016-02-09,wesm_normalized_workunit,https://prd-tnm.s3.amazonaws.com/index.html?prefix=StagedProducts/Elevation/metadata/Minnesota_River_Basin_LiDAR/MN_Phase-JacksonCO_2011
USGS_LPC_MO_AR_Atchison_Holt_Andrew_2013_LAS_2016,2013-11-27,2013-12-15,wesm_normalized_workunit,https://prd-tnm.s3.amazonaws.com/index.html?prefix=StagedProducts/Elevation/metadata/MO_AR_2014_Lidar/MO-AR_Atchison-Holt-Andrew_2013
USGS_LPC_MO_AR_CapeGirardeau_Stoddard_2013_LAS_2016,2013-12-26,2014-04-17,wesm_normalized_workunit,https://prd-tnm.s3.amazonaws.com/index.html?prefix=StagedProducts/Elevation/metadata/MO_AR_2014_Lidar/MO-AR_CapeGirardeau-Stoddard_2013
USGS_LPC_MO_AR_Clark_Lewis_2014_LAS_2016,2014-04-25,2014-04-26,wesm_normalized_workunit,https://prd-tnm.s3.amazonaws.com/index.html?prefix=StagedProducts/Elevation/metadata/MO_AR_2014_Lidar/MO-AR_Clark-Lewis_2014
USGS_LPC_MO_AR_CrittendenCross_UTM15_2014_LAS_2016,2014-03-13,2014-03-19,wesm_normalized_workunit,https://prd-tnm.s3.amazonaws.com/index.html?prefix=StagedProducts/Elevation/metadata/MO_AR_2014_Lidar/MO-AR_CrittendenCross_UTM15_2014
USGS_LPC_MO_AR_CrittendenCross_UTM16_2014_LAS_2016,2014-03-13,2014-03-19,wesm_normalized_workunit,https://prd-tnm.s3.amazonaws.com/index.html?prefix=StagedProducts/Elevation/metadata/MO_AR_2014_Lidar/MO-AR_CrittendenCross_UTM16_2014
USGS_LPC_MO_AR_Game_Fish_WMA_2014_LAS_2016,2014-02-18,2014-03-19,wesm_normalized_workunit,https://prd-tnm.s3.amazonaws.com/index.html?prefix=StagedProducts/Elevation/metadata/MO_AR_2014_Lidar/MO-AR_Game-Fish-WMA_2014
USGS_LPC_MO_AR_Knox_Shelby_2014_LAS_2016,2014-04-22,2014-04-26,wesm_normalized_workunit,https://prd-tnm.s3.amazonaws.com/index.html?prefix=StagedProducts/Elevation/metadata/MO_AR_2014_Lidar/MO-AR_Knox-Shelby_2014
USGS_LPC_MO_AR_Marion_Ralls_2013_LAS_2016,2013-12-12,2014-04-22,wesm_normalized_workunit,https://prd-tnm.s3.amazonaws.com/index.html?prefix=StagedProducts/Elevation/metadata/MO_AR_2014_Lidar/MO-AR_Marion-Ralls_2013
USGS_LPC_MO_AR_Mercer_Grundy_2014_LAS_2016,2015-01-23,2015-01-26,wesm_normalized_workunit,https://prd-tnm.s3.amazonaws.com/index.html?prefix=StagedProducts/Elevation/metadata/MO_AR_2014_Lidar/MO-AR_Mercer-Grundy_2014
USGS_LPC_MO_AR_Miss_Laud_UTM15_2014_LAS_2016,2014-01-29,2014-01-30,wesm_normalized_workunit,https://prd-tnm.s3.amazonaws.com/index.html?prefix=StagedProducts/Elevation/metadata/MO_AR_2014_Lidar/MO-AR_Miss-Laud-UTM15_2014
USGS_LPC_MO_AR_Miss_Laud_UTM16_2014_LAS_2016,2014-01-29,2014-01-30,wesm_normalized_workunit,https://prd-tnm.s3.amazonaws.com/index.html?prefix=StagedProducts/Elevation/metadata/MO_AR_2014_Lidar/MO-AR_Miss-Laud-UTM16_2014
USGS_LPC_MO_AR_Miss_Stoddard_UTM15_2014_LAS_2016,2014-02-21,2015-02-14,wesm_normalized_workunit,https://prd-tnm.s3.amazonaws.com/index.html?prefix=StagedProducts/Elevation/metadata/MO_AR_2014_Lidar/MO-AR_Miss-Stoddard_UTM15_2014
USGS_LPC_MO_AR_Miss_Stoddard_UTM16_2014_LAS_2016,2014-02-21,2015-02-14,wesm_normalized_workunit,https://prd-tnm.s3.amazonaws.com/index.html?prefix=StagedProducts/Elevation/metadata/MO_AR_2014_Lidar/MO-AR_Miss-Stoddard_UTM16_2014
USGS_LPC_MO_AR_Monroe_Lee_Phillips_2014_LAS_2016,2014-03-26,2015-03-23,wesm_normalized_workunit,https://prd-tnm.s3.amazonaws.com/index.html?prefix=StagedProducts/Elevation/metadata/MO_AR_2014_Lidar/MO-AR_Monroe-Lee-Phillips_2014
USGS_LPC_MO_AR_NewMadrid_Pemiscot_2014_LAS_2016,2014-02-24,2014-03-26,wesm_normalized_workunit,https://prd-tnm.s3.amazonaws.com/index.html?prefix=StagedProducts/Elevation/metadata/MO_AR_2014_Lidar/MO-AR_NewMadrid-Pemiscot_2014
USGS_LPC_MO_AR_Nodaway_2013_LAS_2016,2013-12-02,2014-04-11,wesm_normalized_workunit,https://prd-tnm.s3.amazonaws.com/index.html?prefix=StagedProducts/Elevation/metadata/MO_AR_2014_Lidar/MO-AR_Nodaway_2013
USGS_LPC_MO_AR_PhillipsDesha_2014_LAS_2016,2014-03-07,2014-03-24,wesm_normalized_workunit,https://prd-tnm.s3.amazonaws.com/index.html?prefix=StagedProducts/Elevation/metadata/MO_AR_2014_Lidar/MO-AR_PhillipsDesha_2014
USGS_LPC_MO_AR_Pike_2014_LAS_2016,2013-12-10,2013-12-12,wesm_normalized_workunit,https://prd-tnm.s3.amazonaws.com/index.html?prefix=StagedProducts/Elevation/metadata/MO_AR_2014_Lidar/MO-AR_Pike_2014
USGS_LPC_MO_AR_Po_Cr_Gr_2014_LAS_2016,2014-03-19,2014-03-21,wesm_normalized_workunit,https://prd-tnm.s3.amazonaws.com/index.html?prefix=StagedProducts/Elevation/metadata/MO_AR_2014_Lidar/MO-AR_Po-Cr-Gr_2014
USGS_LPC_MO_AR_Ray_2014_LAS_2016,2014-01-29,2014-01-29,wesm_normalized_workunit,https://prd-tnm.s3.amazonaws.com/index.html?prefix=StagedProducts/Elevation/metadata/MO_AR_2014_Lidar/MO-AR_Ray_2014
USGS_LPC_MO_AR_Schuyler_Scott_2014_LAS_2016,2014-04-26,2016-07-12,wesm_normalized_workunit,https://prd-tnm.s3.amazonaws.com/index.html?prefix=StagedProducts/Elevation/metadata/MO_AR_2014_Lidar/MO-AR_Schuyler-Scott_2014
USGS_LPC_MO_AR_ShannonCo_2014_LAS_2016,2014-01-22,2014-01-22,wesm_normalized_workunit,https://prd-tnm.s3.amazonaws.com/index.html?prefix=StagedProducts/Elevation/metadata/MO_AR_2014_Lidar/MO-AR_ShannonCo_2014
USGS_LPC_MO_AR_StFrancis_Lee_2014_LAS_2016,2014-03-19,2014-03-22,wesm_normalized_workunit,https://prd-tnm.s3.amazonaws.com/index.html?prefix=StagedProducts/Elevation/metadata/MO_AR_2014_Lidar/MO-AR_StFrancis-Lee_2014
USGS_LPC_MO_AR_StGenevieveCo_2013_LAS_2016,2013-11-27,2014-12-29,wesm_normalized_workunit,https://prd-tnm.s3.amazonaws.com/index.html?prefix=StagedProducts/Elevation/metadata/MO_AR_2014_Lidar/MO-AR_StGenevieveCo_2013
USGS_LPC_MO_AR_Vernon_Barton_2014_LAS_2016,2014-01-19,2014-01-21,wesm_normalized_workunit,https://prd-tnm.s3.amazonaws.com/index.html?prefix=StagedProducts/Elevation/metadata/MO_AR_2014_Lidar/MO-AR_Vernon-Barton_2014
USGS_LPC_MO_BooneCo_2015_LAS_2017,2015-01-30,2015-03-12,wesm_normalized_workunit,https://prd-tnm.s3.amazonaws.com/index.html?prefix=StagedProducts/Elevation/metadata/Boone_County_Lidar/MO_BooneCo_2015
USGS_LPC_MO_Buch_Deklb_ClntnCo_2013_LAS_2016,2013-12-17,2014-01-28,wesm_normalized_workunit,https://prd-tnm.s3.amazonaws.com/index.html?prefix=StagedProducts/Elevation/metadata/MO_AR_2014_Lidar/MO_Buch-Deklb-ClntnCo_2013
USGS_LPC_MO_FEMAR7_North_A1_2017_LAS_2019,2017-12-01,2018-04-24,wesm_normalized_workunit,https://prd-tnm.s3.amazonaws.com/index.html?prefix=StagedProducts/Elevation/metadata/MO_FEMA_R7_North_2017_D18/MO_FEMAR7_North_A1_2017
USGS_LPC_MO_FEMAR7_North_A2_2017_LAS_2019,2017-12-01,2018-04-24,wesm_normalized_workunit,https://prd-tnm.s3.amazonaws.com/index.html?prefix=StagedProducts/Elevation/metadata/MO_FEMA_R7_North_2017_D18/MO_FEMAR7_North_A2_2017
USGS_LPC_MO_FEMAR7_North_A3_2017_LAS_2019,2017-12-05,2018-01-06,wesm_normalized_workunit,https://prd-tnm.s3.amazonaws.com/index.html?prefix=StagedProducts/Elevation/metadata/MO_FEMA_R7_North_2017_D18/MO_FEMAR7_North_A3_2017
USGS_LPC_MO_FEMAR7_North_A4_2017_LAS_2019,2017-12-01,2018-04-24,wesm_normalized_workunit,https://prd-tnm.s3.amazonaws.com/index.html?prefix=StagedProducts/Elevation/metadata/MO_FEMA_R7_North_2017_D18/MO_FEMAR7_North_A4_2017
USGS_LPC_MO_FEMAR7_North_A5_QL1_2017_LAS_2019,2017-12-01,2018-04-24,wesm_normalized_workunit,https://prd-tnm.s3.amazonaws.com/index.html?prefix=StagedProducts/Elevation/metadata/MO_FEMA_R7_North_2017_D18/MO_FEMAR7_North_A5_QL1_2017
USGS_LPC_MO_FEMA_R7_South_B1_2017_LAS_2019,2017-12-07,2017-12-16,wesm_normalized_workunit,https://prd-tnm.s3.amazonaws.com/index.html?prefix=StagedProducts/Elevation/metadata/MO_FEMA_R7_South_2017_D18/MO_FEMA_R7_South_B1_2017
USGS_LPC_MO_FEMA_R7_South_B2_2017_LAS_2019,2017-12-06,2018-01-02,wesm_normalized_workunit,https://prd-tnm.s3.amazonaws.com/index.html?prefix=StagedProducts/Elevation/metadata/MO_FEMA_R7_South_2017_D18/MO_FEMA_R7_South_B2_2017
USGS_LPC_MO_FEMA_R7_South_TL_2017_LAS_2019,2017-12-07,2017-12-16,wesm_normalized_workunit,https://prd-tnm.s3.amazonaws.com/index.html?prefix=StagedProducts/Elevation/metadata/MO_FEMA_R7_South_2017_D18/MO_FEMA_R7_South_TL_2017
USGS_LPC_MO_ForkSaltRiver_2011_LAS_2016,2011-12-10,2012-01-09,wesm_normalized_workunit,https://prd-tnm.s3.amazonaws.com/index.html?prefix=StagedProducts/Elevation/metadata/Fork_Salt_River_NRCS/MO_Fork-Salt-River_2011
USGS_LPC_MO_StLouis_2017_LAS_2018,2017-02-17,2017-02-27,wesm_normalized_workunit,https://prd-tnm.s3.amazonaws.com/index.html?prefix=StagedProducts/Elevation/metadata/MO__Saint_Louis_Lidar_2017_B17/MO_StLouis_2017
USGS_LPC_MS_Coastal_3DEPExt_Coastal_AOI_2015_LAS_2018,2015-01-28,2015-04-02,wesm_normalized_workunit,https://prd-tnm.s3.amazonaws.com/index.html?prefix=StagedProducts/Elevation/metadata/MS_Coastal_QL2_LiDAR_with_3DEP_Extension/MS_Coastal-3DEPExt-Coastal-AOI_2015
USGS_LPC_MS_Coastal_3DEP_Extension_UTM16_2015_LAS_2017,2015-01-28,2015-04-02,wesm_normalized_workunit,https://prd-tnm.s3.amazonaws.com/index.html?prefix=StagedProducts/Elevation/metadata/MS_Coastal_QL2_LiDAR_with_3DEP_Extension/MS_Coastal-3DEP-Extension-UTM16_2015
USGS_LPC_MS_Coastal_Z15_2015_LAS_2017,2015-01-28,2015-04-02,wesm_normalized_workunit,https://prd-tnm.s3.amazonaws.com/index.html?prefix=StagedProducts/Elevation/metadata/MS_Coastal_QL2_LiDAR_with_3DEP_Extension/MS_Coastal-Z15_2015
USGS_LPC_MS_Laurel_2014_LAS_2015,2014-01-07,2015-02-15,wesm_normalized_workunit,https://prd-tnm.s3.amazonaws.com/index.html?prefix=StagedProducts/Elevation/metadata/NRCS_Laurel_MS_07M_NPS_LiDAR/MS_Laurel_2014
USGS_LPC_MS_Madison_Yazoo_2012_LAS_2016,2012-02-19,2012-02-24,wesm_normalized_workunit,https://prd-tnm.s3.amazonaws.com/index.html?prefix=StagedProducts/Elevation/metadata/Madison-Yazoo/MS_Madison-Yazoo_2012
USGS_LPC_MS_NatchezTrace_2016_LAS_2017,2016-01-16,2017-01-20,wesm_normalized_workunit,https://prd-tnm.s3.amazonaws.com/index.html?prefix=StagedProducts/Elevation/metadata/MS_Natchez_Trace_LiDAR_2016_B16/MS_NatchezTrace_2016
USGS_LPC_MS_RankinSimpson_2013_LAS_2016,2013-01-06,2013-02-01,wesm_normalized_workunit,https://prd-tnm.s3.amazonaws.com/index.html?prefix=StagedProducts/Elevation/metadata/Rankin_Simpson_Co_MS_QL3_Lidar/MS_RankinSimpson_2013
USGS_LPC_MS_Tishomingo_North_2016_LAS_2017,2016-01-17,2016-02-11,wesm_normalized_workunit,https://prd-tnm.s3.amazonaws.com/index.html?prefix=StagedProducts/Elevation/metadata/MS_Tishomingo_LiDAR_2016_B16/MS_Tishomingo-North_2016
USGS_LPC_MS_Tishomingo_South_2016_LAS_2017,2016-01-19,2016-02-04,wesm_normalized_workunit,https://prd-tnm.s3.amazonaws.com/index.html?prefix=StagedProducts/Elevation/metadata/MS_Tishomingo_LiDAR_2016_B16/MS_Tishomingo-South_2016
USGS_LPC_MS_Tupelo_QL3_Rp_2012_LAS_2016,2012-02-07,2012-03-05,wesm_normalized_workunit,"https://prd-tnm.s3.amazonaws.com/index.html?prefix=StagedProducts/Elevation/metadata/NRCS_Tupelo,_MS_1.0m_NPS_LiDAR/MS_Tupelo_QL3_Rp_2012"
USGS_LPC_MS_Tupelo_UTM15_2015_LAS_2016,2015-01-30,2015-03-15,wesm_normalized_workunit,https://prd-tnm.s3.amazonaws.com/index.html?prefix=StagedProducts/Elevation/metadata/Mississippi_QL2_LiDAR_Collection_and_Tupelo_Area_QL3_Processing_Only/MS_Tupelo-UTM15_2015
USGS_LPC_MS_Tupelo_UTM16_2015_LAS_2016,2015-01-30,2015-03-15,wesm_normalized_workunit,https://prd-tnm.s3.amazonaws.com/index.html?prefix=StagedProducts/Elevation/metadata/Mississippi_QL2_LiDAR_Collection_and_Tupelo_Area_QL3_Processing_Only/MS_Tupelo-UTM16_2015
USGS_LPC_MT_BentonLake_2014_LAS_2015,2014-08-28,2014-08-28,wesm_normalized_workunit,https://prd-tnm.s3.amazonaws.com/index.html?prefix=StagedProducts/Elevation/metadata/MT_Benton_Lake_NWR_LiDAR_15/MT_BentonLake_2014
USGS_LPC_MT_BitterrootNF_2010_LAS_2016,2010-06-24,2010-08-09,wesm_normalized_workunit,https://prd-tnm.s3.amazonaws.com/index.html?prefix=StagedProducts/Elevation/metadata/Montana_USFS_Region_1_LiDAR/MT_BitterrootNF_2010
USGS_LPC_MT_GlacierNP_2016_LAS_2017,2016-07-01,2016-08-30,wesm_normalized_workunit,https://prd-tnm.s3.amazonaws.com/index.html?prefix=StagedProducts/Elevation/metadata/MT_Glacier_NP_LiDAR_2016_D16/MT_GlacierNP_2016
USGS_LPC_MT_LittleBigHorn_2014_LAS_2015,2014-06-12,2014-06-12,wesm_normalized_workunit,https://prd-tnm.s3.amazonaws.com/index.html?prefix=StagedProducts/Elevation/metadata/MT_Little_Bighorn_Battlefield_National_Monument_LiDAR_15/MT_LittleBigHorn_2014
USGS_LPC_MT_Stillwater_2016_LAS_2017,2016-08-06,2016-08-11,wesm_normalized_workunit,https://prd-tnm.s3.amazonaws.com/index.html?prefix=StagedProducts/Elevation/metadata/MT_Stillwater_Complex_LiDAR_2016_D16/MT_Stillwater_2016
USGS_LPC_NC_Phase4_Alexander_2017_LAS_2019,2016-12-21,2016-12-30,wesm_normalized_workunit,https://prd-tnm.s3.amazonaws.com/index.html?prefix=StagedProducts/Elevation/metadata/NC_Phase4_2017_A17/NC_Phase4_Alexander_2017
USGS_LPC_NC_Phase4_Alleghany_2016_LAS_2019,2016-02-27,2016-04-17,wesm_normalized_workunit,https://prd-tnm.s3.amazonaws.com/index.html?prefix=StagedProducts/Elevation/metadata/NC_Phase_4_CentralWestNC_GEIGER_A16/NC_Phase4_Alleghany_2016
USGS_LPC_NC_Phase4_Anson_2016_LAS_2019,2016-03-16,2016-03-30,wesm_normalized_workunit,https://prd-tnm.s3.amazonaws.com/index.html?prefix=StagedProducts/Elevation/metadata/NC_Phase_4_CentralWestNC_GEIGER_A16/NC_Phase4_Anson_2016
USGS_LPC_NC_Phase4_Catawba_2017_LAS_2019,2016-02-27,2017-02-21,wesm_normalized_workunit,https://prd-tnm.s3.amazonaws.com/index.html?prefix=StagedProducts/Elevation/metadata/NC_Phase4_2017_A17/NC_Phase4_Catawba_2017
USGS_LPC_NC_Phase4_Cleveland_2016_LAS_2019,2016-02-27,2017-02-21,wesm_normalized_workunit,https://prd-tnm.s3.amazonaws.com/index.html?prefix=StagedProducts/Elevation/metadata/NC_Phase_4_CentralWestNC_GEIGER_A16/NC_Phase4_Cleveland_2016
USGS_LPC_NC_Phase4_Davidson_2017_LAS_2019,2016-02-27,2017-02-21,wesm_normalized_workunit,https://prd-tnm.s3.amazonaws.com/index.html?prefix=StagedProducts/Elevation/metadata/NC_Phase4_2017_A17/NC_Phase4_Davidson_2017
USGS_LPC_NC_Phase4_Davie_2017_LAS_2019,2016-02-27,2017-02-21,wesm_normalized_workunit,https://prd-tnm.s3.amazonaws.com/index.html?prefix=StagedProducts/Elevation/metadata/NC_Phase4_2017_A17/NC_Phase4_Davie_2017
USGS_LPC_NC_Phase4_Forsyth_2017_LAS_2019,2016-02-27,2017-02-21,wesm_normalized_workunit,https://prd-tnm.s3.amazonaws.com/index.html?prefix=StagedProducts/Elevation/metadata/NC_Phase4_2017_A17/NC_Phase4_Forsyth_2017
USGS_LPC_NC_Phase4_Gaston_2016_LAS_2019,2016-02-27,2017-02-21,wesm_normalized_workunit,https://prd-tnm.s3.amazonaws.com/index.html?prefix=StagedProducts/Elevation/metadata/NC_Phase_4_CentralWestNC_GEIGER_A16/NC_Phase4_Gaston_2016
USGS_LPC_NC_Phase4_Iredell_2017_LAS_2019,2016-02-27,2017-02-21,wesm_normalized_workunit,https://prd-tnm.s3.amazonaws.com/index.html?prefix=StagedProducts/Elevation/metadata/NC_Phase4_2017_A17/NC_Phase4_Iredell_2017
USGS_LPC_NC_Phase4_Mecklenburg_2016_LAS_2019,2016-02-27,2017-02-21,wesm_normalized_workunit,https://prd-tnm.s3.amazonaws.com/index.html?prefix=StagedProducts/Elevation/metadata/NC_Phase_4_CentralWestNC_GEIGER_A16/NC_Phase4_Mecklenburg_2016
USGS_LPC_NC_Phase4_Rowan_2017_LAS_2019,2016-02-27,2017-10-30,wesm_normalized_workunit,https://prd-tnm.s3.amazonaws.com/index.html?prefix=StagedProducts/Elevation/metadata/NC_Phase4_2017_A17/NC_Phase4_Rowan_2017
USGS_LPC_NC_Phase4_Stokes_2016_LAS_2019,2016-02-27,2017-02-21,wesm_normalized_workunit,https://prd-tnm.s3.amazonaws.com/index.html?prefix=StagedProducts/Elevation/metadata/NC_Phase_4_CentralWestNC_GEIGER_A16/NC_Phase4_Stokes_2016
USGS_LPC_NC_Phase4_Surry_2016_LAS_2019,2016-02-27,2017-10-30,wesm_normalized_workunit,https://prd-tnm.s3.amazonaws.com/index.html?prefix=StagedProducts/Elevation/metadata/NC_Phase_4_CentralWestNC_GEIGER_A16/NC_Phase4_Surry_2016
USGS_LPC_NC_Phase4_Union_2016_LAS_2019,2016-02-27,2017-10-30,wesm_normalized_workunit,https://prd-tnm.s3.amazonaws.com/index.html?prefix=StagedProducts/Elevation/metadata/NC_Phase_4_CentralWestNC_GEIGER_A16/NC_Phase4_Union_2016
USGS_LPC_NC_Phase4_Wilkes_2017_LAS_2019,2016-02-27,2017-10-30,wesm_normalized_workunit,https://prd-tnm.s3.amazonaws.com/index.html?prefix=StagedProducts/Elevation/metadata/NC_Phase4_2017_A17/NC_Phase4_Wilkes_2017
USGS_LPC_NC_Phase4_Yadkin_2017_LAS_2019,2016-02-27,2017-10-30,wesm_normalized_workunit,https://prd-tnm.s3.amazonaws.com/index.html?prefix=StagedProducts/Elevation/metadata/NC_Phase4_2017_A17/NC_Phase4_Yadkin_2017
USGS_LPC_NC_SandyLot9_2014_LAS_2015,2014-02-18,2014-10-10,wesm_normalized_workunit,https://prd-tnm.s3.amazonaws.com/index.html?prefix=StagedProducts/Elevation/metadata/North_Carolina_SANDY_LiDAR/NC_SandyLot9_2014
USGS_LPC_NC_Sandy_L11_2014_LAS_2015,,,,
USGS_LPC_NC_Sandy_L12_2014_LAS_2015,2014-01-27,2014-03-21,wesm_normalized_workunit,https://prd-tnm.s3.amazonaws.com/index.html?prefix=StagedProducts/Elevation/metadata/North_Carolina_SANDY_LiDAR/NC_Sandy-L12_2014
USGS_LPC_NC_Sandy_L13_2014_LAS_2015,2015-01-01,2015-12-31,wesm_normalized_workunit,https://prd-tnm.s3.amazonaws.com/index.html?prefix=StagedProducts/Elevation/metadata/North_Carolina_SANDY_LiDAR/NC_Sandy_L13_2014
USGS_LPC_NC_Sandy_L14_2014_LAS_2015,2014-01-27,2014-03-21,wesm_normalized_workunit,https://prd-tnm.s3.amazonaws.com/index.html?prefix=StagedProducts/Elevation/metadata/North_Carolina_SANDY_LiDAR/NC_Sandy_L14_2014
USGS_LPC_NC_Sandy_L15_2014_LAS_2015,2014-01-06,2014-03-21,wesm_normalized_workunit,https://prd-tnm.s3.amazonaws.com/index.html?prefix=StagedProducts/Elevation/metadata/North_Carolina_SANDY_LiDAR/NC_Sandy_L15_2014
USGS_LPC_NC_Sandy_L6_2014_LAS_2015,2014-02-12,2014-03-25,wesm_normalized_workunit,https://prd-tnm.s3.amazonaws.com/index.html?prefix=StagedProducts/Elevation/metadata/North_Carolina_SANDY_LiDAR/NC_Sandy-L6_2014
USGS_LPC_NC_Sandy_L7_2014_LAS_2015,,,,
USGS_LPC_NC_Sandy_Lot10_2014_LAS_2015,2014-02-12,2014-03-25,wesm_normalized_workunit,https://prd-tnm.s3.amazonaws.com/index.html?prefix=StagedProducts/Elevation/metadata/North_Carolina_SANDY_LiDAR/NC_Sandy_Lot10_2014
USGS_LPC_NC_Sandy_Lot8_2014_LAS_2015,2014-02-07,2014-03-20,wesm_normalized_workunit,https://prd-tnm.s3.amazonaws.com/index.html?prefix=StagedProducts/Elevation/metadata/North_Carolina_SANDY_LiDAR/NC_Sandy_Lot8_2014
USGS_LPC_ND_KidderCO_2014_LAS_2016,2015-04-23,2015-05-18,wesm_normalized_workunit,https://prd-tnm.s3.amazonaws.com/index.html?prefix=StagedProducts/Elevation/metadata/Kidder_County_North_Dakota_LiDAR/ND_KidderCO_2014
USGS_LPC_ND_McKenzieCo_2014_LAS_2018,2014-10-18,2014-10-31,wesm_normalized_workunit,https://prd-tnm.s3.amazonaws.com/index.html?prefix=StagedProducts/Elevation/metadata/McKenzie_County_2014_QL2_Lidar/ND_McKenzieCo_2014
USGS_LPC_NE_Eastern_UA_2016_LAS_2018,2016-12-08,2017-02-03,wesm_normalized_workunit,https://prd-tnm.s3.amazonaws.com/index.html?prefix=StagedProducts/Elevation/metadata/NE_Eastern_Nebraska_UA_LiDAR_2016_B16/NE_Eastern-UA_2016
USGS_LPC_NE_Hat_White_Cherry_UTM13_2016_LAS_2019,2016-11-09,2017-05-12,wesm_normalized_workunit,https://prd-tnm.s3.amazonaws.com/index.html?prefix=StagedProducts/Elevation/metadata/NE_Hat_Creek_White_River_LiDAR__2016_D16/NE_Hat_White_Cherry_UTM13_2016
USGS_LPC_NE_Hat_White_Cherry_UTM14_2016_LAS_2019,2016-11-09,2017-05-12,wesm_normalized_workunit,https://prd-tnm.s3.amazonaws.com/index.html?prefix=StagedProducts/Elevation/metadata/NE_Hat_Creek_White_River_LiDAR__2016_D16/NE_Hat_White_Cherry_UTM14_2016
USGS_LPC_NE_Hat_White_Holt_2016_LAS_2019,2016-11-09,2016-11-13,wesm_normalized_workunit,https://prd-tnm.s3.amazonaws.com/index.html?prefix=StagedProducts/Elevation/metadata/NE_Hat_Creek_White_River_LiDAR__2016_D16/NE_Hat_White_Holt_2016
USGS_LPC_NE_MO_Elkhorn_2011_LAS_2018,2011-11-04,2011-11-07,wesm_normalized_workunit,https://prd-tnm.s3.amazonaws.com/index.html?prefix=StagedProducts/Elevation/metadata/Nebraska_Missouri_Elkhorn_River/NE_MO-Elkhorn_2011
USGS_LPC_NE_NRCS_OrthoLidar_B1_UTM14_2017_LAS_2019,2018-03-01,2018-04-22,wesm_normalized_workunit,https://prd-tnm.s3.amazonaws.com/index.html?prefix=StagedProducts/Elevation/metadata/NE_NRCS_OrthoLidar_2017_D18/NE_NRCS_OrthoLidar_B1_UTM14_2017
USGS_LPC_NE_NRCS_OrthoLidar_B1_UTM15_2017_LAS_2019,2018-03-01,2018-04-22,wesm_normalized_workunit,https://prd-tnm.s3.amazonaws.com/index.html?prefix=StagedProducts/Elevation/metadata/NE_NRCS_OrthoLidar_2017_D18/NE_NRCS_OrthoLidar_B1_UTM15_2017
USGS_LPC_NE_NRCS_OrthoLidar_B1_UTM15_TL_2017_LAS_2019,2018-03-01,2018-04-20,wesm_normalized_workunit,https://prd-tnm.s3.amazonaws.com/index.html?prefix=StagedProducts/Elevation/metadata/NE_NRCS_OrthoLidar_2017_D18/NE_NRCS_OrthoLidar_B1_UTM15_TL_2017
USGS_LPC_NE_NRCS_OrthoLidar_B4_2017_LAS_2019,2018-04-23,2018-05-07,wesm_normalized_workunit,https://prd-tnm.s3.amazonaws.com/index.html?prefix=StagedProducts/Elevation/metadata/NE_NRCS_OrthoLidar_2017_D18/NE_NRCS_OrthoLidar_B4_2017
USGS_LPC_NE_Sandhills_B1_2016_LAS_2018,2016-12-20,2017-06-08,wesm_normalized_workunit,https://prd-tnm.s3.amazonaws.com/index.html?prefix=StagedProducts/Elevation/metadata/NE_Sandhills_LiDAR_2016_D17/NE_Sandhills-B1_2016
USGS_LPC_NE_Sandhills_B2_UTM13_2016_LAS_2018,2017-04-15,2017-05-31,wesm_normalized_workunit,https://prd-tnm.s3.amazonaws.com/index.html?prefix=StagedProducts/Elevation/metadata/NE_Sandhills_LiDAR_2016_D17/NE_Sandhills-B2-UTM13_2016
USGS_LPC_NE_Sandhills_B2_UTM14_2016_LAS_2018,2016-12-27,2017-06-08,wesm_normalized_workunit,https://prd-tnm.s3.amazonaws.com/index.html?prefix=StagedProducts/Elevation/metadata/NE_Sandhills_LiDAR_2016_D17/NE_Sandhills-B2-UTM14_2016
USGS_LPC_NE_Sandhills_B3_2016_LAS_2018,2016-12-21,2017-06-02,wesm_normalized_workunit,https://prd-tnm.s3.amazonaws.com/index.html?prefix=StagedProducts/Elevation/metadata/NE_Sandhills_LiDAR_2016_D17/NE_Sandhills-B3_2016
USGS_LPC_NE_Sandhills_B4_UTM13_2016_LAS_2018,2017-05-07,2017-08-29,wesm_normalized_workunit,https://prd-tnm.s3.amazonaws.com/index.html?prefix=StagedProducts/Elevation/metadata/NE_Sandhills_LiDAR_2016_D17/NE_Sandhills_B4_UTM13_2016
USGS_LPC_NE_Sandhills_B4_UTM14_2016_LAS_2018,2017-05-07,2017-08-29,wesm_normalized_workunit,https://prd-tnm.s3.amazonaws.com/index.html?prefix=StagedProducts/Elevation/metadata/NE_Sandhills_LiDAR_2016_D17/NE_Sandhills_B4_UTM14_2016
USGS_LPC_NE_Sandhills_B5_2016_LAS_2018,2016-12-12,2017-06-02,wesm_normalized_workunit,https://prd-tnm.s3.amazonaws.com/index.html?prefix=StagedProducts/Elevation/metadata/NE_Sandhills_LiDAR_2016_D17/NE_Sandhills-B5_2016
USGS_LPC_NE_Sandhills_B6_2016_LAS_2018,2017-02-13,2017-05-26,wesm_normalized_workunit,https://prd-tnm.s3.amazonaws.com/index.html?prefix=StagedProducts/Elevation/metadata/NE_Sandhills_LiDAR_2016_D17/NE_Sandhills-B6_2016
USGS_LPC_NH_Umbagog_QL1_2016_LAS_2019,2017-11-08,2017-11-11,wesm_normalized_workunit,https://prd-tnm.s3.amazonaws.com/index.html?prefix=StagedProducts/Elevation/metadata/NH_Umbagog_LiDAR_2016_D16/NH_Umbagog_QL1_2016
USGS_LPC_NM_Animas_2014_LAS_2017,2014-10-12,2014-10-15,wesm_normalized_workunit,https://prd-tnm.s3.amazonaws.com/index.html?prefix=StagedProducts/Elevation/metadata/Animas_NM_QL2_LiDAR_2ppsm/NM_Animas_2014
USGS_LPC_NM_CO_SouthernSanLuis_2015_LAS_2019,2016-09-27,2016-11-15,wesm_normalized_workunit,https://prd-tnm.s3.amazonaws.com/index.html?prefix=StagedProducts/Elevation/metadata/NM-CO_SouthernSanLuis_2015/NM_CO_SouthernSanLuis_2015
USGS_LPC_NM_CO_Southern_San_Luis_TL_2015_LAS_2019,2016-09-27,2016-11-15,wesm_normalized_workunit,https://prd-tnm.s3.amazonaws.com/index.html?prefix=StagedProducts/Elevation/metadata/NM-CO_SouthernSanLuis_2015/NM_CO_Southern_San_Luis_TL_2015
USGS_LPC_NM_NRCS_Central_A1_2017_LAS_2018,2017-12-30,2018-02-01,wesm_normalized_workunit,https://prd-tnm.s3.amazonaws.com/index.html?prefix=StagedProducts/Elevation/metadata/NM_NRCS_Central_2017_D18/NM_NRCS_Central_A1_2017
USGS_LPC_NM_NRCS_Central_A2_2017_LAS_2018,2017-12-30,2018-02-01,wesm_normalized_workunit,https://prd-tnm.s3.amazonaws.com/index.html?prefix=StagedProducts/Elevation/metadata/NM_NRCS_Central_2017_D18/NM_NRCS_Central_A2_2017
USGS_LPC_NM_NorthCentral_B3_2017_LAS_2018,2016-10-02,2017-10-25,wesm_normalized_workunit,https://prd-tnm.s3.amazonaws.com/index.html?prefix=StagedProducts/Elevation/metadata/NM_North_Central_FEMA_R6_Lidar_2016_D17/NM_NorthCentral_B3_2017
USGS_LPC_NM_NorthCentral_B4_2016_LAS_2018,2016-10-02,2017-10-25,wesm_normalized_workunit,https://prd-tnm.s3.amazonaws.com/index.html?prefix=StagedProducts/Elevation/metadata/NM_North_Central_FEMA_R6_Lidar_2016_D17/NM_NorthCentral_B4_2016
USGS_LPC_NM_RioHondo_2014_LAS_2017,2014-10-12,2014-10-29,wesm_normalized_workunit,https://prd-tnm.s3.amazonaws.com/index.html?prefix=StagedProducts/Elevation/metadata/Rio_Hondo_NM_QL2_LiDAR_2_ppsm/NM_RioHondo_2014
USGS_LPC_NM_RioSanJose_2016_LAS_2019,2016-12-15,2017-06-11,wesm_normalized_workunit,https://prd-tnm.s3.amazonaws.com/index.html?prefix=StagedProducts/Elevation/metadata/NM_Rio_San_Jose_FEMA_R6_Lidar_2016_D17/NM_RioSanJose_2016
USGS_LPC_NM_Roosevelt_Curry_2015_LAS_2017,2015-09-30,2016-03-25,wesm_normalized_workunit,https://prd-tnm.s3.amazonaws.com/index.html?prefix=StagedProducts/Elevation/metadata/NM_Roosevelt-Curry_2015/NM_Roosevelt-Curry_2015
USGS_LPC_NM_WhiteSands_2015_LAS_2017,2015-08-08,2015-08-09,wesm_normalized_workunit,https://prd-tnm.s3.amazonaws.com/index.html?prefix=StagedProducts/Elevation/metadata/NM_White_Sands_QL0_LiDAR/NM_WhiteSands_2015
USGS_LPC_NV_LasVegas_QL1_2016_LAS_2018,2016-04-21,2016-05-16,wesm_normalized_workunit,https://prd-tnm.s3.amazonaws.com/index.html?prefix=StagedProducts/Elevation/metadata/NV_Las_Vegas_Region_2016_A16/NV_LasVegas-QL1_2016
USGS_LPC_NV_LasVegas_QL2_2016_LAS_2018,2016-04-21,2016-05-16,wesm_normalized_workunit,https://prd-tnm.s3.amazonaws.com/index.html?prefix=StagedProducts/Elevation/metadata/NV_Las_Vegas_Region_2016_A16/NV_LasVegas_QL2_2016
USGS_LPC_NV_Reno_Carson_QL1_2017_LAS_2018,2017-10-12,2017-10-27,wesm_normalized_workunit,https://prd-tnm.s3.amazonaws.com/index.html?prefix=StagedProducts/Elevation/metadata/NV_Reno_Carson_Urban_Lidar_2017_B17/NV_Reno_Carson_QL1_2017
USGS_LPC_NV_Reno_Carson_QL2_2017_LAS_2018,2017-10-12,2017-10-27,wesm_normalized_workunit,https://prd-tnm.s3.amazonaws.com/index.html?prefix=StagedProducts/Elevation/metadata/NV_Reno_Carson_Urban_Lidar_2017_B17/NV_Reno_Carson_QL2_2017
USGS_LPC_NV_UpperHumboldt_2016_LAS_2018,2016-05-02,2016-06-02,wesm_normalized_workunit,https://prd-tnm.s3.amazonaws.com/index.html?prefix=StagedProducts/Elevation/metadata/NV_UpperHumboldt_2016_C17/NV_UpperHumboldt_2016
USGS_LPC_NY_CayugaOswego_2018_LAS_2019,2018-04-23,2018-05-02,wesm_normalized_workunit,https://prd-tnm.s3.amazonaws.com/index.html?prefix=StagedProducts/Elevation/metadata/NY_CayugaOswegoCounties_2018_A18/NY_CayugaOswego_2018
USGS_LPC_NY_CayugaOswego_TL_2018_LAS_2019,2018-04-23,2018-05-02,wesm_normalized_workunit,https://prd-tnm.s3.amazonaws.com/index.html?prefix=StagedProducts/Elevation/metadata/NY_CayugaOswegoCounties_2018_A18/NY_CayugaOswego_TL_2018
USGS_LPC_NY_Cl_Ess_LChamp_P2_2014_LAS_2016,,,,
USGS_LPC_NY_FEMA_R2L1_ChautauquaCo_2014_LAS_2017,2014-05-06,2014-05-07,wesm_normalized_workunit,https://prd-tnm.s3.amazonaws.com/index.html?prefix=StagedProducts/Elevation/metadata/FEMA_Region_2_NY_Great_Lakes_Area_QL2_LiDAR/NY_FEMA-R2L1-ChautauquaCo_2014
USGS_LPC_NY_FEMA_R2L2_OrleansCo_2014_LAS_2017,2014-05-05,2014-05-24,wesm_normalized_workunit,https://prd-tnm.s3.amazonaws.com/index.html?prefix=StagedProducts/Elevation/metadata/FEMA_Region_2_NY_Great_Lakes_Area_QL2_LiDAR/NY_FEMA-R2L2-OrleansCo_2014
USGS_LPC_NY_FEMA_R2_B1_2016_LAS_2018,2016-11-14,2017-04-23,wesm_normalized_workunit,https://prd-tnm.s3.amazonaws.com/index.html?prefix=StagedProducts/Elevation/metadata/NY_FEMA_R2_LiDAR_2016_D17/NY_FEMA-R2-B1_2016
USGS_LPC_NY_FEMA_R2_B2_2016_LAS_2018,2016-11-12,2017-05-11,wesm_normalized_workunit,https://prd-tnm.s3.amazonaws.com/index.html?prefix=StagedProducts/Elevation/metadata/NY_FEMA_R2_LiDAR_2016_D17/NY_FEMA-R2-B2_2016
USGS_LPC_NY_FEMA_R2_Northeast_2017_LAS_2019,2018-05-06,2018-05-09,wesm_normalized_workunit,https://prd-tnm.s3.amazonaws.com/index.html?prefix=StagedProducts/Elevation/metadata/NY_FEMA_R2_Northeast_2017_D18/NY_FEMA_R2_Northeast_2017
USGS_LPC_NY_FEMA_R2_Seneca_2012_LAS_2015,2012-03-18,2014-04-24,wesm_normalized_workunit,https://prd-tnm.s3.amazonaws.com/index.html?prefix=StagedProducts/Elevation/metadata/FEMA_Region_2_FY12_LiDAR/NY_FEMA_R2_Seneca_2012
USGS_LPC_NY_LongIsland_Z18_2014_LAS_2015,2014-04-03,2014-04-21,wesm_normalized_workunit,https://prd-tnm.s3.amazonaws.com/index.html?prefix=StagedProducts/Elevation/metadata/Long_Island_NY_SANDY_LiDAR/NY_LongIsland-Z18_2014
USGS_LPC_NY_MadisonOtsegoCo_2015_LAS_2017,2015-04-16,2015-06-06,wesm_normalized_workunit,https://prd-tnm.s3.amazonaws.com/index.html?prefix=StagedProducts/Elevation/metadata/Central_NY_Madison_Otsego_Counties_Lidar/NY_MadisonOtsegoCo_2015
USGS_LPC_NY_Sandy_Ul_Du_Or_2013_LAS_2016,2013-11-20,2014-06-01,wesm_normalized_workunit,https://prd-tnm.s3.amazonaws.com/index.html?prefix=StagedProducts/Elevation/metadata/Ulster_Dutchess_Orange_Counties_NY_SANDY_LiDAR/NY_Sandy-Ul-Du-Or_2013
USGS_LPC_NY_Schoharie_2014_LAS_2016,2014-05-26,2014-06-02,wesm_normalized_workunit,https://prd-tnm.s3.amazonaws.com/index.html?prefix=StagedProducts/Elevation/metadata/Schoharie_Creek_Watershed_Expansion_QL2_LiDAR/NY_Schoharie_2014
USGS_LPC_NY_Southwest_2_CO_2016_LAS_2018,2016-03-30,2016-05-18,wesm_normalized_workunit,https://prd-tnm.s3.amazonaws.com/index.html?prefix=StagedProducts/Elevation/metadata/NY_Southwest_2_County_2016_A16/NY_Southwest-2-CO_2016
USGS_LPC_NY_Southwest_B2_TL_2017_LAS_2019,2017-11-15,2017-12-04,wesm_normalized_workunit,https://prd-tnm.s3.amazonaws.com/index.html?prefix=StagedProducts/Elevation/metadata/NY_SouthwestNY_2017_A17/NY_Southwest_B2_TL_2017
USGS_LPC_NY_Southwest_East_2017_LAS_2018,2017-04-18,2017-05-09,wesm_normalized_workunit,https://prd-tnm.s3.amazonaws.com/index.html?prefix=StagedProducts/Elevation/metadata/NY_SouthwestNY_2017_A17/NY_Southwest-East_2017
USGS_LPC_OH_ChippewaWatershed_2017_LAS_2018,2017-03-27,2017-03-27,wesm_normalized_workunit,https://prd-tnm.s3.amazonaws.com/index.html?prefix=StagedProducts/Elevation/metadata/OH_Chippewa_Watershed_Lidar_2017_B17/OH_ChippewaWatershed_2017
USGS_LPC_OH_Clinton_2018_LAS_2019,2018-03-04,2018-12-11,wesm_normalized_workunit,https://prd-tnm.s3.amazonaws.com/index.html?prefix=StagedProducts/Elevation/metadata/OH_ClintonDelaware_2018_B18/OH_Clinton_2018
USGS_LPC_OH_Columbus_2019,2019-03-24,2019-04-07,wesm_normalized_workunit,https://prd-tnm.s3.amazonaws.com/index.html?prefix=StagedProducts/Elevation/metadata/OH_Columbus_2019_B19/OH_Columbus_2019
USGS_LPC_OH_Delaware_2018_LAS_2019,2018-03-06,2018-12-11,wesm_normalized_workunit,https://prd-tnm.s3.amazonaws.com/index.html?prefix=StagedProducts/Elevation/metadata/OH_ClintonDelaware_2018_B18/OH_Delaware_2018
USGS_LPC_OH_LowerMaumee_B16_2016_LAS_2017,2016-04-13,2016-04-17,wesm_normalized_workunit,https://prd-tnm.s3.amazonaws.com/index.html?prefix=StagedProducts/Elevation/metadata/OH_Lower_Maumee_LiDAR_2016_B16/OH_LowerMaumee-B16_2016
USGS_LPC_OK_3County_2017_LAS_2019,2018-03-03,2018-03-16,wesm_normalized_workunit,https://prd-tnm.s3.amazonaws.com/index.html?prefix=StagedProducts/Elevation/metadata/OK_3_County_FEMAR6_2017_D18/OK_3County_2017
USGS_LPC_OK_Area1_1A_2011_LAS_2016,2011-12-07,2011-12-08,wesm_normalized_workunit,https://prd-tnm.s3.amazonaws.com/index.html?prefix=StagedProducts/Elevation/metadata/NRCS_Dam_Rehab_Assessment/OK_Area1-1A_2011
USGS_LPC_OK_Area1_1B_2011_LAS_2017,2011-12-09,2011-12-15,wesm_normalized_workunit,https://prd-tnm.s3.amazonaws.com/index.html?prefix=StagedProducts/Elevation/metadata/NRCS_Dam_Rehab_Assessment/OK_Area1-1B_2011
USGS_LPC_OK_Area1_1D_2011_LAS_2017,2012-01-02,2012-01-14,wesm_normalized_workunit,https://prd-tnm.s3.amazonaws.com/index.html?prefix=StagedProducts/Elevation/metadata/NRCS_Dam_Rehab_Assessment/OK_Area1-1D_2011
USGS_LPC_OK_Area2_2011_LAS_2016,2011-12-08,2012-02-16,wesm_normalized_workunit,https://prd-tnm.s3.amazonaws.com/index.html?prefix=StagedProducts/Elevation/metadata/NRCS_Dam_Rehab_Assessment/OK_Area2_2011
USGS_LPC_OK_Area4_2011_LAS_2018,2011-12-08,2012-02-16,wesm_normalized_workunit,https://prd-tnm.s3.amazonaws.com/index.html?prefix=StagedProducts/Elevation/metadata/NRCS_Dam_Rehab_Assessment/OK_Area4_2011
USGS_LPC_OK_Cache_L5_2014_LAS_2015,2014-12-08,2015-01-17,wesm_normalized_workunit,https://prd-tnm.s3.amazonaws.com/index.html?prefix=StagedProducts/Elevation/metadata/Cache_OK_QL2_LiDAR_2ppsm/OK_Cache-L5_2014
USGS_LPC_OK_Craig_Nowata_2015_LAS_2017,2015-12-08,2016-01-30,wesm_normalized_workunit,https://prd-tnm.s3.amazonaws.com/index.html?prefix=StagedProducts/Elevation/metadata/FEMA_R6_OK_Craig_Nowata_QL2_Lidar/OK_Craig-Nowata_2015
USGS_LPC_OK_DamRehab3_7_2011_LAS_2018,2011-12-08,2012-02-16,wesm_normalized_workunit,https://prd-tnm.s3.amazonaws.com/index.html?prefix=StagedProducts/Elevation/metadata/NRCS_Dam_Rehab_Assessment/OK_DamRehab3_7_2011
USGS_LPC_OK_NRCS_Area1C_2012_LAS_2018,2011-12-16,2012-01-21,wesm_normalized_workunit,https://prd-tnm.s3.amazonaws.com/index.html?prefix=StagedProducts/Elevation/metadata/NRCS_Dam_Rehab_Assessment/OK_NRCS-Area1C_2012
USGS_LPC_OK_NRCS_Area1E_2012_LAS_2018,2012-01-05,2012-01-19,wesm_normalized_workunit,https://prd-tnm.s3.amazonaws.com/index.html?prefix=StagedProducts/Elevation/metadata/NRCS_Dam_Rehab_Assessment/OK_NRCS-Area1E_2012
USGS_LPC_OK_North_Corridor_B4_2017_LAS_2018,2016-12-15,2017-01-28,wesm_normalized_workunit,https://prd-tnm.s3.amazonaws.com/index.html?prefix=StagedProducts/Elevation/metadata/AR_North_Corridor_FEMA_R6_Lidar_2016_D17/OK_North-Corridor-B4_2017
USGS_LPC_OK_Woodward_UTM14_B1_2016_LAS_2018,2016-12-13,2017-04-17,wesm_normalized_workunit,https://prd-tnm.s3.amazonaws.com/index.html?prefix=StagedProducts/Elevation/metadata/OK__Woodward_FEMA_R6_Lidar_2016_D17/OK_Woodward_UTM14_B1_2016
USGS_LPC_OK_Woodward_UTM14_B2_2016_LAS_2018,2016-12-13,2017-04-17,wesm_normalized_workunit,https://prd-tnm.s3.amazonaws.com/index.html?prefix=StagedProducts/Elevation/metadata/OK__Woodward_FEMA_R6_Lidar_2016_D17/OK_Woodward_UTM14_B2_2016
USGS_LPC_OK_Woodward_UTM15_B3_2016__LAS_2018,2016-12-13,2017-02-17,wesm_normalized_workunit,https://prd-tnm.s3.amazonaws.com/index.html?prefix=StagedProducts/Elevation/metadata/OK__Woodward_FEMA_R6_Lidar_2016_D17/OK_Woodward_UTM15_B3_2016_
USGS_LPC_OK_Woodward_UTM15_B4_2016__LAS_2018,2016-12-13,2017-04-17,wesm_normalized_workunit,https://prd-tnm.s3.amazonaws.com/index.html?prefix=StagedProducts/Elevation/metadata/OK__Woodward_FEMA_R6_Lidar_2016_D17/OK_Woodward_UTM15_B4_2016_
USGS_LPC_OK_Woodward_UTM15_B5_2016__LAS_2018,2016-12-13,2017-04-17,wesm_normalized_workunit,https://prd-tnm.s3.amazonaws.com/index.html?prefix=StagedProducts/Elevation/metadata/OK__Woodward_FEMA_R6_Lidar_2016_D17/OK_Woodward_UTM15_B5_2016_
USGS_LPC_OK_Woodward_UTM15_B6_2016_LAS_2019,2017-01-28,2017-03-08,wesm_normalized_workunit,https://prd-tnm.s3.amazonaws.com/index.html?prefix=StagedProducts/Elevation/metadata/OK__Woodward_FEMA_R6_Lidar_2016_D17/OK_Woodward_UTM15_B6_2016
USGS_LPC_OR_HarneyCounty_2018_LAS_2019,2018-08-03,2018-08-04,wesm_normalized_workunit,https://prd-tnm.s3.amazonaws.com/index.html?prefix=StagedProducts/Elevation/metadata/OR_HarneyCounty_2018_A18/OR_HarneyCounty_2018
USGS_LPC_OR_HarneyCounty_TL_2018_LAS_2019,2018-08-03,2018-08-04,wesm_normalized_workunit,https://prd-tnm.s3.amazonaws.com/index.html?prefix=StagedProducts/Elevation/metadata/OR_HarneyCounty_2018_A18/OR_HarneyCounty_TL_2018
USGS_LPC_OR_OLC_Wallowa_2015_LAS_2017,2015-07-04,2015-07-15,wesm_normalized_workunit,https://prd-tnm.s3.amazonaws.com/index.html?prefix=StagedProducts/Elevation/metadata/Wallowa_Coos_Umpqua_Rogue_Lidar/OR_OLC-Wallowa_2015
USGS_LPC_PA_Allentown_2016_LAS_2017,2016-08-23,2016-08-23,wesm_normalized_workunit,https://prd-tnm.s3.amazonaws.com/index.html?prefix=StagedProducts/Elevation/metadata/PA_Allentown_Ortho_Acq_LiDAR_2016_D16/PA_Allentown_2016
USGS_LPC_PA_Dauphin_2016_LAS_2017,2016-03-24,2016-03-26,wesm_normalized_workunit,https://prd-tnm.s3.amazonaws.com/index.html?prefix=StagedProducts/Elevation/metadata/PA_Dauphin_County_LiDAR_2016_B16/PA_Dauphin_2016
USGS_LPC_PA_South_Central_B1_2017_LAS_2019,2017-11-21,2017-12-21,wesm_normalized_workunit,https://prd-tnm.s3.amazonaws.com/index.html?prefix=StagedProducts/Elevation/metadata/PA_South_Central_2017_D17/PA_South_Central_B1_2017
USGS_LPC_PA_South_Central_B2_2017_LAS_2019,2017-11-21,2017-12-21,wesm_normalized_workunit,https://prd-tnm.s3.amazonaws.com/index.html?prefix=StagedProducts/Elevation/metadata/PA_South_Central_2017_D17/PA_South_Central_B2_2017
USGS_LPC_PR_PRVI_A_2018,2018-05-13,2018-06-08,wesm_normalized_workunit,https://prd-tnm.s3.amazonaws.com/index.html?prefix=StagedProducts/Elevation/metadata/PR_PuertoRico_VirginIslands_2018_D18/PR_PRVI_A_2018
USGS_LPC_PR_PRVI_C_2018,2018-05-18,2018-10-30,wesm_normalized_workunit,https://prd-tnm.s3.amazonaws.com/index.html?prefix=StagedProducts/Elevation/metadata/PR_PuertoRico_VirginIslands_2018_D18/PR_PRVI_C_2018
USGS_LPC_PR_PRVI_D_2018,2018-04-17,2019-04-18,wesm_normalized_workunit,https://prd-tnm.s3.amazonaws.com/index.html?prefix=StagedProducts/Elevation/metadata/PR_PuertoRico_VirginIslands_2018_D18/PR_PRVI_D_2018
USGS_LPC_PR_PRVI_E_2018,2018-04-17,2019-04-18,wesm_normalized_workunit,https://prd-tnm.s3.amazonaws.com/index.html?prefix=StagedProducts/Elevation/metadata/PR_PuertoRico_VirginIslands_2018_D18/PR_PRVI_E_2018
USGS_LPC_PR_PRVI_F_2018,2018-04-17,2019-04-19,wesm_normalized_workunit,https://prd-tnm.s3.amazonaws.com/index.html?prefix=StagedProducts/Elevation/metadata/PR_PuertoRico_VirginIslands_2018_D18/PR_PRVI_F_2018
USGS_LPC_PR_PRVI_G_2018,2018-04-17,2019-04-18,wesm_normalized_workunit,https://prd-tnm.s3.amazonaws.com/index.html?prefix=StagedProducts/Elevation/metadata/PR_PuertoRico_VirginIslands_2018_D18/PR_PRVI_G_2018
USGS_LPC_PR_PRVI_H_2018,2018-04-22,2019-04-18,wesm_normalized_workunit,https://prd-tnm.s3.amazonaws.com/index.html?prefix=StagedProducts/Elevation/metadata/PR_PuertoRico_VirginIslands_2018_D18/PR_PRVI_H_2018
USGS_LPC_PR_PRVI_VI_B1_2018,2018-05-13,2018-06-08,wesm_normalized_workunit,https://prd-tnm.s3.amazonaws.com/index.html?prefix=StagedProducts/Elevation/metadata/PR_PuertoRico_VirginIslands_2018_D18/PR_PRVI_VI_B1_2018
USGS_LPC_PR_PRVI_VI_B2_2018,2018-05-13,2018-06-08,wesm_normalized_workunit,https://prd-tnm.s3.amazonaws.com/index.html?prefix=StagedProducts/Elevation/metadata/PR_PuertoRico_VirginIslands_2018_D18/PR_PRVI_VI_B2_2018
USGS_LPC_PR_PuertoRico_2015_LAS_2018,2016-01-26,2017-03-16,wesm_normalized_workunit,https://prd-tnm.s3.amazonaws.com/index.html?prefix=StagedProducts/Elevation/metadata/PR_PuertoRico_2015/PR_PuertoRico_2015
USGS_LPC_PR_PuertoRico_2016_LAS_2017,,,,
USGS_LPC_SC_6County_Abbeville_2012_LAS_2017,2012-03-13,2012-03-15,wesm_normalized_workunit,https://prd-tnm.s3.amazonaws.com/index.html?prefix=StagedProducts/Elevation/metadata/Six_County_SC_LiDAR_Quality_Assurance/SC_6County-Abbeville_2012
USGS_LPC_SC_6County_Aiken_2012_LAS_2017,2013-03-13,2013-03-15,wesm_normalized_workunit,https://prd-tnm.s3.amazonaws.com/index.html?prefix=StagedProducts/Elevation/metadata/Six_County_SC_LiDAR_Quality_Assurance/SC_6County-Aiken_2012
USGS_LPC_SC_6County_Barnwell_2012_LAS_2017,2012-03-13,2012-03-15,wesm_normalized_workunit,https://prd-tnm.s3.amazonaws.com/index.html?prefix=StagedProducts/Elevation/metadata/Six_County_SC_LiDAR_Quality_Assurance/SC_6County-Barnwell_2012
USGS_LPC_SC_6County_Calhoun_2012_LAS_2017,2012-03-13,2012-03-15,wesm_normalized_workunit,https://prd-tnm.s3.amazonaws.com/index.html?prefix=StagedProducts/Elevation/metadata/Six_County_SC_LiDAR_Quality_Assurance/SC_6County-Calhoun_2012
USGS_LPC_SC_6County_Edgefield_2012_LAS_2017,2012-03-13,2012-03-15,wesm_normalized_workunit,https://prd-tnm.s3.amazonaws.com/index.html?prefix=StagedProducts/Elevation/metadata/Six_County_SC_LiDAR_Quality_Assurance/SC_6County-Edgefield_2012
USGS_LPC_SC_6County_McCormick_2012_LAS_2017,2012-03-13,2012-03-15,wesm_normalized_workunit,https://prd-tnm.s3.amazonaws.com/index.html?prefix=StagedProducts/Elevation/metadata/Six_County_SC_LiDAR_Quality_Assurance/SC_6County-McCormick_2012
USGS_LPC_SC_Charleston_2016_LAS_2019,2016-12-17,2017-03-09,wesm_normalized_workunit,https://prd-tnm.s3.amazonaws.com/index.html?prefix=StagedProducts/Elevation/metadata/SC_CoastalCounties_2017_A17/SC_Charleston_2016
USGS_LPC_SC_East_Central_2017_LAS_2019,2018-04-11,2018-04-18,wesm_normalized_workunit,https://prd-tnm.s3.amazonaws.com/index.html?prefix=StagedProducts/Elevation/metadata/SC_East_Central_2017_D18/SC_East_Central_2017
USGS_LPC_SC_East_Central_TL_2018_LAS_2019,2018-04-11,2018-04-18,wesm_normalized_workunit,https://prd-tnm.s3.amazonaws.com/index.html?prefix=StagedProducts/Elevation/metadata/SC_East_Central_2017_D18/SC_East_Central_TL_2018
USGS_LPC_SC_Georgetown_2016_LAS_2019,2016-12-16,2017-03-04,wesm_normalized_workunit,https://prd-tnm.s3.amazonaws.com/index.html?prefix=StagedProducts/Elevation/metadata/Georgetown_County_SC_QL2_Lidar/SC_Georgetown_2016
USGS_LPC_SC_Williamsburg_2016_LAS_2019,2016-12-12,2017-03-03,wesm_normalized_workunit,https://prd-tnm.s3.amazonaws.com/index.html?prefix=StagedProducts/Elevation/metadata/SC_CoastalCounties_2017_A17/SC_Williamsburg_2016
USGS_LPC_SD_MORiver_Woolpert_B1_2016_LAS_2018,2016-11-28,2017-04-22,wesm_normalized_workunit,https://prd-tnm.s3.amazonaws.com/index.html?prefix=StagedProducts/Elevation/metadata/SD_Missouri_River_LiDAR_Woolpert_2016_D16/SD_MORiver_Woolpert_B1_2016
USGS_LPC_SD_MORiver_Woolpert_B2_2016,2016-11-28,2017-04-22,wesm_normalized_workunit,https://prd-tnm.s3.amazonaws.com/index.html?prefix=StagedProducts/Elevation/metadata/SD_Missouri_River_LiDAR_Woolpert_2016_D16/SD_MORiver_Woolpert_B2_2016
USGS_LPC_SD_NRCS_DAS_2017_LAS_2019,2017-05-04,2017-06-14,wesm_normalized_workunit,https://prd-tnm.s3.amazonaws.com/index.html?prefix=StagedProducts/Elevation/metadata/SD_FY17_NRCS_Lidar_DAS_2017_D17/SD_NRCS_DAS_2017
USGS_LPC_SD_NRCS_Fugro_B1_2017_LAS_2019,2017-12-01,2017-12-31,wesm_normalized_workunit,https://prd-tnm.s3.amazonaws.com/index.html?prefix=StagedProducts/Elevation/metadata/SD_FY17_NRCS_Lidar_FUGRO_2017_D17/SD_NRCS_Fugro_B1_2017
USGS_LPC_SD_NRCS_Fugro_B1_TL_2017_LAS_2019,2017-12-01,2017-12-31,wesm_normalized_workunit,https://prd-tnm.s3.amazonaws.com/index.html?prefix=StagedProducts/Elevation/metadata/SD_FY17_NRCS_Lidar_FUGRO_2017_D17/SD_NRCS_Fugro_B1_TL_2017
USGS_LPC_SD_NRCS_Fugro_B2_2017_LAS_2019,2017-11-15,2018-05-26,wesm_normalized_workunit,https://prd-tnm.s3.amazonaws.com/index.html?prefix=StagedProducts/Elevation/metadata/SD_FY17_NRCS_Lidar_FUGRO_2017_D17/SD_NRCS_Fugro_B2_2017
USGS_LPC_SD_NRCS_PAR_2017_LAS_2018,2017-05-11,2017-06-09,wesm_normalized_workunit,https://prd-tnm.s3.amazonaws.com/index.html?prefix=StagedProducts/Elevation/metadata/SD_FY17_NRCS_Lidar_PAR_2017_D17/SD_NRCS_PAR_2017
USGS_LPC_TN_27County_blk1_2015_LAS_2018,2015-12-03,2016-01-13,wesm_normalized_workunit,https://prd-tnm.s3.amazonaws.com/index.html?prefix=StagedProducts/Elevation/metadata/TN_27_County_QL2_LiDAR_Cumberland_Plateau_BAA/TN_27County_blk1_2015
USGS_LPC_TN_27County_blk2_2015_LAS_2017,2015-12-03,2016-01-13,wesm_normalized_workunit,https://prd-tnm.s3.amazonaws.com/index.html?prefix=StagedProducts/Elevation/metadata/TN_27_County_QL2_LiDAR_Cumberland_Plateau_BAA/TN_27County_blk2_2015
USGS_LPC_TN_27County_blk3_2015_LAS_2017,2015-12-03,2016-01-13,wesm_normalized_workunit,https://prd-tnm.s3.amazonaws.com/index.html?prefix=StagedProducts/Elevation/metadata/TN_27_County_QL2_LiDAR_Cumberland_Plateau_BAA/TN_27County_blk3_2015
USGS_LPC_TN_27County_blk4_2015_LAS_2018,2015-12-03,2016-01-13,wesm_normalized_workunit,https://prd-tnm.s3.amazonaws.com/index.html?prefix=StagedProducts/Elevation/metadata/TN_27_County_QL2_LiDAR_Cumberland_Plateau_BAA/TN_27County_blk4_2015
USGS_LPC_TN_3County_2015_LAS_2017,2015-12-17,2016-01-06,wesm_normalized_workunit,https://prd-tnm.s3.amazonaws.com/index.html?prefix=StagedProducts/Elevation/metadata/TN_3_County_QL2_LiDAR/TN_3County_2015
USGS_LPC_TN_BlountCo_2015_LAS_2017,2015-03-22,2015-03-29,wesm_normalized_workunit,https://prd-tnm.s3.amazonaws.com/index.html?prefix=StagedProducts/Elevation/metadata/TN_Blount_County_QL2_LiDAR/TN_BlountCo_2015
USGS_LPC_TN_Eastern_2_16_B16_Del2_2016_LAS_2017,2016-02-05,2016-04-04,wesm_normalized_workunit,https://prd-tnm.s3.amazonaws.com/index.html?prefix=StagedProducts/Elevation/metadata/TN_Eastern_TN_LiDAR_2016_B16/TN_Eastern-2-16-B16-Del2_2016
USGS_LPC_TN_Eastern_2_16_B16_Del3_2016_LAS_2017,2016-02-05,2016-04-04,wesm_normalized_workunit,https://prd-tnm.s3.amazonaws.com/index.html?prefix=StagedProducts/Elevation/metadata/TN_Eastern_TN_LiDAR_2016_B16/TN_Eastern-2-16-B16-Del3_2016
USGS_LPC_TN_Eastern_2_16_B16_Del4_2016_LAS_2017,2016-02-05,2016-04-04,wesm_normalized_workunit,https://prd-tnm.s3.amazonaws.com/index.html?prefix=StagedProducts/Elevation/metadata/TN_Eastern_TN_LiDAR_2016_B16/TN_Eastern-2-16-B16-Del4_2016
USGS_LPC_TN_Middle_B1_2018_LAS_2019,2018-01-31,2018-04-05,wesm_normalized_workunit,https://prd-tnm.s3.amazonaws.com/index.html?prefix=StagedProducts/Elevation/metadata/TN_Middle_TN_Lidar_2018_B18/TN_Middle_B1_2018
USGS_LPC_TN_Middle_B2_2018_LAS_2019,2018-01-31,2018-04-05,wesm_normalized_workunit,https://prd-tnm.s3.amazonaws.com/index.html?prefix=StagedProducts/Elevation/metadata/TN_Middle_TN_Lidar_2018_B18/TN_Middle_B2_2018
USGS_LPC_TN_Middle_B3_2018_LAS_2019,2018-01-30,2018-04-05,wesm_normalized_workunit,https://prd-tnm.s3.amazonaws.com/index.html?prefix=StagedProducts/Elevation/metadata/TN_Middle_TN_Lidar_2018_B18/TN_Middle_B3_2018
USGS_LPC_TN_NRCS_L1_2011_12_LAS_2017,2011-12-02,2012-06-13,wesm_normalized_workunit,https://prd-tnm.s3.amazonaws.com/index.html?prefix=StagedProducts/Elevation/metadata/West_TN_NRCS_Lidar_QL2/TN_NRCS_L1_2011-12
USGS_LPC_TN_NRCS_L2_2011_12_LAS_2017,2011-01-03,2012-01-04,wesm_normalized_workunit,https://prd-tnm.s3.amazonaws.com/index.html?prefix=StagedProducts/Elevation/metadata/West_TN_NRCS_Lidar_QL2/TN_NRCS_L2_2011-12
USGS_LPC_TN_ShelbyCo_2017_LAS_2019,2017-03-02,2017-03-04,wesm_normalized_workunit,https://prd-tnm.s3.amazonaws.com/index.html?prefix=StagedProducts/Elevation/metadata/TN_ShelbyCounty_2017_A17/TN_ShelbyCo_2017
USGS_LPC_TN_WestCentral_B1_2017_LAS_2018,2017-03-03,2017-03-19,wesm_normalized_workunit,https://prd-tnm.s3.amazonaws.com/index.html?prefix=StagedProducts/Elevation/metadata/TN_West_Central_Lidar_2017_B17/TN_WestCentral_B1_2017
USGS_LPC_TN_WestCentral_B2_2017_LAS_2018,2017-03-03,2017-10-29,wesm_normalized_workunit,https://prd-tnm.s3.amazonaws.com/index.html?prefix=StagedProducts/Elevation/metadata/TN_West_Central_Lidar_2017_B17/TN_WestCentral_B2_2017
USGS_LPC_TX_Archer_Jack_2014_LAS_2016,2015-01-04,2015-03-12,wesm_normalized_workunit,https://prd-tnm.s3.amazonaws.com/index.html?prefix=StagedProducts/Elevation/metadata/FEMA_Region_6_Archer_and_Jack_Counties_TX_QL2_LiDAR/TX_Archer-Jack_2014
USGS_LPC_TX_Central_B1_2017_LAS_2019,2017-01-28,2017-03-22,wesm_normalized_workunit,https://prd-tnm.s3.amazonaws.com/index.html?prefix=StagedProducts/Elevation/metadata/TX_CentralTexas_2017_A17/TX_Central_B1_2017
USGS_LPC_TX_Central_B2_2017_LAS_2019,2017-01-20,2017-03-14,wesm_normalized_workunit,https://prd-tnm.s3.amazonaws.com/index.html?prefix=StagedProducts/Elevation/metadata/TX_CentralTexas_2017_A17/TX_Central_B2_2017
USGS_LPC_TX_East_UTM14_2017_LAS_2018,2016-12-29,2017-01-07,wesm_normalized_workunit,https://prd-tnm.s3.amazonaws.com/index.html?prefix=StagedProducts/Elevation/metadata/TX_EastTexas_2017_A17/TX_East-UTM14_2017
USGS_LPC_TX_East_UTM15_2017_LAS_2018,2016-12-29,2017-01-07,wesm_normalized_workunit,https://prd-tnm.s3.amazonaws.com/index.html?prefix=StagedProducts/Elevation/metadata/TX_EastTexas_2017_A17/TX_East-UTM15_2017
USGS_LPC_TX_Eastern_B2_Z14_2018_LAS_2019,2018-03-06,2018-05-30,wesm_normalized_workunit,https://prd-tnm.s3.amazonaws.com/index.html?prefix=StagedProducts/Elevation/metadata/TX_Eastern_Texas_2018_D18/TX_Eastern_B2_Z14_2018
USGS_LPC_TX_Eastern_B2_Z15_2018_LAS_2019,2018-03-06,2018-03-19,wesm_normalized_workunit,https://prd-tnm.s3.amazonaws.com/index.html?prefix=StagedProducts/Elevation/metadata/TX_Eastern_Texas_2018_D18/TX_Eastern_B2_Z15_2018
USGS_LPC_TX_Eastern_B3_2018_LAS_2019,2018-03-14,2018-03-21,wesm_normalized_workunit,https://prd-tnm.s3.amazonaws.com/index.html?prefix=StagedProducts/Elevation/metadata/TX_Eastern_Texas_2018_D18/TX_Eastern_B3_2018
USGS_LPC_TX_Lower_SanBernard_B1_2017_LAS_2019,2018-02-16,2018-03-07,wesm_normalized_workunit,https://prd-tnm.s3.amazonaws.com/index.html?prefix=StagedProducts/Elevation/metadata/TX_Lower_CO_San_Bernard_2017_D18/TX_Lower_SanBernard_B1_2017
USGS_LPC_TX_Lower_SanBernard_B2_2017_LAS_2019,2018-02-25,2018-04-22,wesm_normalized_workunit,https://prd-tnm.s3.amazonaws.com/index.html?prefix=StagedProducts/Elevation/metadata/TX_Lower_CO_San_Bernard_2017_D18/TX_Lower_SanBernard_B2_2017
USGS_LPC_TX_Lower_SanBernard_B4_2017_LAS_2019,2018-03-03,2018-04-17,wesm_normalized_workunit,https://prd-tnm.s3.amazonaws.com/index.html?prefix=StagedProducts/Elevation/metadata/TX_Lower_CO_San_Bernard_2017_D18/TX_Lower_SanBernard_B4_2017
USGS_LPC_TX_Lower_SanBernard_B5_2017_LAS_2019,2018-03-03,2018-04-17,wesm_normalized_workunit,https://prd-tnm.s3.amazonaws.com/index.html?prefix=StagedProducts/Elevation/metadata/TX_Lower_CO_San_Bernard_2017_D18/TX_Lower_SanBernard_B5_2017
USGS_LPC_TX_Lower_SanBernard_B6_2017_LAS_2019,2018-02-25,2018-04-22,wesm_normalized_workunit,https://prd-tnm.s3.amazonaws.com/index.html?prefix=StagedProducts/Elevation/metadata/TX_Lower_CO_San_Bernard_2017_D18/TX_Lower_SanBernard_B6_2017
USGS_LPC_TX_MatagordaBay_B1_2018,2019-01-15,2019-03-01,wesm_normalized_workunit,https://prd-tnm.s3.amazonaws.com/index.html?prefix=StagedProducts/Elevation/metadata/TX_Matagorda_Bay_2018_B18/TX_MatagordaBay_B1_2018
USGS_LPC_TX_MatagordaBay_B2_2018,2019-01-24,2019-01-29,wesm_normalized_workunit,https://prd-tnm.s3.amazonaws.com/index.html?prefix=StagedProducts/Elevation/metadata/TX_Matagorda_Bay_2018_B18/TX_MatagordaBay_B2_2018
USGS_LPC_TX_MiddleBrazos_2016_LAS_2017,2016-03-04,2016-03-21,wesm_normalized_workunit,https://prd-tnm.s3.amazonaws.com/index.html?prefix=StagedProducts/Elevation/metadata/Middle_Brazos_Lake_Whitney_TX_QL2_Lidar_FY15/TX_MiddleBrazos_2016
USGS_LPC_TX_Neches_B1_2016_LAS_2018,2016-03-03,2017-10-09,wesm_normalized_workunit,https://prd-tnm.s3.amazonaws.com/index.html?prefix=StagedProducts/Elevation/metadata/TX_FEMA_R6_Neches_Basin_LiDAR_2016_D16/TX_Neches-B1_2016
USGS_LPC_TX_Neches_B2_2016_LAS_2018,2016-03-03,2017-10-09,wesm_normalized_workunit,https://prd-tnm.s3.amazonaws.com/index.html?prefix=StagedProducts/Elevation/metadata/TX_FEMA_R6_Neches_Basin_LiDAR_2016_D16/TX_Neches-B2_2016
USGS_LPC_TX_Neches_B3_2016_LAS_2018,2016-03-03,2017-10-09,wesm_normalized_workunit,https://prd-tnm.s3.amazonaws.com/index.html?prefix=StagedProducts/Elevation/metadata/TX_FEMA_R6_Neches_Basin_LiDAR_2016_D16/TX_Neches-B3_2016
USGS_LPC_TX_Neches_B4_2016_LAS_2018,2016-03-03,2017-10-09,wesm_normalized_workunit,https://prd-tnm.s3.amazonaws.com/index.html?prefix=StagedProducts/Elevation/metadata/TX_FEMA_R6_Neches_Basin_LiDAR_2016_D16/TX_Neches-B4_2016
USGS_LPC_TX_Neches_B5_2016_LAS_2018,2016-03-03,2017-10-09,wesm_normalized_workunit,https://prd-tnm.s3.amazonaws.com/index.html?prefix=StagedProducts/Elevation/metadata/TX_FEMA_R6_Neches_Basin_LiDAR_2016_D16/TX_Neches-B5_2016
USGS_LPC_TX_Panhandle_B10_2017_LAS_2019,2018-03-13,2018-04-11,wesm_normalized_workunit,https://prd-tnm.s3.amazonaws.com/index.html?prefix=StagedProducts/Elevation/metadata/TX_Panhandle_2017_D18/TX_Panhandle_B10_2017
USGS_LPC_TX_Panhandle_B10_TL_2017_LAS_2019,2018-02-09,2018-05-20,wesm_normalized_workunit,https://prd-tnm.s3.amazonaws.com/index.html?prefix=StagedProducts/Elevation/metadata/TX_Panhandle_2017_D18/TX_Panhandle_B10_TL_2017
USGS_LPC_TX_Panhandle_B11_2017_LAS_2019,2018-02-17,2018-04-13,wesm_normalized_workunit,https://prd-tnm.s3.amazonaws.com/index.html?prefix=StagedProducts/Elevation/metadata/TX_Panhandle_2017_D18/TX_Panhandle_B11_2017
USGS_LPC_TX_Panhandle_B11_TL_2017_LAS_2019,2018-02-17,2018-04-13,wesm_normalized_workunit,https://prd-tnm.s3.amazonaws.com/index.html?prefix=StagedProducts/Elevation/metadata/TX_Panhandle_2017_D18/TX_Panhandle_B11_TL_2017
USGS_LPC_TX_Panhandle_B1_2017_LAS_2019,2018-02-26,2018-03-12,wesm_normalized_workunit,https://prd-tnm.s3.amazonaws.com/index.html?prefix=StagedProducts/Elevation/metadata/TX_Panhandle_2017_D18/TX_Panhandle_B1_2017
USGS_LPC_TX_Panhandle_B1_TL_2018_LAS_2019,2018-02-09,2018-05-20,wesm_normalized_workunit,https://prd-tnm.s3.amazonaws.com/index.html?prefix=StagedProducts/Elevation/metadata/TX_Panhandle_2017_D18/TX_Panhandle_B1_TL_2018
USGS_LPC_TX_Panhandle_B2_2017_LAS_2019,2018-02-09,2018-05-20,wesm_normalized_workunit,https://prd-tnm.s3.amazonaws.com/index.html?prefix=StagedProducts/Elevation/metadata/TX_Panhandle_2017_D18/TX_Panhandle_B2_2017
USGS_LPC_TX_Panhandle_B3_2017_LAS_2019,2018-02-09,2018-05-20,wesm_normalized_workunit,https://prd-tnm.s3.amazonaws.com/index.html?prefix=StagedProducts/Elevation/metadata/TX_Panhandle_2017_D18/TX_Panhandle_B3_2017
USGS_LPC_TX_Panhandle_B4_2017_LAS_2019,2018-02-09,2018-05-20,wesm_normalized_workunit,https://prd-tnm.s3.amazonaws.com/index.html?prefix=StagedProducts/Elevation/metadata/TX_Panhandle_2017_D18/TX_Panhandle_B4_2017
USGS_LPC_TX_Panhandle_B5_2017_LAS_2019,2019-09-03,2019-09-03,wesm_normalized_workunit,https://prd-tnm.s3.amazonaws.com/index.html?prefix=StagedProducts/Elevation/metadata/TX_Panhandle_2017_D18/TX_Panhandle_B5_2017
USGS_LPC_TX_Panhandle_B6_2017_LAS_2019,2018-02-09,2018-05-20,wesm_normalized_workunit,https://prd-tnm.s3.amazonaws.com/index.html?prefix=StagedProducts/Elevation/metadata/TX_Panhandle_2017_D18/TX_Panhandle_B6_2017
USGS_LPC_TX_Panhandle_B7_2017_LAS_2019,2018-02-09,2018-05-20,wesm_normalized_workunit,https://prd-tnm.s3.amazonaws.com/index.html?prefix=StagedProducts/Elevation/metadata/TX_Panhandle_2017_D18/TX_Panhandle_B7_2017
USGS_LPC_TX_Panhandle_B8_2017_LAS_2019,2018-02-09,2018-05-20,wesm_normalized_workunit,https://prd-tnm.s3.amazonaws.com/index.html?prefix=StagedProducts/Elevation/metadata/TX_Panhandle_2017_D18/TX_Panhandle_B8_2017
USGS_LPC_TX_Panhandle_B9_2017_LAS_2019,2018-02-10,2018-05-20,wesm_normalized_workunit,https://prd-tnm.s3.amazonaws.com/index.html?prefix=StagedProducts/Elevation/metadata/TX_Panhandle_2017_D18/TX_Panhandle_B9_2017
USGS_LPC_TX_RedRiver_3Area_B1_2018_LAS_2019,2017-01-07,2018-05-28,wesm_normalized_workunit,https://prd-tnm.s3.amazonaws.com/index.html?prefix=StagedProducts/Elevation/metadata/TX_Red_River_FEMA_R6_Lidar_2016_D17/TX_RedRiver_3Area_B1_2018
USGS_LPC_TX_RedRiver_3Area_B2_2018_LAS_2019,2018-01-08,2018-03-01,wesm_normalized_workunit,https://prd-tnm.s3.amazonaws.com/index.html?prefix=StagedProducts/Elevation/metadata/TX_Red_River_FEMA_R6_Lidar_2016_D17/TX_RedRiver_3Area_B2_2018
USGS_LPC_TX_RedRiver_Atacosa_B1_2018_LAS_2019,2018-01-04,2018-01-22,wesm_normalized_workunit,https://prd-tnm.s3.amazonaws.com/index.html?prefix=StagedProducts/Elevation/metadata/TX_Red_River_FEMA_R6_Lidar_2016_D17/TX_RedRiver_Atacosa_B1_2018
USGS_LPC_TX_RedRiver_Atacosa_B2_2018_LAS_2019,2018-01-04,2018-01-22,wesm_normalized_workunit,https://prd-tnm.s3.amazonaws.com/index.html?prefix=StagedProducts/Elevation/metadata/TX_Red_River_FEMA_R6_Lidar_2016_D17/TX_RedRiver_Atacosa_B2_2018
USGS_LPC_TX_RedRiver_B1_2017_LAS_2019,2017-01-20,2017-03-01,wesm_normalized_workunit,https://prd-tnm.s3.amazonaws.com/index.html?prefix=StagedProducts/Elevation/metadata/TX_Red_River_FEMA_R6_Lidar_2016_D17/TX_RedRiver_B1_2017
USGS_LPC_TX_RedRiver_B2_2017_LAS_2019,2017-01-20,2017-02-25,wesm_normalized_workunit,https://prd-tnm.s3.amazonaws.com/index.html?prefix=StagedProducts/Elevation/metadata/TX_Red_River_FEMA_R6_Lidar_2016_D17/TX_RedRiver_B2_2017
USGS_LPC_TX_RedRiver_B2_TL_2017_LAS_2019,2017-01-20,2017-02-25,wesm_normalized_workunit,https://prd-tnm.s3.amazonaws.com/index.html?prefix=StagedProducts/Elevation/metadata/TX_Red_River_FEMA_R6_Lidar_2016_D17/TX_RedRiver_B2_TL_2017
USGS_LPC_TX_RedRiver_B3_2017_LAS_2019,2017-01-20,2017-03-01,wesm_normalized_workunit,https://prd-tnm.s3.amazonaws.com/index.html?prefix=StagedProducts/Elevation/metadata/TX_Red_River_FEMA_R6_Lidar_2016_D17/TX_RedRiver_B3_2017
USGS_LPC_TX_RedRiver_BrazosBasin_B1_2017_LAS_2019,2017-03-17,2018-05-28,wesm_normalized_workunit,https://prd-tnm.s3.amazonaws.com/index.html?prefix=StagedProducts/Elevation/metadata/TX_Red_River_FEMA_R6_Lidar_2016_D17/TX_RedRiver_BrazosBasin_B1_2017
USGS_LPC_TX_RedRiver_BrazosBasin_B2_2017_LAS_2019,2017-03-06,2018-05-28,wesm_normalized_workunit,https://prd-tnm.s3.amazonaws.com/index.html?prefix=StagedProducts/Elevation/metadata/TX_Red_River_FEMA_R6_Lidar_2016_D17/TX_RedRiver_BrazosBasin_B2_2017
USGS_LPC_TX_RedRiver_BrazosBasin_B3_2017_LAS_2019,2017-01-21,2018-05-28,wesm_normalized_workunit,https://prd-tnm.s3.amazonaws.com/index.html?prefix=StagedProducts/Elevation/metadata/TX_Red_River_FEMA_R6_Lidar_2016_D17/TX_RedRiver_BrazosBasin_B3_2017
USGS_LPC_TX_RedRiver_BrazosBasin_B4_2017_LAS_2019,2017-01-21,2017-12-15,wesm_normalized_workunit,https://prd-tnm.s3.amazonaws.com/index.html?prefix=StagedProducts/Elevation/metadata/TX_Red_River_FEMA_R6_Lidar_2016_D17/TX_RedRiver_BrazosBasin_B4_2017
USGS_LPC_TX_RedRiver_BrazosBasin_B5_2017_LAS_2019,2017-01-23,2018-03-09,wesm_normalized_workunit,https://prd-tnm.s3.amazonaws.com/index.html?prefix=StagedProducts/Elevation/metadata/TX_Red_River_FEMA_R6_Lidar_2016_D17/TX_RedRiver_BrazosBasin_B5_2017
USGS_LPC_TX_RedRiver_Lavaca_Wharton_2018_LAS_2019,2018-01-05,2018-01-15,wesm_normalized_workunit,https://prd-tnm.s3.amazonaws.com/index.html?prefix=StagedProducts/Elevation/metadata/TX_Red_River_FEMA_R6_Lidar_2016_D17/TX_RedRiver_Lavaca_Wharton_2018
USGS_LPC_TX_RioGrand_FTWhit_2014_LAS_2016,2014-11-30,2014-12-11,wesm_normalized_workunit,https://prd-tnm.s3.amazonaws.com/index.html?prefix=StagedProducts/Elevation/metadata/FEMA_Region_6_TX_Rio_Grande_and_Fort_Whitman_Watershed_QL2_LiDAR/TX_RioGrand-FTWhit_2014
USGS_LPC_TX_South_B1_2018_LAS_2019,2018-01-29,2018-03-20,wesm_normalized_workunit,https://prd-tnm.s3.amazonaws.com/index.html?prefix=StagedProducts/Elevation/metadata/TX_South_Texas_2018_D18/TX_South_B1_2018
USGS_LPC_TX_South_B2_2018_LAS_2019,2018-01-29,2018-03-20,wesm_normalized_workunit,https://prd-tnm.s3.amazonaws.com/index.html?prefix=StagedProducts/Elevation/metadata/TX_South_Texas_2018_D18/TX_South_B2_2018
USGS_LPC_TX_South_B3_2018_LAS_2019,2018-01-29,2018-03-07,wesm_normalized_workunit,https://prd-tnm.s3.amazonaws.com/index.html?prefix=StagedProducts/Elevation/metadata/TX_South_Texas_2018_D18/TX_South_B3_2018
USGS_LPC_TX_South_B4_2018_LAS_2019,2018-01-23,2018-04-27,wesm_normalized_workunit,https://prd-tnm.s3.amazonaws.com/index.html?prefix=StagedProducts/Elevation/metadata/TX_South_Texas_2018_D18/TX_South_B4_2018
USGS_LPC_TX_South_B5_2018_LAS_2019,2018-01-22,2018-03-29,wesm_normalized_workunit,https://prd-tnm.s3.amazonaws.com/index.html?prefix=StagedProducts/Elevation/metadata/TX_South_Texas_2018_D18/TX_South_B5_2018
USGS_LPC_TX_South_B6_2018_LAS_2019,2018-01-13,2018-03-12,wesm_normalized_workunit,https://prd-tnm.s3.amazonaws.com/index.html?prefix=StagedProducts/Elevation/metadata/TX_South_Texas_2018_D18/TX_South_B6_2018
USGS_LPC_TX_South_B7_2018_LAS_2019,2018-01-29,2018-03-12,wesm_normalized_workunit,https://prd-tnm.s3.amazonaws.com/index.html?prefix=StagedProducts/Elevation/metadata/TX_South_Texas_2018_D18/TX_South_B7_2018
USGS_LPC_TX_South_B8_2018_LAS_2019,2018-01-23,2018-02-24,wesm_normalized_workunit,https://prd-tnm.s3.amazonaws.com/index.html?prefix=StagedProducts/Elevation/metadata/TX_South_Texas_2018_D18/TX_South_B8_2018
USGS_LPC_TX_UpClCrkBrazos_2015_LAS_2016,2015-03-30,2015-03-31,wesm_normalized_workunit,https://prd-tnm.s3.amazonaws.com/index.html?prefix=StagedProducts/Elevation/metadata/FEMA_Region_6_Upper_Clear_Fork_Brazos_TX_QL2_LiDAR/TX_UpClCrkBrazos_2015
USGS_LPC_TX_West_Central_B10_2018_LAS_2019,2018-02-02,2018-11-05,wesm_normalized_workunit,https://prd-tnm.s3.amazonaws.com/index.html?prefix=StagedProducts/Elevation/metadata/TX_West_Central_2017_D18/TX_West_Central_B10_2018
USGS_LPC_TX_West_Central_B11_2018_LAS_2019,2018-02-01,2018-05-27,wesm_normalized_workunit,https://prd-tnm.s3.amazonaws.com/index.html?prefix=StagedProducts/Elevation/metadata/TX_West_Central_2017_D18/TX_West_Central_B11_2018
USGS_LPC_TX_West_Central_B12_2018_LAS_2019,2018-02-17,2018-11-05,wesm_normalized_workunit,https://prd-tnm.s3.amazonaws.com/index.html?prefix=StagedProducts/Elevation/metadata/TX_West_Central_2017_D18/TX_West_Central_B12_2018
USGS_LPC_TX_West_Central_B13_2018_LAS_2019,2018-03-09,2018-05-06,wesm_normalized_workunit,https://prd-tnm.s3.amazonaws.com/index.html?prefix=StagedProducts/Elevation/metadata/TX_West_Central_2017_D18/TX_West_Central_B13_2018
USGS_LPC_TX_West_Central_B14_2018_LAS_2019,2018-02-17,2018-11-05,wesm_normalized_workunit,https://prd-tnm.s3.amazonaws.com/index.html?prefix=StagedProducts/Elevation/metadata/TX_West_Central_2017_D18/TX_West_Central_B14_2018
USGS_LPC_TX_West_Central_B15a_2018_LAS_2019,2018-03-07,2018-03-21,wesm_normalized_workunit,https://prd-tnm.s3.amazonaws.com/index.html?prefix=StagedProducts/Elevation/metadata/TX_West_Central_2017_D18/TX_West_Central_B15a_2018
USGS_LPC_TX_West_Central_B15b_2018_LAS_2019,2017-01-20,2018-03-07,wesm_normalized_workunit,https://prd-tnm.s3.amazonaws.com/index.html?prefix=StagedProducts/Elevation/metadata/TX_West_Central_2017_D18/TX_West_Central_B15b_2018
USGS_LPC_TX_West_Central_B1_2018_LAS_2019,2018-02-18,2018-05-19,wesm_normalized_workunit,https://prd-tnm.s3.amazonaws.com/index.html?prefix=StagedProducts/Elevation/metadata/TX_West_Central_2017_D18/TX_West_Central_B1_2018
USGS_LPC_TX_West_Central_B2_2018_LAS_2019,2018-02-12,2018-05-17,wesm_normalized_workunit,https://prd-tnm.s3.amazonaws.com/index.html?prefix=StagedProducts/Elevation/metadata/TX_West_Central_2017_D18/TX_West_Central_B2_2018
USGS_LPC_TX_West_Central_B3_2018_LAS_2019,2018-02-11,2018-05-17,wesm_normalized_workunit,https://prd-tnm.s3.amazonaws.com/index.html?prefix=StagedProducts/Elevation/metadata/TX_West_Central_2017_D18/TX_West_Central_B3_2018
USGS_LPC_TX_West_Central_B4_2018,2018-02-08,2018-04-04,wesm_normalized_workunit,https://prd-tnm.s3.amazonaws.com/index.html?prefix=StagedProducts/Elevation/metadata/TX_West_Central_2017_D18/TX_West_Central_B4_2018
USGS_LPC_TX_West_Central_B5_2018,2018-02-08,2018-03-10,wesm_normalized_workunit,https://prd-tnm.s3.amazonaws.com/index.html?prefix=StagedProducts/Elevation/metadata/TX_West_Central_2017_D18/TX_West_Central_B5_2018
USGS_LPC_TX_West_Central_B6_2018_LAS_2019,2018-02-11,2018-03-12,wesm_normalized_workunit,https://prd-tnm.s3.amazonaws.com/index.html?prefix=StagedProducts/Elevation/metadata/TX_West_Central_2017_D18/TX_West_Central_B6_2018
USGS_LPC_TX_West_Central_B7_2018_LAS_2019,2018-02-10,2018-03-12,wesm_normalized_workunit,https://prd-tnm.s3.amazonaws.com/index.html?prefix=StagedProducts/Elevation/metadata/TX_West_Central_2017_D18/TX_West_Central_B7_2018
USGS_LPC_TX_West_Central_B8_2018_LAS_2019,2018-02-10,2018-03-01,wesm_normalized_workunit,https://prd-tnm.s3.amazonaws.com/index.html?prefix=StagedProducts/Elevation/metadata/TX_West_Central_2017_D18/TX_West_Central_B8_2018
USGS_LPC_TX_West_Central_B9_2018_LAS_2019,2018-02-07,2018-04-29,wesm_normalized_workunit,https://prd-tnm.s3.amazonaws.com/index.html?prefix=StagedProducts/Elevation/metadata/TX_West_Central_2017_D18/TX_West_Central_B9_2018
USGS_LPC_TX_West_Central_UTM14_TL_2018_LAS_2019,2018-03-09,2018-05-06,wesm_normalized_workunit,https://prd-tnm.s3.amazonaws.com/index.html?prefix=StagedProducts/Elevation/metadata/TX_West_Central_2017_D18/TX_West_Central_UTM14_TL_2018
USGS_LPC_TX_West_Central_UTM15_TL_2018_LAS_2019,2018-02-28,2019-03-21,wesm_normalized_workunit,https://prd-tnm.s3.amazonaws.com/index.html?prefix=StagedProducts/Elevation/metadata/TX_West_Central_2017_D18/TX_West_Central_UTM15_TL_2018
USGS_LPC_UT_BearLake_Cache_2016_LAS_2018,2016-09-20,2017-10-27,wesm_normalized_workunit,https://prd-tnm.s3.amazonaws.com/index.html?prefix=StagedProducts/Elevation/metadata/UT_CentralUT_Southern_ID_2016_A16/UT_BearLake-Cache_2016
USGS_LPC_UT_BoxElder_2018_LAS_2019,2018-09-04,2019-03-19,wesm_normalized_workunit,https://prd-tnm.s3.amazonaws.com/index.html?prefix=StagedProducts/Elevation/metadata/UT_StateWide_2018_A18/UT_BoxElder_2018
USGS_LPC_UT_BoxElder_TL_2018_LAS_2019,2018-09-04,2019-03-19,wesm_normalized_workunit,https://prd-tnm.s3.amazonaws.com/index.html?prefix=StagedProducts/Elevation/metadata/UT_StateWide_2018_A18/UT_BoxElder_TL_2018
USGS_LPC_UT_Central_QL1_B1_2018_LAS_2019,2018-08-10,2018-08-25,wesm_normalized_workunit,https://prd-tnm.s3.amazonaws.com/index.html?prefix=StagedProducts/Elevation/metadata/UT_StateWide_2018_A18/UT_Central_QL1_B1_2018
USGS_LPC_UT_Central_QL1_B2_2018_LAS_2019,2018-06-05,2018-09-03,wesm_normalized_workunit,https://prd-tnm.s3.amazonaws.com/index.html?prefix=StagedProducts/Elevation/metadata/UT_StateWide_2018_A18/UT_Central_QL1_B2_2018
USGS_LPC_UT_Central_Ql2_TL_2018_LAS_2019,2018-06-05,2018-09-03,wesm_normalized_workunit,https://prd-tnm.s3.amazonaws.com/index.html?prefix=StagedProducts/Elevation/metadata/UT_StateWide_2018_A18/UT_Central_Ql2_TL_2018
USGS_LPC_UT_FEMAHQ_B2_2018_LAS_2019,2018-04-21,2018-10-15,wesm_normalized_workunit,https://prd-tnm.s3.amazonaws.com/index.html?prefix=StagedProducts/Elevation/metadata/UT_FEMAHQ_2018_D18/UT_FEMAHQ_B2_2018
USGS_LPC_UT_FEMAHQ_B2_QL1_2018_LAS_2019,2018-04-21,2018-10-15,wesm_normalized_workunit,https://prd-tnm.s3.amazonaws.com/index.html?prefix=StagedProducts/Elevation/metadata/UT_FEMAHQ_2018_D18/UT_FEMAHQ_B2_QL1_2018
USGS_LPC_UT_FemaHQ_B1_TL_2018_LAS_2019,2018-04-27,2018-06-02,wesm_normalized_workunit,https://prd-tnm.s3.amazonaws.com/index.html?prefix=StagedProducts/Elevation/metadata/UT_FEMAHQ_2018_D18/UT_FemaHQ_B1_TL_2018
USGS_LPC_UT_FemaHQ_B2_TL_2018_LAS_2019,2018-04-21,2018-10-15,wesm_normalized_workunit,https://prd-tnm.s3.amazonaws.com/index.html?prefix=StagedProducts/Elevation/metadata/UT_FEMAHQ_2018_D18/UT_FemaHQ_B2_TL_2018
USGS_LPC_UT_MillsiteReservoir_2017_LAS_2018,2017-10-21,2017-10-25,wesm_normalized_workunit,https://prd-tnm.s3.amazonaws.com/index.html?prefix=StagedProducts/Elevation/metadata/UT_MillsiteReservoir_2018_C18/UT_MillsiteReservoir_2017
USGS_LPC_UT_MonroeMoutain_2016_LAS_2018,2016-08-03,2016-10-12,wesm_normalized_workunit,https://prd-tnm.s3.amazonaws.com/index.html?prefix=StagedProducts/Elevation/metadata/UT_CentralUT_Southern_ID_2016_A16/UT_MonroeMoutain_2016
USGS_LPC_UT_NorthEscalanteDesert_2016_LAS_2018,2016-10-26,2016-11-03,wesm_normalized_workunit,https://prd-tnm.s3.amazonaws.com/index.html?prefix=StagedProducts/Elevation/metadata/UT_CentralUT_Southern_ID_2016_A16/UT_NorthEscalanteDesert_2016
USGS_LPC_UT_Northern_QL1_2018_LAS_2019,2018-04-25,2018-08-03,wesm_normalized_workunit,https://prd-tnm.s3.amazonaws.com/index.html?prefix=StagedProducts/Elevation/metadata/UT_StateWide_2018_A18/UT_Northern_QL1_2018
USGS_LPC_UT_Northern_QL2_2018_LAS_2019,2018-05-24,2018-06-26,wesm_normalized_workunit,https://prd-tnm.s3.amazonaws.com/index.html?prefix=StagedProducts/Elevation/metadata/UT_StateWide_2018_A18/UT_Northern_QL2_2018
USGS_LPC_UT_Sanpete_2018_LAS_2019,2018-10-15,2018-11-03,wesm_normalized_workunit,https://prd-tnm.s3.amazonaws.com/index.html?prefix=StagedProducts/Elevation/metadata/UT_StateWide_2018_A18/UT_Sanpete_2018
USGS_LPC_UT_Southern_B1_2018_LAS_2019,2018-04-27,2018-10-12,wesm_normalized_workunit,https://prd-tnm.s3.amazonaws.com/index.html?prefix=StagedProducts/Elevation/metadata/UT_StateWide_2018_A18/UT_Southern_B1_2018
USGS_LPC_UT_Southern_B1_TL_2018_LAS_2019,2018-04-27,2018-10-12,wesm_normalized_workunit,https://prd-tnm.s3.amazonaws.com/index.html?prefix=StagedProducts/Elevation/metadata/UT_StateWide_2018_A18/UT_Southern_B1_TL_2018
USGS_LPC_UT_Southern_B2_2018_LAS_2019,2018-04-27,2018-10-12,wesm_normalized_workunit,https://prd-tnm.s3.amazonaws.com/index.html?prefix=StagedProducts/Elevation/metadata/UT_StateWide_2018_A18/UT_Southern_B2_2018
USGS_LPC_UT_Southern_QL1_2018_LAS_2019,2018-04-27,2018-07-29,wesm_normalized_workunit,https://prd-tnm.s3.amazonaws.com/index.html?prefix=StagedProducts/Elevation/metadata/UT_StateWide_2018_A18/UT_Southern_QL1_2018
USGS_LPC_UT_WasatchFault_L3_2013_LAS_2016,2013-11-08,2013-12-01,wesm_normalized_workunit,https://prd-tnm.s3.amazonaws.com/index.html?prefix=StagedProducts/Elevation/metadata/Wasatch_Fault_UT_LiDAR/UT_WasatchFault-L3_2013
USGS_LPC_UT_Wasatch_L4_2013_LAS_2016,2013-10-18,2014-03-22,wesm_normalized_workunit,https://prd-tnm.s3.amazonaws.com/index.html?prefix=StagedProducts/Elevation/metadata/Wasatch_Fault_UT_LiDAR/UT_Wasatch-L4_2013
USGS_LPC_UT_Wasatch_L5_2014_LAS_2016,2014-03-23,2014-05-31,wesm_normalized_workunit,https://prd-tnm.s3.amazonaws.com/index.html?prefix=StagedProducts/Elevation/metadata/Wasatch_Fault_UT_LiDAR/UT_Wasatch-L5_2014
USGS_LPC_UT_Washakie_Whites_Valley_2017_LAS_2017,2017-04-15,2017-04-16,wesm_normalized_workunit,https://prd-tnm.s3.amazonaws.com/index.html?prefix=StagedProducts/Elevation/metadata/UT_WashakieWhitesValley_2017_C17/UT_Washakie-Whites-Valley_2017
USGS_LPC_UT_WashingtonCo_2016_LAS_2017,2017-01-08,2017-07-14,wesm_normalized_workunit,https://prd-tnm.s3.amazonaws.com/index.html?prefix=StagedProducts/Elevation/metadata/UT_CentralUT_Southern_ID_2016_A16/UT_WashingtonCo_2016
USGS_LPC_VA_Central_Seismic_2013_LAS_2015,2014-05-06,2014-05-07,wesm_normalized_workunit,https://prd-tnm.s3.amazonaws.com/index.html?prefix=StagedProducts/Elevation/metadata/VA_Central_Virginia_Seismic_LiDAR_2013_14/VA_Central_Seismic_2013
USGS_LPC_VA_ChesapeakeBayNorth_2015_LAS_2017,2015-11-15,2016-03-30,wesm_normalized_workunit,https://prd-tnm.s3.amazonaws.com/index.html?prefix=StagedProducts/Elevation/metadata/VA_ChesapeakeBay_2015/VA_ChesapeakeBayNorth_2015
USGS_LPC_VA_Eastern_ShoreBAA_2015_LAS_2017,2015-04-11,2015-04-24,wesm_normalized_workunit,https://prd-tnm.s3.amazonaws.com/index.html?prefix=StagedProducts/Elevation/metadata/Eastern_Shore_Virginia_QL2_LiDAR_BAA/VA_Eastern-ShoreBAA_2015
USGS_LPC_VA_FEMA_R3_Northeast_2016_LAS_2018,2016-11-04,2017-04-27,wesm_normalized_workunit,https://prd-tnm.s3.amazonaws.com/index.html?prefix=StagedProducts/Elevation/metadata/VA__FEMA_R3_SW_Lidar_2016_D16/VA_FEMA_R3_Northeast_2016
USGS_LPC_VA_FEMA_R3_Southwest_A_2016_LAS_2018,2016-11-03,2017-04-17,wesm_normalized_workunit,https://prd-tnm.s3.amazonaws.com/index.html?prefix=StagedProducts/Elevation/metadata/VA__FEMA_R3_SW_Lidar_2016_D16/VA_FEMA_R3_Southwest_A_2016
USGS_LPC_VA_FEMA_R3_Southwest_B_2016_LAS_2018,2016-11-03,2017-04-17,wesm_normalized_workunit,https://prd-tnm.s3.amazonaws.com/index.html?prefix=StagedProducts/Elevation/metadata/VA__FEMA_R3_SW_Lidar_2016_D16/VA_FEMA_R3_Southwest_B_2016
USGS_LPC_VA_Fairfax_County_2018,2018-12-06,2018-12-26,wesm_normalized_workunit,https://prd-tnm.s3.amazonaws.com/index.html?prefix=StagedProducts/Elevation/metadata/VA_Fairfax_County_2018_D18/VA_Fairfax_County_2018
USGS_LPC_VA_Norfolk_2013_LAS_2015,2013-03-21,2013-04-05,wesm_normalized_workunit,"https://prd-tnm.s3.amazonaws.com/index.html?prefix=StagedProducts/Elevation/metadata/Norfolk,_VA_LiDAR/VA_Norfolk_2013"
USGS_LPC_VA_Sandy_2014_LAS_2015,2014-03-24,2014-04-21,wesm_normalized_workunit,https://prd-tnm.s3.amazonaws.com/index.html?prefix=StagedProducts/Elevation/metadata/Virginia_SANDY_QL2_LiDAR/VA_Sandy_2014
USGS_LPC_VA_Shen_Multi_Haz_2014_LAS_2015,2014-01-18,2014-05-23,wesm_normalized_workunit,https://prd-tnm.s3.amazonaws.com/index.html?prefix=StagedProducts/Elevation/metadata/Multi_Hazards_Shenandoah_VA_LiDAR_2013/VA_Shen_Multi_Haz_2014
USGS_LPC_VA_Shenandoah_2013_LAS_2015,,,,
USGS_LPC_VT_Connecticut_River_2016_LAS_2018,2016-11-01,2016-11-19,wesm_normalized_workunit,https://prd-tnm.s3.amazonaws.com/index.html?prefix=StagedProducts/Elevation/metadata/VT_Connecticut_River_Basin_LiDAR_2016_B16/VT_Connecticut-River_2016
USGS_LPC_VT_E_Vermont_L2_2014_LAS_2017,2014-11-11,2015-11-04,wesm_normalized_workunit,https://prd-tnm.s3.amazonaws.com/index.html?prefix=StagedProducts/Elevation/metadata/Eastern_Vermont_LiDAR_FY2014/VT_E-Vermont-L2_2014
USGS_LPC_VT_EasternVermont_L1_2014_LAS_2017,2014-11-11,2015-11-04,wesm_normalized_workunit,https://prd-tnm.s3.amazonaws.com/index.html?prefix=StagedProducts/Elevation/metadata/Eastern_Vermont_LiDAR_FY2014/VT_EasternVermont-L1_2014
USGS_LPC_VT_RutlandCo_Lot6_2013_LAS_2016,2013-11-04,2016-02-22,wesm_normalized_workunit,https://prd-tnm.s3.amazonaws.com/index.html?prefix=StagedProducts/Elevation/metadata/Rutland_VT_LiDAR/VT_RutlandCo-Lot6_2013
USGS_LPC_VT_Rutland_Lot7_2014_LAS_2016,2013-11-04,2015-05-05,wesm_normalized_workunit,https://prd-tnm.s3.amazonaws.com/index.html?prefix=StagedProducts/Elevation/metadata/Rutland_VT_LiDAR/VT_Rutland-Lot7_2014
USGS_LPC_VT_Rutland_Lot8_2013_LAS_2016,2013-11-04,2015-11-30,wesm_normalized_workunit,https://prd-tnm.s3.amazonaws.com/index.html?prefix=StagedProducts/Elevation/metadata/Rutland_VT_LiDAR/VT_Rutland-Lot8_2013
USGS_LPC_VT_Western_2017_LAS_2018,2017-11-08,2017-11-21,wesm_normalized_workunit,https://prd-tnm.s3.amazonaws.com/index.html?prefix=StagedProducts/Elevation/metadata/VT_Western_Vermont_Lidar_2017_B17/VT_Western_2017
USGS_LPC_VT_Windham_CO_2015_LAS_2017,2015-11-09,2015-11-15,wesm_normalized_workunit,https://prd-tnm.s3.amazonaws.com/index.html?prefix=StagedProducts/Elevation/metadata/VT_Windham_2015/VT_Windham-CO_2015
USGS_LPC_WA_3_County_QL2_2017_LAS_2019,2017-10-03,2018-06-04,wesm_normalized_workunit,https://prd-tnm.s3.amazonaws.com/index.html?prefix=StagedProducts/Elevation/metadata/WA_3_County_Lidar_2017_B17/WA_3_County_QL2_2017
USGS_LPC_WA_ElwhaRiver_2014_LAS_2017,2014-11-07,2015-02-01,wesm_normalized_workunit,https://prd-tnm.s3.amazonaws.com/index.html?prefix=StagedProducts/Elevation/metadata/Elwha_River_WA_LiDAR/WA_ElwhaRiver_2014
USGS_LPC_WA_Elwha_TB_2015_LAS_2016,2015-09-28,2015-09-29,wesm_normalized_workunit,https://prd-tnm.s3.amazonaws.com/index.html?prefix=StagedProducts/Elevation/metadata/WA_ElwhaRiver_2015/WA_Elwha-TB_2015
USGS_LPC_WA_GlacierPeak_2014_LAS_2016,2014-08-25,2015-06-24,wesm_normalized_workunit,https://prd-tnm.s3.amazonaws.com/index.html?prefix=StagedProducts/Elevation/metadata/Glacier_Peak_WA_QL1_LiDAR/WA_GlacierPeak_2014
USGS_LPC_WA_MtBaker_2015_LAS_2017,2015-08-26,2015-09-27,wesm_normalized_workunit,https://prd-tnm.s3.amazonaws.com/index.html?prefix=StagedProducts/Elevation/metadata/WA_MtBaker_2015/WA_MtBaker_2015
USGS_LPC_WA_Olympic_Peninsula_2013_LAS_2015,2013-10-13,2014-01-25,wesm_normalized_workunit,https://prd-tnm.s3.amazonaws.com/index.html?prefix=StagedProducts/Elevation/metadata/Olympic_Peninsula_WA_QL_1_LiDAR/WA_Olympic-Peninsula_2013
USGS_LPC_WI_Bayfield_2016,2015-10-22,2015-11-08,wesm_normalized_workunit,https://prd-tnm.s3.amazonaws.com/index.html?prefix=StagedProducts/Elevation/metadata/WI_Statewide_2016_A16/WI_Bayfield_2016
USGS_LPC_WI_Buffalo_2016,2016-03-21,2016-03-22,wesm_normalized_workunit,https://prd-tnm.s3.amazonaws.com/index.html?prefix=StagedProducts/Elevation/metadata/WI_Statewide_2016_A16/WI_Buffalo_2016
USGS_LPC_WI_DodgeCo_2017_LAS_2019,2017-04-12,2017-04-23,wesm_normalized_workunit,https://prd-tnm.s3.amazonaws.com/index.html?prefix=StagedProducts/Elevation/metadata/WI_Dodge_County_Lidar_2017_B17/WI_DodgeCo_2017
USGS_LPC_WI_FEMAHQ_2018_LAS_2019,2018-04-30,2018-05-16,wesm_normalized_workunit,https://prd-tnm.s3.amazonaws.com/index.html?prefix=StagedProducts/Elevation/metadata/WI_FEMAHQ_2018_D18/WI_FEMAHQ_2018
USGS_LPC_WI_FEMAHQ_TL_2018_LAS_2019,2018-04-30,2018-05-16,wesm_normalized_workunit,https://prd-tnm.s3.amazonaws.com/index.html?prefix=StagedProducts/Elevation/metadata/WI_FEMAHQ_2018_D18/WI_FEMAHQ_TL_2018
USGS_LPC_WI_Forest_2016_LAS_2019,2017-04-22,2017-04-25,wesm_normalized_workunit,https://prd-tnm.s3.amazonaws.com/index.html?prefix=StagedProducts/Elevation/metadata/WI_Statewide_2016_A16/WI_Forest_2016
USGS_LPC_WI_Forest_TL_2016_LAS_2019,2017-04-22,2017-04-25,wesm_normalized_workunit,https://prd-tnm.s3.amazonaws.com/index.html?prefix=StagedProducts/Elevation/metadata/WI_Statewide_2016_A16/WI_Forest_TL_2016
USGS_LPC_WI_Kenosha_2017_LAS_2019,2017-04-16,2017-05-07,wesm_normalized_workunit,https://prd-tnm.s3.amazonaws.com/index.html?prefix=StagedProducts/Elevation/metadata/WI_Kenosha_Racine_Counties_SEWI_Lidar_2017_B17/WI_Kenosha_2017
USGS_LPC_WI_LaCrosse_2017_LAS_2018,2017-03-10,2017-03-11,wesm_normalized_workunit,https://prd-tnm.s3.amazonaws.com/index.html?prefix=StagedProducts/Elevation/metadata/WI_4CountyStatewide_2017_A17/WI_LaCrosse_2017
USGS_LPC_WI_Langlade_2017_LAS_2019,2017-04-16,2017-04-29,wesm_normalized_workunit,https://prd-tnm.s3.amazonaws.com/index.html?prefix=StagedProducts/Elevation/metadata/WI_4CountyStatewide_2017_A17/WI_Langlade_2017
USGS_LPC_WI_Langlade_TL_2017_LAS_2019,2017-04-16,2017-04-29,wesm_normalized_workunit,https://prd-tnm.s3.amazonaws.com/index.html?prefix=StagedProducts/Elevation/metadata/WI_4CountyStatewide_2017_A17/WI_Langlade_TL_2017
USGS_LPC_WI_LincolnCo_2015_LAS_2019,2015-04-24,2016-03-02,wesm_normalized_workunit,https://prd-tnm.s3.amazonaws.com/index.html?prefix=StagedProducts/Elevation/metadata/Lincoln_County_WI_QL2_LiDAR_BAA/WI_LincolnCo_2015
USGS_LPC_WI_ManitowocCo_2015_LAS_2019,2015-11-02,2015-11-10,wesm_normalized_workunit,https://prd-tnm.s3.amazonaws.com/index.html?prefix=StagedProducts/Elevation/metadata/Wisconsin_2_County_Lidar/WI_ManitowocCo_2015
USGS_LPC_WI_OneidaCo_2013_LAS_2019,2013-05-13,2013-05-16,wesm_normalized_workunit,https://prd-tnm.s3.amazonaws.com/index.html?prefix=StagedProducts/Elevation/metadata/Oneida_and_Vilas_Counties_QL2_Lidar/WI_OneidaCo_2013
USGS_LPC_WI_OneidaCo_TL_2013_LAS_2019,2013-05-13,2013-05-16,wesm_normalized_workunit,https://prd-tnm.s3.amazonaws.com/index.html?prefix=StagedProducts/Elevation/metadata/Oneida_and_Vilas_Counties_QL2_Lidar/WI_OneidaCo_TL_2013
USGS_LPC_WI_Portage_2016,2016-04-05,2016-04-14,wesm_normalized_workunit,https://prd-tnm.s3.amazonaws.com/index.html?prefix=StagedProducts/Elevation/metadata/WI_Statewide_2016_A16/WI_Portage_2016
USGS_LPC_WI_Racine_2017_LAS_2019,2017-04-16,2017-05-07,wesm_normalized_workunit,https://prd-tnm.s3.amazonaws.com/index.html?prefix=StagedProducts/Elevation/metadata/WI_Kenosha_Racine_Counties_SEWI_Lidar_2017_B17/WI_Racine_2017
USGS_LPC_WI_SEWRPC_2017_LAS_2019,2015-03-24,2015-04-02,wesm_normalized_workunit,https://prd-tnm.s3.amazonaws.com/index.html?prefix=StagedProducts/Elevation/metadata/WI_SEWRP5Counties_2017_A17/WI_SEWRPC_2017
USGS_LPC_WI_Sawyer_2017_LAS_2019,2017-04-21,2017-04-22,wesm_normalized_workunit,https://prd-tnm.s3.amazonaws.com/index.html?prefix=StagedProducts/Elevation/metadata/WI_4CountyStatewide_2017_A17/WI_Sawyer_2017
USGS_LPC_WI_Sawyer_TL_2017_LAS_2019,2017-04-21,2017-04-22,wesm_normalized_workunit,https://prd-tnm.s3.amazonaws.com/index.html?prefix=StagedProducts/Elevation/metadata/WI_4CountyStatewide_2017_A17/WI_Sawyer_TL_2017
USGS_LPC_WI_Shawano_2015_LAS_2017,2015-11-14,2015-11-15,wesm_normalized_workunit,https://prd-tnm.s3.amazonaws.com/index.html?prefix=StagedProducts/Elevation/metadata/WI_Shawano_2015/WI_Shawano_2015
USGS_LPC_WI_Taylor_2016,2016-04-14,2016-04-16,wesm_normalized_workunit,https://prd-tnm.s3.amazonaws.com/index.html?prefix=StagedProducts/Elevation/metadata/WI_Statewide_2016_A16/WI_Taylor_2016
USGS_LPC_WI_VilasCo_2013_LAS_2019,2013-05-13,2013-05-16,wesm_normalized_workunit,https://prd-tnm.s3.amazonaws.com/index.html?prefix=StagedProducts/Elevation/metadata/Oneida_and_Vilas_Counties_QL2_Lidar/WI_VilasCo_2013
USGS_LPC_WI_VilasCo_TL_2013_LAS_2019,2013-05-13,2013-05-16,wesm_normalized_workunit,https://prd-tnm.s3.amazonaws.com/index.html?prefix=StagedProducts/Elevation/metadata/Oneida_and_Vilas_Counties_QL2_Lidar/WI_VilasCo_TL_2013
USGS_LPC_WI_Washburn_2016,2016-04-12,2016-04-14,wesm_normalized_workunit,https://prd-tnm.s3.amazonaws.com/index.html?prefix=StagedProducts/Elevation/metadata/WI_Statewide_2016_A16/WI_Washburn_2016
USGS_LPC_WI_Washburn_TL_2016_LAS_2019,2016-04-12,2016-04-14,wesm_normalized_workunit,https://prd-tnm.s3.amazonaws.com/index.html?prefix=StagedProducts/Elevation/metadata/WI_Statewide_2016_A16/WI_Washburn_TL_2016
USGS_LPC_WI_Waushara_2017_LAS_2019,2017-11-07,2017-11-08,wesm_normalized_workunit,https://prd-tnm.s3.amazonaws.com/index.html?prefix=StagedProducts/Elevation/metadata/WI_Waushara_2017_C19/WI_Waushara_2017
USGS_LPC_WI_Winnebago_2014_LAS_2019,2014-04-21,2014-05-21,wesm_normalized_workunit,https://prd-tnm.s3.amazonaws.com/index.html?prefix=StagedProducts/Elevation/metadata/WI_Winnebago_County_2014_A16/WI_Winnebago_2014
USGS_LPC_WI_Winnebago_TL_2014_LAS_2019,2014-04-21,2014-05-21,wesm_normalized_workunit,https://prd-tnm.s3.amazonaws.com/index.html?prefix=StagedProducts/Elevation/metadata/WI_Winnebago_County_2014_A16/WI_Winnebago_TL_2014
USGS_LPC_WV_FEMA_R3_East_2016_LAS_2018,2016-11-22,2016-12-28,wesm_normalized_workunit,https://prd-tnm.s3.amazonaws.com/index.html?prefix=StagedProducts/Elevation/metadata/WV_FEMA_R3_East_Lidar_2016_D16/WV_FEMA-R3-East_2016
USGS_LPC_WY_Carbon_2015_LAS_2018,2015-10-25,2016-07-27,wesm_normalized_workunit,https://prd-tnm.s3.amazonaws.com/index.html?prefix=StagedProducts/Elevation/metadata/WY_Carbon_2015/WY_Carbon_2015
USGS_LPC_WY_Casper_Natrona_2015_LAS_2017,2015-05-31,2015-06-08,wesm_normalized_workunit,https://prd-tnm.s3.amazonaws.com/index.html?prefix=StagedProducts/Elevation/metadata/WY_Casper-Natrona/WY_Casper-Natrona_2015
USGS_LPC_WY_GrandTetonElkRefuge_2014_LAS_2016,2014-08-27,2014-09-11,wesm_normalized_workunit,https://prd-tnm.s3.amazonaws.com/index.html?prefix=StagedProducts/Elevation/metadata/WY_Grand_Teton_and_National_Elk_Refuge_LiDAR_15/WY_GrandTetonElkRefuge_2014
USGS_LPC__IL_District7_Lawrence_2014_LAS_2017,2010-12-07,2011-04-14,wesm_normalized_workunit,https://prd-tnm.s3.amazonaws.com/index.html?prefix=StagedProducts/Elevation/metadata/Contributed_ILDOT_District_7_QL3/IL_District7_Lawrence_2014
USGS_LPC___IL_District7_Coles_2014_LAS_2017,2012-02-17,2012-11-16,wesm_normalized_workunit,https://prd-tnm.s3.amazonaws.com/index.html?prefix=StagedProducts/Elevation/metadata/Contributed_ILDOT_District_7_QL3/IL_District7-Coles_2014
USGS_Lidar_Point_Cloud_NJ_SdL5_2014_LAS_2015,2014-03-21,2014-04-21,wesm_normalized_workunit,https://prd-tnm.s3.amazonaws.com/index.html?prefix=StagedProducts/Elevation/metadata/NJ_New_Jersey_SANDY_LiDAR_15/NJ_SdL5_2014
USGS_Lidar_Point_Cloud_NY_LI19_2014_LAS_2015,2014-04-03,2014-04-21,wesm_normalized_workunit,https://prd-tnm.s3.amazonaws.com/index.html?prefix=StagedProducts/Elevation/metadata/Long_Island_NY_SANDY_LiDAR/NY_LI19_2014/
US_MexicanBorder_UTM13_2007,2007-10-03,2008-01-31,wesm_normalized_workunit,https://prd-tnm.s3.amazonaws.com/index.html?prefix=StagedProducts/Elevation/metadata/legacy/US_MEXICANBORDER_UTM13_2007
US_MexicanBorder_UTM14_2007,2007-10-03,2008-01-31,wesm_normalized_workunit,https://prd-tnm.s3.amazonaws.com/index.html?prefix=StagedProducts/Elevation/metadata/legacy/US_MEXICANBORDER_UTM14_2007
UT_Brianhead_2018,2018-09-08,2018-09-09,wesm_exact_workunit,https://prd-tnm.s3.amazonaws.com/index.html?prefix=StagedProducts/Elevation/metadata/UT_StateWide_2018_A18/UT_Brianhead_2018
UT_FishSprings_Topobathymetric_D22,2022-09-24,2022-09-24,wesm_exact_workunit,https://prd-tnm.s3.amazonaws.com/index.html?prefix=StagedProducts/Elevation/metadata/UT_FishSprings_TB_D22/UT_FishSprings_Topobathymetric_D22
UT_FlamingGorge_1_2020,2020-09-14,2020-11-05,wesm_exact_workunit,https://prd-tnm.s3.amazonaws.com/index.html?prefix=StagedProducts/Elevation/metadata/UT_FEMA_FS_FlamingGorge_2020_B20/UT_FlamingGorge_1_2020
UT_FlamingGorge_2_2020,2020-08-08,2020-08-18,wesm_exact_workunit,https://prd-tnm.s3.amazonaws.com/index.html?prefix=StagedProducts/Elevation/metadata/UT_FEMA_FS_FlamingGorge_2020_B20/UT_FlamingGorge_2_2020
UT_FlamingGorge_3_2020,2020-09-30,2020-10-23,wesm_exact_workunit,https://prd-tnm.s3.amazonaws.com/index.html?prefix=StagedProducts/Elevation/metadata/UT_FEMA_FS_FlamingGorge_2020_B20/UT_FlamingGorge_3_2020
UT_FlamingGorge_4_2020,2020-09-10,2020-10-30,wesm_exact_workunit,https://prd-tnm.s3.amazonaws.com/index.html?prefix=StagedProducts/Elevation/metadata/UT_FEMA_FS_FlamingGorge_2020_B20/UT_FlamingGorge_4_2020
UT_FlamingGorge_5_2020,2020-08-14,2020-11-20,wesm_exact_workunit,https://prd-tnm.s3.amazonaws.com/index.html?prefix=StagedProducts/Elevation/metadata/UT_FEMA_FS_FlamingGorge_2020_B20/UT_FlamingGorge_5_2020
UT_KaneCo_2019,2019-10-11,2019-11-16,wesm_exact_workunit,https://prd-tnm.s3.amazonaws.com/index.html?prefix=StagedProducts/Elevation/metadata/UT_StatewideKane_2020_A20/UT_KaneCo_2019
UT_Ogden-FEMA_2011,2011-11-18,2011-11-18,wesm_normalized_workunit,https://prd-tnm.s3.amazonaws.com/index.html?prefix=StagedProducts/Elevation/metadata/legacy/UT_OGDEN-FEMA_2011
UT_StatewideCenSouth_1_2020,2020-09-20,2020-10-10,wesm_exact_workunit,https://prd-tnm.s3.amazonaws.com/index.html?prefix=StagedProducts/Elevation/metadata/UT_StatewideCenSouth_2020_A20/UT_StatewideCenSouth_1_2020
UT_StatewideCenSouth_2_2020,2020-10-05,2020-10-10,wesm_exact_workunit,https://prd-tnm.s3.amazonaws.com/index.html?prefix=StagedProducts/Elevation/metadata/UT_StatewideCenSouth_2020_A20/UT_StatewideCenSouth_2_2020
UT_StatewideCenSouth_3_2020,2020-09-25,2021-06-26,wesm_exact_workunit,https://prd-tnm.s3.amazonaws.com/index.html?prefix=StagedProducts/Elevation/metadata/UT_StatewideCenSouth_2020_A20/UT_StatewideCenSouth_3_2020
UT_StatewideNCentral_1_2020,2020-04-29,2020-05-29,wesm_exact_workunit,https://prd-tnm.s3.amazonaws.com/index.html?prefix=StagedProducts/Elevation/metadata/UT_StatewideNCentral_2020_A20/UT_StatewideNCentral_1_2020
UT_StatewideNCentral_3_2020,2020-04-27,2020-08-04,wesm_exact_workunit,https://prd-tnm.s3.amazonaws.com/index.html?prefix=StagedProducts/Elevation/metadata/UT_StatewideNCentral_2020_A20/UT_StatewideNCentral_3_2020
UT_StatewideNCentral_4_2020,2020-04-27,2020-08-04,wesm_exact_workunit,https://prd-tnm.s3.amazonaws.com/index.html?prefix=StagedProducts/Elevation/metadata/UT_StatewideNCentral_2020_A20/UT_StatewideNCentral_4_2020
UT_StatewideSouth_1_2020,2020-05-02,2020-05-25,wesm_exact_workunit,https://prd-tnm.s3.amazonaws.com/index.html?prefix=StagedProducts/Elevation/metadata/UT_StatewideSouth_2020_A20/UT_StatewideSouth_1_2020
UT_StatewideSouth_2_2020,2020-05-07,2020-05-27,wesm_exact_workunit,https://prd-tnm.s3.amazonaws.com/index.html?prefix=StagedProducts/Elevation/metadata/UT_StatewideSouth_2020_A20/UT_StatewideSouth_2_2020
UT_StatewideSouth_3_2020,2020-05-06,2020-08-23,wesm_exact_workunit,https://prd-tnm.s3.amazonaws.com/index.html?prefix=StagedProducts/Elevation/metadata/UT_StatewideSouth_2020_A20/UT_StatewideSouth_3_2020
UT_StrawberryRiver_2019,,,,
UT_WestEast_1_B22,,,,
UT_WestEast_2_B22,2022-06-04,2023-05-02,wesm_exact_workunit,https://prd-tnm.s3.amazonaws.com/index.html?prefix=StagedProducts/Elevation/metadata/UT_WestEast_B22/UT_WestEast_2_B22
UT_WestEast_4_B22,2022-08-22,2022-10-18,wesm_exact_workunit,https://prd-tnm.s3.amazonaws.com/index.html?prefix=StagedProducts/Elevation/metadata/UT_WestEast_B22/UT_WestEast_4_B22
UT_WestEast_5_B22,2022-08-30,2022-10-02,wesm_exact_workunit,https://prd-tnm.s3.amazonaws.com/index.html?prefix=StagedProducts/Elevation/metadata/UT_WestEast_B22/UT_WestEast_5_B22
UT_WestEast_6_B22,2022-08-22,2023-10-04,wesm_exact_workunit,https://prd-tnm.s3.amazonaws.com/index.html?prefix=StagedProducts/Elevation/metadata/UT_WestEast_B22/UT_WestEast_6_B22
UT_WestEast_7_B22,2022-06-24,2022-10-31,wesm_exact_workunit,https://prd-tnm.s3.amazonaws.com/index.html?prefix=StagedProducts/Elevation/metadata/UT_WestEast_B22/UT_WestEast_7_B22
UT_WestEast_8_B22,2022-06-24,2022-10-31,wesm_exact_workunit,https://prd-tnm.s3.amazonaws.com/index.html?prefix=StagedProducts/Elevation/metadata/UT_WestEast_B22/UT_WestEast_8_B22
VA-WV-MD_FEMA_Region3_UTM17_2012,2012-01-29,2012-04-26,wesm_normalized_workunit,https://prd-tnm.s3.amazonaws.com/index.html?prefix=StagedProducts/Elevation/metadata/legacy/VA-WV-MD_FEMA_REGION3_UTM17_2012
VA-WV-MD_FEMA_Region3_UTM18_2012,2012-02-15,2012-04-14,wesm_normalized_workunit,https://prd-tnm.s3.amazonaws.com/index.html?prefix=StagedProducts/Elevation/metadata/legacy/VA-WV-MD_FEMA_REGION3_UTM18_2012
VA-WV_ShenandoahValley_2011,2011-03-01,2011-03-09,wesm_normalized_workunit,https://prd-tnm.s3.amazonaws.com/index.html?prefix=StagedProducts/Elevation/metadata/legacy/VA-WV_SHENANDOAHVALLEY_2011
VA_ChesapeakeBaySouth_2015,2015-11-15,2016-03-30,wesm_exact_workunit,https://prd-tnm.s3.amazonaws.com/index.html?prefix=StagedProducts/Elevation/metadata/VA_ChesapeakeBay_2015/VA_ChesapeakeBaySouth_2015
VA_EasternShore_2010,2010-03-25,2010-03-30,wesm_normalized_workunit,https://prd-tnm.s3.amazonaws.com/index.html?prefix=StagedProducts/Elevation/metadata/legacy/VA_EASTERNSHORE_2010
VA_FEMA_KingWilliamCo_2011,2011-05-02,2011-05-10,wesm_normalized_workunit,https://prd-tnm.s3.amazonaws.com/index.html?prefix=StagedProducts/Elevation/metadata/legacy/VA_FEMA_KINGWILLIAMCO_2011
VA_FEMA_MiddleCounties_2011,2011-05-06,2012-04-02,wesm_normalized_workunit,https://prd-tnm.s3.amazonaws.com/index.html?prefix=StagedProducts/Elevation/metadata/legacy/VA_FEMA_MIDDLECOUNTIES_2011
VA_FEMA_NorthCounties_2011,2011-04-03,2011-05-10,wesm_normalized_workunit,https://prd-tnm.s3.amazonaws.com/index.html?prefix=StagedProducts/Elevation/metadata/legacy/VA_FEMA_NORTHCOUNTIES_2011
VA_FEMA_SouthCounties_2011,2011-04-03,2011-05-10,wesm_normalized_workunit,https://prd-tnm.s3.amazonaws.com/index.html?prefix=StagedProducts/Elevation/metadata/legacy/VA_FEMA_SOUTHCOUNTIES_2011
VA_FEMA_SouthamptonCo_2012,2012-01-05,2012-01-18,wesm_normalized_workunit,https://prd-tnm.s3.amazonaws.com/index.html?prefix=StagedProducts/Elevation/metadata/legacy/VA_FEMA_SOUTHAMPTONCO_2012
VA_FEMA_SouthernCities_2011,2011-04-19,2011-04-20,wesm_normalized_workunit,https://prd-tnm.s3.amazonaws.com/index.html?prefix=StagedProducts/Elevation/metadata/FEMA_Virginia_LiDAR/VA_FEMA_SOUTHERNCITIES_2011
VA_LoudounCo_2012,2012-03-30,2012-04-13,wesm_normalized_workunit,https://prd-tnm.s3.amazonaws.com/index.html?prefix=StagedProducts/Elevation/metadata/legacy/VA_LOUDOUNCO_2012
VA_LouisaCo_2012,2012-03-10,2012-03-14,wesm_normalized_workunit,https://prd-tnm.s3.amazonaws.com/index.html?prefix=StagedProducts/Elevation/metadata/legacy/VA_LOUISACO_2012
VA_NRCS-Lot2_2011,2011-04-07,2011-04-30,wesm_normalized_workunit,https://prd-tnm.s3.amazonaws.com/index.html?prefix=StagedProducts/Elevation/metadata/legacy/VA_NRCS-LOT2_2011
VA_NShenandoah_1_2020,2020-11-29,2021-01-12,wesm_exact_workunit,https://prd-tnm.s3.amazonaws.com/index.html?prefix=StagedProducts/Elevation/metadata/VA_NorthernShenandoah_2020_D20/VA_NShenandoah_1_2020
VA_NorthernVA_1_B22,2022-12-09,2022-12-28,wesm_exact_workunit,https://prd-tnm.s3.amazonaws.com/index.html?prefix=StagedProducts/Elevation/metadata/VA_NorthernVA_B22/VA_NorthernVA_1_B22
VA_NorthernVA_2_B22,2022-12-13,2022-12-27,wesm_exact_workunit,https://prd-tnm.s3.amazonaws.com/index.html?prefix=StagedProducts/Elevation/metadata/VA_NorthernVA_B22/VA_NorthernVA_2_B22
VA_NorthernVA_3_B22,2022-12-13,2022-12-27,wesm_exact_workunit,https://prd-tnm.s3.amazonaws.com/index.html?prefix=StagedProducts/Elevation/metadata/VA_NorthernVA_B22/VA_NorthernVA_3_B22
VA_South_Central_B1_2017,2017-11-16,2018-05-24,wesm_exact_workunit,https://prd-tnm.s3.amazonaws.com/index.html?prefix=StagedProducts/Elevation/metadata/VA_FEMA-NRCS_SouthCentral_2017_D17/VA_South_Central_B1_2017
VA_South_Central_B2_2017,2017-04-14,2017-12-06,wesm_exact_workunit,https://prd-tnm.s3.amazonaws.com/index.html?prefix=StagedProducts/Elevation/metadata/VA_FEMA-NRCS_SouthCentral_2017_D17/VA_South_Central_B2_2017
VA_South_Central_B3_2017,2017-04-14,2017-12-07,wesm_exact_workunit,https://prd-tnm.s3.amazonaws.com/index.html?prefix=StagedProducts/Elevation/metadata/VA_FEMA-NRCS_SouthCentral_2017_D17/VA_South_Central_B3_2017
VA_SouthamptonHenricoWMBG_1_2019,2019-12-08,2019-12-12,wesm_exact_workunit,https://prd-tnm.s3.amazonaws.com/index.html?prefix=StagedProducts/Elevation/metadata/VA_SouthamptonHenricoWMBG_2019_B19/VA_SouthamptonHenricoWMBG_1_2019
VA_UpperMiddleNeckQL1_B1_2018,2018-12-03,2018-12-07,wesm_exact_workunit,https://prd-tnm.s3.amazonaws.com/index.html?prefix=StagedProducts/Elevation/metadata/VA_UpperMiddleNeck_2018_D18/VA_UpperMiddleNeckQL1_B1_2018
VA_UpperMiddleNeckQL2_B2_2018,2018-12-07,2018-12-11,wesm_exact_workunit,https://prd-tnm.s3.amazonaws.com/index.html?prefix=StagedProducts/Elevation/metadata/VA_UpperMiddleNeck_2018_D18/VA_UpperMiddleNeckQL2_B2_2018
VA_UpperMiddleNeck_Mod_2018,2019-12-20,2019-12-21,wesm_exact_workunit,https://prd-tnm.s3.amazonaws.com/index.html?prefix=StagedProducts/Elevation/metadata/VA_UpperMiddleNeck_2018_D18/VA_UpperMiddleNeck_Mod_2018
VA_West_Chesapeake_B1_2017,2017-04-14,2018-05-25,wesm_exact_workunit,https://prd-tnm.s3.amazonaws.com/index.html?prefix=StagedProducts/Elevation/metadata/VA_West_Chesapeake_Bay_Watershed_Lidar_2017_B17/VA_West_Chesapeake_B1_2017
VA_West_Chesapeake_B2_2017,2017-11-18,2017-11-28,wesm_exact_workunit,https://prd-tnm.s3.amazonaws.com/index.html?prefix=StagedProducts/Elevation/metadata/VA_West_Chesapeake_Bay_Watershed_Lidar_2017_B17/VA_West_Chesapeake_B2_2017
VT_AddisonCo_2012,,,,
VT_Missisquoi_2010,2010-05-13,2010-05-17,wesm_normalized_workunit,https://prd-tnm.s3.amazonaws.com/index.html?prefix=StagedProducts/Elevation/metadata/legacy/VT_MISSISQUOI_2010
VT_RockRiver_2008,2008-11-02,2009-04-16,wesm_normalized_workunit,https://prd-tnm.s3.amazonaws.com/index.html?prefix=StagedProducts/Elevation/metadata/legacy/VT_ROCKRIVER_2008
VT_Statewide_1_A23,2023-03-23,2023-05-10,wesm_exact_workunit,https://prd-tnm.s3.amazonaws.com/index.html?prefix=StagedProducts/Elevation/metadata/VT_Statewide_A23/VT_Statewide_1_A23
VT_Statewide_2_A23,2023-04-14,2023-05-13,wesm_exact_workunit,https://prd-tnm.s3.amazonaws.com/index.html?prefix=StagedProducts/Elevation/metadata/VT_Statewide_A23/VT_Statewide_2_A23
WA_CentralWildfire_1_D22,2022-09-07,2023-06-28,wesm_exact_workunit,https://prd-tnm.s3.amazonaws.com/index.html?prefix=StagedProducts/Elevation/metadata/WA_CentralWildfire_D22/WA_CentralWildfire_1_D22
WA_CentralWildfire_2_D22,2022-08-23,2023-06-05,wesm_exact_workunit,https://prd-tnm.s3.amazonaws.com/index.html?prefix=StagedProducts/Elevation/metadata/WA_CentralWildfire_D22/WA_CentralWildfire_2_D22
WA_ChehalisRiverTB_Topobathy_1_D23,2023-08-21,2023-09-01,wesm_exact_workunit,https://prd-tnm.s3.amazonaws.com/index.html?prefix=StagedProducts/Elevation/metadata/WA_ChehalisRiverTB_D23/WA_ChehalisRiverTB_Topobathy_1_D23
WA_ColumbiaValley_1_2018,2019-11-04,2020-03-05,wesm_exact_workunit,https://prd-tnm.s3.amazonaws.com/index.html?prefix=StagedProducts/Elevation/metadata/WA_ColumbiaValley_2018_D19/WA_ColumbiaValley_1_2018
WA_ColumbiaValley_2_2018,2019-10-23,2020-02-28,wesm_exact_workunit,https://prd-tnm.s3.amazonaws.com/index.html?prefix=StagedProducts/Elevation/metadata/WA_ColumbiaValley_2018_D19/WA_ColumbiaValley_2_2018
WA_ColumbiaValley_3_2018,2019-10-23,2020-02-27,wesm_exact_workunit,https://prd-tnm.s3.amazonaws.com/index.html?prefix=StagedProducts/Elevation/metadata/WA_ColumbiaValley_2018_D19/WA_ColumbiaValley_3_2018
WA_DNR_3DEP_Processing_1_2019,2019-04-29,2019-05-03,wesm_exact_workunit,https://prd-tnm.s3.amazonaws.com/index.html?prefix=StagedProducts/Elevation/metadata/WA_DNR_3DEP_Processing_2019_D20/WA_DNR_3DEP_Processing_1_2019
WA_EasternCascades_1_2019,2019-10-03,2020-07-25,wesm_exact_workunit,https://prd-tnm.s3.amazonaws.com/index.html?prefix=StagedProducts/Elevation/metadata/WA_EasternCascades_2019_B19/WA_EasternCascades_1_2019
WA_EasternCascades_2_2019,2019-10-14,2020-04-07,wesm_exact_workunit,https://prd-tnm.s3.amazonaws.com/index.html?prefix=StagedProducts/Elevation/metadata/WA_EasternCascades_2019_B19/WA_EasternCascades_2_2019
WA_EasternCascades_3_2019,2019-10-26,2020-04-07,wesm_exact_workunit,https://prd-tnm.s3.amazonaws.com/index.html?prefix=StagedProducts/Elevation/metadata/WA_EasternCascades_2019_B19/WA_EasternCascades_3_2019
WA_EasternCascades_4_2019,2019-10-03,2020-08-18,wesm_exact_workunit,https://prd-tnm.s3.amazonaws.com/index.html?prefix=StagedProducts/Elevation/metadata/WA_EasternCascades_2019_B19/WA_EasternCascades_4_2019
WA_EasternCascades_5_2019,2019-11-03,2020-08-14,wesm_exact_workunit,https://prd-tnm.s3.amazonaws.com/index.html?prefix=StagedProducts/Elevation/metadata/WA_EasternCascades_2019_B19/WA_EasternCascades_5_2019
WA_EasternCascades_6_2019,2019-10-03,2020-08-22,wesm_exact_workunit,https://prd-tnm.s3.amazonaws.com/index.html?prefix=StagedProducts/Elevation/metadata/WA_EasternCascades_2019_B19/WA_EasternCascades_6_2019
WA_ElwhaRiver_2012,2012-10-10,2012-10-17,wesm_normalized_workunit,https://prd-tnm.s3.amazonaws.com/index.html?prefix=StagedProducts/Elevation/metadata/legacy/WA_ELWHARIVER_2012
WA_FEMAHQ_B1_QL1_2018,2018-08-12,2018-08-13,wesm_exact_workunit,https://prd-tnm.s3.amazonaws.com/index.html?prefix=StagedProducts/Elevation/metadata/WA_FEMAHQ_2018_D18/WA_FEMAHQ_B1_QL1_2018
WA_FEMAHQ_B1_QL2_2018,2018-11-05,2018-12-04,wesm_exact_workunit,https://prd-tnm.s3.amazonaws.com/index.html?prefix=StagedProducts/Elevation/metadata/WA_FEMAHQ_2018_D18/WA_FEMAHQ_B1_QL2_2018
WA_FEMAHQ_B2B_2018,2018-08-30,2019-04-24,wesm_exact_workunit,https://prd-tnm.s3.amazonaws.com/index.html?prefix=StagedProducts/Elevation/metadata/WA_FEMAHQ_2018_D18/WA_FEMAHQ_B2B_2018
WA_FEMAHQ_B2C_2018,2019-03-26,2019-05-06,wesm_exact_workunit,https://prd-tnm.s3.amazonaws.com/index.html?prefix=StagedProducts/Elevation/metadata/WA_FEMAHQ_2018_D18/WA_FEMAHQ_B2C_2018
WA_KingCo_1_2021,2021-04-01,2021-04-24,wesm_exact_workunit,https://prd-tnm.s3.amazonaws.com/index.html?prefix=StagedProducts/Elevation/metadata/WA_KingCounty_2021_B21/WA_KingCo_1_2021
WA_KittitasCounty_2011,2011-04-17,2011-04-19,wesm_normalized_workunit,https://prd-tnm.s3.amazonaws.com/index.html?prefix=StagedProducts/Elevation/metadata/legacy/WA_KITTITASCOUNTY_2011
WA_Nisqually_Bathymetric_2020,2020-11-08,2020-12-31,wesm_exact_workunit,https://prd-tnm.s3.amazonaws.com/index.html?prefix=StagedProducts/Elevation/metadata/WA_Nisqually_TopoBathy_2020_D20/WA_Nisqually_Bathymetric_2020
WA_Nisqually_TopoBathy_1_2020,2020-11-08,2020-12-23,wesm_exact_workunit,https://prd-tnm.s3.amazonaws.com/index.html?prefix=StagedProducts/Elevation/metadata/WA_Nisqually_TopoBathy_2020_D20/WA_Nisqually_TopoBathy_1_2020
WA_NorthCentral_1_2021,2021-10-30,2022-05-03,wesm_exact_workunit,https://prd-tnm.s3.amazonaws.com/index.html?prefix=StagedProducts/Elevation/metadata/WA_NorthCentral_2021_B21/WA_NorthCentral_1_2021
WA_NorthCentral_2_2021,2021-08-26,2022-05-22,wesm_exact_workunit,https://prd-tnm.s3.amazonaws.com/index.html?prefix=StagedProducts/Elevation/metadata/WA_NorthCentral_2021_B21/WA_NorthCentral_2_2021
WA_NorthCentral_3_2021,2021-08-25,2022-05-04,wesm_exact_workunit,https://prd-tnm.s3.amazonaws.com/index.html?prefix=StagedProducts/Elevation/metadata/WA_NorthCentral_2021_B21/WA_NorthCentral_3_2021
WA_NorthEast_1_B22,2022-07-11,2022-08-31,wesm_exact_workunit,https://prd-tnm.s3.amazonaws.com/index.html?prefix=StagedProducts/Elevation/metadata/WA_NorthEast_B22/WA_NorthEast_1_B22
WA_NorthEast_2_B22,2022-04-06,2022-07-24,wesm_exact_workunit,https://prd-tnm.s3.amazonaws.com/index.html?prefix=StagedProducts/Elevation/metadata/WA_NorthEast_B22/WA_NorthEast_2_B22
WA_Pasco_1_2020,2020-10-27,2020-10-30,wesm_exact_workunit,https://prd-tnm.s3.amazonaws.com/index.html?prefix=StagedProducts/Elevation/metadata/WA_Pasco_2020_D20/WA_Pasco_1_2020
WA_PierceCounty_1_2020,2020-04-10,2020-06-04,wesm_exact_workunit,https://prd-tnm.s3.amazonaws.com/index.html?prefix=StagedProducts/Elevation/metadata/WA_PierceCounty_2020_A20/WA_PierceCounty_1_2020
WA_ThurstonCo_1_2021,2021-03-27,2021-04-03,wesm_exact_workunit,https://prd-tnm.s3.amazonaws.com/index.html?prefix=StagedProducts/Elevation/metadata/WA_ThurstonCounty_2021_B21/WA_ThurstonCo_1_2021
WI_12County_10_B22,2022-05-14,2022-05-27,wesm_exact_workunit,https://prd-tnm.s3.amazonaws.com/index.html?prefix=StagedProducts/Elevation/metadata/WI_12County_B22/WI_12County_10_B22
WI_12County_11_B22,2022-05-07,2022-05-10,wesm_exact_workunit,https://prd-tnm.s3.amazonaws.com/index.html?prefix=StagedProducts/Elevation/metadata/WI_12County_B22/WI_12County_11_B22
WI_12County_12_B22,2022-05-14,2022-05-27,wesm_exact_workunit,https://prd-tnm.s3.amazonaws.com/index.html?prefix=StagedProducts/Elevation/metadata/WI_12County_B22/WI_12County_12_B22
WI_12County_1_B22,2022-05-04,2022-05-15,wesm_exact_workunit,https://prd-tnm.s3.amazonaws.com/index.html?prefix=StagedProducts/Elevation/metadata/WI_12County_B22/WI_12County_1_B22
WI_12County_2_B22,2022-04-27,2022-05-05,wesm_exact_workunit,https://prd-tnm.s3.amazonaws.com/index.html?prefix=StagedProducts/Elevation/metadata/WI_12County_B22/WI_12County_2_B22
WI_12County_3_B22,2022-04-11,2022-04-12,wesm_exact_workunit,https://prd-tnm.s3.amazonaws.com/index.html?prefix=StagedProducts/Elevation/metadata/WI_12County_B22/WI_12County_3_B22
WI_12County_4_B22,2022-04-10,2022-04-11,wesm_exact_workunit,https://prd-tnm.s3.amazonaws.com/index.html?prefix=StagedProducts/Elevation/metadata/WI_12County_B22/WI_12County_4_B22
WI_12County_5_B22,2022-05-06,2022-05-07,wesm_exact_workunit,https://prd-tnm.s3.amazonaws.com/index.html?prefix=StagedProducts/Elevation/metadata/WI_12County_B22/WI_12County_5_B22
WI_12County_6_B22,2022-04-12,2022-05-05,wesm_exact_workunit,https://prd-tnm.s3.amazonaws.com/index.html?prefix=StagedProducts/Elevation/metadata/WI_12County_B22/WI_12County_6_B22
WI_12County_7_B22,2022-04-19,2022-04-27,wesm_exact_workunit,https://prd-tnm.s3.amazonaws.com/index.html?prefix=StagedProducts/Elevation/metadata/WI_12County_B22/WI_12County_7_B22
WI_12County_8_B22,2022-05-04,2022-05-15,wesm_exact_workunit,https://prd-tnm.s3.amazonaws.com/index.html?prefix=StagedProducts/Elevation/metadata/WI_12County_B22/WI_12County_8_B22
WI_12County_9_B22,2022-04-27,2022-05-04,wesm_exact_workunit,https://prd-tnm.s3.amazonaws.com/index.html?prefix=StagedProducts/Elevation/metadata/WI_12County_B22/WI_12County_9_B22
WI_2County_1_B23,2023-04-18,2023-05-21,wesm_exact_workunit,https://prd-tnm.s3.amazonaws.com/index.html?prefix=StagedProducts/Elevation/metadata/WI_2County_B23/WI_2County_1_B23
WI_2County_2_B23,2023-05-17,2023-05-20,wesm_exact_workunit,https://prd-tnm.s3.amazonaws.com/index.html?prefix=StagedProducts/Elevation/metadata/WI_2County_B23/WI_2County_2_B23
WI_8County_Chippewa_2020,2020-04-30,2020-05-07,wesm_exact_workunit,https://prd-tnm.s3.amazonaws.com/index.html?prefix=StagedProducts/Elevation/metadata/WI_8County_2020_A20/WI_8County_Chippewa_2020
WI_8County_Columbia_2020,2020-04-11,2020-04-26,wesm_exact_workunit,https://prd-tnm.s3.amazonaws.com/index.html?prefix=StagedProducts/Elevation/metadata/WI_8County_2020_A20/WI_8County_Columbia_2020
WI_8County_EauClaire_2020,2020-04-30,2020-05-07,wesm_exact_workunit,https://prd-tnm.s3.amazonaws.com/index.html?prefix=StagedProducts/Elevation/metadata/WI_8County_2020_A20/WI_8County_EauClaire_2020
WI_8County_Grant_2020,2020-04-19,2020-04-30,wesm_exact_workunit,https://prd-tnm.s3.amazonaws.com/index.html?prefix=StagedProducts/Elevation/metadata/WI_8County_2020_A20/WI_8County_Grant_2020
WI_8County_Menominee_2020,2020-04-25,2020-04-30,wesm_exact_workunit,https://prd-tnm.s3.amazonaws.com/index.html?prefix=StagedProducts/Elevation/metadata/WI_8County_2020_A20/WI_8County_Menominee_2020
WI_8County_Rock_2020,2020-04-16,2020-04-26,wesm_exact_workunit,https://prd-tnm.s3.amazonaws.com/index.html?prefix=StagedProducts/Elevation/metadata/WI_8County_2020_A20/WI_8County_Rock_2020
WI_8County_Sauk_2020,2020-04-11,2020-04-21,wesm_exact_workunit,https://prd-tnm.s3.amazonaws.com/index.html?prefix=StagedProducts/Elevation/metadata/WI_8County_2020_A20/WI_8County_Sauk_2020
WI_8County_Vernon_2020,2020-04-18,2020-04-21,wesm_exact_workunit,https://prd-tnm.s3.amazonaws.com/index.html?prefix=StagedProducts/Elevation/metadata/WI_8County_2020_A20/WI_8County_Vernon_2020
WI_Adams_2019,2019-04-21,2019-04-23,wesm_exact_workunit,https://prd-tnm.s3.amazonaws.com/index.html?prefix=StagedProducts/Elevation/metadata/WI_Statewide_2019_A19/WI_Adams_2019
WI_Ashland_1_2019,2019-10-25,2019-11-16,wesm_exact_workunit,https://prd-tnm.s3.amazonaws.com/index.html?prefix=StagedProducts/Elevation/metadata/WI_AshlandIronFlorence_2019_D19/WI_Ashland_1_2019
WI_Ashland_4_2019,2020-05-05,2020-05-05,wesm_exact_workunit,https://prd-tnm.s3.amazonaws.com/index.html?prefix=StagedProducts/Elevation/metadata/WI_AshlandIronFlorence_2019_D19/WI_Ashland_4_2019
WI_Bayfield_TL_2016,,,,
WI_Brown_2_2020,2020-05-07,2020-05-07,wesm_exact_workunit,https://prd-tnm.s3.amazonaws.com/index.html?prefix=StagedProducts/Elevation/metadata/WI_BrownRusk_2020_B20/WI_Brown_2_2020
WI_Calumet_2018,2018-05-13,2018-05-16,wesm_exact_workunit,https://prd-tnm.s3.amazonaws.com/index.html?prefix=StagedProducts/Elevation/metadata/WI_Statewide_2018_A18/WI_Calumet_2018
WI_Clark_2018,2018-05-05,2018-05-12,wesm_exact_workunit,https://prd-tnm.s3.amazonaws.com/index.html?prefix=StagedProducts/Elevation/metadata/WI_Statewide_2018_A18/WI_Clark_2018
WI_Clark_TL_2018,2018-05-05,2018-05-12,wesm_exact_workunit,https://prd-tnm.s3.amazonaws.com/index.html?prefix=StagedProducts/Elevation/metadata/WI_Statewide_2018_A18/WI_Clark_TL_2018
WI_DaneCo_2017,2017-03-21,2017-03-22,wesm_exact_workunit,https://prd-tnm.s3.amazonaws.com/index.html?prefix=StagedProducts/Elevation/metadata/WI_4CountyStatewide_2017_A17/WI_DaneCo_2017
WI_Florence_3_2019,2019-10-30,2019-10-30,wesm_exact_workunit,https://prd-tnm.s3.amazonaws.com/index.html?prefix=StagedProducts/Elevation/metadata/WI_AshlandIronFlorence_2019_D19/WI_Florence_3_2019
WI_Florence_6_2019,2019-10-30,2020-05-05,wesm_exact_workunit,https://prd-tnm.s3.amazonaws.com/index.html?prefix=StagedProducts/Elevation/metadata/WI_AshlandIronFlorence_2019_D19/WI_Florence_6_2019
WI_FondduLac_2018,2018-05-05,2018-05-07,wesm_exact_workunit,https://prd-tnm.s3.amazonaws.com/index.html?prefix=StagedProducts/Elevation/metadata/WI_Statewide_2018_A18/WI_FondduLac_2018
WI_GreenLake_2018,2018-04-28,2018-04-30,wesm_exact_workunit,https://prd-tnm.s3.amazonaws.com/index.html?prefix=StagedProducts/Elevation/metadata/WI_Statewide_2018_A18/WI_GreenLake_2018
WI_Iron_2_2019,2019-10-26,2020-05-12,wesm_exact_workunit,https://prd-tnm.s3.amazonaws.com/index.html?prefix=StagedProducts/Elevation/metadata/WI_AshlandIronFlorence_2019_D19/WI_Iron_2_2019
WI_Iron_5_2019,2019-10-26,2020-05-20,wesm_exact_workunit,https://prd-tnm.s3.amazonaws.com/index.html?prefix=StagedProducts/Elevation/metadata/WI_AshlandIronFlorence_2019_D19/WI_Iron_5_2019
WI_Jefferson_2019,2019-04-20,2019-04-21,wesm_exact_workunit,https://prd-tnm.s3.amazonaws.com/index.html?prefix=StagedProducts/Elevation/metadata/WI_Statewide_2019_A19/WI_Jefferson_2019
WI_Lafayette_2019,2019-04-08,2019-04-08,wesm_exact_workunit,https://prd-tnm.s3.amazonaws.com/index.html?prefix=StagedProducts/Elevation/metadata/WI_Statewide_2019_A19/WI_Lafayette_2019
WI_Monroe_2019,2019-04-09,2019-04-28,wesm_exact_workunit,https://prd-tnm.s3.amazonaws.com/index.html?prefix=StagedProducts/Elevation/metadata/WI_Statewide_2019_A19/WI_Monroe_2019
WI_Oshkosh_3Rivers_B1_2018,2019-05-07,2019-05-17,wesm_exact_workunit,https://prd-tnm.s3.amazonaws.com/index.html?prefix=StagedProducts/Elevation/metadata/WI_Oshkosh_3Rivers_2018_D19/WI_Oshkosh_3Rivers_B1_2018
WI_Oshkosh_3Rivers_B2_2018,2019-04-20,2019-05-21,wesm_exact_workunit,https://prd-tnm.s3.amazonaws.com/index.html?prefix=StagedProducts/Elevation/metadata/WI_Oshkosh_3Rivers_2018_D19/WI_Oshkosh_3Rivers_B2_2018
WI_Oshkosh_3Rivers_FondDuLac_TL_2018,2019-05-11,2019-05-11,wesm_exact_workunit,https://prd-tnm.s3.amazonaws.com/index.html?prefix=StagedProducts/Elevation/metadata/WI_Oshkosh_3Rivers_2018_D19/WI_Oshkosh_3Rivers_FondDuLac_TL_2018
WI_Oshkosh_3Rivers_ForestCountyPotawatomi_TL_2018,2019-05-14,2019-05-14,wesm_exact_workunit,https://prd-tnm.s3.amazonaws.com/index.html?prefix=StagedProducts/Elevation/metadata/WI_Oshkosh_3Rivers_2018_D19/WI_Oshkosh_3Rivers_ForestCountyPotawatomi_TL_2018
WI_Oshkosh_3Rivers_Menominee_TL_2018,2019-04-19,2019-05-21,wesm_exact_workunit,https://prd-tnm.s3.amazonaws.com/index.html?prefix=StagedProducts/Elevation/metadata/WI_Oshkosh_3Rivers_2018_D19/WI_Oshkosh_3Rivers_Menominee_TL_2018
WI_Oshkosh_3Rivers_MilleLacs_TL_2018,2019-04-19,2019-05-21,wesm_exact_workunit,https://prd-tnm.s3.amazonaws.com/index.html?prefix=StagedProducts/Elevation/metadata/WI_Oshkosh_3Rivers_2018_D19/WI_Oshkosh_3Rivers_MilleLacs_TL_2018
WI_Oshkosh_3Rivers_StCroix_TL_2018,2019-04-19,2019-05-21,wesm_exact_workunit,https://prd-tnm.s3.amazonaws.com/index.html?prefix=StagedProducts/Elevation/metadata/WI_Oshkosh_3Rivers_2018_D19/WI_Oshkosh_3Rivers_StCroix_TL_2018
WI_Pepin_2019,2019-05-04,2019-05-04,wesm_exact_workunit,https://prd-tnm.s3.amazonaws.com/index.html?prefix=StagedProducts/Elevation/metadata/WI_Statewide_2019_A19/WI_Pepin_2019
WI_Price_2018,2018-05-11,2018-05-17,wesm_exact_workunit,https://prd-tnm.s3.amazonaws.com/index.html?prefix=StagedProducts/Elevation/metadata/WI_Statewide_2018_A18/WI_Price_2018
WI_Rusk_1_2020,2020-05-09,2020-05-11,wesm_exact_workunit,https://prd-tnm.s3.amazonaws.com/index.html?prefix=StagedProducts/Elevation/metadata/WI_BrownRusk_2020_B20/WI_Rusk_1_2020
WI_StWide_1_Marinette_2021,2021-04-01,2021-04-22,wesm_exact_workunit,https://prd-tnm.s3.amazonaws.com/index.html?prefix=StagedProducts/Elevation/metadata/WI_Statewide_2021_B21/WI_StWide_1_Marinette_2021
WI_StWide_2_Pierce_2021,2021-04-01,2021-04-22,wesm_exact_workunit,https://prd-tnm.s3.amazonaws.com/index.html?prefix=StagedProducts/Elevation/metadata/WI_Statewide_2021_B21/WI_StWide_2_Pierce_2021
WI_StWide_3_Richland_2021,2021-03-29,2021-04-01,wesm_exact_workunit,https://prd-tnm.s3.amazonaws.com/index.html?prefix=StagedProducts/Elevation/metadata/WI_Statewide_2021_B21/WI_StWide_3_Richland_2021
WI_StWide_4_StCroix_2021,2021-04-01,2021-04-22,wesm_exact_workunit,https://prd-tnm.s3.amazonaws.com/index.html?prefix=StagedProducts/Elevation/metadata/WI_Statewide_2021_B21/WI_StWide_4_StCroix_2021
WI_StWide_5_Crawford_2021,2021-03-28,2021-04-22,wesm_exact_workunit,https://prd-tnm.s3.amazonaws.com/index.html?prefix=StagedProducts/Elevation/metadata/WI_Statewide_2021_B21/WI_StWide_5_Crawford_2021
WI_StWide_6_Juneau_2021,2021-04-01,2021-04-02,wesm_exact_workunit,https://prd-tnm.s3.amazonaws.com/index.html?prefix=StagedProducts/Elevation/metadata/WI_Statewide_2021_B21/WI_StWide_6_Juneau_2021
WI_StWide_7_Kewaunee_2021,2021-04-02,2021-04-02,wesm_exact_workunit,https://prd-tnm.s3.amazonaws.com/index.html?prefix=StagedProducts/Elevation/metadata/WI_Statewide_2021_B21/WI_StWide_7_Kewaunee_2021
WI_StWide_8_Marathon_2021,2021-04-16,2021-04-22,wesm_exact_workunit,https://prd-tnm.s3.amazonaws.com/index.html?prefix=StagedProducts/Elevation/metadata/WI_Statewide_2021_B21/WI_StWide_8_Marathon_2021
WI_WashingtonCo_2006,2006-12-18,2006-12-19,wesm_normalized_workunit,https://prd-tnm.s3.amazonaws.com/index.html?prefix=StagedProducts/Elevation/metadata/legacy/WI_WASHINGTONCO_2006
WI_Waupaca_2018,2018-05-08,2018-05-13,wesm_exact_workunit,https://prd-tnm.s3.amazonaws.com/index.html?prefix=StagedProducts/Elevation/metadata/WI_Statewide_2018_A18/WI_Waupaca_2018
WV_FEMAHQ_B1_2018,2018-12-08,2018-12-12,wesm_exact_workunit,https://prd-tnm.s3.amazonaws.com/index.html?prefix=StagedProducts/Elevation/metadata/WV_FEMAHQ_2018_D18/WV_FEMAHQ_B1_2018
WV_FEMAHQ_B2_2018,2018-12-07,2018-12-12,wesm_exact_workunit,https://prd-tnm.s3.amazonaws.com/index.html?prefix=StagedProducts/Elevation/metadata/WV_FEMAHQ_2018_D18/WV_FEMAHQ_B2_2018
WV_FEMAHQ_B3_2018,2018-11-08,2019-05-01,wesm_exact_workunit,https://prd-tnm.s3.amazonaws.com/index.html?prefix=StagedProducts/Elevation/metadata/WV_FEMAHQ_2018_D18/WV_FEMAHQ_B3_2018
WV_FEMAR3_Southcentral_B1_2018,2018-12-07,2020-03-04,wesm_exact_workunit,https://prd-tnm.s3.amazonaws.com/index.html?prefix=StagedProducts/Elevation/metadata/WV_FEMAR3_Southcentral_2018_D19/WV_FEMAR3_Southcentral_B1_2018
WV_FEMAR3_Southcentral_B2_2018,2019-03-23,2020-03-13,wesm_exact_workunit,https://prd-tnm.s3.amazonaws.com/index.html?prefix=StagedProducts/Elevation/metadata/WV_FEMAR3_Southcentral_2018_D19/WV_FEMAR3_Southcentral_B2_2018
WV_FEMAR3_Southcentral_B3_2018,2018-11-17,2019-04-16,wesm_exact_workunit,https://prd-tnm.s3.amazonaws.com/index.html?prefix=StagedProducts/Elevation/metadata/WV_FEMAR3_Southcentral_2018_D19/WV_FEMAR3_Southcentral_B3_2018
WV_FEMAR3_Southcentral_B4_2018,2019-03-11,2019-04-16,wesm_exact_workunit,https://prd-tnm.s3.amazonaws.com/index.html?prefix=StagedProducts/Elevation/metadata/WV_FEMAR3_Southcentral_2018_D19/WV_FEMAR3_Southcentral_B4_2018
WY_FEMA_East_B1_2019,2019-06-15,2019-07-10,wesm_exact_workunit,https://prd-tnm.s3.amazonaws.com/index.html?prefix=StagedProducts/Elevation/metadata/WY_FEMA_East_2019_D19/WY_FEMA_East_B1_2019
WY_FEMA_East_B2_2019,2019-06-14,2019-07-08,wesm_exact_workunit,https://prd-tnm.s3.amazonaws.com/index.html?prefix=StagedProducts/Elevation/metadata/WY_FEMA_East_2019_D19/WY_FEMA_East_B2_2019
WY_FEMA_East_B3_2019,2019-07-05,2019-07-23,wesm_exact_workunit,https://prd-tnm.s3.amazonaws.com/index.html?prefix=StagedProducts/Elevation/metadata/WY_FEMA_East_2019_D19/WY_FEMA_East_B3_2019
WY_FEMA_East_B4_2019,2019-07-06,2019-09-18,wesm_exact_workunit,https://prd-tnm.s3.amazonaws.com/index.html?prefix=StagedProducts/Elevation/metadata/WY_FEMA_East_2019_D19/WY_FEMA_East_B4_2019
WY_FEMA_East_B5_2019,2019-07-12,2019-07-14,wesm_exact_workunit,https://prd-tnm.s3.amazonaws.com/index.html?prefix=StagedProducts/Elevation/LPC/Projects/WY_FEMA_East_2019_D19/WY_FEMA_East_B5_2019/metadata/
WY_FEMA_East_B6_2019,2019-07-15,2019-08-20,wesm_exact_workunit,https://prd-tnm.s3.amazonaws.com/index.html?prefix=StagedProducts/Elevation/metadata/WY_FEMA_East_2019_D19/WY_FEMA_East_B6_2019
WY_FEMA_East_B7_2019,2019-08-05,2019-09-15,wesm_exact_workunit,https://prd-tnm.s3.amazonaws.com/index.html?prefix=StagedProducts/Elevation/metadata/WY_FEMA_East_2019_D19/WY_FEMA_East_B7_2019
WY_FEMA_East_B8_2019,2019-05-08,2019-09-15,wesm_exact_workunit,https://prd-tnm.s3.amazonaws.com/index.html?prefix=StagedProducts/Elevation/metadata/WY_FEMA_East_2019_D19/WY_FEMA_East_B8_2019
WY_FEMA_East_B9_2019,2019-07-26,2019-09-22,wesm_exact_workunit,https://prd-tnm.s3.amazonaws.com/index.html?prefix=StagedProducts/Elevation/metadata/WY_FEMA_East_2019_D19/WY_FEMA_East_B9_2019
WY_GoshenCounty_B1_2017,2016-10-15,2016-11-01,wesm_exact_workunit,https://prd-tnm.s3.amazonaws.com/index.html?prefix=StagedProducts/Elevation/metadata/WY_GoshenCounty_2017_C20/WY_GoshenCounty_B1_2017
WY_GrandTetonNP_1_D22,2022-09-19,2023-10-20,wesm_exact_workunit,https://prd-tnm.s3.amazonaws.com/index.html?prefix=StagedProducts/Elevation/metadata/WY_GrandTetonNP_D22/WY_GrandTetonNP_1_D22
WY_GrandTetonNP_2_D22,2023-09-19,2024-08-01,wesm_exact_workunit,https://prd-tnm.s3.amazonaws.com/index.html?prefix=StagedProducts/Elevation/metadata/WY_GrandTetonNP_D22/WY_GrandTetonNP_2_D22
WY_GrandTetonNP_3_D22,2023-09-15,2023-10-08,wesm_exact_workunit,https://prd-tnm.s3.amazonaws.com/index.html?prefix=StagedProducts/Elevation/metadata/WY_GrandTetonNP_D22/WY_GrandTetonNP_3_D22
WY_Laramie_1_2021,2021-06-17,2021-06-30,wesm_exact_workunit,https://prd-tnm.s3.amazonaws.com/index.html?prefix=StagedProducts/Elevation/metadata/WY_LaramieLidar_2021_D21/WY_Laramie_1_2021
WY_NConverse_1_2020,2020-11-20,2021-08-13,wesm_exact_workunit,https://prd-tnm.s3.amazonaws.com/index.html?prefix=StagedProducts/Elevation/metadata/WY_North_Converse_2020_D20/WY_NConverse_1_2020
WY_NConverse_2_2020,2020-09-20,2021-09-24,wesm_exact_workunit,https://prd-tnm.s3.amazonaws.com/index.html?prefix=StagedProducts/Elevation/metadata/WY_North_Converse_2020_D20/WY_NConverse_2_2020
WY_NConverse_3_2020,2021-05-29,2021-09-15,wesm_exact_workunit,https://prd-tnm.s3.amazonaws.com/index.html?prefix=StagedProducts/Elevation/metadata/WY_North_Converse_2020_D20/WY_NConverse_3_2020
WY_NConverse_4_2020,2021-08-02,2021-09-19,wesm_exact_workunit,https://prd-tnm.s3.amazonaws.com/index.html?prefix=StagedProducts/Elevation/metadata/WY_North_Converse_2020_D20/WY_NConverse_4_2020
WY_NConverse_5_2020,2021-05-29,2021-06-18,wesm_exact_workunit,https://prd-tnm.s3.amazonaws.com/index.html?prefix=StagedProducts/Elevation/metadata/WY_North_Converse_2020_D20/WY_NConverse_5_2020
WY_NConverse_6_2020,2021-07-23,2023-05-28,wesm_exact_workunit,https://prd-tnm.s3.amazonaws.com/index.html?prefix=StagedProducts/Elevation/metadata/WY_North_Converse_2020_D20/WY_NConverse_6_2020
WY_NConverse_7_2020,2021-07-30,2023-05-28,wesm_exact_workunit,https://prd-tnm.s3.amazonaws.com/index.html?prefix=StagedProducts/Elevation/metadata/WY_North_Converse_2020_D20/WY_NConverse_7_2020
WY_Sheridan_1_2020,2020-07-31,2020-08-18,wesm_exact_workunit,https://prd-tnm.s3.amazonaws.com/index.html?prefix=StagedProducts/Elevation/metadata/WY_Sheridan_2020_D20/WY_Sheridan_1_2020
WY_Sheridan_2_2020,2020-07-19,2020-09-12,wesm_exact_workunit,https://prd-tnm.s3.amazonaws.com/index.html?prefix=StagedProducts/Elevation/metadata/WY_Sheridan_2020_D20/WY_Sheridan_2_2020
WY_SouthCentral_1_2020,2020-06-02,2020-08-02,wesm_exact_workunit,https://prd-tnm.s3.amazonaws.com/index.html?prefix=StagedProducts/Elevation/metadata/WY_SouthCentral_2020_D20/WY_SouthCentral_1_2020
WY_SouthCentral_2_2020,2020-06-02,2020-10-13,wesm_exact_workunit,https://prd-tnm.s3.amazonaws.com/index.html?prefix=StagedProducts/Elevation/metadata/WY_SouthCentral_2020_D20/WY_SouthCentral_2_2020
WY_SouthCentral_3_2020,2020-06-07,2020-09-15,wesm_exact_workunit,https://prd-tnm.s3.amazonaws.com/index.html?prefix=StagedProducts/Elevation/metadata/WY_SouthCentral_2020_D20/WY_SouthCentral_3_2020
WY_SouthCentral_4_2020,2020-08-09,2020-08-25,wesm_exact_workunit,https://prd-tnm.s3.amazonaws.com/index.html?prefix=StagedProducts/Elevation/metadata/WY_SouthCentral_2020_D20/WY_SouthCentral_4_2020
WY_SouthCentral_5_2020,2020-08-28,2020-10-13,wesm_exact_workunit,https://prd-tnm.s3.amazonaws.com/index.html?prefix=StagedProducts/Elevation/metadata/WY_SouthCentral_2020_D20/WY_SouthCentral_5_2020
WY_Southwest_1_2020,2020-08-11,2020-08-25,wesm_exact_workunit,https://prd-tnm.s3.amazonaws.com/index.html?prefix=StagedProducts/Elevation/metadata/WY_Southwest_2020_D20/WY_Southwest_1_2020
WY_Southwest_2_2020,2020-06-18,2020-07-22,wesm_exact_workunit,https://prd-tnm.s3.amazonaws.com/index.html?prefix=StagedProducts/Elevation/metadata/WY_Southwest_2020_D20/WY_Southwest_2_2020
WY_Southwest_3_2020,2020-06-18,2020-07-05,wesm_exact_workunit,https://prd-tnm.s3.amazonaws.com/index.html?prefix=StagedProducts/Elevation/metadata/WY_Southwest_2020_D20/WY_Southwest_3_2020
WY_Southwest_4_2020,2020-07-04,2020-08-25,wesm_exact_workunit,https://prd-tnm.s3.amazonaws.com/index.html?prefix=StagedProducts/Elevation/metadata/WY_Southwest_2020_D20/WY_Southwest_4_2020
WY_YellowstoneNP_1RF_2020,2020-09-21,2021-09-13,wesm_exact_workunit,https://prd-tnm.s3.amazonaws.com/index.html?prefix=StagedProducts/Elevation/metadata/WY_YellowstoneNP_2020_D20/WY_YellowstoneNP_1RF_2020
WY_YellowstoneNP_1_2020,2020-09-13,2021-09-13,wesm_exact_workunit,https://prd-tnm.s3.amazonaws.com/index.html?prefix=StagedProducts/Elevation/metadata/WY_YellowstoneNP_2020_D20/WY_YellowstoneNP_1_2020
WY_YellowstoneNP_2RF_2020,2020-09-29,2022-07-30,wesm_exact_workunit,https://prd-tnm.s3.amazonaws.com/index.html?prefix=StagedProducts/Elevation/metadata/WY_YellowstoneNP_2020_D20/WY_YellowstoneNP_2RF_2020
WY_YellowstoneNP_2_2020,2020-09-25,2020-10-10,wesm_exact_workunit,https://prd-tnm.s3.amazonaws.com/index.html?prefix=StagedProducts/Elevation/metadata/WY_YellowstoneNP_2020_D20/WY_YellowstoneNP_2_2020
WY_YellowstoneNP_3_2020,2020-09-29,2020-10-09,wesm_exact_workunit,https://prd-tnm.s3.amazonaws.com/index.html?prefix=StagedProducts/Elevation/metadata/WY_YellowstoneNP_2020_D20/WY_YellowstoneNP_3_2020
