name,gps_status,gps_start,gps_p01,gps_median,gps_p99,gps_end,gps_n_points
AK_BrooksCamp_2012,gps_week_seconds_or_empty,,,,,,
AK_Coastal_2009,gps_week_seconds_or_empty,,,,,,
AK_DeltaJunction_1_2021,ok,2021-09-07,2021-09-07,2021-09-10,2021-09-12,2021-09-12,4043.0
AK_EMRI_1_D24,ok,2024-07-24,2024-07-24,2024-07-25,2024-09-01,2024-09-01,12659.0
AK_EMRI_2_D24,ok,2024-06-29,2024-06-29,2024-06-29,2024-06-29,2024-06-29,4659.0
AK_EMRI_3_D24,ok,2024-08-04,2024-08-05,2024-08-15,2024-09-04,2024-09-04,13681.0
AK_EMRI_4_D24,ok,2024-07-23,2024-07-23,2024-07-23,2024-07-24,2024-07-24,12922.0
AK_Fairbanks-NSBorough_2010,gps_week_seconds_or_empty,,,,,,
AK_GlacierBay_4_2019,ok,2019-06-28,2019-06-28,2020-07-30,2020-08-01,2020-08-01,4213.0
AK_GlacierBay_B3_2019,ok,2019-07-31,2019-08-07,2019-08-09,2019-09-15,2019-09-15,1321.0
AK_GlacierTongassLandslides_4_D23,ok,2024-06-18,2024-06-18,2024-06-18,2024-06-27,2024-06-27,4641.0
AK_Juneau_2012,ok,2012-04-26,2012-04-26,2012-06-01,2012-06-23,2012-07-19,24175.0
AK_Kenai_2008,gps_week_seconds_or_empty,,,,,,
AK_LakePeninsula_1_B23,ok,2023-07-12,2023-07-12,2023-07-14,2023-07-24,2023-07-24,702.0
AK_LakePeninsula_2_B23,ok,2023-06-02,2023-06-02,2023-07-12,2023-07-22,2023-07-22,217.0
AK_LakePeninsula_3_B23,ok,2023-06-02,2023-06-02,2024-08-13,2024-08-14,2024-08-14,420.0
AK_MatSuBorough_B1_2019,ok,2019-09-13,2019-09-13,2019-09-27,2019-10-08,2019-10-08,2171.0
AK_MatSuBorough_B2_2019,ok,2019-09-13,2019-09-17,2020-08-29,2020-08-29,2020-08-29,8661.0
AK_MatanuskaSusitna-Lot1_2011,ok,2011-05-10,2011-05-10,2011-05-11,2011-05-12,2011-10-05,41940.0
AK_MatanuskaSusitna-Lot2_2011,ok,1980-01-09,2011-05-10,2011-05-24,2012-08-28,2012-08-29,24529.0
AK_NativeAKVillages_1_D22,ok,2022-08-11,2022-10-14,2022-10-14,2022-10-14,2022-10-14,39507.0
AK_NativeAKVillages_2_D22,ok,2022-08-11,2022-10-14,2022-10-14,2022-10-14,2022-10-14,21640.0
AK_NativeAKVillages_3_D22,ok,2022-08-10,2022-08-10,2022-10-21,2022-10-21,2022-10-21,213.0
AK_NativeAKVillages_4_D22,ok,2022-08-13,2022-08-13,2022-08-13,2022-08-13,2022-08-13,53398.0
AK_NativeAKVillages_5_D22,ok,2023-07-12,2023-07-12,2023-07-12,2023-07-12,2023-07-12,23811.0
AK_NativeAKVillages_6_D22,ok,2023-07-24,2023-07-24,2023-07-24,2023-07-24,2023-07-24,53171.0
AK_NativeAKVillages_7_D22,ok,2024-07-22,2024-07-22,2024-07-23,2024-07-23,2024-07-23,18021.0
AK_NativeAKVillages_8_D22,ok,2024-07-20,2024-07-20,2024-07-20,2024-07-21,2024-07-21,27959.0
AK_NomeCreek_2010,gps_week_seconds_or_empty,,,,,,
AK_NorthSlope_B10_2018,ok,2019-08-05,2019-08-05,2019-08-05,2019-08-05,2019-08-05,5569.0
AK_NorthSlope_B11_2018,ok,2019-08-06,2019-08-06,2019-08-06,2019-08-06,2019-08-06,5019.0
AK_NorthSlope_B12_2018,ok,2019-08-07,2019-08-07,2019-08-07,2019-08-18,2019-08-18,52118.0
AK_NorthSlope_B13_2018,ok,2019-08-05,2019-08-05,2019-08-05,2019-08-05,2019-08-05,7588.0
AK_NorthSlope_B14_2018,ok,2019-08-05,2019-08-05,2019-08-06,2019-08-06,2019-08-06,2422.0
AK_NorthSlope_B1_2018,ok,2018-07-20,2018-07-20,2018-07-20,2018-07-20,2018-07-20,12903.0
AK_NorthSlope_B2_2018,ok,2018-07-22,2018-07-22,2018-07-22,2018-07-22,2018-07-22,10388.0
AK_NorthSlope_B3_2018,ok,2018-09-08,2018-09-08,2018-09-08,2018-09-11,2018-09-29,41842.0
AK_NorthSlope_B4_2018,ok,2018-09-08,2018-09-08,2018-09-08,2018-09-30,2018-09-30,7990.0
AK_NorthSlope_B5_2018,ok,2018-07-20,2018-07-20,2018-07-20,2018-07-20,2018-07-20,7119.0
AK_NorthSlope_B6_2018,ok,2018-07-14,2018-07-14,2018-07-22,2018-07-22,2018-07-22,1385.0
AK_NorthSlope_B7_2018,ok,2018-09-08,2018-09-08,2018-09-11,2018-09-30,2018-09-30,777.0
AK_NorthSlope_B8_2018,ok,2018-09-08,2018-09-08,2018-09-30,2018-09-30,2018-09-30,8010.0
AK_NorthSlope_B9_2018,ok,2019-08-07,2019-08-07,2019-08-07,2019-08-07,2019-08-18,14901.0
AK_SELandslides_1_D22,ok,2022-09-11,2022-09-11,2022-09-13,2022-09-13,2022-09-13,909.0
AK_TyphoonMerbokNV5_1_F23,ok,2024-06-29,2024-06-29,2024-07-01,2024-10-14,2024-10-15,2922.0
AK_TyphoonMerbokNV5_2_F23,ok,2024-06-29,2024-06-29,2024-10-15,2025-07-09,2025-07-09,35408.0
AK_ValdezB_2007,gps_week_seconds_or_empty,,,,,,
AK_Valdez_2007,gps_week_seconds_or_empty,,,,,,
AK_YukonFlats_2009,gps_week_seconds_or_empty,,,,,,
AL_11County_2_B23,ok,2024-02-05,2024-02-06,2024-02-19,2024-03-27,2024-03-27,4826.0
AL_17Co_1_2020,ok,2020-12-09,2020-12-09,2021-01-14,2021-02-23,2021-02-23,6136.0
AL_17Co_2_2020,ok,2020-12-10,2020-12-10,2020-12-11,2021-01-16,2021-01-17,23035.0
AL_19Co_1_B24,ok,2024-12-12,2024-12-12,2024-12-12,2024-12-13,2024-12-13,33322.0
AL_25Co_TL_2017,ok,2017-02-26,2017-02-26,2017-02-26,2018-01-07,2018-01-07,17.0
AL_BaldwinCo-East_2011,gps_week_seconds_or_empty,,,,,,
AL_BaldwinCo-West_2011,gps_week_seconds_or_empty,,,,,,
AL_BlountCo_2010,gps_week_seconds_or_empty,,,,,,
AL_CofDalGenEsc_1_2021,ok,2022-01-13,2022-01-13,2022-01-22,2022-01-24,2022-01-24,6071.0
AL_ColbertLauderdale_2011,gps_week_seconds_or_empty,,,,,,
AL_NorthAL_2019,ok,2019-12-04,2019-12-04,2019-12-12,2019-12-12,2019-12-30,21402.0
AL_SWCentral_1_B22,ok,2023-01-09,2023-01-09,2023-02-06,2023-03-05,2023-03-05,2044.0
AL_TriCounty_2010,gps_week_seconds_or_empty,,,,,,
AR-TN_NRCS_CaneCreek_2010,gps_week_seconds_or_empty,,,,,,
AR-TN_NRCS_Sharkey_2010,gps_week_seconds_or_empty,,,,,,
ARRA-AK_EkluntaGlacier_2010,gps_week_seconds_or_empty,,,,,,
ARRA-AL_MobileBay_2010,gps_week_seconds_or_empty,,,,,,
ARRA-AL_TennesseeRiver_2010,gps_week_seconds_or_empty,,,,,,
ARRA-CA_CentralCoast-Z3_2010,gps_week_seconds_or_empty,,,,,,
ARRA-CA_CentralCoast-Z4_2010,gps_week_seconds_or_empty,,,,,,
ARRA-CA_ChannelIslands-10_2010,gps_week_seconds_or_empty,,,,,,
ARRA-CA_ChannelIslands-11_2010,gps_week_seconds_or_empty,,,,,,
ARRA-CA_GoldenGate_2010,gps_week_seconds_or_empty,,,,,,
ARRA-CA_SanFranCoast_2010,gps_week_seconds_or_empty,,,,,,
ARRA-CO_GrandCo_2010,gps_week_seconds_or_empty,,,,,,
ARRA-FL_Charlotte-E_2010,gps_week_seconds_or_empty,,,,,,
ARRA-FL_Charlotte-W_2010,gps_week_seconds_or_empty,,,,,,
ARRA-FL_KissimmeeRiver_2011,gps_week_seconds_or_empty,,,,,,
ARRA-FL_LibertyCo_2010,gps_week_seconds_or_empty,,,,,,
ARRA-FL_SuwanneeRiver_2011,gps_week_seconds_or_empty,,,,,,
ARRA-FL_UpperStJohnsRiver_2010,gps_week_seconds_or_empty,,,,,,
ARRA-GA_LakeLanier_2010,gps_week_seconds_or_empty,,,,,,
ARRA-IL_LakeCo_2007,gps_week_seconds_or_empty,,,,,,
ARRA-IN_Flood_2010,gps_week_seconds_or_empty,,,,,,
ARRA-LA_Coastal-Z15_2011,gps_week_seconds_or_empty,,,,,,
ARRA-LA_Coastal-Z16_2011,gps_week_seconds_or_empty,,,,,,
ARRA-LFTNE_ConnecticutZ18_2010,ok,2010-12-19,2010-12-20,2011-12-02,2011-12-11,2011-12-11,35233.0
ARRA-LFTNE_ConnecticutZ19_2011,gps_week_seconds_or_empty,,,,,,
ARRA-LFTNE_Massachusetts_2011,gps_week_seconds_or_empty,,,,,,
ARRA-LFTNE_NewHampshire_2011,gps_week_seconds_or_empty,,,,,,
ARRA-LFTNE_NewYork_2010,ok,2010-12-20,2010-12-20,2011-11-18,2011-11-19,2011-12-03,10486.0
ARRA-LFTNE_RhodeIsland_2011,gps_week_seconds_or_empty,,,,,,
ARRA-MI_4SECounties_2010,gps_week_seconds_or_empty,,,,,,
ARRA-MI_LowerPeninsula_2010,gps_week_seconds_or_empty,,,,,,
ARRA-MI_TriCounty_2010,gps_week_seconds_or_empty,,,,,,
ARRA-MO_StoneCo_2010,gps_week_seconds_or_empty,,,,,,
ARRA-NE_PlatteRiver_2010,gps_week_seconds_or_empty,,,,,,
ARRA-NJ_3Counties_2010,gps_week_seconds_or_empty,,,,,,
ARRA-NRCS_Illinois_2010,gps_week_seconds_or_empty,,,,,,
ARRA-NRCS_Kentucky_2010,gps_week_seconds_or_empty,,,,,,
ARRA-OR_SandyRiver_2010,gps_week_seconds_or_empty,,,,,,
ARRA-SC_AllendaleCo_2010,gps_week_seconds_or_empty,,,,,,
ARRA-SC_BambergCo_2010,gps_week_seconds_or_empty,,,,,,
ARRA-SC_HamptonCo_2010,gps_week_seconds_or_empty,,,,,,
ARRA-SC_LeeCo_2010,gps_week_seconds_or_empty,,,,,,
ARRA-TN_SmokyMtns_2011,gps_week_seconds_or_empty,,,,,,
ARRA-TX_CalhounCo_2010,gps_week_seconds_or_empty,,,,,,
ARRA-TX_HidalgoCo_2010,gps_week_seconds_or_empty,,,,,,
ARRA-TX_NuecesCo_2010,gps_week_seconds_or_empty,,,,,,
ARRA-TX_WilacyCo_2010,gps_week_seconds_or_empty,,,,,,
ARRA-WI_BrownCo_2010,gps_week_seconds_or_empty,,,,,,
AR_BuffaloRiver_2009,gps_week_seconds_or_empty,,,,,,
AR_BuffaloRiver_2010,gps_week_seconds_or_empty,,,,,,
AR_Dardanelle_2011,ok,2011-12-09,2011-12-09,2011-12-09,2011-12-09,2011-12-09,50878.0
AR_Eastern_10_D23,ok,2023-12-05,2023-12-07,2023-12-07,2025-02-03,2025-02-03,22075.0
AR_Eastern_1_D23,ok,2023-12-10,2023-12-18,2023-12-31,2024-01-07,2024-01-07,12894.0
AR_Eastern_2_D23,ok,2023-12-10,2023-12-11,2023-12-13,2023-12-31,2023-12-31,11759.0
AR_Eastern_3_D23,ok,2023-12-10,2023-12-10,2023-12-13,2024-02-13,2024-02-13,273.0
AR_Eastern_4_D23,ok,2023-12-17,2023-12-17,2023-12-20,2023-12-20,2024-02-17,37806.0
AR_Eastern_5_D23,ok,2023-12-05,2023-12-05,2024-02-07,2024-02-14,2024-02-14,10292.0
AR_Eastern_6_D23,ok,2023-12-05,2024-02-14,2024-02-17,2024-02-28,2024-03-10,17466.0
AR_Eastern_7_D23,ok,2023-12-30,2024-02-13,2024-03-10,2024-03-11,2024-03-11,25346.0
AR_Eastern_8_D23,ok,2024-03-10,2024-03-10,2024-03-18,2024-03-19,2024-03-24,11365.0
AR_Eastern_9_D23,ok,2023-12-05,2023-12-05,2023-12-30,2024-02-14,2024-02-21,49274.0
AR_FEMA-ChicotDesha_2011,ok,2011-12-30,2011-12-30,2012-01-15,2012-01-28,2012-01-28,33419.0
AR_FEMA-VI-BayouMeto_2012,ok,2012-03-25,2012-03-25,2012-03-26,2012-03-26,2012-03-26,23181.0
AR_LowerStFrancisRiver-FEMA_2012,ok,2012-04-10,2012-04-10,2012-04-11,2013-02-08,2013-02-08,20146.0
AR_McKinneyPosten_2011,ok,2011-12-10,2011-12-10,2011-12-10,2011-12-10,2011-12-10,67228.0
AR_NRCS_A2_2016,ok,2016-02-26,2016-02-26,2016-03-26,2016-04-02,2016-04-02,25280.0
AR_NorthEast_1_D22,ok,2023-11-29,2023-11-29,2023-12-13,2023-12-14,2023-12-14,812.0
AR_PAgis_2010,gps_week_seconds_or_empty,,,,,,
AR_UpperBlackWatershed-FEMA_2012,ok,2012-01-29,2012-01-29,2012-01-29,2012-01-29,2012-01-29,33597.0
AR_UpperWhiteVillage-FEMA_2012,ok,2012-12-18,2012-12-18,2012-12-18,2012-12-19,2012-12-19,33582.0
AZ_AubreyCherry_1_2020,ok,2020-08-26,2020-08-26,2020-09-05,2020-09-10,2020-09-10,2135.0
AZ_BlackRockGoodwin_1_2021,ok,2021-10-04,2021-10-04,2021-10-07,2021-10-10,2021-10-15,8783.0
AZ_Black_Mesa_CoalMine_2012,ok,2012-10-27,2012-10-27,2012-10-27,2012-10-27,2012-10-27,46567.0
AZ_BrawleyRillito_TL_2018,ok,2019-03-20,2019-03-20,2019-04-26,2019-05-28,2019-05-28,1178.0
AZ_CenCoconino_1_B22,ok,2022-07-07,2022-07-07,2022-09-01,2022-09-02,2022-09-02,4978.0
AZ_CenCoconino_2_B22,ok,2022-07-16,2022-07-16,2022-10-06,2022-10-11,2022-10-11,5138.0
AZ_CenCoconino_3_B22,ok,2022-06-28,2022-06-28,2022-07-21,2022-08-29,2022-08-29,10975.0
AZ_Cochise-FEMA_2012,ok,2012-01-29,2012-01-29,2012-01-29,2012-01-30,2012-01-30,19468.0
AZ_CochiseCounty_1_2020,ok,2020-09-12,2020-09-12,2020-10-17,2020-10-21,2020-11-15,9849.0
AZ_CochiseCounty_2_2020,ok,2020-09-29,2020-10-11,2020-11-03,2020-11-11,2020-12-08,8012.0
AZ_CochiseCounty_3_2020,ok,2020-09-24,2020-09-24,2020-11-01,2020-11-22,2020-12-08,12710.0
AZ_Coconino_B1_2019,ok,2019-08-16,2019-08-16,2019-08-18,2019-08-20,2019-08-20,4624.0
AZ_FEMA_Central_2017,ok,2018-01-06,2018-01-06,2018-01-06,2018-01-06,2018-01-06,19028.0
AZ_FEMA_East_2017,ok,2018-01-11,2018-01-11,2018-03-29,2018-05-29,2018-06-19,4225.0
AZ_GrandCanyonNP_1_2019,ok,2019-09-27,2019-09-27,2019-10-03,2019-10-06,2019-10-06,7728.0
AZ_GrandCanyonNP_2_2019,ok,2019-09-29,2019-09-29,2019-10-01,2019-10-05,2019-10-05,3890.0
AZ_LowerColoradoRiver_B1_2018,ok,2018-09-02,2018-09-02,2018-09-07,2018-09-23,2018-09-23,1389.0
AZ_LowerColoradoRiver_B2_2018,ok,2018-09-09,2018-09-12,2019-09-19,2019-09-29,2019-09-29,959.0
AZ_LowerColoradoTB_1_C23,ok,2021-11-21,2021-11-21,2021-11-25,2021-12-01,2021-12-01,257.0
AZ_MaricopaPinal_1_2020,ok,2020-10-02,2020-10-13,2020-11-25,2020-11-30,2020-11-30,9153.0
AZ_MohaveCo_1_2021,ok,2021-08-22,2021-08-22,2021-08-24,2021-08-25,2021-08-25,2290.0
AZ_MohaveCo_2_2021,ok,2021-08-22,2021-08-22,2021-08-23,2021-08-23,2021-08-23,810.0
AZ_MohaveCoconino_1_D23,ok,2023-12-02,2023-12-02,2023-12-09,2023-12-16,2023-12-16,8780.0
AZ_Mohave_1_D23,ok,2023-03-17,2023-03-17,2023-03-18,2023-04-02,2023-04-02,7986.0
AZ_Mohave_2_D23,ok,2023-03-13,2023-03-13,2023-03-17,2023-03-17,2023-03-17,7731.0
AZ_Mohave_3_D23,ok,2023-03-16,2023-03-16,2023-03-16,2023-04-02,2023-04-02,12002.0
AZ_Mohave_4_D23,ok,2023-03-13,2023-03-13,2023-03-14,2023-04-02,2023-04-02,10366.0
AZ_NavajoCorridor_1_2020,ok,2020-09-25,2020-09-25,2020-09-25,2020-09-25,2020-09-25,8030.0
AZ_NavajoNation_1_D22,ok,2022-09-17,2022-09-17,2022-09-17,2022-09-17,2022-09-17,4797.0
AZ_NorthEast_2_D23,ok,2023-06-15,2023-06-15,2023-06-15,2023-06-15,2023-06-15,3080.0
AZ_NorthEast_3_D23,ok,2023-05-28,2023-05-29,2023-06-08,2023-06-18,2023-06-18,4120.0
AZ_NorthKaibabNF_B1_2019,ok,2019-06-27,2019-06-27,2019-06-30,2019-07-03,2019-07-03,11118.0
AZ_OrganPipeCactusNM_1_2020,ok,2020-09-19,2020-09-19,2020-09-20,2020-09-26,2020-09-26,15620.0
AZ_PimaCo_1_2021,ok,2021-11-06,2021-11-06,2021-11-11,2021-11-15,2021-11-20,3410.0
AZ_PimaCo_2_2021,ok,2021-09-27,2021-09-27,2021-10-04,2021-11-17,2021-11-17,11617.0
AZ_Safford_QL2_2016,ok,2016-10-18,2016-10-18,2016-12-06,2017-02-15,2017-02-15,7686.0
AZ_SanCarlosReservation_2013,ok,2013-08-08,2013-08-08,2013-08-08,2013-08-09,2013-08-13,42288.0
AZ_Southwest_1_D23,ok,2023-06-18,2023-06-19,2023-07-05,2023-07-22,2023-07-22,18334.0
AZ_Southwest_2_D23,ok,2023-06-21,2023-06-21,2023-07-26,2023-09-01,2023-09-03,21482.0
AZ_Southwest_3_D23,ok,2023-06-16,2023-06-17,2023-07-02,2023-08-26,2023-08-26,32398.0
AZ_Southwest_4_D23,ok,2023-06-24,2023-06-24,2023-07-17,2023-09-01,2023-09-03,18896.0
AZ_Southwest_5_D23,ok,2023-06-18,2023-06-18,2023-07-04,2023-07-08,2023-07-08,24957.0
AZ_Tucson_2011,gps_week_seconds_or_empty,,,,,,
AZ_USFS_3DEP_Processing_2019,ok,2013-08-24,2013-08-25,2014-06-29,2014-10-09,2014-10-12,510.0
AZ_Yavapai_1_2021,ok,2021-09-13,2021-09-13,2021-10-22,2021-11-11,2021-11-13,6087.0
AZ_Yavapai_2_2021,ok,2021-09-14,2021-09-14,2021-09-15,2021-10-22,2021-11-17,29233.0
CA_AlamedaCo_1_2021,ok,2021-06-21,2021-06-21,2021-06-30,2021-07-02,2021-07-02,10664.0
CA_AlamedaCo_2006,gps_week_seconds_or_empty,,,,,,
CA_AlamedaCo_2_2021,ok,2019-07-02,2019-07-02,2019-07-05,2019-08-15,2019-09-06,7065.0
CA_AlamedaCo_3_2021,ok,2021-06-21,2021-06-21,2021-06-21,2021-07-02,2021-07-03,47460.0
CA_CalaverasTuolumne_2011,ok,2011-11-21,2011-11-21,2011-12-07,2011-12-12,2011-12-12,60244.0
CA_CaliforniaGaps_1_B23,ok,2023-10-25,2023-10-25,2023-11-03,2023-11-09,2023-11-09,1159.0
CA_CaliforniaGaps_3_B23,ok,2023-09-05,2023-09-05,2023-09-09,2023-12-05,2023-12-05,578.0
CA_CaliforniaGaps_4_B23,ok,2023-09-08,2023-09-08,2023-10-16,2023-12-10,2023-12-11,688.0
CA_CarrHirzDeltaFires_1_2019,ok,2019-10-07,2019-10-07,2019-10-21,2019-11-01,2019-12-27,10163.0
CA_CarrHirzDeltaFires_2_2019,ok,2019-10-11,2019-10-11,2019-10-23,2019-12-27,2019-12-27,10082.0
CA_ContraCostaCo_2007,gps_week_seconds_or_empty,,,,,,
CA_ContraCosta_1_2022,ok,2022-04-13,2022-04-13,2022-04-18,2022-04-18,2022-04-18,11978.0
CA_DayFire_2007,gps_week_seconds_or_empty,,,,,,
CA_FEMALevee_1_D23,ok,2023-05-25,2023-05-25,2023-05-25,2023-05-27,2023-05-27,18053.0
CA_FEMALevee_2_D23,ok,2023-05-30,2023-05-30,2023-05-31,2023-06-15,2023-06-15,1665.0
CA_FEMAR9Estrella_2019,ok,2019-12-15,2019-12-15,2019-12-17,2020-01-04,2020-01-04,2464.0
CA_FEMAR9Fresno_1_2019,ok,2019-12-19,2019-12-20,2020-01-15,2020-01-16,2020-01-16,15527.0
CA_FEMAR9Fresno_2_2019,ok,2019-12-12,2019-12-12,2019-12-12,2019-12-21,2019-12-21,18.0
CA_FEMAR9PanocheSanLuis_2019,ok,2020-01-04,2020-01-04,2020-01-18,2020-01-19,2020-01-19,8932.0
CA_FEMAR9Southeast_1_D24,ok,2024-04-06,2024-04-06,2024-06-07,2024-07-03,2024-07-20,2043.0
CA_FEMAR9Southeast_2_D24,ok,2024-04-06,2024-04-06,2024-06-11,2024-07-20,2024-07-26,2604.0
CA_FEMA_Z1_2018,ok,2018-03-28,2018-03-28,2018-03-30,2018-03-31,2018-03-31,769.0
CA_FEMA_Z4_B1_2018,ok,2018-02-16,2018-02-17,2018-03-31,2018-04-14,2018-04-21,8209.0
CA_FEMA_Z4_B2_2018,ok,2018-01-22,2018-01-23,2018-02-09,2018-04-20,2018-04-22,8731.0
CA_FEMA_Z4_QL1_2018,ok,2018-02-18,2018-02-18,2018-02-18,2018-02-18,2018-02-18,4091.0
CA_LassenNP_2020,ok,2020-10-12,2020-10-12,2020-10-12,2020-10-12,2020-10-12,6744.0
CA_LosAngeles_1_B23,ok,2023-09-25,2023-09-25,2023-10-05,2024-01-08,2024-01-08,4536.0
CA_LosAngeles_2_B23,ok,2023-12-02,2023-12-02,2023-12-02,2023-12-07,2023-12-07,2782.0
CA_LowerBearCreek_2020,ok,2020-12-11,2020-12-11,2020-12-11,2020-12-11,2020-12-11,9897.0
CA_MountainPass_B1_2019,ok,2019-08-22,2019-08-22,2019-09-30,2019-10-02,2019-10-02,7354.0
CA_NoCAL_Wildfires_PlumasNF_B2_2018,ok,2018-07-07,2018-07-07,2018-07-19,2018-09-20,2018-09-20,9051.0
CA_NoCAL_Wildfires_TL_QL1_2018,ok,2018-07-08,2018-07-08,2018-07-09,2018-12-29,2018-12-29,475.0
CA_NoCAL_Wildfires_TL_QL2_2018,ok,2018-07-16,2018-08-26,2019-01-26,2019-02-07,2019-03-13,3842.0
CA_NorthCoastRanges_1_B23,ok,2023-09-21,2023-09-21,2023-10-18,2023-11-23,2023-12-15,9890.0
CA_NorthCoastRanges_2_B23,ok,2023-09-16,2023-09-16,2023-09-23,2023-12-12,2023-12-15,7514.0
CA_NorthernCA_1_B22,ok,2022-09-13,2022-09-13,2022-09-14,2022-10-22,2022-11-11,19899.0
CA_NorthernCA_2_B22,ok,2022-09-03,2022-09-03,2022-09-07,2022-10-18,2022-10-18,3930.0
CA_NorthernCA_3_B22,ok,2022-09-03,2022-09-04,2022-10-07,2022-10-31,2022-10-31,5930.0
CA_NorthernCA_5_B22,ok,2022-09-11,2022-09-11,2022-10-14,2022-11-03,2022-11-03,5986.0
CA_OrangeCo_2011,ok,2011-12-17,2011-12-17,2011-12-26,2011-12-30,2012-02-09,59507.0
CA_PlacerCo_2012,ok,2012-06-20,2012-06-20,2012-10-19,2012-10-20,2012-10-20,12124.0
CA_SE_Fault_Zone_2017,ok,2017-08-05,2017-08-05,2017-08-10,2017-08-21,2017-08-22,1892.0
CA_SaltonSea_2010,gps_week_seconds_or_empty,,,,,,
CA_SaltonSea_EarthMRI_1_2021,ok,2021-11-02,2021-11-02,2021-11-05,2021-11-26,2021-11-27,13907.0
CA_SaltonSea_EarthMRI_2_2021,ok,2021-11-04,2021-11-04,2021-11-12,2021-11-29,2021-11-30,10602.0
CA_SaltonSea_EarthMRI_3_D21,ok,2021-11-02,2021-11-02,2021-11-09,2021-11-29,2021-11-30,5401.0
CA_SaltonSea_EarthMRI_4_2021,ok,2021-11-12,2021-11-17,2021-11-18,2023-08-04,2023-08-04,677.0
CA_SanBern_EMRI_1_2021,ok,2021-11-06,2021-11-06,2021-11-06,2021-11-06,2021-11-06,9981.0
CA_SanBern_EMRI_2_2021,ok,2021-11-07,2021-11-07,2021-11-07,2021-11-13,2021-11-16,26304.0
CA_SanDiegoQL2_2014,ok,2014-10-27,2014-10-27,2014-11-20,2014-11-28,2014-12-28,9848.0
CA_SanDiego_2015_C17_1,ok,2015-10-30,2015-10-30,2015-11-06,2015-11-22,2015-11-23,33974.0
CA_SanFrancisco_1_B23,ok,2023-04-20,2023-04-20,2023-04-20,2023-04-20,2023-04-20,11056.0
CA_SanJoaquin_1_2021,ok,2021-04-13,2021-04-15,2021-04-21,2021-04-30,2021-04-30,6645.0
CA_SanJoaquin_2_2021,ok,2021-03-27,2021-03-27,2021-03-27,2021-04-15,2021-04-19,55676.0
CA_SanJoaquin_3_2021,ok,2021-03-18,2021-03-22,2021-03-31,2021-04-11,2021-04-11,3778.0
CA_SanJoaquin_4_2021,ok,2021-03-02,2021-03-04,2021-03-24,2021-03-31,2021-04-04,6504.0
CA_SanJoaquin_5_2021,ok,2021-02-26,2021-02-27,2021-03-14,2021-03-30,2021-03-31,4495.0
CA_SanJoaquin_6_2021,ok,2021-02-24,2021-02-24,2021-03-03,2021-03-21,2021-03-22,5312.0
CA_SanJoaquin_7_2021,ok,2021-02-21,2021-02-21,2021-02-24,2021-03-03,2021-03-04,5831.0
CA_SanJoaquin_8_Reflight_2021,ok,2011-09-14,2021-04-13,2021-04-13,2021-04-13,2021-04-13,19876.0
CA_SanJoaquin_9_Reflight_2021,ok,2011-09-14,2021-03-13,2021-03-13,2021-03-13,2021-03-17,62404.0
CA_SantaClaraCounty_2020,ok,2020-04-03,2020-04-03,2020-04-15,2020-04-23,2020-04-23,9231.0
CA_SantaCruzCounty_2020,ok,2020-03-22,2020-03-22,2020-04-14,2020-04-15,2020-04-15,5906.0
CA_Scripps-Apr_2004,gps_week_seconds_or_empty,,,,,,
CA_Scripps-Apr_2005,gps_week_seconds_or_empty,,,,,,
CA_Scripps-Dec_2002,gps_week_seconds_or_empty,,,,,,
CA_Scripps-Mar_2003,gps_week_seconds_or_empty,,,,,,
CA_Scripps-Mar_2006,gps_week_seconds_or_empty,,,,,,
CA_Scripps-May_2002,gps_week_seconds_or_empty,,,,,,
CA_Scripps-Oct_2003,gps_week_seconds_or_empty,,,,,,
CA_Scripps-Oct_2005,gps_week_seconds_or_empty,,,,,,
CA_Scripps-Sep_2002,gps_week_seconds_or_empty,,,,,,
CA_Scripps-Sep_2004,gps_week_seconds_or_empty,,,,,,
CA_SierraNevada_10_2022,ok,2022-06-19,2022-06-20,2022-07-10,2022-08-29,2022-08-30,11868.0
CA_SierraNevada_11_B22,ok,2022-06-02,2022-06-02,2022-06-09,2022-08-25,2022-08-26,8611.0
CA_SierraNevada_12_B22,ok,2021-11-18,2022-06-01,2022-06-03,2022-06-14,2022-08-25,9718.0
CA_SierraNevada_13_B22,ok,2022-06-04,2022-06-04,2022-07-05,2022-09-17,2022-09-17,45.0
CA_SierraNevada_14_B22,ok,2022-06-04,2022-06-04,2022-06-12,2022-09-23,2022-09-23,21483.0
CA_SierraNevada_1_2022,ok,2021-11-07,2021-11-07,2021-11-12,2021-11-29,2021-11-29,7646.0
CA_SierraNevada_2_2022,ok,2021-11-16,2021-11-16,2021-11-25,2021-11-30,2021-12-01,11022.0
CA_SierraNevada_3_2022,ok,2021-11-23,2021-11-23,2021-11-30,2021-12-02,2021-12-02,10690.0
CA_SierraNevada_4_2022,ok,2021-11-03,2021-11-03,2021-11-22,2021-12-05,2021-12-05,5479.0
CA_SierraNevada_5_2022,ok,2021-11-12,2021-11-12,2022-06-28,2022-08-20,2022-08-22,7463.0
CA_SierraNevada_6_2022,ok,2021-11-03,2021-11-08,2022-06-15,2022-08-19,2022-08-19,18440.0
CA_SierraNevada_7_2022,ok,2021-11-24,2022-05-30,2022-06-01,2022-08-24,2022-08-24,5604.0
CA_SierraNevada_8_2022,ok,2021-11-18,2021-11-18,2022-07-06,2022-08-24,2022-08-25,3930.0
CA_SierraNevada_9_2022,ok,2022-06-19,2022-06-19,2022-07-21,2022-08-30,2022-08-31,13576.0
CA_SolanoCounty_1_A23,ok,2023-02-06,2023-02-06,2023-02-12,2023-02-14,2023-02-14,8052.0
CA_UpperSouthAmerican_Eldorado_2019,ok,2019-10-21,2019-10-21,2019-10-29,2019-11-02,2020-03-05,5571.0
CO_ArkansasValley_2010,gps_week_seconds_or_empty,,,,,,
CO_CameronPkFire_1_2021,ok,2021-09-07,2021-09-07,2021-09-08,2021-09-10,2021-09-22,6857.0
CO_CentralEasternPlains_1_2020,ok,2020-05-09,2020-05-09,2020-05-30,2020-06-10,2020-06-10,13187.0
CO_CentralEasternPlains_2_2020,ok,2020-05-12,2020-05-12,2020-05-18,2020-06-28,2020-06-28,7862.0
CO_DRCOG_1_2020,ok,2020-05-29,2020-05-29,2020-05-30,2020-08-03,2020-08-03,5746.0
CO_DRCOG_2_2020,ok,2020-05-26,2020-05-26,2020-06-01,2020-06-12,2020-06-12,9219.0
CO_DRCOG_3_2020,ok,2020-06-12,2020-06-12,2020-08-17,2020-09-04,2020-09-04,5014.0
CO_DenverDNC_2008,gps_week_seconds_or_empty,,,,,,
CO_Denver_2008,gps_week_seconds_or_empty,,,,,,
CO_Eastern_B1_2018,ok,2018-04-30,2018-04-30,2018-06-13,2018-06-26,2018-07-25,27598.0
CO_Eastern_B2_QL1_Central_2018,ok,2018-05-08,2018-05-08,2018-05-09,2018-05-09,2018-05-09,9840.0
CO_Eastern_B2_QL2_Central_2018,ok,2018-05-10,2018-05-10,2018-05-10,2018-05-10,2018-05-10,13087.0
CO_Eastern_B2_QL2_North_2018,ok,2018-05-06,2018-05-15,2018-06-14,2018-06-17,2018-07-07,54168.0
CO_Eastern_B3_2018,ok,2018-05-08,2018-05-16,2018-06-13,2018-07-07,2018-07-25,24935.0
CO_Eastern_B4_2018,ok,2018-05-06,2018-05-17,2018-06-05,2018-06-25,2018-07-07,42163.0
CO_Eastern_B5_2018,ok,2018-05-04,2018-05-04,2018-05-10,2018-07-10,2018-07-25,5959.0
CO_Eastern_B6_2018,ok,2018-05-16,2018-05-17,2018-06-29,2018-08-11,2018-08-12,9706.0
CO_Eastern_ElPaso_2018,ok,2018-05-06,2018-05-17,2018-07-03,2018-07-15,2018-07-25,13895.0
CO_Eastern_North_Priority_2018,ok,2018-05-07,2018-05-07,2018-06-17,2018-06-17,2018-06-17,1796.0
CO_Eastern_South_Priority2_2018,ok,2018-05-23,2018-05-23,2018-07-25,2018-08-12,2018-08-12,8970.0
CO_NESEColorado_1_2019,ok,2019-08-10,2019-08-10,2019-08-12,2019-08-12,2019-08-12,12477.0
CO_NESEColorado_2_2019,ok,2019-08-12,2019-08-12,2019-08-15,2019-08-25,2019-10-05,10812.0
CO_NESEColorado_3_2019,ok,2019-08-15,2019-08-15,2019-08-18,2019-08-26,2019-08-26,27783.0
CO_NESEColorado_4_2019,ok,2019-07-31,2019-07-31,2019-08-28,2019-09-08,2019-09-08,16102.0
CO_NWCO_1_2020,ok,2020-07-20,2020-07-21,2020-08-08,2020-10-01,2020-10-07,9821.0
CO_NWCO_2_2020,ok,2020-06-20,2020-06-20,2020-09-01,2020-10-04,2021-08-28,4533.0
CO_NWCO_3_2020,ok,2020-09-02,2020-09-02,2020-09-02,2020-09-02,2020-09-02,9937.0
CO_San-Luis-Valley_2011,ok,2011-08-12,2011-09-11,2011-09-22,2011-09-27,2011-11-20,40757.0
CO_SanLuisJuanMiguel_1_2020,ok,2020-06-08,2020-06-08,2020-06-24,2020-08-01,2020-08-01,15592.0
CO_SanLuisJuanMiguel_2_2020,ok,2020-09-21,2020-09-21,2020-09-25,2020-10-07,2020-10-19,5464.0
CO_SanLuisJuanMiguel_3_2020,ok,2020-06-28,2020-07-30,2020-08-18,2020-09-05,2020-09-06,6739.0
CO_SanLuisJuanMiguel_4_2020,ok,2020-05-28,2020-05-28,2020-10-01,2020-10-04,2020-10-04,5286.0
CO_SanLuisJuanMiguel_5_2020,ok,2020-05-28,2020-05-28,2020-07-30,2020-10-04,2020-10-04,15102.0
CO_Southwest_NRCS_B1_2018,ok,2018-10-05,2018-10-13,2018-11-02,2018-11-09,2018-11-10,4030.0
CO_Southwest_NRCS_B2_2018,ok,2018-11-03,2018-11-06,2019-08-19,2019-09-21,2019-09-24,10984.0
CO_Southwest_NRCS_B3_2018,ok,2018-10-05,2018-10-16,2019-08-17,2019-09-22,2019-09-24,4550.0
CO_Southwest_NRCS_TL_2018,ok,2018-10-05,2018-10-05,2018-10-21,2018-10-28,2018-11-03,3191.0
CO_UpperColorado_Hydroflattened_2020,ok,2020-10-03,2020-10-03,2020-10-06,2020-10-10,2020-10-10,251.0
CO_UpperColorado_Topobathy_1_2020,ok,2020-10-03,2020-10-03,2020-10-06,2020-10-10,2020-10-10,251.0
CO_WestCentral_2019,ok,2019-08-21,2019-08-21,2019-08-29,2019-09-09,2019-09-19,8875.0
CT_Statewide_B1_2016,ok,2016-03-11,2016-03-11,2016-03-19,2016-04-05,2016-04-05,6668.0
CT_Statewide_B2_2016,ok,2016-03-19,2016-03-19,2016-03-19,2016-04-13,2016-04-13,7827.0
CT_Statewide_B3_2016,ok,2016-03-19,2016-03-19,2016-03-20,2016-03-29,2016-03-29,8704.0
CT_Statewide_B4_2016,ok,2016-03-20,2016-03-20,2016-03-29,2016-04-13,2016-04-13,3672.0
CT_Statewide_B5_2016,ok,2016-03-29,2016-03-29,2016-03-30,2016-04-15,2016-04-15,7424.0
CT_Statewide_B6_2016,ok,2016-03-30,2016-03-30,2016-03-30,2016-03-30,2016-04-13,5763.0
CT_Statewide_B7_2016,ok,2016-03-30,2016-03-30,2016-04-15,2016-04-16,2016-04-16,6164.0
DE_Statewide_1_B23,ok,2023-03-18,2023-03-18,2023-03-27,2023-04-13,2023-05-11,6370.0
FL_2017FortDrum_1_C22,ok,2017-04-06,2017-04-06,2017-04-08,2017-04-20,2017-04-20,31356.0
FL_2017PalmCoast_1_C22,ok,2017-03-28,2017-03-28,2017-03-28,2017-03-29,2017-03-29,13768.0
FL_CharlotteCounty_2007,gps_week_seconds_or_empty,,,,,,
FL_ClayPutnam_2007,gps_week_seconds_or_empty,,,,,,
FL_DuvalCo_2007,implausible_year,2038-11-10,2038-11-15,2038-11-20,2038-11-23,2038-11-23,40339.0
FL_Elgin_2006-2008,gps_week_seconds_or_empty,,,,,,
FL_EscambiaCo_2006,gps_week_seconds_or_empty,,,,,,
FL_Everglades_N_2017,ok,2017-04-19,2017-04-19,2017-04-20,2017-05-29,2017-05-30,22877.0
FL_Everglades_N_Hydroflattened_2017,ok,2017-04-19,2017-04-19,2017-04-20,2017-05-29,2017-05-30,22877.0
FL_Everglades_S_2017,ok,2017-04-19,2017-04-19,2017-05-24,2017-06-12,2017-06-12,33657.0
FL_Everglades_S_Hydroflattened_2017,ok,2017-04-19,2017-04-19,2017-05-24,2017-06-12,2017-06-12,33664.0
FL_FlaglerCo_2004,no_gpstime,,,,,,
FL_FranklinCo_2007,gps_week_seconds_or_empty,,,,,,
FL_Gulf_2007,gps_week_seconds_or_empty,,,,,,
FL_HerbHooverDike_2007,gps_week_seconds_or_empty,,,,,,
FL_HillsboroughCo-Lot2_2011,gps_week_seconds_or_empty,,,,,,
FL_HillsboroughCo_2007,gps_week_seconds_or_empty,,,,,,
FL_HurricaneMichael_1_2020,ok,2019-12-18,2019-12-18,2019-12-19,2020-01-07,2020-01-07,4673.0
FL_HurricaneMichael_2_2020,ok,2019-12-18,2019-12-18,2019-12-19,2019-12-25,2019-12-25,11597.0
FL_HurricaneMichael_3_2020,ok,2019-12-16,2019-12-16,2019-12-31,2020-01-07,2020-01-07,4444.0
FL_HurricaneMichael_4_2020,ok,2019-12-16,2019-12-16,2019-12-25,2020-01-01,2020-01-05,13155.0
FL_HurricaneMichael_5_2020,ok,2020-02-14,2020-02-14,2020-02-22,2020-02-27,2020-02-27,8103.0
FL_HurricaneMichael_6_2020,ok,2019-12-16,2019-12-25,2020-02-23,2020-04-21,2020-04-21,11119.0
FL_HurricaneMichael_7_2020,ok,2019-12-20,2019-12-20,2020-02-14,2020-04-22,2020-10-02,8886.0
FL_IndianRiver_2007,gps_week_seconds_or_empty,,,,,,
FL_JeffersonCo-North_2007,implausible_year,2038-10-31,2038-10-31,2038-11-02,2038-11-04,2038-11-04,66699.0
FL_LeeCounty_2007,gps_week_seconds_or_empty,,,,,,
FL_LeonCo_2009,gps_week_seconds_or_empty,,,,,,
FL_Lower_Choctawhatchee_2017,ok,2017-04-09,2017-04-09,2017-05-06,2017-05-17,2017-05-17,25.0
FL_ManateeCo_2007,gps_week_seconds_or_empty,,,,,,
FL_NWFWMD_5-Counties_2007,gps_week_seconds_or_empty,,,,,,
FL_NassauCo_2007,gps_week_seconds_or_empty,,,,,,
FL_OkaloosaCo_2007,implausible_year,2011-09-14,2011-09-16,2039-03-29,2039-04-10,2039-04-30,16592.0
FL_OkaloosaCo_2008,gps_week_seconds_or_empty,,,,,,
FL_Panhandle_TL_2018,ok,2018-04-01,2018-04-01,2018-04-20,2018-04-20,2018-04-20,147.0
FL_PascoCo_2007,gps_week_seconds_or_empty,,,,,,
FL_PascoCo_2011,gps_week_seconds_or_empty,,,,,,
FL_Peninsular_Citrus_2018,ok,2018-12-07,2018-12-12,2019-04-02,2019-04-21,2019-04-21,16848.0
FL_Peninsular_FDEM_Alachua_2018,ok,2018-12-05,2018-12-07,2019-11-26,2019-12-03,2019-12-03,16231.0
FL_Peninsular_FDEM_Baker_2018,ok,2018-11-28,2018-11-28,2020-01-21,2020-01-22,2020-01-22,10813.0
FL_Peninsular_FDEM_Bradford_2018,ok,2018-11-28,2018-11-28,2019-11-29,2020-01-21,2020-01-21,11845.0
FL_Peninsular_FDEM_Brevard_2018,ok,2018-12-07,2019-01-06,2019-02-07,2019-03-01,2019-03-04,12777.0
FL_Peninsular_FDEM_Charlotte_2018,ok,2018-12-06,2018-12-06,2018-12-13,2019-01-10,2019-01-10,5577.0
FL_Peninsular_FDEM_Clay_2018,ok,2018-11-28,2018-11-28,2019-02-06,2019-03-18,2019-03-18,37704.0
FL_Peninsular_FDEM_Columbia_2018,ok,2019-11-25,2019-11-25,2019-12-04,2020-01-25,2020-01-25,13471.0
FL_Peninsular_FDEM_Desoto_2018,ok,2018-11-30,2018-11-30,2018-12-13,2019-01-10,2019-01-10,11640.0
FL_Peninsular_FDEM_Dixie_2018,ok,2019-03-24,2019-04-21,2019-12-03,2020-01-08,2020-01-25,8807.0
FL_Peninsular_FDEM_Duval_2018,ok,2018-11-28,2018-11-28,2018-12-06,2018-12-18,2018-12-18,13089.0
FL_Peninsular_FDEM_Gilchrist_2018,ok,2018-12-05,2018-12-05,2019-12-02,2020-01-08,2020-01-08,9401.0
FL_Peninsular_FDEM_Glades_2018,ok,2018-12-12,2018-12-12,2019-01-06,2019-04-28,2019-04-28,8255.0
FL_Peninsular_FDEM_Hamilton_2018,ok,2019-12-19,2019-12-19,2020-01-16,2020-01-17,2020-01-18,12837.0
FL_Peninsular_FDEM_Hardee_2018,ok,2018-11-30,2018-11-30,2019-04-11,2020-01-20,2020-01-20,12074.0
FL_Peninsular_FDEM_Hendry_2018,ok,2018-12-11,2018-12-11,2019-01-06,2019-01-16,2019-01-16,9821.0
FL_Peninsular_FDEM_Highlands_2018,ok,2018-12-06,2018-12-06,2019-04-22,2020-01-06,2020-01-06,10073.0
FL_Peninsular_FDEM_IndianRiver_2018,ok,2019-01-25,2019-01-25,2019-02-16,2019-03-01,2019-03-01,9209.0
FL_Peninsular_FDEM_KeyBiscayne_2020,ok,2020-01-15,2020-01-15,2020-01-15,2020-01-15,2020-01-15,48674.0
FL_Peninsular_FDEM_Lafayette_2018,ok,2019-11-30,2019-11-30,2019-12-02,2020-01-21,2020-01-25,17314.0
FL_Peninsular_FDEM_Madison_2018,ok,2019-11-26,2019-11-26,2019-12-18,2020-01-21,2020-01-21,16188.0
FL_Peninsular_FDEM_Manatee_2018,ok,2018-11-30,2018-11-30,2018-12-03,2018-12-18,2020-01-20,8061.0
FL_Peninsular_FDEM_Martin_2018,ok,2018-12-24,2018-12-24,2019-03-01,2019-04-25,2019-04-25,14415.0
FL_Peninsular_FDEM_Nassau_2018,ok,2018-11-28,2018-11-28,2018-12-06,2018-12-18,2018-12-18,13451.0
FL_Peninsular_FDEM_Okeechobee_2018,ok,2018-12-24,2018-12-24,2019-01-25,2019-04-22,2019-04-24,18158.0
FL_Peninsular_FDEM_Orange_2018,ok,2018-12-04,2018-12-05,2019-01-07,2019-04-11,2019-04-12,13153.0
FL_Peninsular_FDEM_Osceola_2018,ok,2018-12-07,2018-12-07,2019-03-03,2019-04-12,2019-04-12,18887.0
FL_Peninsular_FDEM_PalmBeach_2019,ok,2019-01-05,2019-01-05,2019-01-18,2019-04-15,2019-04-15,15327.0
FL_Peninsular_FDEM_Polk_2018,ok,2018-11-30,2018-12-07,2019-03-28,2020-01-20,2020-01-20,10455.0
FL_Peninsular_FDEM_Sarasota_2018,ok,2018-11-30,2018-11-30,2018-12-05,2018-12-12,2019-01-10,10013.0
FL_Peninsular_FDEM_StJohns_2018,ok,2018-11-30,2018-12-04,2019-03-23,2019-03-24,2019-03-24,8539.0
FL_Peninsular_FDEM_StLucie_2018,ok,2018-12-24,2018-12-24,2019-03-01,2019-04-24,2019-04-24,13396.0
FL_Peninsular_FDEM_Suwannee_2018,ok,2019-12-02,2019-12-02,2019-12-20,2020-01-17,2020-01-17,16425.0
FL_Peninsular_FDEM_Taylor_2018,ok,2019-11-25,2019-11-25,2019-12-04,2020-01-20,2020-01-25,9501.0
FL_Peninsular_FDEM_Union_2018,ok,2019-11-25,2019-11-25,2020-01-21,2020-01-22,2020-01-22,33819.0
FL_Peninsular_Flagler_2019,ok,2019-01-01,2019-01-01,2019-01-02,2019-03-22,2019-03-22,36387.0
FL_Peninsular_Hernando_2019,ok,2019-03-28,2019-03-28,2019-03-31,2019-04-21,2019-04-21,11264.0
FL_Peninsular_Lake_2018,ok,2018-12-05,2018-12-05,2019-03-31,2019-04-13,2019-04-25,5882.0
FL_Peninsular_Levy_2018,ok,2018-12-05,2018-12-05,2018-12-07,2019-04-22,2019-04-22,13101.0
FL_Peninsular_Marion_2018,ok,2018-12-04,2018-12-04,2019-04-15,2019-04-25,2019-04-25,9831.0
FL_Peninsular_Pinellas_2018,ok,2018-12-07,2018-12-07,2018-12-07,2019-03-08,2019-03-08,5058.0
FL_Peninsular_Putnam_2018,ok,2019-01-02,2019-01-02,2019-01-06,2019-04-25,2019-04-25,43340.0
FL_Peninsular_Seminole_2018,ok,2018-12-04,2018-12-05,2018-12-12,2019-01-07,2019-01-09,51815.0
FL_Peninsular_Sumter_2018,ok,2019-03-24,2019-03-24,2019-03-31,2019-04-04,2019-04-25,37628.0
FL_Peninsular_Volusia_2018,ok,2018-12-04,2018-12-04,2019-01-01,2019-02-06,2019-03-22,24363.0
FL_PinellasCo_2007,gps_week_seconds_or_empty,,,,,,
FL_Sarasota_2007,gps_week_seconds_or_empty,,,,,,
FL_StJohnsCo_2008,gps_week_seconds_or_empty,,,,,,
FL_StJohnsRiver_WMD_2012,ok,2012-04-02,2012-04-02,2012-04-07,2012-04-11,2012-04-11,26713.0
FL_SuwanneeRiver-Area1_2013,gps_week_seconds_or_empty,,,,,,
FL_SuwanneeRiver-Area2_2013,gps_week_seconds_or_empty,,,,,,
FL_SuwanneeRiver-Area3_2013,gps_week_seconds_or_empty,,,,,,
FL_SuwanneeRiver-Area4_2013,gps_week_seconds_or_empty,,,,,,
FL_SuwanneeRiver-FY12-Area4-5_2013,gps_week_seconds_or_empty,,,,,,
FL_SuwanneeRiver_2012,ok,2012-03-27,2012-03-27,2012-03-28,2012-03-30,2012-03-30,29364.0
FL_SuwanneeRiver_2013,gps_week_seconds_or_empty,,,,,,
FL_SuwanneeRiver_North_2011,gps_week_seconds_or_empty,,,,,,
FL_SuwanneeRiver_West_2011,gps_week_seconds_or_empty,,,,,,
FL_TopobathyFLKeysNOAA_Hydroflattened_2019,ok,2018-11-25,2018-11-25,2019-01-09,2019-03-20,2019-03-20,1642.0
FL_WaltonAFB_2006-2008,gps_week_seconds_or_empty,,,,,,
FL_WaltonCo_2006,gps_week_seconds_or_empty,,,,,,
FL_WestEvergladesNP_topobathymetric_2018,ok,2019-03-02,2019-03-06,2019-06-27,2019-07-04,2019-07-04,27845.0
GA_Bibb_Jasper_Jones_Monroe_2010,gps_week_seconds_or_empty,,,,,,
GA_Bryan_County_2010,gps_week_seconds_or_empty,,,,,,
GA_Camden_County_2010,gps_week_seconds_or_empty,,,,,,
GA_Central_1_2018,ok,2019-12-31,2019-12-31,2020-01-19,2020-01-28,2020-01-28,6590.0
GA_Central_2_2018,ok,2020-01-25,2020-01-25,2020-02-03,2020-02-23,2020-02-23,5211.0
GA_Central_3_2018,ok,2020-02-02,2020-02-03,2020-02-29,2020-03-28,2020-03-28,33690.0
GA_Central_4_2018,ok,2020-02-14,2020-02-14,2020-02-29,2020-03-28,2020-03-28,7739.0
GA_Central_5_2018,ok,2019-12-18,2019-12-18,2020-01-09,2020-02-02,2020-02-02,10734.0
GA_Central_6_2018,ok,2020-01-08,2020-01-08,2020-01-26,2020-01-29,2020-01-29,14896.0
GA_Charlton_Brantley_Camden_2010,gps_week_seconds_or_empty,,,,,,
GA_Effingham_Screven_Bulloch_2010,gps_week_seconds_or_empty,,,,,,
GA_Harris_County_2010,gps_week_seconds_or_empty,,,,,,
GA_Heard_County_2010,gps_week_seconds_or_empty,,,,,,
GA_McIntosh_County_2010,gps_week_seconds_or_empty,,,,,,
GA_PotatoCreek_2009,gps_week_seconds_or_empty,,,,,,
GA_SW_Georgia_B1a_2017,ok,2011-09-14,2017-03-15,2017-04-02,2017-04-02,2017-04-02,2805.0
GA_SW_Georgia_B1b_2017,ok,2017-03-22,2017-03-22,2017-11-22,2017-11-24,2017-11-24,11783.0
GA_SW_Georgia_B2_2017,ok,2017-03-16,2017-03-16,2017-03-17,2017-03-22,2018-09-19,13598.0
GA_SW_Georgia_B4_2017,ok,2021-01-15,2021-01-15,2021-01-19,2021-01-30,2021-01-30,7345.0
GA_SW_Georgia_B5_2017,ok,2021-01-19,2021-01-20,2021-01-29,2021-01-30,2021-01-30,12265.0
GA_Statewide_10_2018,ok,2019-02-08,2019-03-05,2019-03-29,2019-04-21,2019-04-23,12375.0
GA_Statewide_11_2018,ok,2019-01-26,2019-01-26,2019-03-19,2019-04-23,2019-04-23,6288.0
GA_Statewide_12_2018,ok,2019-02-08,2019-03-05,2019-03-15,2019-04-23,2019-04-23,12611.0
GA_Statewide_9_2018,ok,2018-12-05,2018-12-05,2019-01-27,2019-02-05,2019-03-18,11664.0
GA_Statewide_B1_2018,ok,2019-01-27,2019-01-27,2019-02-13,2019-04-18,2019-04-22,6656.0
GA_Statewide_B2_2018,ok,2019-01-28,2019-01-31,2019-04-16,2019-04-24,2019-04-24,5466.0
GA_Statewide_B3_2018,ok,2019-03-23,2019-03-23,2019-04-01,2019-04-23,2019-04-24,6360.0
GA_Statewide_B4_2018,ok,2019-03-29,2019-03-29,2019-04-01,2019-04-04,2019-04-16,5433.0
GA_Statewide_B5_2018,ok,2019-01-22,2019-01-22,2019-04-18,2019-04-23,2019-04-23,9566.0
GA_Statewide_B6_2018,ok,2018-11-29,2018-11-29,2018-12-11,2019-04-22,2019-04-22,14491.0
GA_Statewide_B7_2018,ok,2018-11-27,2018-11-27,2018-12-04,2018-12-07,2019-04-03,7079.0
GA_Statewide_B8_2018,ok,2018-11-28,2018-11-28,2018-12-06,2019-01-28,2019-01-28,6916.0
GA_Walton_County_2010,gps_week_seconds_or_empty,,,,,,
GA_WayneCo_2010,gps_week_seconds_or_empty,,,,,,
GA_Wayne_Long_McIntosh_2010,gps_week_seconds_or_empty,,,,,,
Guam_2012,ok,2012-01-18,2012-01-18,2012-12-27,2013-02-16,2013-02-16,22154.0
HI_Hawaii_Island_2017,ok,2018-01-30,2018-01-30,2018-03-15,2020-01-06,2020-01-06,9063.0
HI_NOAAMauiOahu_1_B20,ok,2022-08-02,2022-08-03,2023-03-10,2023-07-09,2023-07-09,4108.0
HI_NOAAMauiOahu_2_B20,ok,2023-01-11,2023-01-11,2023-02-16,2023-04-20,2023-07-07,1180.0
HI_NOAAMauiOahu_3_B20,ok,2023-02-14,2023-02-14,2023-03-15,2023-03-15,2023-03-15,4430.0
HI_Volcano_B1_2019,ok,2019-07-17,2019-07-18,2019-07-20,2019-07-26,2019-07-26,4775.0
IA_Eastern_1_2019,ok,2019-12-10,2019-12-10,2019-12-15,2020-05-16,2020-06-05,20725.0
IA_Eastern_2_2019,ok,2019-12-07,2019-12-07,2020-05-04,2020-11-19,2020-11-19,4465.0
IA_Eastern_3_2019,ok,2019-12-08,2019-12-08,2020-04-04,2020-11-14,2020-11-19,8044.0
IA_FullState,gps_week_seconds_or_empty,,,,,,
IA_NorthCentral_1_2020,ok,2020-04-04,2020-04-04,2020-04-07,2020-04-22,2020-04-22,3635.0
IA_NorthCentral_2_2020,ok,2020-04-16,2020-04-16,2020-04-21,2020-04-22,2020-04-27,65000.0
IA_NorthCentral_3_2020,ok,2020-04-05,2020-04-05,2020-04-25,2020-12-05,2020-12-05,5865.0
IA_SouthCentral_1_2020,ok,2020-04-14,2020-04-14,2020-04-19,2020-04-21,2020-05-08,22776.0
IA_SouthCentral_2_2020,ok,2020-03-31,2020-03-31,2020-04-08,2020-04-21,2020-04-21,8732.0
IA_SouthCentral_3_2020,ok,2020-03-30,2020-03-30,2020-04-04,2020-04-10,2020-04-10,12586.0
IA_Western_1_2020,ok,2020-11-27,2020-11-27,2020-12-01,2021-03-29,2021-03-29,2394.0
IA_Western_2_2020,ok,2020-11-27,2020-11-27,2021-03-20,2021-03-31,2021-04-01,4567.0
IA_Western_3_2020,ok,2020-12-05,2020-12-05,2020-12-10,2021-03-28,2021-03-28,12552.0
ID_AdamsCo_1_2019,ok,2019-09-21,2019-09-21,2019-10-02,2020-07-22,2020-08-20,4933.0
ID_AdamsCo_2_2019,ok,2019-09-21,2019-09-21,2019-10-03,2020-07-22,2020-07-25,3980.0
ID_CityofRocks_2011,gps_week_seconds_or_empty,,,,,,
ID_CoeurDAlene_2009,gps_week_seconds_or_empty,,,,,,
ID_DryCreek_2007,gps_week_seconds_or_empty,,,,,,
ID_NCentral_2_D22,ok,2023-07-02,2023-07-02,2023-07-19,2023-09-16,2023-09-16,8282.0
ID_NorthForkPayette_1_2020,ok,2020-09-03,2020-09-03,2020-09-12,2020-10-09,2020-10-09,2254.0
ID_NorthernID_1_2019,ok,2019-11-09,2019-11-15,2020-07-15,2020-09-01,2020-10-02,4841.0
ID_NorthernID_2_2019,ok,2019-11-09,2019-11-09,2020-06-24,2020-08-24,2020-10-02,3731.0
ID_SouthernID_10_2018,ok,2019-11-07,2019-11-07,2020-09-04,2020-09-29,2020-09-29,1917.0
ID_SouthernID_12_2018,ok,2019-10-03,2019-10-06,2020-08-02,2020-10-06,2020-10-06,2954.0
ID_SouthernID_13_2018,ok,2020-08-09,2020-08-09,2020-09-09,2020-10-15,2020-10-15,11745.0
ID_SouthernID_14_2018,ok,2019-11-01,2019-11-01,2019-11-06,2020-07-16,2020-07-16,2424.0
ID_SouthernID_15_2018,ok,2019-09-27,2019-09-27,2019-10-12,2020-07-09,2020-08-05,4211.0
ID_SouthernID_16_SA2_2018,ok,2019-11-23,2019-11-23,2020-07-06,2020-09-27,2020-09-27,429.0
ID_SouthernID_17_2018,ok,2019-09-26,2019-10-03,2019-11-09,2020-08-04,2020-08-04,7773.0
ID_SouthernID_18_2018,ok,2019-10-15,2019-10-25,2020-07-14,2020-07-18,2020-08-08,3911.0
ID_SouthernID_19_2018,ok,2019-11-05,2019-11-05,2020-06-26,2020-09-27,2020-09-29,2958.0
ID_SouthernID_1_2018,ok,2019-10-05,2019-10-05,2019-10-06,2019-10-13,2019-11-06,3792.0
ID_SouthernID_20_2018,ok,2019-10-03,2019-11-08,2020-06-19,2020-09-29,2020-09-29,19300.0
ID_SouthernID_21_2018,ok,2019-10-05,2019-10-10,2019-10-28,2020-08-01,2020-08-01,8223.0
ID_SouthernID_22_2018,ok,2019-10-05,2019-11-14,2020-07-08,2020-09-24,2020-09-24,10081.0
ID_SouthernID_23_2018,ok,2020-05-28,2020-05-28,2020-05-28,2023-06-28,2023-06-28,13111.0
ID_SouthernID_24_2018,ok,2019-10-08,2019-10-08,2019-10-25,2023-06-28,2023-06-28,18073.0
ID_SouthernID_2_2018,ok,2019-09-27,2019-09-27,2019-10-06,2020-05-07,2020-05-07,8917.0
ID_SouthernID_3_SA2_2018,ok,2019-09-27,2019-09-27,2019-09-27,2020-05-08,2020-05-08,1989.0
ID_SouthernID_4_SA2_2018,ok,2019-09-23,2019-09-23,2019-10-28,2020-05-29,2020-05-29,553.0
ID_SouthernID_5_2018,ok,2019-09-23,2019-09-23,2019-10-07,2020-05-10,2020-05-10,10723.0
ID_SouthernID_6_2018,ok,2019-10-03,2019-10-03,2019-10-12,2019-11-03,2019-11-03,12445.0
ID_SouthernID_7_SA1_2018,ok,2020-05-29,2020-05-29,2020-05-30,2020-05-30,2020-05-30,4618.0
ID_SouthernID_9_2018,ok,2019-09-25,2019-09-25,2020-06-19,2020-06-20,2020-06-20,3634.0
ID_USGSTributary_2008,gps_week_seconds_or_empty,,,,,,
IL_10CoNRCS_2_D23,ok,2023-12-07,2023-12-07,2023-12-20,2024-03-29,2024-03-29,2164.0
IL_10CoNRCS_3_D23,ok,2023-12-11,2023-12-11,2023-12-13,2024-01-29,2024-01-29,3189.0
IL_8County_B1_2020,ok,2020-04-08,2020-04-08,2020-04-21,2020-05-04,2020-05-04,20457.0
IL_8County_B2_2020,ok,2020-03-30,2020-03-30,2020-04-03,2020-04-10,2020-04-10,21113.0
IL_8County_PlusChampaign_B1_2019,ok,2019-11-23,2019-11-23,2019-12-06,2019-12-07,2020-03-08,63276.0
IL_8County_PlusChampaign_B2_2019,ok,2019-11-23,2019-11-23,2020-04-26,2020-05-01,2020-11-12,7435.0
IL_8County_PlusChampaign_B3_QL1_2019,ok,2019-04-16,2019-04-16,2019-04-16,2019-04-16,2019-04-16,19202.0
IL_8County_PlusChampaign_B4_2019,ok,2019-11-23,2019-11-23,2019-12-05,2019-12-07,2020-03-08,711.0
IL_BooneCo_2007,gps_week_seconds_or_empty,,,,,,
IL_CassCounty_2017,ok,2017-03-21,2017-03-21,2017-03-22,2017-11-30,2017-11-30,7420.0
IL_FordIroquoisLivingston_L1_2014,ok,2015-03-31,2015-03-31,2015-04-28,2015-04-28,2015-04-28,13760.0
IL_FordIroquoisLivingston_L2_2014,ok,2015-03-31,2015-03-31,2015-05-02,2015-06-04,2015-06-04,11579.0
IL_FordIroquoisLivingston_L4_2014,ok,2015-05-01,2015-05-01,2015-05-07,2015-06-07,2015-06-07,20274.0
IL_HenryCo_2009,gps_week_seconds_or_empty,,,,,,
IL_HicksDome_FluorsparDist_2_2019,ok,2020-02-29,2020-03-07,2020-12-09,2020-12-10,2020-12-11,18004.0
IL_HicksDome_FluorsparDist_3_2019,ok,2020-12-02,2020-12-02,2020-12-05,2020-12-10,2020-12-10,3430.0
IL_HicksDome_FluorsparDistrict_B1_2019,ok,2020-02-29,2020-02-29,2020-03-06,2020-03-08,2020-03-08,5420.0
IL_Johnson-Pulaski_MassacCos_2012-2014,ok,2012-02-03,2012-02-03,2012-02-07,2012-02-12,2012-02-17,25805.0
IL_KendallCo_2010,gps_week_seconds_or_empty,,,,,,
IL_MidNorth_1_D22,ok,2022-04-03,2022-04-03,2022-04-19,2022-05-08,2022-05-08,11142.0
IL_MidNorth_2_D22,ok,2022-04-10,2022-04-10,2022-05-12,2022-06-28,2022-06-28,14146.0
IL_MidNorth_3_D22,ok,2022-05-07,2022-05-07,2022-05-12,2022-05-19,2022-06-28,11817.0
IL_MidNorth_4_D22,ok,2022-03-21,2022-03-21,2022-04-10,2022-04-10,2022-04-10,25175.0
IL_Peoria_2008,gps_week_seconds_or_empty,,,,,,
IL_SalineRiver_2010,gps_week_seconds_or_empty,,,,,,
IL_SangamonRiver_2011,gps_week_seconds_or_empty,,,,,,
IL_SouthCentral_1_2021,ok,2021-03-06,2021-03-06,2021-03-12,2021-04-04,2021-04-05,4259.0
IL_SouthCentral_2_2021,ok,2021-03-06,2021-03-07,2021-04-09,2021-04-12,2021-04-12,21846.0
IL_Wabash-Saline-FEMA_2011,gps_week_seconds_or_empty,,,,,,
IL_WabashRiver_2010,gps_week_seconds_or_empty,,,,,,
IN_ET_B6_Wells_2012,ok,2012-01-31,2012-01-31,2012-02-05,2012-02-20,2012-03-13,10668.0
IN_ET_B7_Wayne_2012,ok,2012-02-29,2012-03-07,2012-03-29,2012-04-02,2012-04-02,15221.0
IN_LakeErie_2010,gps_week_seconds_or_empty,,,,,,
IN_Statewide-BartholomewCo_2011,gps_week_seconds_or_empty,,,,,,
IN_Statewide-BooneCo_2011,gps_week_seconds_or_empty,,,,,,
IN_Statewide-BrownCo_2011,gps_week_seconds_or_empty,,,,,,
IN_Statewide-CarrollCo_2011,gps_week_seconds_or_empty,,,,,,
IN_Statewide-CassCo_2011,gps_week_seconds_or_empty,,,,,,
IN_Statewide-ClintonCo_2011,gps_week_seconds_or_empty,,,,,,
IN_Statewide-CrawfordCo_2011,gps_week_seconds_or_empty,,,,,,
IN_Statewide-ElkhartCo_2011,gps_week_seconds_or_empty,,,,,,
IN_Statewide-FultonCo_2011,gps_week_seconds_or_empty,,,,,,
IN_Statewide-HarrisonCo-2011,gps_week_seconds_or_empty,,,,,,
IN_Statewide-HowardCo_2011,gps_week_seconds_or_empty,,,,,,
IN_Statewide-JacksonCo_2011,gps_week_seconds_or_empty,,,,,,
IN_Statewide-KosciuskoCo_2011,gps_week_seconds_or_empty,,,,,,
IN_Statewide-LawrenceCo_2011,gps_week_seconds_or_empty,,,,,,
IN_Statewide-MarshallCo_2011,gps_week_seconds_or_empty,,,,,,
IN_Statewide-MiamiCo_2011,gps_week_seconds_or_empty,,,,,,
IN_Statewide-OrangeCo_2011,gps_week_seconds_or_empty,,,,,,
IN_Statewide-PulaskiCo_2011,gps_week_seconds_or_empty,,,,,,
IN_Statewide-StJosephCo_2011,gps_week_seconds_or_empty,,,,,,
IN_Statewide-StarkeCo_2011,gps_week_seconds_or_empty,,,,,,
IN_Statewide-TiptonCo_2011,gps_week_seconds_or_empty,,,,,,
IN_Statewide-WabashCo_2011,gps_week_seconds_or_empty,,,,,,
IN_Statewide-WashingtonCo_2011,gps_week_seconds_or_empty,,,,,,
IN_Statewide_B1_2017,ok,2017-03-08,2017-03-09,2017-03-22,2017-04-01,2017-04-02,15785.0
IN_Statewide_B2_2017,ok,2017-03-08,2017-03-08,2017-04-01,2017-04-02,2017-04-02,49574.0
IN_Statewide_Opt1_B1_2017,ok,2017-03-12,2017-03-16,2017-04-01,2017-04-12,2017-04-12,10675.0
IN_Statewide_Opt1_B2_2017,ok,2017-03-08,2017-03-16,2017-03-16,2017-04-09,2017-04-12,9826.0
IN_Statewide_Opt1_B3_2017,ok,2017-03-16,2017-03-16,2017-04-09,2018-03-04,2018-03-04,10235.0
IN_Statewide_Opt1_B4_2017,ok,2017-03-05,2017-03-09,2018-04-13,2018-04-13,2018-04-21,51028.0
IN_Statewide_Opt1_B5_2017,ok,2017-03-05,2017-03-06,2017-03-12,2018-04-13,2018-04-21,6573.0
IN_Statewide_Opt2_B1_2017,ok,2018-03-03,2018-03-03,2018-03-30,2018-04-22,2018-04-26,31001.0
IN_Statewide_Opt2_B2_2017,ok,2017-03-22,2018-03-03,2018-04-12,2018-04-22,2018-04-26,16879.0
IN_Statewide_Opt2_B3_2017,ok,2018-03-21,2018-03-21,2018-04-12,2018-04-27,2018-04-27,18414.0
IN_Statewide_Opt2_B4_2017,ok,2017-04-13,2018-03-15,2018-03-22,2019-03-23,2019-03-23,13315.0
IN_Statewide_Opt2_B5_2017,ok,2017-03-09,2018-03-16,2018-12-08,2018-12-26,2018-12-26,18334.0
IN_Statewide_Opt2_B6_2017,ok,2018-04-08,2018-04-08,2020-04-02,2020-04-11,2020-04-11,15003.0
KS_4Area_3_D23,ok,2023-11-28,2023-11-28,2023-11-29,2023-12-18,2023-12-18,17366.0
KS_Area1_2012,ok,2011-09-18,2012-01-20,2012-02-25,2012-03-12,2012-03-14,39811.0
KS_Area3-ButlerCo_2012,ok,2012-01-15,2012-01-15,2012-02-29,2012-04-17,2012-04-20,53521.0
KS_Area3-NortheastA_2012,ok,2012-01-15,2012-01-15,2012-01-24,2012-04-13,2012-04-17,27728.0
KS_Area3-NortheastB_2012,ok,2012-01-24,2012-01-28,2012-02-02,2012-04-13,2012-04-13,20183.0
KS_Area3-Southeast_2012,ok,2012-01-17,2012-01-17,2012-01-24,2012-01-30,2012-01-30,19549.0
KS_AtchinsonCo_2010,gps_week_seconds_or_empty,,,,,,
KS_BartonCo_2010,ok,2010-12-13,2010-12-13,2010-12-13,2010-12-15,2011-10-05,68777.0
KS_ChaseCo_2010,gps_week_seconds_or_empty,,,,,,
KS_Coffey_2010,gps_week_seconds_or_empty,,,,,,
KS_DickinsonCo_2010,gps_week_seconds_or_empty,,,,,,
KS_DodgeCity_2010,gps_week_seconds_or_empty,,,,,,
KS_DouglasCounty_2006,gps_week_seconds_or_empty,,,,,,
KS_EllsworthCo_2010,gps_week_seconds_or_empty,,,,,,
KS_Franklin_2010,gps_week_seconds_or_empty,,,,,,
KS_FtRiley_2006,gps_week_seconds_or_empty,,,,,,
KS_Geary_2010,gps_week_seconds_or_empty,,,,,,
KS_HarveyCo2_2010,gps_week_seconds_or_empty,,,,,,
KS_HarveyCo_2010,gps_week_seconds_or_empty,,,,,,
KS_JacksonCo_2006,gps_week_seconds_or_empty,,,,,,
KS_JeffersonCo_2006,gps_week_seconds_or_empty,,,,,,
KS_JewellCo_2010,gps_week_seconds_or_empty,,,,,,
KS_JohnsonCo_2006,gps_week_seconds_or_empty,,,,,,
KS_Leavenworth_2006,gps_week_seconds_or_empty,,,,,,
KS_Leavenworth_2010,gps_week_seconds_or_empty,,,,,,
KS_LincolnCo_2010,gps_week_seconds_or_empty,,,,,,
KS_LyonCo_2010,gps_week_seconds_or_empty,,,,,,
KS_Manhattan_2006,gps_week_seconds_or_empty,,,,,,
KS_MarionCo_2010,gps_week_seconds_or_empty,,,,,,
KS_MarshallCo_2010,gps_week_seconds_or_empty,,,,,,
KS_McPhersonCo_2010,gps_week_seconds_or_empty,,,,,,
KS_MiamiCo_2009,gps_week_seconds_or_empty,,,,,,
KS_MitchellCo_2010,gps_week_seconds_or_empty,,,,,,
KS_MorrisCo_2010,gps_week_seconds_or_empty,,,,,,
KS_NorthCentral_2009,gps_week_seconds_or_empty,,,,,,
KS_Osage_2010,gps_week_seconds_or_empty,,,,,,
KS_OttawaCo_2010,gps_week_seconds_or_empty,,,,,,
KS_PottawatomieCo_2010,gps_week_seconds_or_empty,,,,,,
KS_RiceCo_2010,gps_week_seconds_or_empty,,,,,,
KS_Riley_2010,gps_week_seconds_or_empty,,,,,,
KS_SalineCo_2010,gps_week_seconds_or_empty,,,,,,
KS_Sedgwick-Wichita_2008,gps_week_seconds_or_empty,,,,,,
KS_ShawneeCounty_2006,gps_week_seconds_or_empty,,,,,,
KS_Statewide_2017,ok,2017-01-27,2017-01-27,2017-01-28,2017-05-05,2017-05-05,39947.0
KS_Statewide_B10_2018,ok,2018-04-30,2018-05-06,2018-11-22,2019-01-05,2019-01-05,10446.0
KS_Statewide_B11_2018,ok,2018-01-24,2018-01-24,2018-04-24,2018-04-29,2018-04-29,10428.0
KS_Statewide_B12_2018,ok,2018-02-27,2018-03-01,2018-04-11,2018-04-17,2018-04-18,5838.0
KS_Statewide_B13_2018,ok,2018-11-24,2018-11-24,2018-12-12,2018-12-15,2018-12-15,11040.0
KS_Statewide_B14_2018,ok,2018-01-03,2018-01-04,2018-01-20,2018-02-25,2018-03-14,16072.0
KS_Statewide_B15_2018,ok,2018-01-03,2018-01-03,2018-01-25,2018-03-14,2018-03-14,6134.0
KS_Statewide_B16_2018,ok,2018-01-17,2018-01-17,2018-04-23,2019-03-22,2019-03-22,8473.0
KS_Statewide_B17_2018,ok,2018-01-02,2018-01-02,2018-03-14,2018-03-15,2018-03-15,14655.0
KS_Statewide_B18_2018,ok,2018-01-23,2018-02-16,2018-05-12,2018-05-12,2018-11-18,24643.0
KS_Statewide_B2_2018,ok,2018-11-26,2018-12-02,2018-12-08,2018-12-14,2018-12-15,9908.0
KS_Statewide_B4_2018,ok,2018-12-16,2018-12-16,2018-12-17,2018-12-19,2018-12-19,8728.0
KS_Statewide_B5_2018,ok,2018-01-18,2018-01-18,2018-02-14,2018-03-03,2018-03-03,12861.0
KS_Statewide_B6A_2018,ok,2018-02-16,2018-02-17,2018-03-13,2019-03-21,2019-03-21,17523.0
KS_Statewide_B6B_2018,ok,2018-02-27,2018-03-05,2018-03-10,2019-03-21,2019-03-21,1882.0
KS_Statewide_B7_2018,ok,2018-12-09,2018-12-15,2018-12-16,2018-12-16,2018-12-16,10101.0
KS_Statewide_B8A_2018,ok,2018-01-24,2018-03-03,2018-05-07,2018-05-09,2018-05-09,23885.0
KS_Statewide_B9_2018,ok,2018-04-29,2018-04-29,2018-05-09,2019-03-20,2020-07-25,4103.0
KS_USFWS_2010,gps_week_seconds_or_empty,,,,,,
KY_CentralEast_3_A23,ok,2023-02-08,2023-02-08,2023-02-18,2023-02-22,2023-02-22,9734.0
KY_Eastern_B1_2019,ok,2019-02-19,2019-02-19,2019-02-26,2019-03-11,2019-03-11,6980.0
KY_Eastern_B2_2019,ok,2019-02-26,2019-02-26,2019-03-17,2019-03-23,2019-03-23,4511.0
KY_FluorsparDistrict_2019,ok,2019-12-05,2019-12-05,2019-12-11,2020-02-08,2020-03-06,14905.0
KY_FullState,error_OverflowError,,,,,,
KY_Statewide_1_2021,ok,2021-03-04,2021-03-04,2021-03-13,2021-03-20,2021-03-20,451.0
KY_Western_1_A22,ok,2022-02-07,2022-02-07,2022-02-07,2022-04-14,2022-04-14,11317.0
LA_2021GNO_1_C22,ok,2021-11-12,2021-11-12,2021-11-13,2021-11-19,2021-11-20,19391.0
LA_Atchafalaya2_2013,ok,2012-12-18,2012-12-18,2012-12-18,2013-03-02,2013-03-02,11966.0
LA_AtchafalayaBasin_2010,gps_week_seconds_or_empty,,,,,,
LA_Bayou_Nezpique_TL_2018,ok,2018-04-20,2018-04-20,2018-04-20,2018-06-06,2018-06-06,3868.0
LA_BretonIsl_Topobathymetric_D22,ok,2022-10-06,2022-10-07,2022-10-09,2022-11-03,2022-11-03,6808.0
LA_CPRA_B1_2019,ok,2019-03-27,2019-03-27,2019-04-01,2019-04-10,2019-04-10,15041.0
LA_CPRA_B2_2019,ok,2019-05-14,2019-05-14,2019-05-29,2019-06-19,2019-06-19,15987.0
LA_CPRA_B3_2019,ok,2019-06-11,2019-06-11,2019-10-16,2019-10-24,2019-10-24,12177.0
LA_CPRA_B4_2019,ok,2019-04-26,2019-04-26,2019-10-17,2019-11-01,2019-11-01,11933.0
LA_CPRA_B5_2019,ok,2019-04-10,2019-04-15,2019-10-23,2019-11-04,2019-11-04,3616.0
LA_Catahoula_Concordia_1_2017,ok,2019-12-02,2019-12-02,2019-12-02,2019-12-15,2019-12-15,18507.0
LA_Catahoula_Concordia_2_2017,ok,2018-01-24,2018-01-24,2019-10-03,2019-12-04,2019-12-15,33186.0
LA_Catahoula_Concordia_3_2017,ok,2019-10-06,2019-10-10,2019-11-19,2019-11-21,2019-11-21,14569.0
LA_CoastalLouisiana_1_2020,ok,2021-03-04,2021-03-04,2021-04-22,2021-05-27,2021-11-23,7012.0
LA_CoastalLouisiana_2_2020,ok,2021-03-04,2021-03-05,2021-04-02,2021-04-04,2021-04-05,18893.0
LA_Jean-Lafitte_2013,gps_week_seconds_or_empty,,,,,,
LA_NortheastDOTD_1_2017,ok,2018-01-06,2018-01-30,2018-07-25,2018-08-03,2018-08-16,15222.0
LA_NortheastDOTD_2_2017,ok,2017-11-27,2017-11-27,2018-01-29,2018-11-15,2018-11-20,12506.0
LA_NortheastDOTD_3_2017,ok,2018-03-08,2018-03-08,2018-09-19,2019-09-03,2019-09-03,9415.0
LA_NortheastDOTD_4_2017,ok,2018-10-27,2018-10-27,2019-06-12,2019-09-12,2019-09-12,20616.0
LA_Sabine_River_Lidar_A1_2018,ok,2018-01-31,2018-01-31,2018-03-19,2018-06-10,2018-06-10,13486.0
LA_Sabine_River_Lidar_A2_2018,ok,2018-01-14,2018-01-14,2018-01-29,2018-06-08,2018-06-10,9864.0
LA_Sabine_River_Lidar_A3_2018,ok,2018-01-14,2018-01-14,2018-01-22,2018-01-29,2018-06-10,21347.0
LA_Sabine_River_Lidar_A4_2018,ok,2018-01-31,2018-01-31,2018-02-02,2018-05-15,2018-06-08,48399.0
LA_Sabine_River_Lidar_A5_2018,ok,2018-11-02,2018-11-02,2018-11-17,2019-02-17,2019-02-18,18945.0
LA_Sabine_River_Lidar_A6_2018,ok,2018-01-31,2018-01-31,2018-11-28,2018-12-10,2018-12-10,19894.0
MA_CentralEastern_1_2021,ok,2021-03-20,2021-03-20,2021-04-14,2021-04-24,2021-04-24,40686.0
MA_CentralEastern_2_2021,ok,2021-03-23,2021-03-23,2021-04-06,2021-04-23,2021-04-23,6210.0
MA_NE_CMGP_Sandy_Z19_A1_2015,ok,2013-11-18,2013-11-18,2013-12-08,2014-04-20,2014-12-27,2993.0
MD_Baltimore_2008,gps_week_seconds_or_empty,,,,,,
MD_CalvertCo_2011,gps_week_seconds_or_empty,,,,,,
MD_FEMA_AlleganyCo_2012,ok,2012-01-29,2012-01-29,2012-02-01,2012-03-06,2012-03-06,30312.0
MD_FEMA_HoopersIsland_2011,gps_week_seconds_or_empty,,,,,,
MD_FEMA_WashingtonCounty_2012,ok,2012-01-31,2012-02-01,2012-03-11,2012-03-23,2012-03-26,26327.0
MD_FEMA_WorcesterCo_2011,gps_week_seconds_or_empty,,,,,,
MD_GoldenBeach_2012,ok,2012-04-10,2012-04-10,2012-04-10,2012-04-10,2012-04-10,28941.0
MD_Kent_QueenAnne_Caroline_2006,gps_week_seconds_or_empty,,,,,,
MD_NRCS-LiDAR_2012,ok,2012-02-17,2012-02-17,2012-02-19,2012-03-12,2012-03-12,33975.0
MD_PotomacP2_TB_2021,ok,2021-10-03,2021-10-03,2021-10-04,2021-10-05,2021-10-05,5596.0
MD_PotomacRiver_Bathy_2019,ok,2019-10-21,2019-10-21,2019-10-23,2019-10-26,2019-10-26,1551.0
MD_Southeast_1_2019,ok,2020-12-19,2020-12-19,2021-01-23,2021-01-24,2021-01-28,9982.0
MD_VA_NCB_KGeorge_1_2020,ok,2020-12-06,2020-12-06,2020-12-09,2020-12-11,2020-12-12,3765.0
MD_Western_1_D21,ok,2021-12-04,2021-12-04,2021-12-09,2021-12-21,2021-12-21,5581.0
MD_Western_2_D21,ok,2021-12-14,2021-12-14,2021-12-16,2021-12-21,2021-12-21,49303.0
ME_Androscoggin_2009,gps_week_seconds_or_empty,,,,,,
ME_AroostookCo_2012,ok,2011-09-14,2012-05-03,2012-05-04,2012-05-07,2012-05-12,10146.0
ME_Augusta_2006,gps_week_seconds_or_empty,,,,,,
ME_CrownofMaine_B2_2018,ok,2018-05-13,2018-05-13,2019-05-25,2019-06-01,2019-06-08,10133.0
ME_Eastern_TL_2017,ok,2017-04-30,2017-05-05,2017-05-05,2017-11-11,2017-11-21,13105.0
ME_ME_MA_QL2_L1_2015,ok,2015-05-04,2015-05-04,2015-05-07,2015-05-09,2015-05-09,53050.0
ME_MidCentral_1_B23,ok,2023-04-28,2023-04-28,2023-05-08,2023-05-15,2023-05-18,6467.0
ME_MidCoast_1_2021,ok,2021-05-09,2021-05-09,2021-05-17,2021-05-24,2021-05-24,3710.0
ME_MidCoast_2_2021,ok,2021-05-13,2021-05-17,2022-04-20,2022-05-11,2022-05-11,6599.0
ME_MidCoast_3_2021,ok,2021-05-09,2021-05-09,2021-05-14,2021-05-20,2022-04-15,256.0
ME_SouthCentral_1_B22,ok,2022-04-07,2022-04-07,2022-04-12,2022-04-21,2022-04-21,5628.0
ME_SouthCoastal_1_2020,ok,2020-05-17,2020-05-19,2020-05-22,2020-06-10,2020-06-10,9551.0
ME_SouthCoastal_2_2020,ok,2020-05-17,2020-05-17,2020-05-19,2020-05-21,2020-05-21,14941.0
MI_31Co_Barry_2016,ok,2017-12-01,2017-12-01,2018-04-23,2018-04-23,2018-04-23,18954.0
MI_31Co_ChippewaCo_TL_2017,ok,2017-05-04,2017-05-04,2017-05-06,2017-05-06,2017-05-06,761.0
MI_31Co_EatonB_2016,ok,2018-04-22,2018-04-22,2018-04-22,2018-04-22,2018-04-22,822.0
MI_31Co_InghamB_2016,ok,2018-04-21,2018-04-21,2018-04-21,2018-04-21,2018-04-21,788.0
MI_31Co_Ogemaw_2016,ok,2016-11-12,2016-11-12,2016-11-13,2016-11-14,2016-11-14,16319.0
MI_Baraga_2015,ok,2015-10-26,2015-10-26,2015-11-08,2015-11-15,2015-11-15,11320.0
MI_CalhounCo_2017,ok,2017-04-18,2017-04-18,2017-04-18,2017-04-23,2017-04-23,14524.0
MI_Charlevoix_Islands_TL_2018,ok,2015-11-16,2015-11-16,2015-11-16,2015-11-21,2015-11-21,39211.0
MI_DickinsonCo-NRCS_2012,ok,2012-11-15,2012-11-15,2012-11-16,2012-11-16,2012-11-16,46887.0
MI_FEMA_Alcona_Oscoda_2019,ok,2019-05-14,2019-05-14,2019-05-16,2019-05-18,2019-05-18,8677.0
MI_FEMA_Alpena_Montmorency_2019,ok,2020-04-26,2020-04-26,2020-04-26,2020-04-27,2020-04-27,16652.0
MI_FEMA_Cheboygan_2019,ok,2019-05-12,2019-05-12,2019-05-12,2019-05-25,2019-05-25,14294.0
MI_FEMA_Chippewa_2019,ok,2019-05-26,2019-05-26,2019-05-26,2019-05-30,2019-05-30,3711.0
MI_FEMA_Crawford_Kalkaska_2019,ok,2019-05-17,2019-05-17,2019-05-21,2019-05-30,2019-05-30,10221.0
MI_FEMA_Dickinson_Iron_Menominee_2019,ok,2020-05-02,2020-05-05,2020-05-11,2020-06-28,2020-06-28,8911.0
MI_FEMA_Gogebic_2019,ok,2019-05-21,2019-05-21,2019-05-21,2020-05-29,2020-05-29,6405.0
MI_FEMA_Houghton_Keweenaw_Ontonagon_2019,ok,2019-05-26,2019-05-26,2019-05-30,2020-05-21,2020-05-21,2685.0
MI_FEMA_Luce_Schoolcraft_2019,ok,2020-05-13,2020-05-13,2020-05-17,2020-05-19,2020-05-19,9275.0
MI_LakeErie_UTM16_2010,gps_week_seconds_or_empty,,,,,,
MI_LakeErie_UTM17_2010,gps_week_seconds_or_empty,,,,,,
MI_Marquette_2015,error_OverflowError,,,,,,
MI_SaginawBay_2011,ok,2011-11-18,2011-11-18,2012-04-04,2012-04-06,2012-04-06,24542.0
MN_BeckerCo_1_2021,ok,2022-05-15,2022-05-15,2022-05-27,2022-06-09,2022-09-18,14595.0
MN_CentralMissRiver_1_B22,ok,2022-05-14,2022-05-14,2022-05-19,2022-05-27,2022-05-27,8406.0
MN_CentralMissRiver_2_B22,ok,2022-05-23,2022-05-23,2022-05-27,2022-05-29,2022-06-02,22606.0
MN_CentralMissRiver_3_B22,ok,2022-05-27,2022-05-27,2023-05-04,2023-05-17,2023-05-17,12525.0
MN_CentralMissRiver_4_B22,ok,2022-05-04,2022-05-04,2022-05-10,2022-05-16,2022-05-24,6705.0
MN_CentralMissRiver_5_B22,ok,2022-05-13,2022-05-13,2022-05-14,2022-05-24,2022-05-24,10266.0
MN_CentralMissRiver_6_B22,ok,2022-05-10,2022-05-10,2022-05-15,2022-05-23,2022-05-23,6394.0
MN_ChippewaCo_2010,gps_week_seconds_or_empty,,,,,,
MN_CottonwoodCo_2010,gps_week_seconds_or_empty,,,,,,
MN_FullState,ok,2011-05-03,2011-05-15,2011-09-17,2012-11-02,2012-11-08,39303.0
MN_GoodhueCo_1_2020,ok,2020-04-08,2020-04-08,2020-04-22,2020-05-03,2020-05-03,8559.0
MN_KandiyohiCo_2010,gps_week_seconds_or_empty,,,,,,
MN_LakeCounty_2018,ok,2018-09-22,2018-09-22,2018-10-04,2018-10-22,2018-10-22,14341.0
MN_LakeSuperior_1_2021,ok,2021-04-25,2021-04-25,2021-04-29,2021-05-02,2021-05-02,19972.0
MN_LakeSuperior_2_2021,ok,2021-04-30,2021-04-30,2021-05-02,2021-05-18,2021-05-18,8752.0
MN_MORiverBigSioux_1_B21,ok,2022-04-27,2022-04-27,2022-05-10,2022-05-23,2022-05-23,10234.0
MN_MurrayCo_2010,gps_week_seconds_or_empty,,,,,,
MN_RainyLake_1_2020,ok,2021-04-16,2021-04-17,2021-04-30,2021-05-17,2021-05-17,11222.0
MN_RainyLake_2_2020,ok,2021-04-16,2021-04-16,2021-04-20,2021-05-08,2021-05-08,24121.0
MN_RenvilleCo_2010,gps_week_seconds_or_empty,,,,,,
MN_RiverEast_1_B23,ok,2023-04-11,2023-04-11,2023-04-14,2023-05-10,2023-05-10,5313.0
MN_RiverWest_1_B23,ok,2023-05-04,2023-05-04,2023-05-20,2023-06-19,2023-06-20,12845.0
MN_RiverWest_2_B23,ok,2023-05-16,2023-05-16,2023-05-23,2023-06-20,2023-06-20,16291.0
MN_RiverWest_3_B23,ok,2023-05-25,2023-05-25,2023-05-26,2023-06-20,2023-06-20,6922.0
MN_RockCo_2010,gps_week_seconds_or_empty,,,,,,
MN_SEDriftless_1_2021,ok,2021-04-22,2021-04-22,2021-06-05,2021-06-13,2021-06-13,5300.0
MN_SEDriftless_2_2021,ok,2021-04-25,2021-04-25,2021-05-01,2022-05-15,2022-05-15,8846.0
MN_SEDriftless_3_2021,ok,2021-05-08,2021-05-08,2021-05-11,2022-05-15,2022-05-15,5077.0
MN_SEDriftless_4_2021,ok,2022-05-06,2022-05-06,2022-05-07,2022-05-19,2022-05-19,26.0
MN_SEDriftless_5_2021,ok,2021-04-16,2021-04-16,2021-04-17,2021-05-13,2021-05-13,21798.0
MN_SibleyCo_2010,gps_week_seconds_or_empty,,,,,,
MN_SwiftCo_2010,gps_week_seconds_or_empty,,,,,,
MN_UpperMissRiver_2_B22,ok,2022-05-23,2022-05-24,2022-06-08,2022-06-23,2022-07-01,3523.0
MN_UpperMissRiver_4_B22,ok,2022-06-09,2022-06-09,2022-07-09,2022-07-25,2022-07-27,5095.0
MN_UpperMissRiver_5_B22,ok,2022-06-09,2022-06-15,2022-06-20,2022-07-18,2022-07-18,7661.0
MN_UpperMissRiver_6_B22,ok,2022-05-23,2022-05-23,2022-06-04,2022-06-20,2022-07-16,12103.0
MN_WasecaCo_2010,gps_week_seconds_or_empty,,,,,,
MO_7Co_1_D23,ok,2023-04-05,2023-04-05,2023-04-08,2023-04-19,2023-04-19,5226.0
MO_AR_CapeGirardeau_Stoddard_2013,ok,2013-12-26,2013-12-26,2014-04-16,2015-03-21,2015-03-21,14864.0
MO_AR_CapeGirardeau_Stoddard_UTM15_2013,ok,2013-12-31,2013-12-31,2014-04-16,2015-03-21,2015-03-21,12496.0
MO_AdairCo_2011,gps_week_seconds_or_empty,,,,,,
MO_BarryCo_2011,gps_week_seconds_or_empty,,,,,,
MO_BooneCo_2009,gps_week_seconds_or_empty,,,,,,
MO_Clay_County_2008,gps_week_seconds_or_empty,,,,,,
MO_Cole-Callaway-Osage_2010,gps_week_seconds_or_empty,,,,,,
MO_CooperCo_2011,gps_week_seconds_or_empty,,,,,,
MO_DuckCreek_2009,no_gpstime,,,,,,
MO_DunklinCo_2012,gps_week_seconds_or_empty,,,,,,
MO_FEMANRCS_1_2020,ok,2020-04-15,2020-04-15,2020-04-18,2020-12-05,2020-12-05,814.0
MO_FEMANRCS_2_2020,ok,2020-04-08,2020-04-08,2020-04-10,2020-11-28,2020-11-28,20290.0
MO_FEMANRCS_3_2020,ok,2020-04-10,2020-04-10,2020-04-27,2020-11-27,2020-11-27,20298.0
MO_FranklinCo_2011,gps_week_seconds_or_empty,,,,,,
MO_GreeneCo_2011,gps_week_seconds_or_empty,,,,,,
MO_HowardCo_2011,gps_week_seconds_or_empty,,,,,,
MO_JasperCo_2010,gps_week_seconds_or_empty,,,,,,
MO_JeffersonGenevieve_2010,gps_week_seconds_or_empty,,,,,,
MO_LincolnCo_2011,gps_week_seconds_or_empty,,,,,,
MO_LivingstonCo_2011,gps_week_seconds_or_empty,,,,,,
MO_LivingstonCounty_2011,gps_week_seconds_or_empty,,,,,,
MO_MaconCo_2011,gps_week_seconds_or_empty,,,,,,
MO_MonroeAudrainMontgomeryCos_2011,gps_week_seconds_or_empty,,,,,,
MO_NSEMO_1_2021,ok,2021-12-21,2021-12-21,2022-01-05,2022-04-14,2022-04-14,332.0
MO_NSEMO_2_2021,ok,2021-11-28,2021-11-28,2021-12-08,2021-12-16,2021-12-16,4271.0
MO_Platte_County_2008,gps_week_seconds_or_empty,,,,,,
MO_PutnamCo_2011,gps_week_seconds_or_empty,,,,,,
MO_RandolphCo_2012,gps_week_seconds_or_empty,,,,,,
MO_RayCo_2011,gps_week_seconds_or_empty,,,,,,
MO_Rolla_2011,gps_week_seconds_or_empty,,,,,,
MO_SE11County_1_B24,ok,2024-03-17,2024-03-17,2024-03-24,2024-04-13,2024-04-13,9906.0
MO_SouthernMO_1_D22,ok,2023-03-15,2023-03-15,2023-03-17,2023-03-20,2023-03-20,12949.0
MO_SouthernMO_2_D22,ok,2023-03-19,2023-03-19,2023-03-20,2023-03-20,2023-03-20,325.0
MO_Southwest_1_2021,ok,2021-12-06,2021-12-06,2021-12-09,2021-12-13,2021-12-22,8998.0
MO_Southwest_2_2021,ok,2021-12-16,2021-12-16,2022-01-29,2022-01-31,2022-01-31,62210.0
MO_StFrancoisCo_2011,gps_week_seconds_or_empty,,,,,,
MO_StFrancois_2012,gps_week_seconds_or_empty,,,,,,
MO_StLouis_2012,gps_week_seconds_or_empty,,,,,,
MO_Steelville_2011,gps_week_seconds_or_empty,,,,,,
MO_SullivanCo_2012,gps_week_seconds_or_empty,,,,,,
MO_UpperGrand_2011,gps_week_seconds_or_empty,,,,,,
MO_Washinton-IronCo_2011,gps_week_seconds_or_empty,,,,,,
MO_WestCentral_1_2018,ok,2019-12-03,2019-12-03,2019-12-13,2020-02-02,2020-02-02,14510.0
MO_WestCentral_2_2018,ok,2019-12-07,2019-12-07,2020-02-20,2020-02-21,2020-03-06,6289.0
MO_WestCentral_3_2018,ok,2019-12-12,2019-12-12,2019-12-12,2020-04-09,2020-04-09,1776.0
MO_WestCentral_4_2018,ok,2019-12-07,2019-12-07,2019-12-10,2020-02-22,2020-02-22,13964.0
MS_CampShelby_2006,gps_week_seconds_or_empty,,,,,,
MS_MSDeltaYazoo-Phase1_2009,gps_week_seconds_or_empty,,,,,,
MS_MississippiDelta_3_2018,ok,2019-01-10,2019-01-10,2020-12-06,2020-12-10,2020-12-13,3071.0
MS_MississippiDelta_4_2018,ok,2019-01-29,2019-01-29,2019-02-09,2020-12-09,2020-12-13,4860.0
MS_MississippiDelta_A1_2018,ok,2018-02-18,2018-02-18,2019-01-27,2019-02-08,2019-02-08,64707.0
MS_MississippiDelta_A2_2018,ok,2019-01-27,2019-01-29,2019-02-18,2019-02-18,2019-02-18,17902.0
MS_NRCS-Lauderdale_2013,ok,2013-01-31,2013-01-31,2013-02-09,2013-03-03,2013-03-03,26844.0
MS_NRCS_East_1_2018,ok,2020-02-07,2020-02-07,2020-02-08,2020-02-09,2020-02-09,10203.0
MS_NRCS_East_2_2018,ok,2019-12-11,2019-12-11,2020-01-01,2020-02-09,2020-02-09,6651.0
MS_NRCS_East_3_2018,ok,2020-02-09,2020-02-09,2021-01-04,2021-01-14,2021-01-14,4914.0
MS_NRCS_East_4_2018,ok,2020-02-09,2020-02-09,2021-01-04,2021-01-14,2021-01-14,7735.0
MS_Tupelo_2012,ok,2012-02-07,2012-02-07,2012-02-24,2012-03-05,2012-03-05,14975.0
MT_DNRC_1_2018,ok,2019-05-30,2019-05-30,2019-05-30,2019-05-30,2019-05-30,9665.0
MT_HCW_1_2021,ok,2021-09-16,2021-09-16,2021-09-21,2021-10-24,2021-10-24,4552.0
MT_HCW_2_2021,ok,2021-09-08,2021-09-08,2021-09-25,2021-10-16,2021-10-16,4424.0
MT_Helena_2012,ok,2012-05-08,2012-05-08,2012-05-09,2012-05-09,2012-05-09,55110.0
MT_NRCS_B1_QL1_2018,ok,2018-07-05,2018-07-05,2018-07-05,2018-07-05,2018-07-05,13487.0
MT_NRCS_B1_QL2_2018,ok,2018-07-03,2018-07-06,2018-07-07,2018-07-16,2018-07-16,9026.0
MT_NRCS_B2_2018,ok,2018-05-30,2018-05-30,2018-06-28,2018-07-13,2018-07-13,3471.0
MT_RavalliGraniteCusterPowderRiver_2_2019,ok,2019-10-25,2020-03-29,2020-04-27,2020-04-30,2020-04-30,10159.0
MT_RavalliGraniteCusterPowder_1_2019,ok,2020-06-02,2020-06-02,2020-07-27,2020-08-04,2020-08-04,350.0
MT_RavalliGraniteCusterPowder_4_2019,ok,2020-05-09,2020-06-02,2020-07-31,2020-08-28,2020-08-29,1380.0
MT_SageGrouse_2010,gps_week_seconds_or_empty,,,,,,
MT_StatewideP4_1_B22,ok,2022-07-19,2022-07-19,2022-07-28,2022-07-30,2022-07-30,7725.0
MT_StatewideP4_2_B22,ok,2022-06-12,2022-06-22,2022-07-28,2022-08-12,2022-08-12,5706.0
MT_StatewideP4_3_B22,ok,2022-07-31,2022-07-31,2022-08-01,2022-08-03,2022-08-03,8386.0
MT_StatewideP4_4_B22,ok,2022-07-30,2022-07-30,2022-08-16,2022-08-31,2022-09-17,7796.0
MT_StatewideP4_5_B22,ok,2022-07-17,2022-07-17,2022-08-25,2022-09-10,2022-09-10,7163.0
MT_StatewideP4_6_B22,ok,2022-07-16,2022-07-16,2022-08-29,2022-09-17,2022-09-17,6362.0
MT_StatewideP4_7_B22,ok,2022-09-03,2022-09-03,2022-09-04,2022-09-05,2022-09-05,1292.0
MT_StatewideP4_8_B22,ok,2022-06-16,2022-06-16,2022-06-26,2022-08-26,2022-08-27,9936.0
MT_StatewideP4_9_B22,ok,2022-08-10,2022-08-10,2022-08-27,2022-09-21,2022-09-21,7865.0
MT_Statewide_P2_1_2020,ok,2020-10-08,2020-10-09,2020-10-13,2021-05-01,2021-05-11,18378.0
MT_Statewide_P2_2_2020,ok,2020-08-12,2020-08-12,2020-09-03,2020-09-09,2020-09-09,9211.0
MT_Statewide_P2_3_2020,ok,2020-09-11,2020-09-16,2021-05-27,2021-06-03,2021-06-03,6446.0
MT_Statewide_P2_4_2020,ok,2020-09-11,2020-09-11,2020-09-12,2021-05-01,2021-05-10,201.0
MT_Statewide_P2_5_2020,ok,2020-08-12,2020-08-13,2020-10-05,2021-07-15,2021-07-15,6948.0
MT_Statewide_P3_1_B21,ok,2021-09-04,2021-09-04,2021-10-18,2022-09-25,2022-10-07,11234.0
MT_Statewide_P3_2_B21,ok,2021-09-27,2021-09-30,2021-10-20,2022-06-08,2022-06-08,4166.0
MT_Statewide_P3_3_B21,ok,2021-09-08,2021-09-08,2021-09-15,2022-08-28,2022-08-28,2080.0
MT_Statewide_P3_4_B21,ok,2021-10-02,2021-10-03,2021-10-18,2022-07-31,2022-08-05,480.0
MT_Statewide_P3_5_B21,ok,2021-09-04,2021-09-21,2021-10-02,2022-07-29,2022-08-29,12481.0
NC_BladenCo_2014,ok,2014-02-07,2014-02-08,2014-02-24,2014-03-11,2014-03-11,10969.0
NC_BrunswickCo_2014,ok,2014-02-14,2014-02-14,2014-02-22,2014-03-10,2014-03-10,12501.0
NC_ColumbusCo_2014,ok,2014-02-22,2014-02-22,2014-02-24,2014-03-08,2014-03-11,6756.0
NC_DuplinCo_2014,ok,2014-02-09,2014-02-09,2014-02-19,2014-03-09,2014-03-09,13566.0
NC_EdgecombeCo_2014,ok,2014-02-17,2014-02-17,2014-02-17,2014-03-14,2014-03-14,20343.0
NC_FranklinCo_2014,ok,2014-02-08,2014-02-08,2014-02-23,2014-02-28,2014-03-14,11413.0
NC_GreeneCo_2014,ok,2014-02-14,2014-02-14,2014-02-17,2014-03-13,2014-03-13,11801.0
NC_HalifaxCo_2014,ok,2014-02-17,2014-02-17,2014-03-01,2014-03-14,2014-03-14,11012.0
NC_HurFlo_NOAA_12_2020,ok,2019-12-10,2019-12-10,2020-04-14,2020-06-22,2020-06-22,41.0
NC_HurFlo_NOAA_13_2020,ok,2019-12-07,2019-12-08,2020-01-10,2020-08-22,2020-08-25,10757.0
NC_HurFlo_NOAA_14_2020,ok,2019-11-26,2019-11-26,2019-11-28,2020-02-27,2020-03-12,9175.0
NC_HurFlo_NOAA_15_2020,ok,2019-12-02,2019-12-02,2019-12-02,2020-03-12,2020-03-12,3190.0
NC_HurricaneFlorence_10_2020,ok,2019-12-08,2019-12-08,2019-12-16,2020-01-10,2020-01-26,16191.0
NC_HurricaneFlorence_11_2020,ok,2019-12-15,2019-12-15,2020-01-29,2020-02-28,2020-02-28,8702.0
NC_HurricaneFlorence_1_2020,ok,2019-12-10,2019-12-12,2020-01-06,2020-01-08,2020-02-15,6518.0
NC_HurricaneFlorence_2_2020,ok,2019-12-08,2019-12-08,2019-12-20,2020-01-07,2020-01-08,5641.0
NC_HurricaneFlorence_3_2020,ok,2019-12-08,2019-12-15,2019-12-16,2019-12-20,2020-01-16,17325.0
NC_HurricaneFlorence_4_2020,ok,2020-01-30,2020-01-30,2020-01-30,2020-02-02,2020-02-02,11347.0
NC_HurricaneFlorence_5_2020,ok,2019-12-12,2019-12-16,2020-01-09,2020-01-26,2020-01-26,10954.0
NC_HurricaneFlorence_6_2020,ok,2019-12-16,2019-12-16,2020-01-26,2020-02-08,2020-02-08,8625.0
NC_HurricaneFlorence_7_2020,ok,2019-12-12,2019-12-12,2020-01-05,2020-01-08,2020-01-08,13172.0
NC_HurricaneFlorence_8_2020,ok,2019-12-16,2019-12-16,2020-01-01,2020-02-23,2020-02-23,8183.0
NC_HurricaneFlorence_9_2020,ok,2020-01-18,2020-01-18,2020-02-03,2020-02-28,2020-02-28,10920.0
NC_JohnstonCo_2014,ok,2014-02-08,2014-02-08,2014-02-09,2014-02-17,2014-02-19,11883.0
NC_LenoirCo_2014,ok,2014-02-14,2014-02-14,2014-02-16,2014-03-08,2014-03-08,11226.0
NC_NashCo_2014,ok,2014-02-08,2014-02-08,2014-02-19,2014-02-23,2014-02-23,30608.0
NC_NewHanoverCo_2014,ok,2014-02-14,2014-02-14,2014-02-25,2014-03-09,2014-03-09,4108.0
NC_PenderCo_2014,ok,2014-02-18,2014-02-18,2014-02-24,2014-03-09,2014-03-09,9546.0
NC_Phase4_Lincoln_2016,ok,2017-01-25,2017-01-25,2017-02-02,2017-02-06,2017-02-06,9289.0
NC_Phase5_Ashe_2017,ok,2017-03-05,2017-03-05,2017-03-05,2017-03-09,2017-03-09,11632.0
NC_Phase5_Avery_2017,ok,2017-03-05,2017-03-06,2017-03-10,2017-03-24,2017-03-24,8375.0
NC_Phase5_Buncombe_2017,ok,2017-02-14,2017-02-14,2017-04-05,2017-04-10,2017-04-10,8667.0
NC_Phase5_Burke_2017,ok,2017-02-11,2017-02-11,2017-02-18,2017-03-24,2017-03-24,7702.0
NC_Phase5_Caldwell_2017,ok,2017-02-18,2017-02-18,2017-03-10,2017-03-24,2017-03-24,12679.0
NC_Phase5_Cherokee_2017,ok,2017-03-13,2017-03-13,2017-04-10,2017-04-11,2017-04-11,7141.0
NC_Phase5_Clay_2017,ok,2017-04-02,2017-04-02,2017-04-10,2017-04-11,2017-04-11,6654.0
NC_Phase5_Graham_2017,ok,2017-03-13,2017-03-13,2017-04-02,2017-04-10,2017-04-10,11107.0
NC_Phase5_Haywood_2017,ok,2017-04-02,2017-04-02,2017-04-05,2017-04-09,2017-04-10,10108.0
NC_Phase5_Henderson_2017,ok,2017-02-11,2017-02-11,2017-03-10,2017-04-05,2017-04-08,9845.0
NC_Phase5_Jackson_2017,ok,2017-03-11,2017-03-11,2017-04-02,2017-04-10,2017-04-11,8865.0
NC_Phase5_Macon_2017,ok,2017-03-11,2017-03-13,2017-04-10,2017-04-11,2017-04-11,8798.0
NC_Phase5_Madison_2017,ok,2017-03-04,2017-03-24,2017-04-09,2017-04-10,2017-04-10,10506.0
NC_Phase5_McDowell_2017,ok,2017-02-11,2017-02-11,2017-02-18,2017-03-20,2017-03-24,10209.0
NC_Phase5_Mitchell_2017,ok,2017-02-18,2017-02-18,2017-03-20,2017-03-20,2017-03-24,9044.0
NC_Phase5_Polk_2017,ok,2017-02-11,2017-02-11,2017-02-13,2017-02-14,2017-02-14,12746.0
NC_Phase5_Rutherford_2017,ok,2017-02-11,2017-02-11,2017-02-14,2017-02-18,2017-02-18,9000.0
NC_Phase5_Swain_2017,ok,2017-03-13,2017-03-13,2017-04-02,2017-04-10,2017-04-10,6049.0
NC_Phase5_Transylvania_2017,ok,2017-03-09,2017-03-09,2017-03-20,2017-04-08,2017-04-08,11199.0
NC_Phase5_Watauga_2017,ok,2017-03-05,2017-03-05,2017-03-08,2017-03-09,2017-03-09,11245.0
NC_Phase5_Yancey_2017,ok,2017-02-18,2017-02-18,2017-03-20,2017-04-08,2017-04-10,10857.0
NC_RobesonCo_2014,ok,2014-02-10,2014-02-10,2014-03-09,2014-03-10,2014-03-11,17374.0
NC_SampsonCo_2014,ok,2014-02-07,2014-02-07,2014-02-17,2014-03-09,2014-03-09,6921.0
NC_SpartaEQ_1_2020,ok,2020-12-12,2020-12-12,2020-12-13,2020-12-14,2020-12-14,13811.0
NC_VanceCo_2014,ok,2014-02-23,2014-02-23,2014-02-28,2014-02-28,2014-02-28,11092.0
NC_WarrenCo_2014,ok,2014-02-22,2014-02-22,2014-02-28,2014-03-02,2014-03-02,15173.0
NC_WayneCo_2014,ok,2014-02-08,2014-02-08,2014-02-17,2014-03-09,2014-03-14,10419.0
NC_WilsonCo_2014,ok,2014-02-08,2014-02-08,2014-02-19,2014-02-22,2014-03-14,11778.0
ND_3DEPProcessing_1_D22,ok,2019-05-31,2019-05-31,2020-11-18,2021-04-10,2021-04-10,10010.0
ND_3DEPProcessing_2_D22,ok,2016-11-14,2016-11-14,2020-05-19,2021-04-29,2021-04-29,8491.0
ND_3DEPProcessing_3_D22,ok,2017-05-04,2017-05-05,2020-10-23,2021-04-28,2021-04-29,20538.0
ND_3DEPProcessing_4_D22,ok,2016-11-19,2016-11-19,2017-05-06,2017-05-12,2017-05-13,6374.0
ND_3DEPProcessing_5_D22,ok,2020-10-09,2020-10-09,2021-04-03,2021-04-28,2021-04-29,11870.0
ND_3DEPProcessing_6_D22,ok,2019-05-26,2019-05-26,2020-10-12,2021-04-01,2021-04-01,6570.0
ND_Phase10_1_C23,ok,2021-10-16,2021-10-16,2021-10-27,2021-11-04,2021-11-04,4462.0
ND_Phase10_2_C23,ok,2021-10-18,2021-10-18,2021-10-27,2021-10-28,2021-10-28,3170.0
ND_SouthWest_1_D21,ok,2021-10-29,2021-10-29,2021-11-05,2021-11-08,2021-11-08,15705.0
ND_SouthWest_2_D21,ok,2021-11-06,2021-11-06,2021-11-06,2021-11-07,2021-11-07,10843.0
NE_CherryBrownCuster_Partial_1_2020,ok,2021-03-19,2021-03-19,2021-04-02,2021-04-10,2021-04-14,4778.0
NE_CumingCo_2010,gps_week_seconds_or_empty,,,,,,
NE_NIROC-PapioCo_2010,ok,2011-09-20,2011-09-20,2011-09-20,2011-09-20,2020-04-21,37445.0
NE_Niobrara_Topobathy_2018,ok,2020-08-24,2020-08-25,2020-08-25,2020-08-26,2020-08-28,10507.0
NE_Northeast_1_2020,ok,2020-03-31,2020-03-31,2020-04-10,2020-04-22,2020-04-23,30378.0
NE_Northeast_2_2020,ok,2020-03-29,2020-03-29,2020-04-28,2020-06-03,2020-06-03,9224.0
NE_Northeast_3_2020,ok,2020-04-18,2020-04-18,2020-04-23,2020-04-26,2020-04-26,7480.0
NE_Northeast_Phase2_1_2020,ok,2020-11-18,2020-11-18,2020-11-19,2020-12-01,2020-12-01,12558.0
NE_Northeast_Phase2_2_2020,ok,2020-11-16,2020-11-16,2020-12-04,2020-12-09,2020-12-09,7935.0
NE_PostSpringFlood_OrthoLidar_B1_2019,ok,2019-06-01,2019-06-01,2019-06-04,2019-06-07,2019-06-07,5309.0
NE_PostSpringFlood_OrthoLidar_TL_2019,ok,2019-06-01,2019-06-02,2019-06-04,2019-06-26,2019-06-26,2136.0
NE_Rainwater-1_2009,gps_week_seconds_or_empty,,,,,,
NE_Rainwater-2_2009,error_OverflowError,,,,,,
NE_SouthernNE_B1_2018,ok,2019-04-13,2019-04-13,2019-04-26,2019-05-13,2019-05-13,36506.0
NE_SouthernNE_B2_2018,ok,2019-04-18,2019-04-18,2019-04-30,2019-05-02,2019-05-05,22655.0
NE_SouthernNE_B3_2018,ok,2019-04-20,2019-04-26,2019-05-05,2019-05-13,2019-05-13,9397.0
NE_SouthernNE_B4A_2018,ok,2019-04-23,2019-04-23,2019-04-26,2019-05-11,2019-05-13,8717.0
NE_SouthernNE_B4B_2018,ok,2020-02-20,2020-02-20,2020-02-20,2020-02-21,2020-02-21,4503.0
NE_SouthernNE_B5_2018,ok,2020-02-20,2020-02-20,2020-02-20,2020-02-21,2020-02-21,1919.0
NE_Southwest_1_2020,ok,2020-11-21,2020-11-21,2020-12-05,2021-03-05,2021-03-05,5084.0
NE_Southwest_2_2020,ok,2020-11-26,2020-11-27,2020-12-07,2021-03-04,2021-03-05,12031.0
NE_Statewide_1_D23,ok,2023-11-13,2023-11-14,2023-11-15,2023-11-18,2023-12-15,49628.0
NE_Statewide_2_D23,ok,2023-11-19,2023-11-19,2023-12-16,2023-12-18,2023-12-21,16076.0
NE_Statewide_3_D23,ok,2023-11-17,2023-11-18,2023-12-19,2024-02-26,2024-03-06,10690.0
NH_Coastal_1_2019,ok,2019-11-23,2019-11-25,2020-04-12,2020-04-23,2020-04-23,5484.0
NH_Coastal_2_2019,ok,2019-11-16,2019-11-16,2019-11-21,2020-04-23,2020-04-23,5534.0
NH_Umbagog_2016,ok,2016-04-06,2016-04-10,2018-05-11,2018-05-24,2018-05-24,4546.0
NJ_CapeMayCo_2008,gps_week_seconds_or_empty,,,,,,
NJ_CumberlandCo_2008,gps_week_seconds_or_empty,,,,,,
NJ_GloucesterCo_2007,gps_week_seconds_or_empty,,,,,,
NJ_NW6Co_2017,ok,2017-04-15,2017-04-15,2018-04-09,2018-04-27,2018-04-27,11542.0
NJ_SalemCo_2008,gps_week_seconds_or_empty,,,,,,
NJ_SalemCo_2009,gps_week_seconds_or_empty,,,,,,
NJ_South_Jersey_FEMA_2018,ok,2019-03-08,2019-03-08,2019-03-11,2019-04-16,2019-04-16,590.0
NJ_SouthernNJ_2018,ok,2019-03-13,2019-03-29,2019-04-04,2019-04-23,2019-04-23,11045.0
NJ_SussexWarren_2008,gps_week_seconds_or_empty,,,,,,
NM_Albuquerque_2010,gps_week_seconds_or_empty,,,,,,
NM_HermitsPeak_1_D23,ok,2023-09-17,2023-09-17,2023-09-27,2023-10-08,2024-09-04,8335.0
NM_MRCOG_B1_2018,ok,2018-03-18,2018-03-18,2018-03-31,2018-04-07,2018-04-09,4258.0
NM_McKinley_CoalMine_2012,ok,2012-10-26,2012-10-26,2012-10-26,2012-10-26,2012-10-26,46736.0
NM_NRCS_MiddleRioGrande_2017,ok,2018-03-18,2018-03-18,2018-04-01,2018-04-22,2018-04-22,2356.0
NM_Navajo-Pinabete_CoalMine_2012,ok,2012-10-26,2012-10-26,2012-10-26,2012-10-26,2012-10-26,16807.0
NM_NorthCentral_B1_2016,ok,2016-11-12,2016-11-13,2017-06-14,2017-07-17,2017-07-18,4312.0
NM_NorthCentral_B2_2016,ok,2016-09-29,2016-10-04,2016-11-20,2017-07-20,2017-07-22,3865.0
NM_NorthWest_B1_2018,ok,2018-11-17,2018-11-17,2018-11-21,2018-11-28,2018-11-28,6664.0
NM_NorthWest_B2A_2018,ok,2018-11-20,2018-11-20,2018-11-20,2018-11-25,2018-11-25,19423.0
NM_NorthWest_B2B_2018,ok,2018-11-17,2018-11-17,2018-11-20,2018-11-21,2018-11-21,13643.0
NM_NorthWest_B3B_2018,ok,2018-11-20,2018-11-20,2018-11-20,2018-11-20,2018-11-20,30266.0
NM_NorthWest_B4_2018,ok,2018-11-14,2018-11-15,2018-11-18,2018-11-18,2018-11-18,14420.0
NM_NorthWest_Jicarilla_TL_2018,ok,2018-11-21,2018-11-21,2018-11-25,2018-11-28,2018-11-28,15599.0
NM_NorthWest_Navajo_A_TL_2018,ok,2018-11-14,2018-11-14,2018-11-19,2018-11-24,2018-11-25,6210.0
NM_NorthWest_Navajo_B_TL_2018,ok,2018-11-17,2018-11-17,2018-11-20,2018-11-28,2018-11-28,40659.0
NM_NorthWest_SouthernUte_TL_2018,ok,2018-11-18,2018-11-18,2018-11-20,2018-11-26,2018-11-26,1797.0
NM_NorthWest_UteMountain_TL_2018,ok,2018-11-14,2018-11-14,2018-11-14,2018-11-14,2018-11-14,1688.0
NM_NorthWest_Zuni_TL_2018,ok,2018-11-20,2018-11-21,2018-11-21,2018-11-25,2018-11-25,4036.0
NM_Northeast_B1_2018,ok,2018-01-13,2018-01-13,2018-01-23,2018-01-29,2018-02-11,6921.0
NM_Northeast_B2_2018,ok,2017-12-02,2017-12-02,2018-01-19,2018-02-02,2018-02-11,5440.0
NM_Northeast_B3_2018,ok,2017-11-24,2017-12-05,2018-01-09,2018-02-02,2018-02-03,3904.0
NM_Northeast_B4_2018,ok,2017-11-20,2017-11-20,2018-01-30,2018-02-08,2018-02-09,4234.0
NM_Northeast_B5_2018,ok,2017-11-20,2017-11-22,2018-01-31,2018-02-09,2018-02-09,3426.0
NM_RioSanJose_TL_2016,ok,2016-12-15,2016-12-18,2017-05-22,2017-05-28,2017-06-12,3037.0
NM_SouthCentral_Acoma_TL_2018,ok,2019-05-04,2019-05-04,2019-05-05,2019-05-05,2019-05-05,1714.0
NM_SouthCentral_Apache_TL_2018,ok,2019-05-15,2019-05-15,2019-05-16,2019-05-16,2019-05-16,1140.0
NM_SouthCentral_B10_2018,ok,2019-04-18,2019-04-18,2019-05-09,2019-05-30,2019-06-06,14943.0
NM_SouthCentral_B1_2018,ok,2018-11-20,2018-11-20,2018-11-27,2018-12-21,2018-12-21,11544.0
NM_SouthCentral_B2_2018,ok,2018-11-21,2018-11-21,2019-01-09,2019-01-28,2019-01-29,13481.0
NM_SouthCentral_B4_2018,ok,2018-11-29,2018-12-03,2019-05-01,2019-05-04,2019-05-04,7777.0
NM_SouthCentral_B5_2018,ok,2018-12-30,2018-12-31,2019-05-16,2019-05-30,2019-05-30,4328.0
NM_SouthCentral_B6_2018,ok,2018-11-20,2018-11-23,2019-01-23,2019-03-24,2019-05-27,11732.0
NM_SouthCentral_B7_2018,ok,2018-12-04,2018-12-04,2019-03-23,2019-05-08,2019-05-26,10029.0
NM_SouthCentral_B8_2018,ok,2018-11-20,2019-01-07,2019-04-14,2019-05-30,2019-06-06,16447.0
NM_SouthCentral_B9_2018,ok,2018-12-05,2019-03-25,2019-05-04,2019-06-04,2019-06-04,7560.0
NM_SouthCentral_Fort_Sill_TL_2018,ok,2018-11-26,2018-11-26,2018-11-27,2018-11-27,2018-11-27,18081.0
NM_SouthCentral_Navajo_A_TL_2018,ok,2019-05-06,2019-05-06,2019-05-06,2019-05-06,2019-05-06,5841.0
NM_SouthCentral_Navajo_B_TL_2018,ok,2019-03-28,2019-03-28,2019-03-28,2019-03-28,2019-03-28,8368.0
NM_SouthCentral_Zuni_TL_2018,ok,2019-05-14,2019-05-14,2019-05-15,2019-05-15,2019-05-15,2414.0
NM_SouthEast_B1_2018,ok,2018-11-27,2018-11-29,2019-01-10,2019-05-04,2019-05-04,6571.0
NM_SouthEast_B2_2018,ok,2018-11-18,2018-11-18,2018-11-27,2019-01-12,2019-04-29,7975.0
NM_SouthEast_B3_2018,ok,2018-12-05,2018-12-05,2018-12-16,2019-01-10,2019-04-29,12521.0
NM_SouthEast_B4_2018,ok,2018-12-10,2018-12-10,2019-01-15,2019-04-29,2019-04-29,9326.0
NM_SouthEast_B5_2018,ok,2018-11-23,2018-11-28,2018-12-03,2018-12-09,2019-01-03,34000.0
NM_SouthEast_B7_2018,ok,2018-11-20,2018-11-20,2018-11-23,2018-11-25,2018-12-04,6153.0
NM_SouthEast_B8_2018,ok,2018-11-17,2018-11-17,2018-11-21,2018-12-23,2018-12-23,2971.0
NM_USFSEnchantedCircle_1_D24,ok,2024-06-28,2024-06-29,2024-07-26,2024-09-02,2024-09-03,16157.0
NM_WhiteSandsNM_2020,ok,2020-01-18,2020-01-18,2020-01-18,2020-01-19,2020-01-19,6682.0
NV_ClarkCo_1_B22,ok,2022-07-08,2022-07-08,2022-07-12,2022-08-01,2022-08-01,12475.0
NV_ClarkCo_2_B22,ok,2022-07-08,2022-07-08,2022-07-08,2022-07-31,2022-08-01,21357.0
NV_ClarkCounty_B1_2018,ok,2018-04-14,2018-04-14,2018-04-15,2018-04-17,2018-04-17,581.0
NV_EastCentral_1_D21,ok,2021-11-03,2022-06-06,2022-07-15,2022-07-22,2022-09-09,8230.0
NV_EastCentral_2_D21,ok,2021-10-15,2021-10-15,2021-11-06,2022-10-20,2022-10-20,17452.0
NV_EastCentral_3_D21,ok,2022-05-21,2022-05-23,2022-07-03,2022-07-17,2022-08-18,11269.0
NV_EastCentral_4_D21,ok,2022-05-16,2022-05-16,2022-05-24,2022-07-09,2022-07-16,11146.0
NV_EastCentral_5_D21,ok,2021-10-16,2021-10-28,2021-11-06,2022-09-09,2022-10-20,9058.0
NV_Humboldt_1_2021,ok,2021-09-23,2021-09-23,2021-09-30,2021-10-11,2021-10-11,7371.0
NV_Humboldt_2_2021,ok,2021-09-13,2021-09-13,2021-09-30,2021-10-15,2021-10-15,8921.0
NV_Humboldt_3_2021,ok,2021-09-13,2021-09-15,2021-09-23,2021-10-16,2021-10-17,12928.0
NV_LasVegasValley_2010,gps_week_seconds_or_empty,,,,,,
NV_NWElko_1_D20,ok,2020-10-03,2020-10-04,2020-10-17,2021-06-12,2021-11-08,6346.0
NV_NWElko_2_D20,ok,2020-10-09,2020-10-10,2020-10-23,2020-11-01,2021-11-08,9279.0
NV_NyeNE_1_D23,ok,2023-06-17,2023-06-17,2023-06-26,2023-09-16,2023-09-16,5205.0
NV_Southern_1_D23,ok,2023-10-09,2023-10-16,2023-10-19,2023-10-30,2023-11-02,12082.0
NV_Southern_2_D23,ok,2023-10-09,2023-10-18,2023-10-31,2023-11-02,2023-12-17,13775.0
NV_Southern_3_D23,ok,2023-08-30,2023-08-30,2023-09-06,2023-10-31,2023-11-02,6336.0
NV_Southern_5_D23,ok,2023-08-06,2023-08-06,2023-08-08,2023-10-14,2023-10-14,2140.0
NV_USFSR4_1_D23,ok,2023-07-26,2023-08-07,2023-08-07,2023-08-07,2023-08-25,14713.0
NV_USFSR4_2_D23,ok,2023-08-25,2023-08-25,2023-08-28,2023-09-09,2023-09-09,6900.0
NV_WestCentralEarthMRI_1_2020,ok,2020-10-15,2020-10-15,2020-10-24,2020-10-31,2020-11-04,6939.0
NV_WestCentralEarthMRI_2_2020,ok,2020-10-18,2020-10-18,2020-10-28,2020-11-19,2020-11-20,11245.0
NV_WestCentralEarthMRI_3_2020,ok,2020-10-15,2020-10-15,2020-10-18,2020-11-02,2020-11-03,8789.0
NV_WestCentralEarthMRI_4_2020,ok,2020-10-18,2020-10-18,2020-10-24,2020-11-05,2020-11-05,7743.0
NV_WestCentralEarthMRI_5_2020,ok,2020-10-22,2020-10-22,2020-11-03,2020-11-20,2020-11-20,11643.0
NV_WestCentralEarthMRI_6_2020,ok,2020-10-13,2020-10-13,2020-10-24,2020-10-27,2020-10-27,908.0
NY_3County_2019,ok,2019-04-25,2019-04-25,2019-05-06,2019-05-15,2019-05-15,43029.0
NY_Columbia_Rensselaer_2016,ok,2015-12-20,2015-12-20,2016-01-07,2016-03-21,2016-03-21,7314.0
NY_FEMAR2_Central_2_2018,ok,2019-05-18,2019-05-18,2019-06-23,2019-06-23,2020-09-24,12183.0
NY_FEMAR2_Central_3_2018,ok,2019-04-16,2019-04-17,2019-05-15,2019-05-17,2019-05-18,26805.0
NY_FEMAR2_Central_4_2018,ok,2019-04-25,2019-04-25,2020-09-20,2020-09-24,2020-09-24,4948.0
NY_FEMAR2_Central_5_2018,ok,2019-04-13,2019-04-13,2019-04-16,2020-03-21,2020-09-22,37823.0
NY_FEMAR2_Central_B1_2018,ok,2019-01-04,2019-01-04,2019-04-24,2019-04-25,2019-04-25,564.0
NY_FingerLakes_1_2020,ok,2020-05-02,2020-05-02,2020-05-05,2020-05-14,2020-05-14,7894.0
NY_HudsonRiverRegion_1_2020,ok,2018-08-11,2018-08-24,2019-07-11,2019-10-12,2019-10-14,2825.0
NY_Hudson_1_D22,ok,2022-11-08,2022-11-08,2022-11-10,2023-04-15,2023-04-15,2996.0
NY_NewYorkCity,ok,2013-08-05,2014-03-22,2014-03-27,2014-04-19,2014-04-21,33699.0
NY_Region2Lot1-FEMA_2012,ok,2012-03-20,2012-03-21,2012-04-13,2012-04-30,2012-04-30,35412.0
NY_SE4County_1_A22,ok,2022-04-14,2022-04-14,2022-04-23,2022-04-30,2022-04-30,8749.0
NY_Southwest_B2_2017,ok,2017-11-15,2017-11-15,2017-11-28,2017-12-04,2018-04-22,2497.0
OH_ChippewaWatershed_2017,ok,2017-03-23,2017-03-23,2017-03-23,2017-03-23,2017-03-23,6962.0
OH_StatewideP3_1_B21,ok,2021-12-12,2022-04-14,2022-04-20,2022-04-27,2022-04-28,5494.0
OH_StatewideP3_2_B21,ok,2022-03-13,2022-03-13,2022-04-10,2022-04-20,2022-04-20,4923.0
OH_StatewideP3_3_B21,ok,2021-12-09,2021-12-12,2022-03-21,2022-04-15,2022-04-23,3353.0
OH_StatewideP3_4_B21,ok,2022-04-22,2022-04-22,2022-04-23,2022-04-23,2022-04-23,13197.0
OH_StatewideP3_5_B21,ok,2022-02-20,2022-02-20,2022-03-21,2022-04-20,2022-12-21,3638.0
OH_StatewideP3_7_B21,ok,2022-03-17,2022-03-21,2022-04-29,2022-05-08,2022-05-08,2790.0
OH_StatewideP3_8_B21,ok,2020-12-10,2020-12-10,2020-12-11,2021-01-13,2021-01-13,6700.0
OH_Statewide_Phase1_1_2019,ok,2019-11-09,2019-11-09,2019-12-12,2020-03-16,2020-03-26,1216.0
OH_Statewide_Phase1_2_2019,ok,2019-11-04,2019-11-04,2019-12-05,2020-02-21,2020-02-21,11939.0
OH_Statewide_Phase1_3_2019,ok,2019-11-08,2019-11-08,2020-03-09,2020-04-19,2020-04-19,4755.0
OH_Statewide_Phase1_4_2019,ok,2020-02-23,2020-02-23,2020-04-15,2020-04-27,2020-04-27,15761.0
OH_Statewide_Phase1_5_2019,ok,2019-11-04,2019-11-04,2019-11-18,2020-04-27,2020-04-27,6588.0
OH_Statewide_Phase1_6_2019,ok,2020-02-22,2020-02-22,2020-04-14,2020-04-19,2020-04-19,28886.0
OH_Statewide_Phase1_7_2019,ok,2019-11-26,2019-11-30,2020-04-02,2020-05-02,2020-05-02,8563.0
OH_Statewide_Phase1_8_2019,ok,2019-11-09,2019-11-09,2019-11-09,2021-12-21,2021-12-21,14144.0
OH_Statewide_Phase2_1_2020,ok,2020-12-11,2020-12-11,2021-03-06,2021-04-13,2021-04-13,3444.0
OH_Statewide_Phase2_2_2020,ok,2021-03-07,2021-03-07,2021-03-14,2021-03-19,2021-04-13,11283.0
OH_Statewide_Phase2_3_2020,ok,2021-01-23,2021-01-23,2021-03-23,2021-03-29,2021-03-29,12808.0
OH_Statewide_Phase2_4_2020,ok,2021-03-10,2021-03-12,2021-03-17,2021-04-03,2021-04-03,10369.0
OH_Statewide_Phase2_5_2020,ok,2021-03-21,2021-03-21,2021-04-03,2021-04-19,2021-04-19,6127.0
OH_Statewide_Phase2_6_2020,ok,2020-11-19,2020-11-19,2021-03-22,2021-04-03,2021-04-05,8885.0
OH_Statewide_Phase2_7_2020,ok,2020-11-24,2020-11-24,2021-04-03,2021-04-19,2021-04-19,13553.0
OH_Statewide_Phase2_8_2020,ok,2020-11-19,2020-11-19,2020-11-29,2021-04-05,2021-04-19,5446.0
OK_GrandLake_2010,gps_week_seconds_or_empty,,,,,,
OK_McIntosh_2011,ok,2011-12-09,2011-12-09,2011-12-09,2011-12-10,2011-12-10,26671.0
OK_Panhandle_B1A_2018,ok,2019-01-16,2019-01-16,2019-02-08,2019-03-01,2019-03-01,16823.0
OK_Panhandle_B1B_2018,ok,2019-01-30,2019-01-30,2019-03-06,2019-03-07,2019-03-07,15938.0
OK_Panhandle_B1C_2018,ok,2019-02-25,2019-02-25,2019-03-06,2019-03-07,2019-03-07,45683.0
OK_Panhandle_B2_2018,ok,2019-01-08,2019-01-08,2019-02-12,2019-03-02,2019-03-02,9307.0
OK_Pottawatomie_2011,ok,2011-12-08,2011-12-08,2011-12-10,2011-12-11,2011-12-11,29473.0
OK_Statewide_1_D22,ok,2022-12-14,2022-12-14,2023-01-03,2023-01-18,2023-01-18,2519.0
OK_Statewide_2_D22,ok,2022-12-17,2022-12-17,2022-12-25,2023-01-13,2023-01-26,32071.0
OK_Stillwater_2010,gps_week_seconds_or_empty,,,,,,
OK_WashitaRiver_14NAD83_2009,gps_week_seconds_or_empty,,,,,,
OK_WashitaRiver_14WGS84_2009,ok,2011-09-15,2011-09-15,2011-09-16,2011-09-20,2020-03-26,34170.0
OK_WashitaRiver_UTM15_2009,gps_week_seconds_or_empty,,,,,,
OR_HarneySilver_1_2020,ok,2014-10-15,2014-10-15,2014-11-08,2017-08-29,2017-08-29,2258.0
OR_HarneySilver_2_2020,ok,2014-11-08,2017-08-27,2017-08-31,2017-09-11,2017-09-11,6597.0
OR_HarneySilver_3_2020,ok,2017-08-28,2017-08-28,2017-08-30,2018-08-03,2018-08-03,2608.0
OR_HarneySilver_4_2020,ok,2020-07-27,2020-07-27,2020-07-28,2020-07-28,2020-07-28,6235.0
OR_Klamath_2018,ok,2018-09-15,2018-09-15,2018-09-17,2018-10-13,2018-10-13,2628.0
OR_MKRC_Topobathy_2021,ok,2021-07-26,2021-07-26,2021-07-28,2021-07-28,2021-07-28,6031.0
OR_Malheur_1_A22,ok,2022-07-01,2022-07-01,2022-07-06,2022-07-09,2022-07-09,11366.0
OR_Malheur_USFS_2010,gps_week_seconds_or_empty,,,,,,
OR_McKenzieRiver_1_2021,ok,2021-07-04,2021-07-04,2021-07-05,2021-07-06,2021-07-06,5094.0
OR_NRCSUSGS_1_2019,ok,2019-10-11,2019-10-11,2019-10-31,2019-11-02,2019-11-02,9147.0
OR_NRCSUSGS_2_2019,ok,2019-11-05,2019-11-05,2019-11-07,2019-11-09,2019-11-09,8727.0
OR_NRCSUSGS_3_2019,ok,2019-11-02,2019-11-02,2019-11-10,2019-11-30,2019-11-30,3876.0
OR_NRCSUSGS_4_2019,ok,2019-10-30,2019-11-01,2020-03-05,2020-07-29,2020-07-29,9444.0
OR_NRCSUSGS_5_2019,ok,2019-10-10,2019-10-10,2019-10-10,2019-10-12,2019-10-12,10250.0
OR_OLCMetro_2019,ok,2019-05-08,2019-05-13,2019-07-25,2019-08-31,2019-09-03,9210.0
OR_PoleCreek_2013,ok,2013-10-08,2013-10-08,2013-10-10,2013-10-11,2013-10-11,65497.0
OR_SWCentralSycan_1_B21,ok,2021-09-03,2021-09-03,2021-10-02,2022-07-22,2022-07-22,8343.0
OR_SWCentralSycan_2_B21,ok,2020-06-22,2020-06-22,2020-06-25,2022-07-22,2022-07-22,6549.0
OR_SWCentralSycan_3_B21,ok,2021-10-15,2021-10-15,2021-10-17,2021-10-19,2021-10-19,2185.0
OR_SWCentralSycan_4_B21,ok,2022-07-19,2022-07-19,2022-07-19,2022-07-19,2022-07-19,9529.0
OR_SouthEast_1_D22,ok,2022-10-10,2022-10-10,2022-10-27,2023-05-20,2023-06-16,5866.0
OR_SouthEast_2_D22,ok,2022-11-06,2022-11-06,2023-06-01,2023-06-15,2023-06-15,6632.0
OR_SouthEast_3_D22,ok,2022-11-08,2022-11-08,2023-06-05,2023-06-24,2023-06-30,11567.0
OR_SouthEast_4_D22,ok,2023-06-15,2023-06-15,2023-07-01,2023-07-23,2023-07-23,9816.0
OR_SouthEast_5_D22,ok,2023-06-15,2023-06-15,2023-06-30,2023-07-27,2023-07-27,19469.0
OR_SouthEast_6_D22,ok,2023-06-02,2023-06-02,2023-07-17,2023-08-11,2023-08-11,9695.0
OR_SouthEast_7_D22,ok,2023-06-01,2023-06-03,2023-06-15,2023-08-08,2023-09-10,9773.0
OR_SouthEast_8_D22,ok,2023-06-22,2023-06-22,2023-08-05,2023-09-28,2023-09-28,11027.0
OR_UmatillaWallowaWhitman_1_B22,ok,2022-08-11,2022-08-11,2022-08-28,2022-08-29,2022-08-29,17286.0
OR_UpperJohnDay_1_2020,ok,2019-11-05,2019-11-06,2020-08-10,2020-08-19,2020-08-20,8551.0
OR_WWildfires_1_A22,ok,2022-08-02,2022-08-02,2022-08-18,2022-09-07,2022-09-07,1905.0
OR_WWildfires_2_A22,ok,2020-05-07,2020-05-07,2020-05-11,2020-07-31,2020-09-03,2539.0
PA_3_County_South_Central_2018,ok,2017-11-23,2017-11-29,2018-03-06,2018-04-13,2018-04-13,6065.0
PA_Northcentral_B1_2019,ok,2019-03-20,2019-03-20,2019-03-26,2019-03-28,2019-03-28,3015.0
PA_Northcentral_B2_2019,ok,2019-03-26,2019-03-26,2019-04-02,2019-04-11,2019-04-11,13424.0
PA_Northcentral_B3QL1_2019,ok,2019-03-23,2019-03-23,2019-03-27,2019-03-27,2019-03-28,884.0
PA_Northcentral_B3_2019,ok,2019-03-26,2019-03-26,2019-04-11,2019-05-08,2019-05-08,6291.0
PA_Northcentral_B4_2019,ok,2019-03-26,2019-03-26,2019-11-16,2019-11-16,2019-11-16,20467.0
PA_Northcentral_B5_2019,ok,2019-03-24,2019-03-24,2019-04-16,2019-11-23,2019-11-23,8926.0
PA_WesternPA_1_2019,ok,2019-11-18,2019-11-18,2019-12-07,2020-03-09,2020-03-09,10406.0
PA_WesternPA_2_2019,ok,2019-11-25,2019-11-25,2019-11-26,2020-03-22,2020-03-22,31606.0
PA_WesternPA_3_2019,ok,2020-04-25,2020-04-25,2020-04-25,2020-04-27,2020-04-27,2489.0
PA_WesternPA_4_2019,ok,2020-01-07,2020-01-07,2020-01-07,2020-04-20,2020-05-02,20274.0
PI_CNMI_hydroflattened_2019,ok,2019-07-11,2019-07-11,2019-07-18,2019-08-08,2020-07-11,3367.0
PI_CNMI_hydroflattened_ellipsoid_2019,ok,2019-07-26,2019-07-28,2019-07-28,2020-02-27,2020-07-02,1718.0
PI_CNMI_topobathymetric_2019,ok,2019-07-11,2019-07-11,2019-07-18,2019-08-08,2020-07-11,5434.0
PI_CNMI_topobathymetric_ellipsoid_2019,ok,2019-07-26,2019-07-26,2019-07-29,2020-07-02,2020-07-02,5069.0
RI_Statewide_1_D22,ok,2022-03-26,2022-03-26,2022-03-29,2022-03-30,2022-03-30,7805.0
SC_AndersonCo_2011,gps_week_seconds_or_empty,,,,,,
SC_BerkeleyCo_2009,gps_week_seconds_or_empty,,,,,,
SC_Berkeley_2016,ok,2016-12-16,2017-02-26,2017-03-02,2017-03-05,2017-03-09,32541.0
SC_Berkeley_B2_2016,ok,2017-02-27,2017-02-27,2017-03-03,2017-03-05,2017-03-05,14136.0
SC_CherokeeCo_2008,gps_week_seconds_or_empty,,,,,,
SC_ChesterCo_2008,gps_week_seconds_or_empty,,,,,,
SC_ChesterfieldCo_2008,gps_week_seconds_or_empty,,,,,,
SC_ClarendonCo_2008,gps_week_seconds_or_empty,,,,,,
SC_DarlingtonCo_2008,gps_week_seconds_or_empty,,,,,,
SC_DillonCo_2008,gps_week_seconds_or_empty,,,,,,
SC_FairfieldCo_2008,gps_week_seconds_or_empty,,,,,,
SC_FlorenceCo_2009,gps_week_seconds_or_empty,,,,,,
SC_GreenwoodCo_2008,gps_week_seconds_or_empty,,,,,,
SC_Kershaw_2010,gps_week_seconds_or_empty,,,,,,
SC_LancasterCo_2008,gps_week_seconds_or_empty,,,,,,
SC_LaurensCo_2008,gps_week_seconds_or_empty,,,,,,
SC_LexingtonCo_2010,gps_week_seconds_or_empty,,,,,,
SC_MarionCo_2008,gps_week_seconds_or_empty,,,,,,
SC_MarlboroCo_2008,gps_week_seconds_or_empty,,,,,,
SC_NewberryCo_2008,gps_week_seconds_or_empty,,,,,,
SC_OconeeCo_2011,gps_week_seconds_or_empty,,,,,,
SC_OrangeburgCo_2008,gps_week_seconds_or_empty,,,,,,
SC_PickensCo_2011,gps_week_seconds_or_empty,,,,,,
SC_RichlandCo_2010,gps_week_seconds_or_empty,,,,,,
SC_SaludaCo_2010,gps_week_seconds_or_empty,,,,,,
SC_SavannahPeeDee_1_2019,ok,2020-01-01,2020-01-01,2020-01-12,2020-01-26,2020-02-03,6132.0
SC_SavannahPeeDee_2_2019,ok,2020-01-05,2020-01-05,2020-01-09,2020-01-22,2020-01-22,2303.0
SC_SavannahPeeDee_3_2019,ok,2020-01-01,2020-01-01,2020-01-19,2020-01-29,2020-02-03,7367.0
SC_SavannahPeeDee_4_2019,ok,2020-01-20,2020-01-20,2020-01-20,2020-01-20,2020-01-20,5505.0
SC_SavannahPeeDee_5_2019,ok,2020-01-17,2020-01-20,2020-01-20,2020-02-02,2020-02-03,42012.0
SC_SavannahPeeDee_6_2019,ok,2020-01-05,2020-01-05,2020-01-21,2020-03-20,2020-03-20,4936.0
SC_SavannahPeeDee_6_ReFlight_2019,ok,2020-01-28,2020-01-28,2020-01-30,2022-01-12,2022-01-12,6671.0
SC_SavannahPeeDee_7_2019,ok,2020-01-20,2020-01-20,2020-01-28,2020-03-12,2020-03-12,1247.0
SC_SavannahPeeDee_8_2019,ok,2020-01-20,2020-01-20,2020-01-20,2020-01-20,2020-01-20,1323.0
SC_UnionCo_2008,gps_week_seconds_or_empty,,,,,,
SC_WilliamsburgCo_2008,gps_week_seconds_or_empty,,,,,,
SC_YorkCo_2011,gps_week_seconds_or_empty,,,,,,
SD_Beadle_County_2012,gps_week_seconds_or_empty,,,,,,
SD_Brookings_2012,gps_week_seconds_or_empty,,,,,,
SD_CentralNorth_1_D22,ok,2022-04-21,2022-04-25,2022-04-28,2022-10-31,2022-11-01,18749.0
SD_CentralNorth_2_D22,ok,2022-04-21,2022-04-21,2023-05-10,2023-11-11,2023-11-11,8647.0
SD_Clark_County_2012,gps_week_seconds_or_empty,,,,,,
SD_Clay_County_2012,gps_week_seconds_or_empty,,,,,,
SD_Codington_County_2012,gps_week_seconds_or_empty,,,,,,
SD_Davison_County_2012,gps_week_seconds_or_empty,,,,,,
SD_Deuel_County_2012,gps_week_seconds_or_empty,,,,,,
SD_EasternP2_1_2021,ok,2021-04-18,2021-04-18,2021-04-30,2021-05-07,2021-11-23,17320.0
SD_EasternP2_2_2021,ok,2021-05-01,2021-05-01,2022-10-30,2022-11-04,2022-12-01,7269.0
SD_EasternSD_1_2020,ok,2020-04-18,2020-04-18,2020-05-01,2020-05-12,2020-05-12,3988.0
SD_EasternSD_2_2020,ok,2020-05-14,2020-05-14,2020-11-19,2020-11-23,2020-12-01,12914.0
SD_EasternSD_3_2020,ok,2020-04-10,2020-04-11,2020-05-03,2020-12-22,2020-12-22,4397.0
SD_Grant_County_2012,gps_week_seconds_or_empty,,,,,,
SD_Hanson_County_2012,gps_week_seconds_or_empty,,,,,,
SD_Hutchinson_County_2012,gps_week_seconds_or_empty,,,,,,
SD_James_River_NRCS_G_2010,gps_week_seconds_or_empty,,,,,,
SD_James_River_NRCS_H_2010,gps_week_seconds_or_empty,,,,,,
SD_James_River_NRCS_I_2010,gps_week_seconds_or_empty,,,,,,
SD_James_River_NRCS_J_2010,gps_week_seconds_or_empty,,,,,,
SD_Kingsbury_County_2012,gps_week_seconds_or_empty,,,,,,
SD_LincolnCo_2008,gps_week_seconds_or_empty,,,,,,
SD_MO-River-Dewberry-B7_2016,ok,2016-05-26,2016-05-26,2016-05-29,2016-05-30,2016-05-30,8171.0
SD_MO-River-Dewberry-B8_2016,ok,2016-05-26,2016-05-29,2016-06-05,2016-06-10,2016-06-10,8257.0
SD_MORiver_Woolpert_B3_2016,ok,2016-11-26,2016-11-27,2017-04-16,2017-04-22,2017-04-22,19844.0
SD_MORiver_Woolpert_TL_2016,ok,2017-03-18,2017-03-18,2017-03-28,2017-04-18,2017-04-18,3770.0
SD_MO_River_Dewberry_B1_2016,ok,2016-06-26,2016-06-26,2016-06-27,2016-06-29,2016-06-29,8095.0
SD_MO_River_Dewberry_B2_2016,ok,2016-06-13,2016-06-23,2016-06-24,2016-06-29,2016-06-29,52839.0
SD_MO_River_Dewberry_B3_2016,ok,2016-06-13,2016-06-13,2016-06-15,2016-06-17,2016-06-17,13666.0
SD_MO_River_Dewberry_B4_2016,ok,2016-06-09,2016-06-12,2016-06-15,2016-06-16,2016-06-16,4798.0
SD_MO_River_Dewberry_B5_2016,ok,2016-06-07,2016-06-07,2016-06-07,2016-06-13,2016-06-13,6608.0
SD_McCook_County_2012,gps_week_seconds_or_empty,,,,,,
SD_Miner_County_2012,gps_week_seconds_or_empty,,,,,,
SD_MinnehahaCo_2008,gps_week_seconds_or_empty,,,,,,
SD_Moody_County_2012,gps_week_seconds_or_empty,,,,,,
SD_NRCS_QSI_A1_2017,ok,2017-03-24,2017-03-25,2017-04-02,2017-04-18,2017-04-22,28070.0
SD_NRCS_QSI_A1_TL_2017,ok,2017-03-24,2017-03-25,2017-04-01,2017-04-13,2017-04-22,8333.0
SD_NRCS_QSI_A2_2017,ok,2017-03-22,2017-03-22,2017-04-14,2017-04-22,2017-04-27,59621.0
SD_NRCS_QSI_A2_TL_2017,ok,2017-04-07,2017-04-07,2017-04-07,2017-04-14,2017-04-14,730.0
SD_NRCS_QSI_A3_2017,ok,2017-11-05,2017-11-05,2017-11-12,2017-11-26,2017-11-27,21040.0
SD_NRCS_QSI_A4_2017,ok,2017-11-05,2017-11-10,2017-11-23,2017-11-28,2017-12-15,23402.0
SD_NRCS_QSI_A5_2017,ok,2017-11-20,2017-11-20,2017-11-22,2017-11-28,2017-12-15,35921.0
SD_RileyPass_2012,gps_week_seconds_or_empty,,,,,,
SD_Roberts_County_2012,gps_week_seconds_or_empty,,,,,,
SD_Sanborn_County_2012,gps_week_seconds_or_empty,,,,,,
SD_Southwest_B1_2018,ok,2018-05-14,2018-05-14,2018-05-21,2018-05-26,2018-05-26,14193.0
SD_Southwest_B2_2018,ok,2018-04-22,2018-04-22,2018-04-29,2018-07-02,2018-11-14,7869.0
SD_Southwest_B3_2018,ok,2018-10-15,2018-10-15,2018-10-17,2018-10-20,2018-10-20,10738.0
SD_Spink_County_2012,gps_week_seconds_or_empty,,,,,,
SD_Turner_County_2012,gps_week_seconds_or_empty,,,,,,
SD_Union_County_2012,gps_week_seconds_or_empty,,,,,,
SD_Yankton_County_2012,gps_week_seconds_or_empty,,,,,,
TN_DavidsonCo_1_2022,ok,2022-03-20,2022-03-20,2022-03-21,2022-03-21,2022-03-21,12349.0
TN_Memphis_2011,ok,2011-09-18,2011-09-18,2011-09-18,2011-09-19,2011-12-01,95777.0
TN_Nashville_2011,gps_week_seconds_or_empty,,,,,,
TN_OSMRE-GPSC_2011,gps_week_seconds_or_empty,,,,,,
TN_ShelbyCo_2012,ok,2012-01-23,2012-01-23,2012-01-23,2012-01-24,2012-01-24,33523.0
TN_WestTN_B1_2019,ok,2015-12-17,2015-12-17,2016-01-05,2019-03-28,2019-03-29,1632.0
TN_WestTN_B2_2019,ok,2019-12-11,2019-12-11,2019-12-11,2020-02-02,2020-02-02,7424.0
TN_WestTN_B3_2019,ok,2019-02-08,2019-02-08,2020-12-18,2021-01-17,2021-01-17,7434.0
TX_Aransas_Refugio_2006,gps_week_seconds_or_empty,,,,,,
TX_Bell-Burnet-McLennan_2011,gps_week_seconds_or_empty,,,,,,
TX_Brazoria_2006,gps_week_seconds_or_empty,,,,,,
TX_CentralEast_1_A23,ok,2024-01-07,2024-01-07,2024-01-20,2024-03-05,2024-03-10,41238.0
TX_CentralEast_2_A23,ok,2024-01-18,2024-01-18,2024-01-19,2024-01-20,2024-01-20,18136.0
TX_Chambers_2006,gps_week_seconds_or_empty,,,,,,
TX_Coastal_B1_2018,ok,2018-01-13,2018-01-13,2018-01-31,2018-03-21,2018-03-23,12898.0
TX_Coastal_B2_Z14_2018,ok,2018-01-18,2018-01-22,2018-01-25,2018-03-02,2018-03-02,20568.0
TX_Coastal_B2_Z15_2018,ok,2018-01-13,2018-01-22,2018-01-31,2018-03-07,2018-03-22,65210.0
TX_Coastal_B3_2018,ok,2018-01-13,2018-01-17,2018-01-24,2018-03-14,2018-03-20,36845.0
TX_ColemanCo_2006,gps_week_seconds_or_empty,,,,,,
TX_DesertMountains_B1_2018,ok,2019-09-11,2019-09-12,2019-09-27,2019-10-20,2019-10-20,9758.0
TX_DesertMountains_B2_2018,ok,2019-09-12,2019-09-12,2019-10-06,2019-10-08,2019-10-19,11462.0
TX_FayetteCo_2008,gps_week_seconds_or_empty,,,,,,
TX_Galveston_2006,gps_week_seconds_or_empty,,,,,,
TX_HaysCo_2008,gps_week_seconds_or_empty,,,,,,
TX_Hurricane_B4_2018,ok,2019-01-12,2019-01-13,2019-02-13,2019-02-21,2019-02-21,11215.0
TX_Hurricane_B5B_2018,ok,2019-01-29,2019-01-29,2019-02-08,2019-02-12,2019-02-12,54969.0
TX_Hurricane_B5_2018,ok,2019-01-13,2019-01-13,2019-01-20,2019-02-13,2019-02-13,1563.0
TX_Jackson_2006,gps_week_seconds_or_empty,,,,,,
TX_Jefferson_2006,gps_week_seconds_or_empty,,,,,,
TX_KimbleCo_2006,gps_week_seconds_or_empty,,,,,,
TX_LCRA_Thalweg_2006,gps_week_seconds_or_empty,,,,,,
TX_LowerRioGrande_1_D22,ok,2023-01-25,2023-01-25,2023-02-03,2023-02-05,2023-02-05,4594.0
TX_LowerRioGrande_2_D22,ok,2023-01-22,2023-01-22,2023-01-25,2023-02-04,2023-02-05,1249.0
TX_LowerRioGrande_3_D22,ok,2023-02-09,2023-02-09,2023-02-09,2023-02-27,2023-03-03,42509.0
TX_LowerRioGrande_4_D22,ok,2023-01-22,2023-01-22,2023-01-22,2023-02-18,2023-02-18,3781.0
TX_Mason_2007,gps_week_seconds_or_empty,,,,,,
TX_Matagorda_2006,gps_week_seconds_or_empty,,,,,,
TX_MenardCo_2006,gps_week_seconds_or_empty,,,,,,
TX_MillsCo_2006,gps_week_seconds_or_empty,,,,,,
TX_Orange_2006,gps_week_seconds_or_empty,,,,,,
TX_Pecos_Dallas_B1_2018,ok,2019-01-26,2019-01-26,2019-02-05,2019-02-11,2019-02-11,6772.0
TX_Pecos_Dallas_B2a_2018,ok,2019-03-07,2019-03-07,2019-03-09,2019-03-20,2019-04-20,20066.0
TX_Pecos_Dallas_B2b_2018,ok,2019-04-20,2019-04-20,2019-04-20,2019-04-20,2019-04-20,12948.0
TX_Pecos_Dallas_B3_2018,ok,2019-03-16,2019-03-16,2019-04-22,2019-04-22,2019-07-12,56592.0
TX_San_Patricio_2006,gps_week_seconds_or_empty,,,,,,
TX_Victoria_2006,gps_week_seconds_or_empty,,,,,,
TX_WestTexas_B1_2018,ok,2019-02-20,2019-02-20,2019-03-05,2019-03-31,2019-04-04,6854.0
TX_WestTexas_B2_2018,ok,2019-02-16,2019-02-16,2019-02-23,2019-04-11,2019-04-13,5482.0
TX_WestTexas_B3_2018,ok,2019-03-23,2019-03-23,2019-04-01,2019-04-04,2019-04-18,8927.0
TX_WestTexas_B5_2018,ok,2019-03-06,2019-03-06,2019-03-07,2019-04-18,2019-05-01,11798.0
TX_WestTexas_B6_2018,ok,2019-02-25,2019-02-25,2019-03-09,2019-04-02,2019-04-02,17939.0
TX_WestTexas_B7_2018,ok,2019-03-06,2019-03-06,2019-04-03,2019-05-01,2019-05-14,7905.0
TX_WestTexas_B8_2018,ok,2019-03-07,2019-03-07,2019-04-02,2019-04-16,2019-05-14,15753.0
TX_WestTexas_B9_2018,ok,2019-03-31,2019-03-31,2019-04-14,2019-05-01,2019-05-14,8263.0
TX_WestTexas_TL_2018,ok,2019-02-22,2019-02-22,2019-02-22,2019-03-05,2019-03-05,63908.0
USGS_LPC_AK_Anchorage_2015_LAS_2017,ok,2015-04-29,2015-05-10,2015-05-13,2015-05-31,2016-09-29,24931.0
USGS_LPC_AK_FairbanksNSB_QL1_2017_LAS_2018,ok,2017-05-29,2017-06-01,2017-06-26,2017-07-01,2017-07-01,11706.0
USGS_LPC_AK_FairbanksNSB_QL2_2017_LAS_2018,ok,2017-05-28,2017-05-28,2017-06-07,2017-09-03,2017-09-03,18876.0
USGS_LPC_AK_POW_P2_2018_LAS_2019,ok,2017-08-04,2018-05-06,2018-07-22,2018-09-18,2018-09-18,2110.0
USGS_LPC_AK_POW_P2_TL_2018_LAS_2019,ok,2018-05-07,2018-05-15,2018-05-18,2018-07-04,2018-09-15,6184.0
USGS_LPC_AK_PrinceofWalesIsland_2017_LAS_2019,ok,2017-05-27,2017-05-27,2017-08-10,2017-10-02,2017-10-02,17172.0
USGS_LPC_AL_25Co_B1_2017,ok,2016-12-02,2016-12-02,2016-12-29,2017-02-15,2017-02-15,10655.0
USGS_LPC_AL_25Co_B3_2017,ok,2017-02-26,2017-04-03,2017-11-16,2017-11-20,2017-11-20,17235.0
USGS_LPC_AL_25Co_B4_2017,ok,2017-02-17,2017-02-22,2017-03-23,2017-04-14,2022-08-05,8140.0
USGS_LPC_AL_25Co_B5_2017,ok,2017-03-16,2017-03-16,2017-03-21,2022-09-24,2022-09-26,8072.0
USGS_LPC_AL_25Co_B6_2017,ok,2017-03-19,2017-03-23,2018-01-04,2018-12-18,2018-12-18,14255.0
USGS_LPC_AL_25Co_B7_2017,ok,2018-01-02,2018-01-02,2018-01-07,2018-01-19,2018-01-19,9193.0
USGS_LPC_AL_25Co_B8_2017,ok,2018-01-14,2018-01-14,2018-01-16,2018-12-17,2018-12-17,12393.0
USGS_LPC_AL_3County_2015_LAS_2017,ok,2016-01-19,2016-01-19,2016-01-28,2016-02-16,2016-02-16,26151.0
USGS_LPC_AL_ADECA_B1_2016_LAS_2019,ok,2016-12-29,2016-12-29,2017-02-04,2017-03-09,2017-03-09,4979.0
USGS_LPC_AL_ADECA_B2_2016_LAS_2019,ok,2017-02-13,2017-02-13,2017-02-20,2017-03-15,2017-03-15,15684.0
USGS_LPC_AL_AGIO_B1_2016_LAS_2019,ok,2016-12-02,2016-12-02,2016-12-09,2016-12-15,2016-12-15,8224.0
USGS_LPC_AL_AGIO_B2_2016_LAS_2019,ok,2016-12-11,2016-12-11,2017-02-13,2017-02-13,2017-02-16,13484.0
USGS_LPC_AL_Autauga_2010_LAS_2016,gps_week_seconds_or_empty,,,,,,
USGS_LPC_AL_Clay_CleburneCo_2013_LAS_2016,ok,2013-01-19,2013-01-19,2013-01-21,2013-01-26,2013-01-26,22239.0
USGS_LPC_AL_Coffee_Dale_GenevaCo_2011_LAS_2016,gps_week_seconds_or_empty,,,,,,
USGS_LPC_AL_EscambiaCo_2013_LAS_2016,ok,2013-01-22,2013-01-22,2013-01-25,2013-10-04,2013-10-04,21842.0
USGS_LPC_AL_JeffersonCo_2013_LAS_2015,ok,2011-09-14,2013-03-13,2013-03-19,2013-08-27,2013-08-27,35110.0
USGS_LPC_AL_LawrenceCo_2012_LAS_2018,ok,2011-09-14,2012-03-01,2012-03-03,2012-03-04,2012-03-04,41320.0
USGS_LPC_AL_MobileCo_2014_LAS_2016,ok,2014-01-12,2014-01-12,2014-01-17,2014-01-22,2014-01-22,20499.0
USGS_LPC_AL_MorganCo_2012_LAS_2018,gps_week_seconds_or_empty,,,,,,
USGS_LPC_AL_ThreeCo_2012_LAS_2015,ok,2012-01-04,2012-01-04,2012-01-15,2012-01-19,2012-01-19,44720.0
USGS_LPC_AR_Benton_Co_2015_LAS_2017,ok,2015-12-02,2015-12-03,2015-12-04,2015-12-05,2015-12-05,33296.0
USGS_LPC_AR_LAnguillee_2011_LAS_2016,gps_week_seconds_or_empty,,,,,,
USGS_LPC_AR_LakeConwayPointRE_2014_LAS_2016,gps_week_seconds_or_empty,,,,,,
USGS_LPC_AR_NRCS_A1_2016_LAS_2017,ok,2016-03-25,2016-03-25,2016-03-25,2016-03-26,2016-03-26,28620.0
USGS_LPC_AR_NRCS_A2_2016_LAS_2017,ok,2016-02-26,2016-02-26,2016-03-21,2016-04-02,2016-04-02,28288.0
USGS_LPC_AR_NRCS_A3_2016_LAS_2017,ok,2016-03-26,2016-03-26,2016-03-27,2016-03-27,2016-03-27,20564.0
USGS_LPC_AR_NRCS_A4_2016_LAS_2017,ok,2016-02-17,2016-02-17,2016-02-26,2016-03-26,2016-03-26,30534.0
USGS_LPC_AR_NRCS_A5_2016_LAS_2017,ok,2016-03-26,2016-03-26,2017-03-03,2017-03-03,2017-03-03,2637.0
USGS_LPC_AR_NRCS_Cache_2011_LAS_2016,gps_week_seconds_or_empty,,,,,,
USGS_LPC_AR_North_Corridor_B1_2017_LAS_2018,ok,2016-12-15,2016-12-15,2016-12-21,2017-01-21,2017-01-21,59902.0
USGS_LPC_AR_North_Corridor_B2_2017_LAS_2018,ok,2016-12-15,2016-12-15,2017-01-21,2017-01-28,2017-02-24,44984.0
USGS_LPC_AR_North_Corridor_B3_2017_LAS_2018,ok,2016-12-15,2016-12-15,2017-01-21,2017-01-25,2017-01-25,58913.0
USGS_LPC_AR_Ouachita_2016_LAS_2018,ok,2017-01-20,2017-01-21,2017-02-10,2017-03-23,2017-03-26,9406.0
USGS_LPC_AR_Ouachita_B1_2016_LAS_2018,ok,2017-01-21,2017-01-21,2017-01-30,2017-03-22,2017-03-22,9855.0
USGS_LPC_AR_Ouachita_B2_2016_LAS_2018,ok,2017-01-21,2017-01-21,2017-01-30,2017-03-22,2017-03-22,10448.0
USGS_LPC_AR_Ouachita_B3_2016_LAS_2018,ok,2017-01-20,2017-01-20,2017-02-10,2017-03-22,2017-03-23,10101.0
USGS_LPC_AR_Ouachita_B5_2016_LAS_2018,ok,2017-02-09,2017-02-09,2017-03-04,2017-03-27,2017-03-27,9275.0
USGS_LPC_AR_Ouachita_B6_2016_LAS_2018,ok,2017-02-10,2017-02-10,2017-03-09,2017-03-27,2017-03-27,8482.0
USGS_LPC_AR_Ouachita_B7_2016_LAS_2018,ok,2017-03-02,2017-03-02,2017-03-10,2017-03-27,2017-03-27,3769.0
USGS_LPC_AR_R6_JeffersonCO_2015_LAS_2016,ok,2015-01-16,2015-01-16,2015-01-17,2015-01-19,2015-01-19,32662.0
USGS_LPC_AR_R6_LowerBlackwaterWS_2015_LAS_2016,ok,2015-01-14,2015-01-14,2015-01-19,2015-01-24,2015-01-24,27691.0
USGS_LPC_AR_R6_WashingtonCO_2015_LAS_2016,ok,2015-01-05,2015-01-05,2015-01-08,2015-01-10,2015-01-10,51367.0
USGS_LPC_AR_UpperSaline_2014_LAS_2015,gps_week_seconds_or_empty,,,,,,
USGS_LPC_AZ_BrawleyRillito_FEMA_2018,ok,2019-03-14,2019-03-14,2019-04-16,2019-05-28,2019-05-28,7891.0
USGS_LPC_AZ_BrawleyRillito_NRCS_2018,ok,2019-03-05,2019-03-05,2019-03-09,2019-05-26,2019-06-01,2660.0
USGS_LPC_AZ_CORiverBasin_L1_2014_LAS_2017,ok,2014-03-07,2014-03-07,2014-03-17,2014-03-20,2014-03-20,7099.0
USGS_LPC_AZ_ColoradoRiverLot2_2014_LAS_2015,ok,2014-07-31,2014-07-31,2014-08-04,2014-08-06,2014-08-07,9450.0
USGS_LPC_AZ_Fredonia_QL1_2016_LAS_2018,ok,2016-10-15,2016-10-15,2016-12-14,2016-12-20,2017-02-15,35503.0
USGS_LPC_AZ_LowerColoradoRiver_2015_LAS_2016,ok,2015-04-18,2015-04-18,2015-04-18,2015-04-18,2015-04-18,50503.0
USGS_LPC_AZ_Safford_QL2_2016_LAS_2018,ok,2016-10-18,2016-10-18,2016-12-06,2017-02-15,2017-02-15,29245.0
USGS_LPC_AZ_VerdeKaibab_B1_2018_LAS_2019,ok,2018-08-10,2018-08-12,2018-08-13,2018-09-05,2018-09-05,2361.0
USGS_LPC_AZ_VerdeKaibab_B1_TL_2018_LAS_2019,ok,2018-08-23,2018-08-23,2018-08-28,2018-08-30,2018-08-30,755.0
USGS_LPC_AZ_VerdeKaibab_B2_2018_LAS_2019,ok,2018-08-10,2018-08-19,2018-08-28,2018-09-08,2018-09-08,7453.0
USGS_LPC_AZ_VerdeKaibab_B2_TL_2018_LAS_2019,ok,2018-08-28,2018-08-28,2018-08-28,2018-09-07,2018-09-07,7717.0
USGS_LPC_AZ_WalnutGulch_2015_LAS_2017,ok,2015-09-16,2015-09-16,2015-09-16,2015-09-18,2015-09-18,14327.0
USGS_LPC_CA_Central_Valley_2017_LAS_2019,ok,2017-12-03,2017-12-04,2017-12-05,2017-12-07,2017-12-07,64925.0
USGS_LPC_CA_E_SanDiegoCo_2016_LAS_2017,ok,2016-10-31,2016-11-01,2016-11-19,2017-01-31,2017-01-31,24783.0
USGS_LPC_CA_FEMA_R9_Alpine_2017_LAS_2018,ok,2017-08-24,2017-08-24,2017-08-24,2017-08-24,2017-08-24,127578.0
USGS_LPC_CA_FEMA_R9_Cow_Creek_2017_LAS_2018,ok,2017-03-11,2017-03-11,2017-03-12,2017-03-12,2017-03-12,28652.0
USGS_LPC_CA_FEMA_R9_Keefer_2017_LAS_2018,ok,2017-03-14,2017-03-14,2017-03-14,2017-03-14,2017-03-14,86586.0
USGS_LPC_CA_FEMA_R9_Mendocino_HF_2017_LAS_2018,ok,2017-03-01,2017-03-01,2017-03-31,2017-04-04,2017-04-04,36037.0
USGS_LPC_CA_FEMA_R9_Russian_2017_LAS_2018,ok,2017-03-12,2017-03-12,2017-03-12,2017-04-02,2017-04-02,35525.0
USGS_LPC_CA_FEMA_R9_Upper_Pit_2017_LAS_2019,ok,2017-05-19,2017-05-19,2017-05-20,2017-05-21,2017-05-21,9646.0
USGS_LPC_CA_LakeCounty_2015_LAS_2017,ok,2015-12-29,2015-12-29,2016-02-07,2016-02-14,2016-02-14,7969.0
USGS_LPC_CA_LongValleyCaldera_2017_LAS_2018,ok,2017-10-09,2017-10-09,2017-10-09,2017-10-09,2017-10-09,50033.0
USGS_LPC_CA_LosAngeles_2016_LAS_2018,ok,2015-09-27,2015-09-29,2015-12-18,2016-10-09,2016-10-18,36873.0
USGS_LPC_CA_NoCAL_Wildfires_B1_2018,ok,2018-07-14,2018-07-14,2018-08-01,2018-08-20,2018-08-20,15602.0
USGS_LPC_CA_NoCAL_Wildfires_B2_2018,ok,2018-07-07,2018-08-21,2018-12-29,2019-02-21,2019-03-12,17371.0
USGS_LPC_CA_NoCAL_Wildfires_B3_2018,ok,2018-08-21,2018-08-21,2018-09-20,2019-01-24,2019-08-09,10686.0
USGS_LPC_CA_NoCAL_Wildfires_B4_2018,ok,2018-07-07,2018-07-07,2019-01-01,2019-08-11,2019-08-11,2498.0
USGS_LPC_CA_NoCAL_Wildfires_B5a_2018,ok,2018-08-03,2018-08-03,2019-02-07,2019-03-12,2019-03-12,7892.0
USGS_LPC_CA_NoCAL_Wildfires_B5b_2018,ok,2019-01-02,2019-01-25,2019-01-26,2019-03-15,2019-03-15,10403.0
USGS_LPC_CA_NoCAL_Wildfires_PlumasNF_B1_2018,ok,2018-07-16,2018-07-16,2018-07-25,2018-09-12,2018-09-12,13603.0
USGS_LPC_CA_NoCAL_Wildfires_PlumasNF_B2_2018,ok,2018-07-07,2018-07-07,2018-07-19,2018-09-20,2018-09-20,9051.0
USGS_LPC_CA_NoCal_Wildfires_B5b_QL1_2018,ok,2018-12-22,2018-12-22,2019-01-03,2019-02-20,2019-03-13,17289.0
USGS_LPC_CA_NoCal_Wildfires_CampFire_2018,ok,2019-02-10,2019-02-10,2019-03-15,2019-09-06,2019-09-06,15114.0
USGS_LPC_CA_NoCal_Wildfires_GMEG_2018,ok,2019-04-27,2019-04-27,2019-04-28,2019-08-08,2019-08-08,10258.0
USGS_LPC_CA_Riverside_B1_2019,ok,2019-08-10,2019-08-10,2019-08-13,2019-08-21,2019-08-21,3417.0
USGS_LPC_CA_Riverside_B2_2019,ok,2019-08-10,2019-08-10,2019-08-14,2019-08-22,2019-08-22,6120.0
USGS_LPC_CA_SanBernardinoCo_AreaA_2013_LAS_2018,gps_week_seconds_or_empty,,,,,,
USGS_LPC_CA_SanBernardinoCo_AreaB_2013_LAS_2018,gps_week_seconds_or_empty,,,,,,
USGS_LPC_CA_SanDiegoQL1_2014_LAS_2016,ok,2014-12-05,2014-12-05,2014-12-05,2014-12-05,2014-12-05,5316.0
USGS_LPC_CA_SoCAL_Wildfires_TL_2018_LAS_2019,ok,2018-06-21,2018-06-21,2018-07-22,2018-08-03,2018-08-03,63.0
USGS_LPC_CA_SoCal_Wildfires_B1_2018_LAS_2019,ok,2018-07-20,2018-07-21,2018-07-29,2018-09-02,2018-10-12,8056.0
USGS_LPC_CA_SoCal_Wildfires_B2_2018_LAS_2019,ok,2018-06-16,2018-06-16,2018-06-30,2018-07-20,2018-07-29,6747.0
USGS_LPC_CA_SoCal_Wildfires_B3_2018_LAS_2019,ok,2018-05-27,2018-05-27,2018-06-15,2018-07-22,2018-07-22,5551.0
USGS_LPC_CA_SoCal_Wildfires_B4_2018_LAS_2019,ok,2018-06-13,2018-06-14,2018-07-11,2018-08-06,2018-08-06,5172.0
USGS_LPC_CA_Sonoma_2013_LAS_2017,ok,2013-10-14,2013-10-26,2013-11-07,2013-11-25,2013-11-25,23853.0
USGS_LPC_CA_Sonoma_A2_2013_LAS_2017,ok,1982-03-17,2013-10-07,2013-11-22,2013-11-26,2013-11-26,88193.0
USGS_LPC_CA_Sonoma_A3_2013_LAS_2017,ok,2013-09-28,2013-09-28,2013-10-24,2013-11-05,2013-11-23,84567.0
USGS_LPC_CA_Sonoma_A4_2013_LAS_2017,ok,1982-01-24,2013-10-01,2013-10-06,2013-10-16,2013-10-16,81327.0
USGS_LPC_CA_WestCoastElNinoUTM10_2016_LAS_2017,ok,2016-04-06,2016-04-06,2016-04-21,2016-05-19,2016-05-20,919.0
USGS_LPC_CA_WestCoastElNinoUTM11_2016_LAS_2017,ok,2016-04-02,2016-04-02,2016-04-06,2016-07-28,2016-08-26,913.0
USGS_LPC_CO_Central_Western_2016_LAS_2018,ok,2016-05-28,2016-05-29,2016-08-21,2016-09-27,2016-10-07,10624.0
USGS_LPC_CO_MesaCo_QL1_2016_LAS_2017,ok,2015-11-01,2015-11-01,2015-11-01,2015-11-01,2015-11-01,67022.0
USGS_LPC_CO_MesaCo_QL2_2015_LAS_2017,ok,2015-11-02,2015-11-12,2016-05-21,2016-07-17,2016-07-17,73110.0
USGS_LPC_CO_MesaCo_QL2_UTM13_2015_LAS_2017,ok,2015-11-01,2015-11-01,2016-07-14,2016-07-17,2016-07-17,48500.0
USGS_LPC_CO_SanJuan_NF_2017_LAS_2018,ok,2017-09-17,2017-09-17,2017-09-21,2017-10-08,2017-10-24,63235.0
USGS_LPC_CO_SoPlatteRiver_Lot1_2013_LAS_2015,ok,2013-11-08,2013-11-08,2013-11-16,2013-11-28,2013-11-28,7030.0
USGS_LPC_CO_SoPlatteRiver_Lot2a_2013_LAS_2015,ok,2011-09-18,2013-10-16,2013-11-07,2013-11-18,2013-11-20,36665.0
USGS_LPC_CO_SoPlatteRiver_Lot5_2013_LAS_2015,ok,2011-09-16,2011-09-17,2013-11-03,2013-12-03,2014-04-23,58709.0
USGS_LPC_CO_SoPlatte_Lot3_2013_LAS_2015,ok,2013-10-26,2013-11-15,2014-07-18,2014-07-22,2014-07-22,9476.0
USGS_LPC_CT_River_Lot6_Winnipesaulee_2015_LAS_2017,ok,2015-10-26,2015-10-27,2015-11-15,2015-11-23,2016-04-29,12512.0
USGS_LPC_CT_Sandy_2014_LAS_2015,ok,2014-04-27,2014-04-28,2014-05-19,2014-05-29,2014-05-29,32090.0
USGS_LPC_CT_Statewide_B8_2016,ok,2016-03-19,2016-03-20,2016-03-30,2016-03-30,2016-03-30,8899.0
USGS_LPC_DE_DelawareValleyHD_5A_2015_LAS_2017,ok,2015-04-15,2015-04-15,2015-11-25,2015-11-25,2015-11-25,26205.0
USGS_LPC_DE_DelawareValley_HD_2015_LAS_2017,ok,2015-04-12,2015-04-12,2015-04-19,2015-04-25,2015-04-25,40323.0
USGS_LPC_DE_Snds_2013_LAS_2015,ok,2013-12-17,2013-12-17,2014-03-11,2014-04-06,2014-04-06,17228.0
USGS_LPC_FL_LeonCo_2018_LAS_2019,ok,2018-02-05,2018-02-05,2018-02-22,2018-02-23,2018-04-25,45683.0
USGS_LPC_FL_Lower_Choctawhatchee_TL_2017_LAS_2019,ok,2017-04-09,2017-04-09,2017-04-09,2017-05-07,2017-05-07,7435.0
USGS_LPC_FL_MartinCo_2015_LAS_2017,ok,2016-01-16,2016-01-16,2016-01-16,2016-01-18,2016-01-23,32377.0
USGS_LPC_FL_PalmBeachCo_2016_LAS_2019,ok,2016-12-28,2016-12-28,2017-01-06,2017-01-12,2017-03-10,13049.0
USGS_LPC_FL_Panhandle_B1_2018_LAS_2019,ok,2018-04-12,2018-04-16,2018-04-17,2018-05-05,2018-05-05,3514.0
USGS_LPC_FL_Panhandle_B2_2018_LAS_2019,ok,2018-03-31,2018-03-31,2018-04-29,2018-05-09,2018-05-10,8829.0
USGS_LPC_FL_Panhandle_B3_2018_LAS_2019,ok,2018-04-11,2018-04-11,2018-05-06,2018-05-10,2018-05-10,5459.0
USGS_LPC_FL_PeaceRiver_2014_LAS_2018,ok,2014-11-30,2014-11-30,2014-12-01,2014-12-06,2014-12-06,3699.0
USGS_LPC_FL_Southeast_B1_2018_LAS_2019,ok,2018-06-02,2018-06-02,2018-06-02,2018-06-02,2018-06-02,43633.0
USGS_LPC_FL_Southeast_B2_2018_LAS_2019,ok,2018-06-02,2018-11-28,2018-12-06,2018-12-18,2018-12-18,9302.0
USGS_LPC_FL_Southeast_TL_2018_LAS_2019,ok,2018-06-02,2018-11-28,2018-11-29,2018-12-18,2018-12-18,5879.0
USGS_LPC_FL_Southwest_A_2018_LAS_2019,ok,2018-05-08,2018-05-08,2018-06-10,2018-10-29,2018-10-29,29454.0
USGS_LPC_FL_Southwest_B_2018_LAS_2019,ok,2018-05-08,2018-05-08,2018-11-06,2018-11-09,2019-03-01,36905.0
USGS_LPC_FL_Southwest_B_TL_2018_LAS_2019,ok,2018-10-31,2018-10-31,2018-11-01,2018-11-01,2018-11-01,14505.0
USGS_LPC_FL_SuwanneeRiver_2017_LAS_2018,ok,2017-01-15,2017-01-15,2017-01-18,2017-02-10,2017-02-10,9126.0
USGS_LPC_FL_Suwannee_NCentral_2014_LAS_2016,gps_week_seconds_or_empty,,,,,,
USGS_LPC_FL_Upper_Saint_Johns_2017_LAS_2019,ok,2018-03-22,2018-03-22,2018-04-17,2018-06-13,2018-06-13,17616.0
USGS_LPC_GA_Georgia_A1_2016_LAS_2018,ok,2016-02-28,2016-02-28,2016-03-14,2017-02-10,2017-02-10,9405.0
USGS_LPC_GA_Georgia_A2_2016_LAS_2018,ok,2016-03-02,2016-03-02,2016-03-05,2016-03-11,2016-03-11,53465.0
USGS_LPC_GA_Georgia_A3_2016_LAS_2018,ok,2016-03-15,2016-03-15,2016-03-15,2016-03-16,2016-03-16,69404.0
USGS_LPC_HI_Oahu_2012_LAS_2015,ok,2013-06-05,2013-06-05,2013-07-27,2013-08-09,2013-08-09,47593.0
USGS_LPC_ID_Clearwater_d1_2010_LAS_2015,gps_week_seconds_or_empty,,,,,,
USGS_LPC_ID_EmeraldCreek_2004_LAS_2016,no_gpstime,,,,,,
USGS_LPC_ID_FEMAHQ_2018_LAS_2019,ok,2018-04-26,2018-04-26,2018-06-27,2018-07-19,2018-08-08,6958.0
USGS_LPC_ID_Franklin_Bear_2017_LAS_2018,ok,2017-10-13,2017-10-13,2017-10-18,2017-10-28,2017-11-08,13136.0
USGS_LPC_ID_JackWaite_2007_LAS_2016,no_gpstime,,,,,,
USGS_LPC_ID_MoscowMountain_2003_LAS_2015,no_gpstime,,,,,,
USGS_LPC_ID_NezPerce_QL1_2016_LAS_2019,ok,2016-11-02,2016-11-02,2016-11-05,2016-11-12,2016-11-13,13507.0
USGS_LPC_ID_NezPerce_QL2_2016_LAS_2019,ok,2016-10-29,2016-11-02,2016-11-04,2016-11-12,2016-11-13,19710.0
USGS_LPC_ID_Nez_Perce_QL1_TL_2016_LAS_2019,ok,2016-11-04,2016-11-07,2016-11-11,2016-11-13,2016-11-13,2098.0
USGS_LPC_ID_Nez_Perce_QL2_TL_2016_LAS_2019,ok,2016-11-02,2016-11-02,2016-11-11,2016-11-13,2016-11-13,7360.0
USGS_LPC_ID_Payette_NF_QL2_2017_LAS_2018,ok,2017-09-10,2017-09-12,2017-09-25,2017-09-27,2017-09-27,28422.0
USGS_LPC_ID_SaintJoe_2003_LAS_2015,no_gpstime,,,,,,
USGS_LPC_ID_SlateLolo_2006_LAS_2015,gps_week_seconds_or_empty,,,,,,
USGS_LPC_IL_12County_KaneCo_2008_LAS_2015,gps_week_seconds_or_empty,,,,,,
USGS_LPC_IL_12_County_CarollCo_2009_LAS_2015,gps_week_seconds_or_empty,,,,,,
USGS_LPC_IL_12_County_ChampaignCo_2008_LAS_2016,gps_week_seconds_or_empty,,,,,,
USGS_LPC_IL_12_County_GrundyCo_2008_LAS_2016,gps_week_seconds_or_empty,,,,,,
USGS_LPC_IL_12_County_HenryCo_2009_LAS_2016,gps_week_seconds_or_empty,,,,,,
USGS_LPC_IL_12_County_OgleCo_2008_LAS_2015,gps_week_seconds_or_empty,,,,,,
USGS_LPC_IL_12_County_Stephenson_Co_2009_LAS_2016,gps_week_seconds_or_empty,,,,,,
USGS_LPC_IL_4County_Cook_2017_LAS_2019,ok,2017-04-17,2017-04-17,2017-04-23,2017-05-08,2017-05-26,24812.0
USGS_LPC_IL_4County_Kane_2018_LAS_2019,ok,2017-04-22,2017-04-22,2017-04-25,2017-05-08,2017-05-08,11472.0
USGS_LPC_IL_4County_Lake_2016_LAS_2019,ok,2017-04-23,2017-04-23,2017-04-24,2017-04-25,2017-04-25,34571.0
USGS_LPC_IL_4County_McHenry_2018_LAS_2019,ok,2017-04-18,2017-04-18,2017-04-22,2017-04-25,2017-04-25,13014.0
USGS_LPC_IL_5County_KankakeeCo_2014_LAS_2016,ok,2014-04-12,2014-04-12,2014-04-19,2014-04-19,2016-11-14,34938.0
USGS_LPC_IL_5County_WillCo_2014_LAS_2016,ok,2014-04-05,2014-04-05,2014-04-10,2014-04-19,2014-04-19,45884.0
USGS_LPC_IL_5county_MarionCo_2015_LAS_2016,ok,2015-02-05,2015-02-05,2015-02-06,2015-02-06,2015-02-06,66197.0
USGS_LPC_IL_BondCo_2015_LAS_2016,ok,2015-01-01,2015-01-01,2015-01-02,2015-01-10,2015-01-13,48134.0
USGS_LPC_IL_Boone_2018,ok,2018-04-23,2018-04-23,2018-04-24,2018-04-25,2018-04-28,8623.0
USGS_LPC_IL_BureauCo_2015_LAS_2017,ok,2015-12-04,2015-12-04,2015-12-08,2015-12-10,2015-12-10,56619.0
USGS_LPC_IL_ChristianCo_2014_LAS_2016,ok,2014-12-03,2014-12-03,2014-12-04,2015-03-12,2015-03-12,44632.0
USGS_LPC_IL_ClintonCo_2015_LAS_2016,ok,2015-01-10,2015-01-10,2015-01-15,2015-01-20,2015-01-20,37211.0
USGS_LPC_IL_DOT_District5_DewittCo_2012_LAS_2017,ok,2012-03-14,2012-03-17,2012-11-14,2012-11-16,2012-11-16,40634.0
USGS_LPC_IL_DOT_District5_EdgarCo_2012_LAS_2017,ok,2012-02-13,2012-02-27,2012-03-01,2012-03-10,2012-03-26,53134.0
USGS_LPC_IL_DOT_District5_McleanCo_2012_LAS_2017,ok,2012-03-13,2012-03-13,2012-11-14,2012-11-16,2012-11-16,43981.0
USGS_LPC_IL_DOT_District5_PiattCo_2012_LAS_2017,ok,2012-03-10,2012-03-13,2012-03-16,2012-11-16,2012-11-16,32449.0
USGS_LPC_IL_DOT_District5_VermilionCo_2012_LAS_2017,ok,2012-02-13,2012-02-17,2012-02-20,2012-03-10,2012-03-10,35622.0
USGS_LPC_IL_DOT_District_7_LiDAR_LAS_2017,gps_week_seconds_or_empty,,,,,,
USGS_LPC_IL_District4_Fulton_2014_LAS_2018,ok,2011-04-07,2011-04-07,2011-12-18,2012-01-04,2012-04-06,35124.0
USGS_LPC_IL_District4_Henderson_2014_LAS_2016,ok,2012-01-07,2012-01-08,2012-01-10,2012-02-12,2012-02-12,35773.0
USGS_LPC_IL_District4_Knox_2014_LAS_2017,ok,2011-04-07,2011-04-07,2011-12-29,2012-01-04,2012-01-04,50313.0
USGS_LPC_IL_District4_Marshal_2014_LAS_2016,ok,2011-04-06,2011-04-06,2011-04-12,2011-12-18,2011-12-18,28906.0
USGS_LPC_IL_District4_McDonough_2014_LAS_2018,ok,2011-04-14,2011-04-14,2012-01-07,2012-02-02,2012-06-18,71089.0
USGS_LPC_IL_District4_Mercer_2014_LAS_2016,ok,2011-04-13,2011-04-14,2012-01-07,2012-02-11,2012-04-21,33692.0
USGS_LPC_IL_District4_Peoria_2014_LAS_2016,ok,2011-04-13,2011-04-13,2011-12-18,2011-12-29,2012-04-06,52618.0
USGS_LPC_IL_District4_Putnam_2014_LAS_2017,ok,2011-03-06,2011-04-06,2011-04-10,2011-04-13,2011-12-17,47015.0
USGS_LPC_IL_District4_Stark_2014_LAS_2018,ok,2011-12-16,2011-12-17,2011-12-19,2011-12-28,2011-12-29,57188.0
USGS_LPC_IL_District4_Tazewell_2014_LAS_2016,ok,2011-04-10,2011-04-10,2011-04-13,2011-12-28,2011-12-28,38837.0
USGS_LPC_IL_District4_Warren_2014_LAS_2018,ok,2011-04-13,2011-04-14,2012-01-06,2012-02-02,2012-04-25,45947.0
USGS_LPC_IL_District4_Woodford_2014_LAS_2016,ok,2011-04-05,2011-04-05,2011-04-09,2011-12-17,2011-12-18,38786.0
USGS_LPC_IL_District5_DouglasCo_2012_LAS_2018,ok,1979-07-15,2012-02-27,2012-03-10,2012-03-13,2012-04-01,37986.0
USGS_LPC_IL_District7_Clark_2014_LAS_2017,gps_week_seconds_or_empty,,,,,,
USGS_LPC_IL_District7_Crawford_2014_LAS_2017,gps_week_seconds_or_empty,,,,,,
USGS_LPC_IL_District7_Cumberland_2014_LAS_2017,gps_week_seconds_or_empty,,,,,,
USGS_LPC_IL_District7_Edwards_2014_LAS_2017,gps_week_seconds_or_empty,,,,,,
USGS_LPC_IL_District7_Effingham_2014_LAS_2017,gps_week_seconds_or_empty,,,,,,
USGS_LPC_IL_District7_Fayette_2014_LAS_2017,gps_week_seconds_or_empty,,,,,,
USGS_LPC_IL_District7_Macon_2014_LAS_2017,gps_week_seconds_or_empty,,,,,,
USGS_LPC_IL_District7_Moultrie_2014_LAS_2018,gps_week_seconds_or_empty,,,,,,
USGS_LPC_IL_District7_Richland_2014_LAS_2017,gps_week_seconds_or_empty,,,,,,
USGS_LPC_IL_District7_Shelby_2014_LAS_2017,gps_week_seconds_or_empty,,,,,,
USGS_LPC_IL_District7_Wabash_2014_LAS_2017,gps_week_seconds_or_empty,,,,,,
USGS_LPC_IL_District7_Wayne_2014_LAS_2018,gps_week_seconds_or_empty,,,,,,
USGS_LPC_IL_FordIroquoisLivingston_L3_2014_LAS_2017,ok,2015-04-29,2015-04-29,2015-06-06,2015-06-07,2015-06-07,33204.0
USGS_LPC_IL_FranklinCo_2014_LAS_2018,ok,2014-04-17,2014-04-17,2014-04-18,2014-04-18,2014-04-19,45211.0
USGS_LPC_IL_GrnMacMont_2017_LAS_2018,ok,2017-04-07,2017-04-07,2017-04-23,2017-04-24,2017-04-24,23104.0
USGS_LPC_IL_HancockCo_2017_LAS_2018,ok,2017-03-15,2017-03-15,2017-03-16,2017-04-12,2017-04-12,73473.0
USGS_LPC_IL_Hardin_2014_LAS_2017,ok,2014-03-21,2014-03-21,2014-03-21,2014-03-21,2014-03-21,53059.0
USGS_LPC_IL_JacksonCo_2015_LAS_2018,ok,2014-04-13,2014-04-13,2014-04-20,2014-04-20,2014-04-20,18206.0
USGS_LPC_IL_Jasper_2014_LAS_2017,gps_week_seconds_or_empty,,,,,,
USGS_LPC_IL_JeffersonCo_2015_LAS_2016,ok,2015-01-24,2015-01-24,2015-01-24,2015-02-05,2018-05-15,65953.0
USGS_LPC_IL_JoDaviessCo_2008_LAS_2015,gps_week_seconds_or_empty,,,,,,
USGS_LPC_IL_LaSalle_B1_2017_LAS_2019,ok,2017-11-19,2017-11-19,2017-11-21,2017-11-22,2018-04-12,11859.0
USGS_LPC_IL_LaSalle_B2_2017_LAS_2019,ok,2017-11-19,2017-11-22,2017-11-22,2017-11-23,2017-11-23,4835.0
USGS_LPC_IL_LeeCo_2008_LAS_2015,gps_week_seconds_or_empty,,,,,,
USGS_LPC_IL_LoganCo_2013_LAS_2015,ok,2013-11-17,2013-11-17,2013-11-27,2013-11-30,2013-11-30,51905.0
USGS_LPC_IL_MadisonCo_2014_LAS_2016,ok,2014-03-23,2014-03-23,2014-03-26,2014-03-31,2014-03-31,41515.0
USGS_LPC_IL_PerryCo_2015_LAS_2019,ok,2014-04-19,2014-04-19,2014-04-19,2014-04-19,2014-04-19,11276.0
USGS_LPC_IL_Pike_ScottCo_2015_LAS_2017,ok,2015-11-22,2015-11-22,2015-11-23,2015-12-03,2015-12-04,40878.0
USGS_LPC_IL_Pope_2014_LAS_2017,ok,2014-03-20,2014-03-20,2014-03-20,2014-03-21,2014-03-21,21862.0
USGS_LPC_IL_Twelve_Counties_McHenry_LAS_2016,gps_week_seconds_or_empty,,,,,,
USGS_LPC_IL_WashingtonCo_2015_LAS_2016,ok,2015-01-16,2015-01-16,2015-01-16,2015-03-15,2015-03-15,41925.0
USGS_LPC_IL_WestCentral_2017_LAS_2019,ok,2017-12-03,2017-12-03,2017-12-10,2017-12-12,2017-12-13,28151.0
USGS_LPC_IL_WhitesideCO_2009_LAS_2015,gps_week_seconds_or_empty,,,,,,
USGS_LPC_IN_Central_Hamilton_2017_LAS_2019,ok,2016-03-21,2016-03-21,2016-03-22,2016-03-22,2016-03-22,17076.0
USGS_LPC_IN_Central_MarionCo_2016_LAS_2018,ok,2016-03-12,2016-03-12,2016-03-12,2016-03-18,2016-03-18,83861.0
USGS_LPC_IN_Central_Wayne_2016_LAS_2019,ok,2017-03-05,2017-03-05,2017-03-09,2017-04-09,2017-04-09,23762.0
USGS_LPC_IN_ET_B5_Allen_2012__LAS_2016,ok,2010-11-24,2010-11-24,2011-04-02,2012-03-28,2012-03-28,63389.0
USGS_LPC_IN_ET_B5_Dekalb_2012_LAS_2016,ok,2010-11-23,2010-11-23,2010-11-28,2011-03-31,2012-03-11,59480.0
USGS_LPC_IN_ET_B5_LaGrange_2012_LAS_2016,ok,2012-03-11,2012-03-11,2012-03-11,2012-03-11,2012-03-11,43274.0
USGS_LPC_IN_ET_B5_Noble_2012__LAS_2016,ok,2010-11-23,2010-11-23,2010-11-24,2012-03-28,2012-03-28,54920.0
USGS_LPC_IN_ET_B5_Steuben_2012_LAS_2016,ok,2010-11-23,2010-11-24,2010-11-28,2012-03-11,2012-03-11,63780.0
USGS_LPC_IN_ET_B5_Whitley_2012__LAS_2016,ok,2012-03-20,2012-03-20,2012-03-26,2012-03-28,2012-03-28,62861.0
USGS_LPC_IN_ET_B6_Adams_2012_LAS_2016,ok,2012-01-31,2012-01-31,2012-02-03,2012-03-09,2012-03-11,37979.0
USGS_LPC_IN_ET_B6_Blackford_2012_LAS_2016,ok,2012-02-20,2012-02-20,2012-03-13,2012-03-20,2012-03-20,90254.0
USGS_LPC_IN_ET_B6_Delaware_2012_LAS_2017,ok,2011-09-17,2011-09-17,2011-09-17,2012-03-20,2012-03-20,60532.0
USGS_LPC_IN_ET_B6_Grant_2012_LAS_2016,ok,2012-02-20,2012-02-20,2012-03-13,2012-03-20,2012-03-28,53626.0
USGS_LPC_IN_ET_B6_Hamilton_2012_LAS_2017,ok,2011-03-19,2012-03-07,2012-03-09,2012-03-09,2012-03-09,62992.0
USGS_LPC_IN_ET_B6_Huntington_2012_LAS_2016,ok,2011-03-18,2012-01-31,2012-03-26,2012-03-28,2012-03-28,43371.0
USGS_LPC_IN_ET_B6_Jay_2012_LAS_2016,ok,2012-02-20,2012-02-20,2012-03-09,2012-03-11,2012-03-20,54030.0
USGS_LPC_IN_ET_B6_Madison_2012_LAS_2017,ok,2011-03-19,2011-03-19,2011-09-18,2012-03-20,2012-03-29,34242.0
USGS_LPC_IN_ET_B6_Randolph_2012_LAS_2017,ok,2012-02-29,2012-02-29,2012-03-09,2012-03-11,2012-03-20,62603.0
USGS_LPC_IN_ET_B7_Decatur_2012_LAS_2016,ok,2012-03-07,2012-03-07,2012-04-02,2012-12-12,2012-12-12,60826.0
USGS_LPC_IN_ET_B7_Fayette_2012_LAS_2016,ok,2012-03-29,2012-03-29,2012-03-29,2012-12-05,2012-12-05,45699.0
USGS_LPC_IN_ET_B7_Franklin_2012_LAS_2016,ok,2012-02-22,2012-03-01,2012-12-05,2012-12-12,2012-12-12,60118.0
USGS_LPC_IN_ET_B7_Hancock_2012_LAS_2016,ok,2011-09-14,2011-09-14,2011-09-17,2012-04-02,2012-12-12,53351.0
USGS_LPC_IN_ET_B7_Henry_2012_LAS_2016,ok,2012-02-29,2012-02-29,2012-03-29,2012-04-02,2012-12-12,67831.0
USGS_LPC_IN_ET_B7_Rush_2012_LAS_2016,ok,2012-03-29,2012-03-29,2012-04-02,2012-12-12,2012-12-12,65819.0
USGS_LPC_IN_ET_B7_Shelby_2012_LAS_2016,ok,2011-03-19,2011-03-23,2011-09-14,2012-12-05,2012-12-12,46399.0
USGS_LPC_IN_ET_B7_Union_2012_LAS_2016,ok,2012-03-29,2012-03-29,2012-03-29,2012-12-05,2012-12-05,63199.0
USGS_LPC_IN_ET_B8_Clark_2012_LAS_2016,ok,2012-02-20,2012-02-20,2012-02-27,2012-03-07,2012-03-07,33157.0
USGS_LPC_IN_ET_B8_Dearborn_2012_LAS_2016,ok,2012-02-22,2012-02-22,2012-03-01,2012-03-01,2012-12-05,37207.0
USGS_LPC_IN_ET_B8_Floyd_2011_LAS_2016,ok,2011-03-13,2012-02-20,2012-02-20,2012-02-20,2012-02-20,55272.0
USGS_LPC_IN_ET_B8_Jefferson_2012_LAS_2016,ok,2012-02-27,2012-02-28,2012-03-01,2012-03-09,2012-03-09,53299.0
USGS_LPC_IN_ET_B8_Jennings_2012_LAS_2016,ok,2012-03-01,2012-03-01,2012-03-09,2012-03-12,2012-03-12,50556.0
USGS_LPC_IN_ET_B8_Ohio_2012_LAS_2016,ok,2012-02-23,2012-03-01,2012-03-06,2012-03-09,2012-03-09,32629.0
USGS_LPC_IN_ET_B8_RipleyCo_2012_LAS_2016,ok,2012-03-01,2012-03-01,2012-03-10,2012-12-05,2012-12-05,40444.0
USGS_LPC_IN_ET_B8_Scott_2012_LAS_2016,ok,2012-02-22,2012-02-22,2012-02-28,2012-03-07,2012-03-09,44538.0
USGS_LPC_IN_ET_B8_Switzerland_2012_LAS_2016,ok,2012-02-28,2012-02-28,2012-03-06,2012-03-09,2012-03-09,42702.0
USGS_LPC_IN_HendricksCo_2011_LAS_2015,gps_week_seconds_or_empty,,,,,,
USGS_LPC_IN_JohnsonCo_2011_LAS_2016,gps_week_seconds_or_empty,,,,,,
USGS_LPC_IN_Johnson_2011_LAS_2016,gps_week_seconds_or_empty,,,,,,
USGS_LPC_IN_MarionCo_2011_LAS_2016,gps_week_seconds_or_empty,,,,,,
USGS_LPC_IN_Marion_2011_LAS_2016,gps_week_seconds_or_empty,,,,,,
USGS_LPC_IN_Monroe_2011_LAS_2016,gps_week_seconds_or_empty,,,,,,
USGS_LPC_IN_Morgan_2011_LAS_2016,gps_week_seconds_or_empty,,,,,,
USGS_LPC_IN_WT_B10_Benton_2013_LAS_2016,ok,2013-03-21,2013-03-21,2013-04-15,2013-04-15,2013-04-15,54681.0
USGS_LPC_IN_WT_B10_Fountain_2013_LAS_2016,ok,2013-03-21,2013-03-21,2013-03-22,2013-04-14,2013-04-14,40735.0
USGS_LPC_IN_WT_B10_Montgomery_2013_LAS_2016,ok,2013-03-19,2013-03-19,2013-03-22,2013-03-23,2013-03-23,62509.0
USGS_LPC_IN_WT_B10_Tippecanoe_2013_LAS_2016,ok,2013-03-21,2013-03-21,2013-03-22,2013-04-14,2013-04-15,75681.0
USGS_LPC_IN_WT_B10_Warren_2013_LAS_2016,ok,2013-03-21,2013-03-21,2013-04-14,2013-04-15,2013-04-15,49228.0
USGS_LPC_IN_WT_B10_White_2013_LAS_2016,ok,2013-03-21,2013-03-21,2013-04-07,2013-04-15,2013-04-15,63835.0
USGS_LPC_IN_WT_B11_Clay_2013_LAS_2016,ok,2011-09-15,2011-09-15,2013-03-19,2013-04-06,2013-04-06,35562.0
USGS_LPC_IN_WT_B11_Greene_2013_LAS_2016,ok,2013-03-19,2013-03-19,2013-04-06,2013-04-06,2013-04-06,52543.0
USGS_LPC_IN_WT_B11_Owen_2013_LAS_2016,ok,2013-03-14,2013-03-14,2013-03-22,2013-04-06,2013-04-06,53237.0
USGS_LPC_IN_WT_B11_Parke_2013_LAS_2016,ok,2011-09-15,2011-09-15,2013-03-22,2013-03-23,2013-03-23,55300.0
USGS_LPC_IN_WT_B11_Putnam_2013_LAS_2016,ok,2013-03-14,2013-03-14,2013-03-20,2013-03-23,2013-03-23,48313.0
USGS_LPC_IN_WT_B11_Sullivan_2013_LAS_2016,ok,2011-09-14,2011-09-17,2013-04-05,2013-04-06,2013-04-14,49775.0
USGS_LPC_IN_WT_B11_Vermillion_2013_LAS_2016,ok,2011-09-19,2011-09-19,2013-03-21,2013-03-23,2013-03-23,13507.0
USGS_LPC_IN_WT_B11_Vigo_2013_LAS_2016,ok,2011-09-15,2011-09-15,2011-09-19,2013-03-23,2013-04-06,12435.0
USGS_LPC_IN_WT_B12_Daviess_2013_LAS_2016,ok,2013-02-25,2013-03-03,2013-03-09,2013-03-22,2013-03-22,50886.0
USGS_LPC_IN_WT_B12_Dubois_2013_LAS_2016,ok,2013-02-18,2013-02-18,2013-02-23,2013-03-03,2013-03-03,116672.0
USGS_LPC_IN_WT_B12_Gibson_2013_LAS_2016,ok,2011-09-19,2011-09-19,2013-02-20,2013-03-03,2013-03-03,27406.0
USGS_LPC_IN_WT_B12_Knox_2013_LAS_2016,ok,2011-09-14,2011-09-14,2013-03-03,2013-03-22,2013-03-22,31367.0
USGS_LPC_IN_WT_B12_Martin_2013_LAS_2016,ok,2013-02-25,2013-03-03,2013-03-09,2013-03-22,2013-03-22,48006.0
USGS_LPC_IN_WT_B12_Perry_2013_LAS_2016,ok,2013-02-23,2013-02-23,2013-02-24,2013-02-25,2013-02-25,52225.0
USGS_LPC_IN_WT_B12_Pike_2013_LAS_2016,ok,2013-02-18,2013-02-18,2013-02-25,2013-03-03,2013-03-10,58664.0
USGS_LPC_IN_WT_B12_Posey_2013_LAS_2016,ok,2011-09-19,2011-09-19,2011-09-20,2013-02-18,2013-03-03,30922.0
USGS_LPC_IN_WT_B12_Spencer_2013_LAS_2016,ok,2013-02-16,2013-02-16,2013-02-23,2013-03-03,2013-03-03,41977.0
USGS_LPC_IN_WT_B12_Vanderburgh_2013_LAS_2016,ok,2013-02-16,2013-02-16,2013-02-17,2013-02-18,2013-03-03,46571.0
USGS_LPC_IN_WT_B12_Warrick_2013_LAS_2016,ok,2013-02-16,2013-02-17,2013-02-18,2013-02-23,2013-03-03,58053.0
USGS_LPC_IN_WT_B9_Jasper_2013_LAS_2016,ok,2013-03-21,2013-03-21,2013-03-22,2013-04-05,2013-04-14,40570.0
USGS_LPC_IN_WT_B9_Lake_2013_LAS_2016,ok,2013-04-03,2013-04-04,2013-04-05,2013-04-05,2013-04-14,24158.0
USGS_LPC_IN_WT_B9_Laporte_2013_LAS_2016,ok,2011-03-19,2013-03-29,2013-03-30,2013-04-04,2013-04-04,33479.0
USGS_LPC_IN_WT_B9_Newton_2013_LAS_2016,ok,2013-04-03,2013-04-03,2013-04-14,2013-04-14,2013-04-14,24999.0
USGS_LPC_IN_WT_B9_Porter_2013_LAS_2016,ok,2013-03-21,2013-03-30,2013-04-04,2013-04-05,2013-04-05,30954.0
USGS_LPC_Il_12Counties_Rock_IslandCo_LAS_2016,gps_week_seconds_or_empty,,,,,,
USGS_LPC_KS_15CoNorth_A1_2015_LAS_2017,ok,2016-01-05,2016-01-05,2016-01-23,2016-01-26,2016-01-27,19437.0
USGS_LPC_KS_15CoNorth_A2_2015_LAS_2017,ok,2016-01-03,2016-01-03,2016-01-12,2016-01-27,2016-01-27,19660.0
USGS_LPC_KS_15CoNorth_A3_2015_LAS_2017,ok,2016-01-01,2016-01-01,2016-01-04,2016-01-13,2016-01-13,25572.0
USGS_LPC_KS_15Co_Cheney_2015_LAS_2017,ok,2016-02-07,2016-02-07,2016-02-10,2016-02-10,2016-02-10,7178.0
USGS_LPC_KS_15Co_South_2015_LAS_2017,ok,2015-11-21,2015-11-21,2015-11-22,2015-11-24,2015-11-24,48932.0
USGS_LPC_KS_Area1_2014_LAS_2015,ok,2013-12-12,2013-12-12,2013-12-16,2014-01-08,2014-01-22,38337.0
USGS_LPC_KS_Area1_Eastern_2011_LAS_2016,ok,2012-01-15,2012-01-15,2012-11-20,2012-11-24,2012-11-24,19361.0
USGS_LPC_KS_Area2_2014_LAS_2015,ok,2013-12-12,2014-01-08,2014-01-13,2014-01-22,2014-01-22,40666.0
USGS_LPC_KS_Area2_B1_2012_LAS_2016,ok,2012-01-07,2012-01-07,2012-01-09,2012-01-10,2012-01-10,36712.0
USGS_LPC_KS_Area2_B2_2012_LAS_2016,ok,2012-02-25,2012-02-25,2012-02-26,2012-02-27,2012-04-23,36616.0
USGS_LPC_KS_Area2_B3_2012_LAS_2016,ok,2012-02-29,2012-02-29,2012-03-01,2012-03-01,2012-03-01,63269.0
USGS_LPC_KS_Area2_B4_2012_LAS_2016,ok,2012-02-27,2012-02-27,2012-02-29,2012-02-29,2012-02-29,36864.0
USGS_LPC_KS_Area2_B5_2012_LAS_2016,ok,2012-01-05,2012-01-05,2012-01-05,2012-01-06,2012-01-06,38703.0
USGS_LPC_KS_Area2_B6_2012_LAS_2016,ok,2012-01-02,2012-01-02,2012-01-03,2012-01-05,2012-01-05,43880.0
USGS_LPC_KS_Lidar_1_B1_2013_LAS_2016,ok,2012-12-05,2012-12-11,2012-12-12,2012-12-22,2012-12-22,50218.0
USGS_LPC_KS_Lidar_1_B2_2013_LAS_2016,ok,2012-12-04,2012-12-04,2012-12-05,2012-12-11,2012-12-12,40169.0
USGS_LPC_KS_Lidar_1_B3_2013_LAS_2016,ok,2012-12-04,2012-12-04,2012-12-04,2012-12-05,2012-12-10,38310.0
USGS_LPC_KS_Lidar_1_B4_2013_LAS_2016,ok,2012-12-12,2012-12-17,2012-12-21,2012-12-22,2012-12-22,61786.0
USGS_LPC_KS_Lidar_1_B5_2013_LAS_2016,ok,2012-12-04,2012-12-05,2012-12-17,2012-12-21,2012-12-22,54384.0
USGS_LPC_KS_Lidar_1_B6_2013_LAS_2016,ok,2012-12-02,2012-12-02,2012-12-13,2012-12-21,2012-12-21,58511.0
USGS_LPC_KS_NF_Nin_Sub_2011_LAS_2016,gps_week_seconds_or_empty,,,,,,
USGS_LPC_KS_SCentral_L1_2015_LAS_2017,ok,2015-02-24,2015-02-24,2015-03-05,2015-03-06,2015-03-06,55325.0
USGS_LPC_KS_SCentral_L2_2015_LAS_2017,ok,2015-03-07,2015-03-07,2015-03-07,2015-03-07,2015-03-07,47089.0
USGS_LPC_KS_SCentral_L3_2015_LAS_2017,ok,2015-03-08,2015-03-08,2015-03-12,2015-03-15,2015-03-20,41067.0
USGS_LPC_KS_SCentral_L4_2015_LAS_2017,ok,2014-11-29,2014-11-29,2014-12-08,2015-03-16,2015-03-16,17123.0
USGS_LPC_KY_KYAPED_Area2_2012_LAS_2017,ok,2011-09-16,2011-09-16,2012-12-13,2013-02-21,2013-02-21,36665.0
USGS_LPC_KY_NRCS_Watersheds_2011_LAS_2016,gps_week_seconds_or_empty,,,,,,
USGS_LPC_LA_Amite_2018_LAS_2019,ok,2018-03-01,2018-03-02,2018-04-02,2018-04-12,2018-04-12,17188.0
USGS_LPC_LA_Barataria_2013_LAS_2015,gps_week_seconds_or_empty,,,,,,
USGS_LPC_LA_Bayou_Nezpique_B1_2018,ok,2018-04-16,2018-04-17,2018-04-24,2018-06-08,2018-06-08,16941.0
USGS_LPC_LA_Bayou_Nezpique_B2_2018,ok,2018-04-05,2018-04-05,2018-04-21,2018-06-06,2018-06-09,63842.0
USGS_LPC_LA_Bayou_Nezpique_B3_2018,ok,2018-04-15,2018-04-15,2018-04-20,2018-06-08,2018-06-08,15221.0
USGS_LPC_LA_Bayou_Nezpique_B6_2018,ok,2018-04-26,2018-04-26,2018-05-07,2018-05-09,2018-06-06,27798.0
USGS_LPC_LA_Chenier_Plain_2017_LAS_2018,ok,2017-01-08,2017-01-08,2017-01-29,2017-03-03,2017-03-03,9494.0
USGS_LPC_LA_SoTerrebonne_GI_2015_LAS_2016,ok,2015-01-26,2015-01-26,2015-01-30,2015-02-13,2015-02-13,5329.0
USGS_LPC_MA_ME_MA_QL1_UTM18_L1_2015_LAS_2018,ok,2015-04-19,2015-04-26,2015-05-03,2015-05-14,2015-05-14,31932.0
USGS_LPC_MA_ME_MA_QL2_UTM18_L1_2015_LAS_2018,ok,2015-04-19,2015-04-19,2015-05-03,2015-05-04,2015-05-04,32136.0
USGS_LPC_MA_ME_MA_QL2_UTM18_L2_2015_LAS_2018,ok,2015-04-22,2015-04-26,2015-11-21,2015-11-23,2015-12-05,4626.0
USGS_LPC_MA_ME_MA_QL2_UTM19_L1_2015_LAS_2018,ok,2015-04-16,2015-04-16,2015-04-16,2015-05-08,2015-05-08,28894.0
USGS_LPC_MA_NE_CMGP_Sandy_Z18_2013,ok,2013-11-16,2013-11-17,2013-12-05,2014-04-16,2014-12-27,7524.0
USGS_LPC_MA_NE_CMGP_Sandy_Z19_A2_2015_LAS_2017,ok,2013-12-08,2013-12-08,2013-12-08,2013-12-08,2013-12-08,69935.0
USGS_LPC_MD_Garret_Co_2014_LAS_2017,ok,2015-04-12,2015-04-12,2015-05-03,2015-05-04,2015-05-04,55505.0
USGS_LPC_MD_HurricaneJoaquin_2015_LAS_2019,ok,2015-11-26,2015-11-26,2015-11-26,2015-11-26,2015-11-26,64131.0
USGS_LPC_MD_PA_SandySupp_2014_LAS_2016,ok,2014-12-07,2014-12-07,2014-12-20,2014-12-31,2015-01-02,3231.0
USGS_LPC_MD_VA_Sandy_NCR_2014_LAS_2015,ok,2014-04-10,2014-04-10,2014-04-24,2014-12-19,2014-12-20,24773.0
USGS_LPC_ME_NRCS_Lot4_2013_LAS_2015,ok,2013-11-05,2013-11-05,2013-11-23,2013-12-04,2013-12-04,14898.0
USGS_LPC_ME_SouthernAreas_2012_LAS_2016,ok,2011-09-14,2012-04-18,2012-04-20,2012-05-06,2012-05-06,29310.0
USGS_LPC_ME_Umbagog_2016_LAS_2019,ok,2017-05-04,2017-05-04,2017-05-16,2017-05-21,2017-05-21,59720.0
USGS_LPC_MI_13Co_BerrienCO_2015_LAS_2017,ok,2015-04-14,2015-04-14,2015-04-15,2015-04-15,2015-06-01,49718.0
USGS_LPC_MI_13Co_Delta_C16_2015_LAS_2018,ok,2015-05-20,2015-05-20,2015-05-22,2015-05-29,2015-05-31,48158.0
USGS_LPC_MI_13Co_Emmett_2015_LAS_2017,ok,2015-05-01,2015-05-01,2015-05-03,2015-05-05,2015-05-05,28985.0
USGS_LPC_MI_13Co_VanBurrenCo_2015_LAS_2017,ok,2014-12-07,2014-12-07,2014-12-08,2014-12-23,2014-12-23,46583.0
USGS_LPC_MI_16Co_Clare_2015_LAS_2018,ok,2016-04-16,2016-04-16,2016-04-17,2016-05-03,2016-05-03,66925.0
USGS_LPC_MI_16Co_Lapeer_2015_LAS_2018,ok,2015-11-15,2015-11-15,2015-11-16,2015-11-17,2015-11-17,45996.0
USGS_LPC_MI_16Co_Mecosta_2015_LAS_2018,ok,2016-04-15,2016-04-15,2016-04-16,2016-04-20,2016-04-20,96839.0
USGS_LPC_MI_16Co_Newaygo_2015_LAS_2018,ok,2016-04-15,2016-04-15,2016-04-15,2016-04-16,2016-04-16,49777.0
USGS_LPC_MI_16Co_Osceola_2015_LAS_2018,ok,2016-04-16,2016-04-23,2016-04-30,2016-05-03,2016-05-03,83632.0
USGS_LPC_MI_16Co_Roscommon_2015_LAS_2018,ok,2016-04-16,2016-04-17,2016-05-03,2016-05-03,2016-05-03,16207.0
USGS_LPC_MI_16Co_Shiawassee_2015_LAS_2018,ok,2015-11-11,2015-11-11,2015-11-14,2015-11-15,2015-11-15,59223.0
USGS_LPC_MI_16Co_StJoseph_2015_LAS_2018,ok,2015-11-20,2015-11-20,2015-12-04,2015-12-07,2015-12-07,52756.0
USGS_LPC_MI_25County_AlleganCo_2015_LAS_2017,ok,2014-12-07,2014-12-07,2014-12-07,2014-12-07,2014-12-07,61244.0
USGS_LPC_MI_31Co_Arenac_2016_LAS_2019,ok,2017-04-28,2017-04-28,2017-05-03,2017-05-03,2017-05-03,7725.0
USGS_LPC_MI_31Co_Arenac_TL_2016_LAS_2019,ok,2017-04-28,2017-04-28,2017-04-29,2017-05-03,2017-05-03,1822.0
USGS_LPC_MI_31Co_Bay_2016_LAS_2019,ok,2015-04-04,2015-04-04,2015-04-17,2015-04-17,2015-04-17,8635.0
USGS_LPC_MI_31Co_Chippewa_2017_LAS_2019,ok,2017-05-04,2017-05-04,2017-05-06,2017-05-11,2017-05-11,8901.0
USGS_LPC_MI_31Co_Clinton_2017_LAS_2019,ok,2017-11-29,2017-11-29,2017-11-29,2017-12-01,2017-12-01,16591.0
USGS_LPC_MI_31Co_Eaton_2016_LAS_2019,ok,2017-12-01,2017-12-01,2018-04-23,2018-04-23,2018-04-23,18596.0
USGS_LPC_MI_31Co_Gladwin_2016_LAS_2019,ok,2017-04-28,2017-04-28,2017-05-03,2017-05-03,2017-05-03,17329.0
USGS_LPC_MI_31Co_Hillsdale_2016_LAS_2019,ok,2017-03-23,2017-03-23,2017-03-29,2017-04-23,2017-04-23,24562.0
USGS_LPC_MI_31Co_Huron_2016_LAS_2019,ok,2016-11-29,2016-11-29,2017-04-18,2017-04-22,2017-11-24,35581.0
USGS_LPC_MI_31Co_Ingham_2017_LAS_2019,ok,2017-12-02,2017-12-02,2017-12-03,2018-04-22,2018-04-22,17829.0
USGS_LPC_MI_31Co_Ionia_2016_LAS_2019,ok,2017-11-29,2017-11-29,2017-11-29,2017-12-01,2017-12-01,16656.0
USGS_LPC_MI_31Co_Iosco_2016_LAS_2019,ok,2016-11-12,2016-11-12,2016-11-13,2016-11-14,2016-11-14,12292.0
USGS_LPC_MI_31Co_Isabella_2016_LAS_2019,ok,2017-04-16,2017-04-16,2017-04-17,2017-04-18,2017-04-18,10031.0
USGS_LPC_MI_31Co_Isabella_TL_2016_LAS_2019,ok,2017-04-17,2017-04-17,2017-04-18,2017-04-18,2017-04-18,15339.0
USGS_LPC_MI_31Co_Jackson_2016_LAS_2019,ok,2017-04-17,2017-04-17,2017-04-17,2017-04-24,2017-04-24,27622.0
USGS_LPC_MI_31Co_Kent_2016_LAS_2019,ok,2017-11-26,2017-11-26,2017-11-28,2018-04-21,2018-05-02,13323.0
USGS_LPC_MI_31Co_Lenawee_2017_LAS_2019,ok,2017-03-23,2017-03-23,2017-04-02,2017-04-23,2017-05-07,19463.0
USGS_LPC_MI_31Co_Livingston_2018_LAS_2019,ok,2017-12-02,2017-12-02,2017-12-03,2018-04-22,2018-04-22,19232.0
USGS_LPC_MI_31Co_Macomb_2016_LAS_2019,ok,2017-03-29,2017-03-29,2017-04-23,2017-05-03,2017-05-03,38903.0
USGS_LPC_MI_31Co_Mason_2017_LAS_2018,ok,2017-04-08,2017-04-08,2017-04-08,2017-04-09,2017-04-09,52014.0
USGS_LPC_MI_31Co_Midland_2016_LAS_2019,ok,2017-04-16,2017-04-16,2017-04-18,2017-04-18,2017-04-18,14009.0
USGS_LPC_MI_31Co_Monroe_2016_LAS_2019,ok,2017-04-12,2017-04-12,2017-04-13,2017-05-07,2017-05-07,13555.0
USGS_LPC_MI_31Co_Oakland_2016_LAS_2019,ok,2017-03-29,2017-03-29,2017-04-02,2017-05-03,2017-05-03,92858.0
USGS_LPC_MI_31Co_Oceana_2016_LAS_2018,ok,2017-04-08,2017-04-08,2017-04-08,2017-04-09,2017-04-09,58142.0
USGS_LPC_MI_31Co_Ottawa_2016_LAS_2019,ok,2016-04-15,2017-11-26,2017-11-27,2018-04-21,2018-05-02,10905.0
USGS_LPC_MI_31Co_Saginaw_2016_LAS_2019,ok,2015-03-24,2015-03-24,2015-03-25,2015-04-17,2015-04-17,15315.0
USGS_LPC_MI_31Co_Sanilac_2017_LAS_2019,ok,2017-04-02,2017-04-18,2017-04-22,2017-04-24,2017-04-24,12551.0
USGS_LPC_MI_31Co_StClair_2016_LAS_2019,ok,2017-04-02,2017-04-19,2017-04-23,2017-04-24,2017-04-24,7058.0
USGS_LPC_MI_31Co_Tuscola_2016_LAS_2019,ok,2016-11-29,2016-11-29,2017-04-17,2017-05-03,2017-05-03,11437.0
USGS_LPC_MI_31Co_Washtenaw_2016_LAS_2019,ok,2017-04-15,2017-04-15,2017-04-22,2017-04-24,2017-04-24,21869.0
USGS_LPC_MI_AlgerCo_2015_LAS_2017,ok,2015-05-20,2015-05-20,2015-05-22,2015-05-30,2015-05-31,21572.0
USGS_LPC_MI_BenzieCo_2015_LAS_2017,ok,2015-04-24,2015-04-24,2015-04-25,2015-04-30,2015-04-30,71723.0
USGS_LPC_MI_BranchCo_2017_LAS_2019,ok,2017-03-22,2017-03-22,2017-04-14,2017-04-24,2017-04-24,31465.0
USGS_LPC_MI_CalhounCo_2017_LAS_2019,ok,2017-04-18,2017-04-18,2017-04-18,2017-04-23,2017-04-23,14457.0
USGS_LPC_MI_Cass_2015_LAS_2018,ok,2015-11-16,2015-11-16,2015-11-16,2015-12-05,2015-12-07,68188.0
USGS_LPC_MI_Charlevoix_2018_LAS_2019,ok,2018-05-08,2018-05-08,2018-05-09,2018-05-09,2018-05-10,9790.0
USGS_LPC_MI_Charlevoix_Islands_2016_LAS_2019,ok,2015-11-15,2015-11-15,2015-11-16,2016-06-03,2016-06-03,2757.0
USGS_LPC_MI_Charlevoix_TL_2018_LAS_2019,ok,2018-05-08,2018-05-08,2018-05-09,2018-05-10,2018-05-10,478.0
USGS_LPC_MI_FEMAHQ_2018_LAS_2019,ok,2018-05-12,2018-05-12,2018-05-13,2018-05-14,2018-05-14,10363.0
USGS_LPC_MI_GenesseeCo_2015_LAS_2018,ok,2015-11-15,2015-11-15,2015-11-15,2015-11-16,2015-11-16,54002.0
USGS_LPC_MI_GrandTraverseCO_2015_LAS_2017,ok,2015-04-17,2015-04-17,2015-04-18,2015-04-24,2015-04-24,32292.0
USGS_LPC_MI_HiawathaNF_QL1_2018_LAS_2019,ok,2019-05-26,2019-05-26,2019-05-26,2019-05-26,2019-05-26,13973.0
USGS_LPC_MI_HiawathaNF_QL2_2018_LAS_2019,ok,2018-10-29,2019-05-21,2019-05-26,2019-05-26,2019-05-30,48560.0
USGS_LPC_MI_Kalamazoo_2015_LAS_2018,ok,2015-11-20,2015-11-20,2015-11-20,2015-11-21,2016-04-17,78231.0
USGS_LPC_MI_Lake_2016_LAS_2017,ok,2016-04-15,2016-04-23,2016-04-30,2016-05-03,2016-05-03,71546.0
USGS_LPC_MI_LeelanauCo_2015_LAS_2017,ok,2015-04-18,2015-04-18,2015-04-24,2015-05-01,2015-05-01,12261.0
USGS_LPC_MI_MackinacCo_2015_LAS_2018,ok,2011-09-14,2015-05-05,2015-05-13,2015-05-14,2015-05-16,3025.0
USGS_LPC_MI_ManisteeCo_2015_LAS_2017,ok,2015-04-24,2015-04-24,2015-04-29,2015-04-30,2015-04-30,55630.0
USGS_LPC_MI_Missaukee_2016_LAS_2017,ok,2016-04-30,2016-04-30,2016-04-30,2016-05-03,2016-05-03,77965.0
USGS_LPC_MI_Montcalm_2015_LAS_2018,ok,2016-04-15,2016-04-15,2016-04-20,2016-05-03,2016-05-03,54721.0
USGS_LPC_MI_MuskeganCo_2013_LAS_2016,ok,2013-04-22,2013-04-22,2013-04-26,2013-04-27,2013-04-27,32037.0
USGS_LPC_MI_Muskegon_2015_LAS_2018,ok,2016-04-14,2016-04-14,2016-04-15,2016-04-16,2016-04-16,33898.0
USGS_LPC_MI_Olga_Lake_Lot5_2016_LAS_2017,ok,2016-06-17,2016-06-17,2016-06-17,2016-06-17,2016-06-17,67308.0
USGS_LPC_MI_Ottawa_NF_2017_LAS_2019,ok,2018-05-15,2018-05-15,2018-05-18,2018-10-24,2018-10-24,13775.0
USGS_LPC_MI_Ottawa_NF_TL_2017_LAS_2019,ok,2018-05-16,2018-05-16,2018-05-16,2018-05-16,2018-05-16,536.0
USGS_LPC_MI_WayneCo_2017_LAS_2018,ok,2017-04-15,2017-04-15,2017-04-22,2017-04-23,2017-04-23,40183.0
USGS_LPC_MI_Wexford_2016_LAS_2017,ok,2016-04-30,2016-04-30,2016-04-30,2016-05-03,2016-05-03,76607.0
USGS_LPC_MN_Arrowhead_B1_2011_LAS_2016,gps_week_seconds_or_empty,,,,,,
USGS_LPC_MN_Arrowhead_B2_2011_LAS_2016,gps_week_seconds_or_empty,,,,,,
USGS_LPC_MN_Arrowhead_B3_2011_LAS_2016,ok,2011-05-17,2011-05-17,2011-05-25,2011-06-02,2012-05-14,24839.0
USGS_LPC_MN_Arrowhead_B4_2011_LAS_2016,gps_week_seconds_or_empty,,,,,,
USGS_LPC_MN_Arrowhead_B5_2011_LAS_2016,gps_week_seconds_or_empty,,,,,,
USGS_LPC_MN_BlueEarth_2011_LAS_2016,gps_week_seconds_or_empty,,,,,,
USGS_LPC_MN_CentralLakes_Block1_2012_LAS_2016,ok,2012-04-05,2012-04-11,2012-04-14,2012-04-24,2012-04-26,27869.0
USGS_LPC_MN_CentralLakes_Block2_2012_LAS_2016,ok,2012-04-12,2012-04-12,2012-04-20,2012-10-30,2012-10-31,45746.0
USGS_LPC_MN_CentralLakes_Block3_2012_LAS_2016,ok,2012-04-05,2012-04-05,2012-04-11,2012-04-27,2012-04-28,53479.0
USGS_LPC_MN_CentralLakes_Block4_2012_LAS_2016,ok,2012-04-06,2012-04-06,2012-04-11,2012-04-28,2012-04-28,54978.0
USGS_LPC_MN_CentralLakes_Block5_2012_LAS_2016,ok,2012-04-06,2012-04-06,2012-04-27,2012-04-28,2012-04-28,36835.0
USGS_LPC_MN_Phase1_BrownCO_2010_LAS_2016,gps_week_seconds_or_empty,,,,,,
USGS_LPC_MN_Phase1_DouglasCO_2010_LAS_2016,gps_week_seconds_or_empty,,,,,,
USGS_LPC_MN_Phase1_FairbaultCO_2010_LAS_2016,gps_week_seconds_or_empty,,,,,,
USGS_LPC_MN_Phase1_LacQuiParleCo_2010_LAS_2016,gps_week_seconds_or_empty,,,,,,
USGS_LPC_MN_Phase1_LeSueurCO_2010_LAS_2016,gps_week_seconds_or_empty,,,,,,
USGS_LPC_MN_Phase1_LincolnCo_2010_LAS_2016,gps_week_seconds_or_empty,,,,,,
USGS_LPC_MN_Phase1_LyonCO_2010_LAS_2016,gps_week_seconds_or_empty,,,,,,
USGS_LPC_MN_Phase1_MartinCO_2010_LAS_2016,gps_week_seconds_or_empty,,,,,,
USGS_LPC_MN_Phase1_NicolletCO_2010_LAS_2016,gps_week_seconds_or_empty,,,,,,
USGS_LPC_MN_Phase1_Nobles_2010_LAS_2016,gps_week_seconds_or_empty,,,,,,
USGS_LPC_MN_Phase1_PipestoneCO_2010_LAS_2016,gps_week_seconds_or_empty,,,,,,
USGS_LPC_MN_Phase1_PopeCO_2011_LAS_2016,gps_week_seconds_or_empty,,,,,,
USGS_LPC_MN_Phase1_RedwoodCO_2010_LAS_2016,gps_week_seconds_or_empty,,,,,,
USGS_LPC_MN_Phase1_WatonwanCO_2010_LAS_2016,gps_week_seconds_or_empty,,,,,,
USGS_LPC_MN_Phase1_YellowMedicineCO_2010_LAS_2016,gps_week_seconds_or_empty,,,,,,
USGS_LPC_MN_Phase4_Metro_D_2011_LAS_2016,gps_week_seconds_or_empty,,,,,,
USGS_LPC_MN_Phase4_Metro_Dakota_2011_LAS_2016,gps_week_seconds_or_empty,,,,,,
USGS_LPC_MN_Phase4_Metro_E_2011_LAS_2016,gps_week_seconds_or_empty,,,,,,
USGS_LPC_MN_Phase4_Metro_F_2011_LAS_2016,ok,2011-09-16,2011-09-17,2011-12-19,2012-03-26,2012-03-26,29419.0
USGS_LPC_MN_Phase4_Metro_G_2011_LAS_2016,ok,2011-11-12,2011-11-12,2011-11-12,2011-11-13,2011-11-13,20926.0
USGS_LPC_MN_Phase4_Metro_H_2011_LAS_2016,ok,2011-09-16,2011-09-16,2011-11-14,2012-03-29,2012-03-29,34009.0
USGS_LPC_MN_Phase4_Metro_MapleGrove_2011_LAS_2016,gps_week_seconds_or_empty,,,,,,
USGS_LPC_MN_Phase_JacksonCO_2011_LAS_2016,gps_week_seconds_or_empty,,,,,,
USGS_LPC_MO_AR_Atchison_Holt_Andrew_2013_LAS_2016,ok,2013-11-27,2013-11-27,2013-12-01,2013-12-18,2014-01-28,23540.0
USGS_LPC_MO_AR_CapeGirardeau_Stoddard_2013_LAS_2016,ok,2013-12-26,2013-12-26,2013-12-31,2015-03-21,2015-03-21,22108.0
USGS_LPC_MO_AR_Clark_Lewis_2014_LAS_2016,ok,2013-12-13,2014-04-11,2014-04-25,2014-04-26,2014-04-26,62163.0
USGS_LPC_MO_AR_CrittendenCross_UTM15_2014_LAS_2016,ok,2014-01-29,2014-03-13,2014-03-14,2016-09-19,2016-09-23,47830.0
USGS_LPC_MO_AR_CrittendenCross_UTM16_2014_LAS_2016,ok,2014-01-29,2014-01-29,2014-03-14,2014-03-14,2014-03-14,52022.0
USGS_LPC_MO_AR_Game_Fish_WMA_2014_LAS_2016,ok,2014-02-25,2014-02-25,2014-03-10,2016-08-07,2016-08-07,6173.0
USGS_LPC_MO_AR_Knox_Shelby_2014_LAS_2016,ok,2014-04-11,2014-04-11,2014-04-25,2014-04-26,2014-04-26,29630.0
USGS_LPC_MO_AR_Marion_Ralls_2013_LAS_2016,ok,2013-12-10,2013-12-10,2014-01-01,2014-04-26,2014-04-26,33543.0
USGS_LPC_MO_AR_Mercer_Grundy_2014_LAS_2016,ok,2015-01-23,2015-01-23,2015-01-24,2015-01-26,2015-01-26,36632.0
USGS_LPC_MO_AR_Miss_Laud_UTM15_2014_LAS_2016,ok,2014-01-29,2014-01-30,2014-03-23,2018-03-04,2020-10-27,32963.0
USGS_LPC_MO_AR_Miss_Laud_UTM16_2014_LAS_2016,ok,2014-01-29,2014-01-29,2014-01-30,2014-03-26,2016-07-31,31716.0
USGS_LPC_MO_AR_Miss_Stoddard_UTM15_2014_LAS_2016,ok,2014-04-15,2014-04-17,2015-02-13,2015-02-13,2015-02-13,32383.0
USGS_LPC_MO_AR_Miss_Stoddard_UTM16_2014_LAS_2016,ok,2014-02-21,2014-02-21,2014-03-26,2015-02-14,2015-02-15,44473.0
USGS_LPC_MO_AR_Monroe_Lee_Phillips_2014_LAS_2016,ok,2014-03-07,2014-03-07,2015-03-15,2015-03-24,2015-03-24,49768.0
USGS_LPC_MO_AR_NewMadrid_Pemiscot_2014_LAS_2016,ok,2014-02-21,2014-02-21,2014-03-13,2015-02-13,2015-02-14,48489.0
USGS_LPC_MO_AR_Nodaway_2013_LAS_2016,ok,2013-11-27,2013-11-27,2013-12-03,2014-01-23,2014-04-11,63736.0
USGS_LPC_MO_AR_PhillipsDesha_2014_LAS_2016,ok,2014-03-07,2014-03-07,2014-03-24,2015-03-23,2015-03-24,33541.0
USGS_LPC_MO_AR_Pike_2014_LAS_2016,ok,2013-12-10,2013-12-10,2013-12-12,2013-12-13,2014-01-01,28480.0
USGS_LPC_MO_AR_Po_Cr_Gr_2014_LAS_2016,ok,2014-03-13,2014-03-13,2014-03-20,2016-09-19,2016-09-20,16026.0
USGS_LPC_MO_AR_Ray_2014_LAS_2016,ok,2014-01-23,2014-01-23,2014-01-29,2014-01-29,2014-01-29,57659.0
USGS_LPC_MO_AR_Schuyler_Scott_2014_LAS_2016,ok,2014-04-22,2014-04-22,2014-04-26,2014-04-26,2014-04-26,36678.0
USGS_LPC_MO_AR_ShannonCo_2014_LAS_2016,ok,2014-01-22,2014-01-22,2014-01-23,2014-01-23,2014-01-23,31793.0
USGS_LPC_MO_AR_StFrancis_Lee_2014_LAS_2016,ok,2014-03-13,2014-03-13,2014-03-21,2015-03-24,2015-03-24,40433.0
USGS_LPC_MO_AR_StGenevieveCo_2013_LAS_2016,ok,2014-04-09,2014-04-09,2014-04-09,2014-04-09,2014-04-10,32581.0
USGS_LPC_MO_AR_Vernon_Barton_2014_LAS_2016,ok,2014-01-19,2014-01-19,2014-01-20,2014-01-21,2014-01-21,54546.0
USGS_LPC_MO_BooneCo_2015_LAS_2017,ok,2015-01-30,2015-01-30,2015-02-07,2015-03-12,2015-03-12,27864.0
USGS_LPC_MO_Buch_Deklb_ClntnCo_2013_LAS_2016,ok,2013-11-29,2013-11-29,2014-01-23,2014-01-29,2014-01-29,26844.0
USGS_LPC_MO_FEMAR7_North_A1_2017_LAS_2019,ok,2017-12-01,2017-12-01,2017-12-06,2017-12-13,2017-12-13,11655.0
USGS_LPC_MO_FEMAR7_North_A2_2017_LAS_2019,ok,2017-12-02,2017-12-02,2017-12-05,2018-01-02,2018-01-04,85613.0
USGS_LPC_MO_FEMAR7_North_A3_2017_LAS_2019,ok,2017-12-05,2017-12-06,2017-12-18,2018-01-06,2018-01-06,9049.0
USGS_LPC_MO_FEMAR7_North_A4_2017_LAS_2019,ok,2017-12-08,2017-12-08,2017-12-13,2018-04-24,2018-04-24,39407.0
USGS_LPC_MO_FEMAR7_North_A5_QL1_2017_LAS_2019,ok,2017-12-31,2017-12-31,2017-12-31,2017-12-31,2017-12-31,26006.0
USGS_LPC_MO_FEMA_R7_South_B1_2017_LAS_2019,ok,2017-12-07,2017-12-07,2017-12-09,2017-12-16,2017-12-16,7653.0
USGS_LPC_MO_FEMA_R7_South_B2_2017_LAS_2019,ok,2017-12-06,2017-12-06,2017-12-14,2018-01-02,2018-01-02,6806.0
USGS_LPC_MO_FEMA_R7_South_TL_2017_LAS_2019,ok,2017-12-07,2017-12-07,2017-12-07,2017-12-07,2017-12-07,501.0
USGS_LPC_MO_ForkSaltRiver_2011_LAS_2016,gps_week_seconds_or_empty,,,,,,
USGS_LPC_MO_StLouis_2017_LAS_2018,ok,2017-02-17,2017-02-17,2017-02-20,2017-02-27,2017-02-27,45034.0
USGS_LPC_MS_Coastal_3DEPExt_Coastal_AOI_2015_LAS_2018,ok,2015-01-28,2015-01-28,2015-02-27,2015-03-23,2015-03-26,35587.0
USGS_LPC_MS_Coastal_3DEP_Extension_UTM16_2015_LAS_2017,ok,2015-03-08,2015-03-08,2015-03-28,2015-03-28,2015-03-29,30597.0
USGS_LPC_MS_Coastal_Z15_2015_LAS_2017,ok,2015-03-07,2015-03-07,2015-03-08,2015-03-28,2015-04-03,29424.0
USGS_LPC_MS_Laurel_2014_LAS_2015,ok,2014-01-12,2014-01-12,2014-01-18,2014-02-16,2014-02-16,19632.0
USGS_LPC_MS_Madison_Yazoo_2012_LAS_2016,gps_week_seconds_or_empty,,,,,,
USGS_LPC_MS_NatchezTrace_2016_LAS_2017,ok,2016-01-16,2016-01-16,2016-02-06,2017-01-16,2017-01-20,34154.0
USGS_LPC_MS_RankinSimpson_2013_LAS_2016,ok,2013-01-06,2013-01-06,2013-01-07,2013-02-01,2013-02-01,30353.0
USGS_LPC_MS_Tishomingo_North_2016_LAS_2017,ok,2016-01-17,2016-01-17,2016-02-04,2016-02-11,2016-02-11,15907.0
USGS_LPC_MS_Tishomingo_South_2016_LAS_2017,ok,2016-01-19,2016-01-19,2016-01-29,2016-02-04,2016-02-04,32457.0
USGS_LPC_MS_Tupelo_QL3_Rp_2012_LAS_2016,ok,2012-02-08,2012-02-10,2012-02-11,2012-02-17,2012-02-17,197.0
USGS_LPC_MS_Tupelo_UTM15_2015_LAS_2016,ok,2015-01-25,2015-01-25,2015-01-25,2015-01-26,2015-01-26,25827.0
USGS_LPC_MS_Tupelo_UTM16_2015_LAS_2016,ok,2015-01-10,2015-01-10,2015-01-18,2015-01-25,2015-01-25,33756.0
USGS_LPC_MT_BentonLake_2014_LAS_2015,ok,2014-08-28,2014-08-28,2014-08-28,2014-08-28,2014-08-28,29000.0
USGS_LPC_MT_BitterrootNF_2010_LAS_2016,gps_week_seconds_or_empty,,,,,,
USGS_LPC_MT_GlacierNP_2016_LAS_2017,ok,2016-07-29,2016-07-29,2016-07-30,2016-08-05,2016-08-05,4943.0
USGS_LPC_MT_LittleBigHorn_2014_LAS_2015,ok,2014-06-12,2014-06-12,2014-06-12,2014-06-12,2014-06-12,24304.0
USGS_LPC_MT_Stillwater_2016_LAS_2017,ok,2016-08-06,2016-08-06,2016-08-09,2016-08-11,2016-08-11,19305.0
USGS_LPC_NC_Phase4_Alexander_2017_LAS_2019,ok,2016-12-21,2016-12-21,2016-12-23,2016-12-31,2016-12-31,58150.0
USGS_LPC_NC_Phase4_Alleghany_2016_LAS_2019,ok,2016-04-10,2016-04-10,2016-04-17,2016-04-18,2016-04-18,8856.0
USGS_LPC_NC_Phase4_Anson_2016_LAS_2019,ok,2016-03-16,2016-03-16,2016-03-16,2016-03-23,2016-03-30,13659.0
USGS_LPC_NC_Phase4_Catawba_2017_LAS_2019,ok,2016-12-21,2016-12-31,2016-12-31,2017-02-10,2017-02-10,15428.0
USGS_LPC_NC_Phase4_Cleveland_2016_LAS_2019,ok,2016-04-04,2016-04-04,2016-04-05,2017-02-06,2017-02-06,9429.0
USGS_LPC_NC_Phase4_Davidson_2017_LAS_2019,ok,2016-04-06,2016-04-06,2017-01-29,2017-02-04,2017-02-06,15787.0
USGS_LPC_NC_Phase4_Davie_2017_LAS_2019,ok,2017-01-28,2017-01-28,2017-02-05,2017-02-06,2017-02-06,16108.0
USGS_LPC_NC_Phase4_Forsyth_2017_LAS_2019,ok,2016-12-21,2016-12-21,2016-12-29,2017-02-04,2017-02-06,23482.0
USGS_LPC_NC_Phase4_Gaston_2016_LAS_2019,ok,2016-03-23,2016-03-24,2016-04-05,2017-02-06,2017-02-06,12238.0
USGS_LPC_NC_Phase4_Iredell_2017_LAS_2019,ok,2016-12-21,2016-12-23,2017-02-01,2017-02-06,2017-02-06,17937.0
USGS_LPC_NC_Phase4_Mecklenburg_2016_LAS_2019,ok,2016-03-22,2016-03-22,2016-04-03,2017-02-02,2017-02-02,11913.0
USGS_LPC_NC_Phase4_Rowan_2017_LAS_2019,ok,2016-04-06,2016-04-06,2017-01-31,2017-02-04,2017-02-06,22220.0
USGS_LPC_NC_Phase4_Stokes_2016_LAS_2019,ok,2016-04-14,2016-04-14,2016-04-15,2016-12-22,2016-12-28,13649.0
USGS_LPC_NC_Phase4_Surry_2016_LAS_2019,ok,2016-04-10,2016-04-10,2016-04-15,2016-12-28,2016-12-28,10610.0
USGS_LPC_NC_Phase4_Union_2016_LAS_2019,ok,2016-03-17,2016-03-17,2016-03-22,2016-03-30,2016-03-30,16896.0
USGS_LPC_NC_Phase4_Wilkes_2017_LAS_2019,ok,2016-04-10,2016-04-10,2016-12-13,2016-12-29,2016-12-29,9840.0
USGS_LPC_NC_Phase4_Yadkin_2017_LAS_2019,ok,2016-12-23,2016-12-28,2016-12-28,2017-02-06,2017-02-06,13249.0
USGS_LPC_NC_SandyLot9_2014_LAS_2015,ok,2014-02-18,2014-02-18,2014-02-22,2014-03-10,2014-03-10,26081.0
USGS_LPC_NC_Sandy_L11_2014_LAS_2015,ok,2014-03-02,2014-03-02,2014-03-15,2014-03-22,2014-04-03,25803.0
USGS_LPC_NC_Sandy_L12_2014_LAS_2015,ok,2014-01-27,2014-01-27,2014-02-17,2014-03-21,2014-03-21,23558.0
USGS_LPC_NC_Sandy_L13_2014_LAS_2015,ok,2014-01-26,2014-01-26,2014-02-18,2014-03-21,2014-03-21,22682.0
USGS_LPC_NC_Sandy_L14_2014_LAS_2015,ok,2014-01-20,2014-01-20,2014-02-28,2014-11-21,2014-11-21,15779.0
USGS_LPC_NC_Sandy_L15_2014_LAS_2015,ok,2014-01-06,2014-01-26,2014-03-09,2014-03-21,2014-03-21,5904.0
USGS_LPC_NC_Sandy_L6_2014_LAS_2015,ok,2014-02-17,2014-02-17,2014-02-18,2014-02-23,2014-02-23,48111.0
USGS_LPC_NC_Sandy_L7_2014_LAS_2015,ok,2014-02-17,2014-02-17,2014-02-18,2014-02-23,2014-02-23,58282.0
USGS_LPC_NC_Sandy_Lot10_2014_LAS_2015,ok,2014-03-02,2014-03-02,2014-03-22,2014-04-03,2014-04-03,25107.0
USGS_LPC_NC_Sandy_Lot8_2014_LAS_2015,ok,2014-02-10,2014-02-10,2014-02-25,2014-03-20,2014-03-20,22495.0
USGS_LPC_ND_KidderCO_2014_LAS_2016,ok,2015-04-23,2015-04-23,2015-04-26,2015-04-29,2015-05-05,53131.0
USGS_LPC_ND_McKenzieCo_2014_LAS_2018,ok,2014-10-18,2014-10-18,2014-10-25,2014-10-31,2014-10-31,41125.0
USGS_LPC_NE_Eastern_UA_2016_LAS_2018,ok,2016-12-08,2016-12-08,2016-12-09,2016-12-14,2017-02-03,22007.0
USGS_LPC_NE_Hat_White_Cherry_UTM13_2016_LAS_2019,ok,2017-04-13,2017-04-13,2017-04-13,2017-04-13,2017-04-13,1610.0
USGS_LPC_NE_Hat_White_Cherry_UTM14_2016_LAS_2019,ok,2016-11-17,2016-11-17,2017-04-14,2017-05-08,2017-05-08,75.0
USGS_LPC_NE_Hat_White_Holt_2016_LAS_2019,ok,2016-11-09,2016-11-09,2016-11-10,2016-11-13,2016-11-13,32744.0
USGS_LPC_NE_MO_Elkhorn_2011_LAS_2018,ok,2011-10-30,2011-10-30,2011-10-31,2011-11-05,2011-11-05,3011.0
USGS_LPC_NE_NRCS_OrthoLidar_B1_UTM14_2017_LAS_2019,ok,2018-03-02,2018-03-13,2018-04-20,2018-04-22,2018-04-22,22235.0
USGS_LPC_NE_NRCS_OrthoLidar_B1_UTM15_2017_LAS_2019,ok,2018-03-01,2018-03-01,2018-03-03,2018-04-20,2018-04-20,12243.0
USGS_LPC_NE_NRCS_OrthoLidar_B1_UTM15_TL_2017_LAS_2019,ok,2018-03-01,2018-03-01,2018-03-01,2018-03-02,2018-03-02,2220.0
USGS_LPC_NE_NRCS_OrthoLidar_B4_2017_LAS_2019,ok,2018-04-23,2018-04-28,2018-05-05,2018-05-07,2018-05-07,11312.0
USGS_LPC_NE_Sandhills_B1_2016_LAS_2018,ok,2016-12-20,2016-12-20,2017-02-16,2017-05-07,2017-05-07,26616.0
USGS_LPC_NE_Sandhills_B2_UTM13_2016_LAS_2018,ok,2017-05-13,2017-05-13,2017-05-24,2017-05-24,2017-05-24,11191.0
USGS_LPC_NE_Sandhills_B2_UTM14_2016_LAS_2018,ok,2016-12-21,2016-12-27,2017-05-14,2017-05-30,2017-06-08,29688.0
USGS_LPC_NE_Sandhills_B3_2016_LAS_2018,ok,2016-12-21,2016-12-24,2016-12-29,2016-12-31,2017-06-02,26471.0
USGS_LPC_NE_Sandhills_B4_UTM13_2016_LAS_2018,ok,2017-05-07,2017-05-07,2017-05-13,2017-05-24,2017-05-24,22909.0
USGS_LPC_NE_Sandhills_B4_UTM14_2016_LAS_2018,ok,2017-05-07,2017-05-07,2017-05-08,2017-05-26,2017-08-29,12865.0
USGS_LPC_NE_Sandhills_B5_2016_LAS_2018,ok,2016-12-21,2016-12-23,2017-05-06,2017-06-02,2017-06-02,50256.0
USGS_LPC_NE_Sandhills_B6_2016_LAS_2018,ok,2016-12-23,2016-12-27,2017-05-04,2017-05-26,2017-05-26,44739.0
USGS_LPC_NH_Umbagog_QL1_2016_LAS_2019,ok,2017-11-08,2017-11-08,2017-11-11,2017-11-11,2017-11-11,14387.0
USGS_LPC_NM_Animas_2014_LAS_2017,ok,2014-10-12,2014-10-12,2014-10-13,2014-10-15,2014-10-15,36082.0
USGS_LPC_NM_CO_SouthernSanLuis_2015_LAS_2019,ok,2016-09-27,2016-09-27,2016-10-26,2016-11-09,2016-11-15,14054.0
USGS_LPC_NM_CO_Southern_San_Luis_TL_2015_LAS_2019,ok,2016-09-27,2016-09-27,2016-10-24,2016-11-08,2016-11-09,8436.0
USGS_LPC_NM_NRCS_Central_A1_2017_LAS_2018,ok,2018-01-05,2018-01-05,2018-01-27,2018-02-07,2018-02-07,86.0
USGS_LPC_NM_NRCS_Central_A2_2017_LAS_2018,ok,2017-12-30,2017-12-30,2018-01-11,2018-01-20,2018-01-22,65.0
USGS_LPC_NM_NorthCentral_B3_2017_LAS_2018,ok,2016-10-02,2016-10-07,2016-11-23,2016-12-04,2016-12-04,27791.0
USGS_LPC_NM_NorthCentral_B4_2016_LAS_2018,ok,2016-10-04,2016-10-04,2016-10-11,2016-12-01,2016-12-05,37728.0
USGS_LPC_NM_RioHondo_2014_LAS_2017,ok,2014-10-12,2014-10-12,2014-10-16,2014-10-25,2014-10-29,22395.0
USGS_LPC_NM_RioSanJose_2016_LAS_2019,ok,2016-12-15,2016-12-15,2017-05-24,2017-06-12,2017-06-12,4492.0
USGS_LPC_NM_Roosevelt_Curry_2015_LAS_2017,ok,2015-09-30,2015-09-30,2015-10-11,2015-10-16,2015-10-16,51889.0
USGS_LPC_NM_WhiteSands_2015_LAS_2017,ok,2015-08-08,2015-08-08,2015-08-08,2015-08-09,2015-08-09,36763.0
USGS_LPC_NV_LasVegas_QL1_2016_LAS_2018,ok,2016-04-24,2016-04-24,2016-05-03,2016-05-17,2016-05-17,50058.0
USGS_LPC_NV_LasVegas_QL2_2016_LAS_2018,ok,2016-04-22,2016-04-22,2016-05-05,2016-05-10,2016-05-12,19732.0
USGS_LPC_NV_Reno_Carson_QL1_2017_LAS_2018,ok,2017-09-24,2017-09-24,2017-10-18,2017-10-24,2017-10-27,7374.0
USGS_LPC_NV_Reno_Carson_QL2_2017_LAS_2018,ok,2017-09-20,2017-09-20,2017-10-25,2017-10-26,2017-10-26,7596.0
USGS_LPC_NV_UpperHumboldt_2016_LAS_2018,ok,2016-05-02,2016-05-02,2016-05-12,2016-05-31,2016-06-02,34325.0
USGS_LPC_NY_CayugaOswego_2018_LAS_2019,ok,2018-04-23,2018-04-23,2018-04-24,2018-05-02,2018-05-02,20142.0
USGS_LPC_NY_CayugaOswego_TL_2018_LAS_2019,ok,2018-04-23,2018-04-23,2018-04-23,2018-04-23,2018-04-23,14234.0
USGS_LPC_NY_Cl_Ess_LChamp_P2_2014_LAS_2016,ok,2014-11-02,2014-11-02,2015-05-02,2015-05-08,2015-05-08,36304.0
USGS_LPC_NY_FEMA_R2L1_ChautauquaCo_2014_LAS_2017,ok,2014-05-05,2014-05-05,2014-05-05,2014-05-06,2014-05-06,9775.0
USGS_LPC_NY_FEMA_R2L2_OrleansCo_2014_LAS_2017,ok,2014-05-07,2014-05-07,2014-05-20,2014-05-24,2014-05-24,46441.0
USGS_LPC_NY_FEMA_R2_B1_2016_LAS_2018,ok,2016-11-14,2016-11-14,2016-11-19,2017-04-23,2017-04-23,19728.0
USGS_LPC_NY_FEMA_R2_B2_2016_LAS_2018,ok,2016-11-12,2016-11-12,2017-04-15,2017-05-12,2017-05-12,39091.0
USGS_LPC_NY_FEMA_R2_Northeast_2017_LAS_2019,ok,2018-05-06,2018-05-06,2018-05-08,2018-05-09,2018-05-09,4566.0
USGS_LPC_NY_FEMA_R2_Seneca_2012_LAS_2015,ok,2012-05-05,2012-05-05,2013-11-21,2014-04-18,2014-04-24,19381.0
USGS_LPC_NY_LongIsland_Z18_2014_LAS_2015,ok,2014-04-03,2014-04-03,2014-04-06,2014-04-21,2014-04-21,12264.0
USGS_LPC_NY_MadisonOtsegoCo_2015_LAS_2017,ok,2015-04-16,2015-04-16,2015-04-29,2015-05-06,2015-06-07,53423.0
USGS_LPC_NY_Sandy_Ul_Du_Or_2013_LAS_2016,ok,2011-09-14,2013-11-20,2014-05-13,2014-06-01,2014-06-01,48537.0
USGS_LPC_NY_Schoharie_2014_LAS_2016,ok,2014-05-26,2014-05-26,2014-06-02,2014-06-02,2015-05-03,48605.0
USGS_LPC_NY_Southwest_2_CO_2016_LAS_2018,ok,2011-09-14,2016-03-30,2016-04-18,2016-05-18,2016-05-18,40217.0
USGS_LPC_NY_Southwest_B2_TL_2017_LAS_2019,ok,2017-11-15,2017-11-15,2017-11-15,2017-11-28,2017-11-28,2420.0
USGS_LPC_NY_Southwest_East_2017_LAS_2018,ok,2017-04-18,2017-04-18,2017-04-24,2017-05-09,2017-05-09,61103.0
USGS_LPC_OH_ChippewaWatershed_2017_LAS_2018,ok,2017-03-23,2017-03-23,2017-03-23,2017-03-23,2017-03-23,41192.0
USGS_LPC_OH_Clinton_2018_LAS_2019,ok,2018-03-04,2018-03-04,2018-03-05,2018-12-11,2018-12-11,16566.0
USGS_LPC_OH_Columbus_2019,ok,2019-03-24,2019-03-24,2019-03-27,2019-04-07,2019-04-07,5393.0
USGS_LPC_OH_Delaware_2018_LAS_2019,ok,2018-03-06,2018-03-06,2018-03-10,2018-12-11,2018-12-11,11672.0
USGS_LPC_OH_LowerMaumee_B16_2016_LAS_2017,ok,2016-04-13,2016-04-13,2016-04-16,2016-04-17,2016-04-17,37825.0
USGS_LPC_OK_3County_2017_LAS_2019,ok,2018-03-03,2018-03-03,2018-03-13,2018-03-16,2018-03-16,10268.0
USGS_LPC_OK_Area1_1A_2011_LAS_2016,ok,2011-12-07,2011-12-07,2011-12-08,2011-12-09,2011-12-10,21759.0
USGS_LPC_OK_Area1_1B_2011_LAS_2017,gps_week_seconds_or_empty,,,,,,
USGS_LPC_OK_Area1_1D_2011_LAS_2017,gps_week_seconds_or_empty,,,,,,
USGS_LPC_OK_Area2_2011_LAS_2016,ok,2011-09-19,2011-12-08,2011-12-17,2011-12-31,2012-01-18,15098.0
USGS_LPC_OK_Area4_2011_LAS_2018,ok,2012-01-06,2012-01-06,2012-01-13,2012-02-17,2012-02-17,19157.0
USGS_LPC_OK_Cache_L5_2014_LAS_2015,ok,2014-12-08,2014-12-08,2015-01-16,2015-01-17,2015-01-17,40633.0
USGS_LPC_OK_Craig_Nowata_2015_LAS_2017,ok,2015-12-08,2015-12-08,2015-12-10,2016-01-31,2016-01-31,44711.0
USGS_LPC_OK_DamRehab3_7_2011_LAS_2018,ok,2012-01-01,2012-01-01,2012-04-20,2012-04-24,2012-04-24,24280.0
USGS_LPC_OK_NRCS_Area1C_2012_LAS_2018,gps_week_seconds_or_empty,,,,,,
USGS_LPC_OK_NRCS_Area1E_2012_LAS_2018,gps_week_seconds_or_empty,,,,,,
USGS_LPC_OK_North_Corridor_B4_2017_LAS_2018,ok,2017-01-10,2017-01-10,2017-01-24,2017-02-16,2017-02-17,16582.0
USGS_LPC_OK_Woodward_UTM14_B1_2016_LAS_2018,ok,2016-12-13,2016-12-13,2016-12-21,2017-01-10,2017-01-10,12775.0
USGS_LPC_OK_Woodward_UTM14_B2_2016_LAS_2018,ok,2016-12-16,2016-12-16,2017-01-26,2017-02-22,2017-02-22,19749.0
USGS_LPC_OK_Woodward_UTM15_B3_2016__LAS_2018,ok,2017-01-04,2017-01-04,2017-01-27,2017-01-31,2017-02-25,20109.0
USGS_LPC_OK_Woodward_UTM15_B4_2016__LAS_2018,ok,2017-01-18,2017-02-01,2017-02-16,2017-02-25,2017-03-09,19235.0
USGS_LPC_OK_Woodward_UTM15_B5_2016__LAS_2018,ok,2017-01-27,2017-01-27,2017-02-07,2017-02-16,2017-04-07,10803.0
USGS_LPC_OK_Woodward_UTM15_B6_2016_LAS_2019,ok,2017-01-28,2017-01-29,2017-02-11,2017-03-08,2017-03-08,17657.0
USGS_LPC_OR_HarneyCounty_2018_LAS_2019,ok,2018-08-03,2018-08-03,2018-08-03,2018-08-04,2018-08-04,6410.0
USGS_LPC_OR_HarneyCounty_TL_2018_LAS_2019,ok,2018-08-03,2018-08-03,2018-08-03,2018-08-03,2018-08-03,435.0
USGS_LPC_OR_OLC_Wallowa_2015_LAS_2017,ok,2015-07-04,2015-07-04,2015-07-06,2015-07-15,2015-07-15,19056.0
USGS_LPC_PA_Allentown_2016_LAS_2017,ok,2016-03-26,2016-03-26,2016-03-26,2016-03-26,2016-03-26,54283.0
USGS_LPC_PA_Dauphin_2016_LAS_2017,ok,2016-03-24,2016-03-24,2016-03-26,2016-03-26,2016-11-22,39388.0
USGS_LPC_PA_South_Central_B1_2017_LAS_2019,ok,2017-11-21,2017-11-21,2017-11-25,2017-12-21,2018-02-27,14987.0
USGS_LPC_PA_South_Central_B2_2017_LAS_2019,ok,2017-11-21,2017-11-23,2017-12-02,2017-12-21,2017-12-21,12631.0
USGS_LPC_PR_PRVI_A_2018,ok,2018-04-22,2018-05-17,2018-05-25,2018-06-07,2019-01-23,27766.0
USGS_LPC_PR_PRVI_C_2018,ok,2018-05-06,2018-05-06,2018-06-06,2018-11-27,2018-11-27,347.0
USGS_LPC_PR_PRVI_D_2018,ok,2018-04-18,2018-04-18,2018-05-27,2018-12-12,2018-12-12,3394.0
USGS_LPC_PR_PRVI_E_2018,ok,2018-04-17,2018-05-07,2018-05-22,2018-10-11,2018-11-23,15422.0
USGS_LPC_PR_PRVI_F_2018,ok,2018-04-17,2018-04-18,2018-05-07,2018-10-12,2018-10-12,3107.0
USGS_LPC_PR_PRVI_G_2018,ok,2018-05-06,2018-05-07,2018-11-17,2018-11-24,2018-11-24,5096.0
USGS_LPC_PR_PRVI_H_2018,ok,2018-04-18,2018-07-12,2019-04-03,2019-04-17,2019-04-18,54743.0
USGS_LPC_PR_PRVI_VI_B1_2018,ok,2018-05-07,2018-05-07,2018-06-05,2018-10-18,2018-10-18,3016.0
USGS_LPC_PR_PRVI_VI_B2_2018,ok,2018-05-08,2018-05-20,2018-06-06,2018-10-19,2018-10-19,4624.0
USGS_LPC_PR_PuertoRico_2015_LAS_2018,ok,2015-09-19,2015-09-19,2016-02-29,2017-02-20,2017-02-27,9164.0
USGS_LPC_PR_PuertoRico_2016_LAS_2017,ok,2015-09-19,2015-09-19,2016-02-14,2016-03-31,2016-04-16,4739.0
USGS_LPC_SC_6County_Abbeville_2012_LAS_2017,ok,2012-03-14,2012-03-14,2012-03-14,2012-03-15,2012-03-15,47194.0
USGS_LPC_SC_6County_Aiken_2012_LAS_2017,ok,2011-09-16,2011-09-16,2012-03-05,2012-03-08,2012-03-10,46796.0
USGS_LPC_SC_6County_Barnwell_2012_LAS_2017,ok,2011-09-16,2011-09-16,2012-03-04,2012-03-05,2012-03-05,67481.0
USGS_LPC_SC_6County_Calhoun_2012_LAS_2017,ok,2012-02-20,2012-02-20,2012-02-22,2012-02-23,2012-02-23,38114.0
USGS_LPC_SC_6County_Edgefield_2012_LAS_2017,ok,2011-09-14,2011-09-20,2011-09-20,2012-03-11,2012-03-11,53787.0
USGS_LPC_SC_6County_McCormick_2012_LAS_2017,ok,2011-09-20,2011-09-20,2012-03-11,2012-03-14,2012-03-14,29046.0
USGS_LPC_SC_Charleston_2016_LAS_2019,ok,2016-12-17,2017-02-26,2017-03-06,2017-03-09,2017-03-09,8447.0
USGS_LPC_SC_East_Central_2017_LAS_2019,ok,2018-04-11,2018-04-11,2018-04-13,2018-04-18,2018-04-18,16605.0
USGS_LPC_SC_East_Central_TL_2018_LAS_2019,ok,2018-04-11,2018-04-11,2018-04-11,2018-04-13,2018-04-13,409.0
USGS_LPC_SC_Georgetown_2016_LAS_2019,ok,2016-12-16,2016-12-17,2017-01-08,2017-03-04,2017-03-04,17712.0
USGS_LPC_SC_Williamsburg_2016_LAS_2019,ok,2016-12-16,2016-12-16,2016-12-21,2017-02-27,2017-03-03,10073.0
USGS_LPC_SD_MORiver_Woolpert_B1_2016_LAS_2018,ok,2017-04-16,2017-04-16,2017-04-17,2017-05-05,2017-05-12,49834.0
USGS_LPC_SD_MORiver_Woolpert_B2_2016,ok,2017-04-06,2017-04-06,2017-04-08,2017-05-04,2017-05-04,13146.0
USGS_LPC_SD_NRCS_DAS_2017_LAS_2019,ok,2017-05-04,2017-05-04,2017-06-08,2017-06-11,2017-06-11,54405.0
USGS_LPC_SD_NRCS_Fugro_B1_2017_LAS_2019,ok,2017-10-27,2017-10-27,2017-11-11,2017-11-19,2017-11-30,7350.0
USGS_LPC_SD_NRCS_Fugro_B1_TL_2017_LAS_2019,ok,2017-11-10,2017-11-10,2017-11-11,2017-11-14,2017-11-14,620.0
USGS_LPC_SD_NRCS_Fugro_B2_2017_LAS_2019,ok,2017-10-27,2017-11-10,2018-06-01,2018-07-02,2018-07-02,21434.0
USGS_LPC_SD_NRCS_PAR_2017_LAS_2018,ok,2017-05-11,2017-05-12,2017-06-04,2017-06-09,2017-06-09,46816.0
USGS_LPC_TN_27County_blk1_2015_LAS_2018,ok,2015-12-03,2015-12-03,2015-12-06,2015-12-16,2016-01-05,5595.0
USGS_LPC_TN_27County_blk2_2015_LAS_2017,ok,2015-12-03,2015-12-03,2015-12-15,2016-01-03,2016-01-05,39032.0
USGS_LPC_TN_27County_blk3_2015_LAS_2017,ok,2015-12-04,2015-12-14,2015-12-16,2016-01-02,2016-01-06,13923.0
USGS_LPC_TN_27County_blk4_2015_LAS_2018,ok,2015-12-08,2015-12-08,2016-01-02,2016-01-13,2016-01-13,36058.0
USGS_LPC_TN_3County_2015_LAS_2017,ok,2015-12-17,2015-12-17,2015-12-20,2016-01-06,2016-01-06,26651.0
USGS_LPC_TN_BlountCo_2015_LAS_2017,ok,2011-09-14,2015-03-22,2015-03-22,2015-03-29,2015-05-09,42741.0
USGS_LPC_TN_Eastern_2_16_B16_Del2_2016_LAS_2017,ok,2011-09-14,2016-02-05,2016-03-06,2016-03-29,2016-04-04,20418.0
USGS_LPC_TN_Eastern_2_16_B16_Del3_2016_LAS_2017,ok,2016-03-06,2016-03-07,2016-03-18,2016-03-29,2016-04-04,39847.0
USGS_LPC_TN_Eastern_2_16_B16_Del4_2016_LAS_2017,ok,2016-03-08,2016-03-21,2016-03-23,2016-04-04,2016-04-04,45675.0
USGS_LPC_TN_Middle_B1_2018_LAS_2019,ok,2018-02-09,2018-02-09,2018-03-09,2018-04-04,2018-04-05,10003.0
USGS_LPC_TN_Middle_B2_2018_LAS_2019,ok,2018-01-30,2018-02-03,2018-03-09,2018-04-01,2018-04-01,6148.0
USGS_LPC_TN_Middle_B3_2018_LAS_2019,ok,2018-01-30,2018-01-30,2018-03-23,2018-03-31,2018-03-31,13956.0
USGS_LPC_TN_NRCS_L1_2011_12_LAS_2017,ok,2011-01-06,2011-01-06,2011-02-23,2012-01-04,2012-06-13,33786.0
USGS_LPC_TN_NRCS_L2_2011_12_LAS_2017,ok,2011-01-04,2011-01-04,2011-12-10,2012-01-04,2012-01-05,22674.0
USGS_LPC_TN_ShelbyCo_2017_LAS_2019,ok,2017-03-02,2017-03-02,2017-03-03,2017-03-04,2017-03-04,26596.0
USGS_LPC_TN_WestCentral_B1_2017_LAS_2018,ok,2017-03-03,2017-03-03,2017-03-09,2017-03-19,2017-03-19,22507.0
USGS_LPC_TN_WestCentral_B2_2017_LAS_2018,ok,2017-03-03,2017-03-03,2017-03-10,2017-03-19,2017-03-19,14210.0
USGS_LPC_TX_Archer_Jack_2014_LAS_2016,ok,2015-01-04,2015-01-04,2015-01-07,2015-01-16,2015-03-12,36415.0
USGS_LPC_TX_Central_B1_2017_LAS_2019,ok,2017-01-28,2017-01-28,2017-02-09,2017-03-01,2017-03-22,9025.0
USGS_LPC_TX_Central_B2_2017_LAS_2019,ok,2017-01-20,2017-01-20,2017-01-24,2017-02-01,2017-03-14,15094.0
USGS_LPC_TX_East_UTM14_2017_LAS_2018,ok,2016-12-29,2016-12-29,2017-01-12,2017-04-15,2017-04-15,21278.0
USGS_LPC_TX_East_UTM15_2017_LAS_2018,ok,2016-12-29,2016-12-29,2017-01-23,2017-04-15,2017-04-15,4786.0
USGS_LPC_TX_Eastern_B2_Z14_2018_LAS_2019,ok,2018-03-06,2018-03-06,2018-03-12,2018-03-13,2018-03-13,3234.0
USGS_LPC_TX_Eastern_B2_Z15_2018_LAS_2019,ok,2018-03-08,2018-03-08,2018-03-09,2018-03-19,2018-03-19,6251.0
USGS_LPC_TX_Eastern_B3_2018_LAS_2019,ok,2018-03-14,2018-03-14,2018-03-15,2018-03-21,2018-03-21,4540.0
USGS_LPC_TX_Lower_SanBernard_B1_2017_LAS_2019,ok,2018-02-12,2018-02-12,2018-02-17,2018-03-07,2018-03-07,4235.0
USGS_LPC_TX_Lower_SanBernard_B2_2017_LAS_2019,ok,2018-02-25,2018-02-26,2018-04-02,2018-04-17,2018-04-22,37868.0
USGS_LPC_TX_Lower_SanBernard_B4_2017_LAS_2019,ok,2018-02-25,2018-03-22,2018-04-10,2018-04-17,2018-04-17,24265.0
USGS_LPC_TX_Lower_SanBernard_B5_2017_LAS_2019,ok,2018-03-06,2018-03-06,2018-03-30,2018-04-08,2018-04-08,5042.0
USGS_LPC_TX_Lower_SanBernard_B6_2017_LAS_2019,ok,2018-02-25,2018-03-21,2018-04-15,2018-04-22,2018-04-22,7386.0
USGS_LPC_TX_MatagordaBay_B1_2018,ok,2019-01-24,2019-01-24,2019-01-26,2019-01-29,2019-01-29,10092.0
USGS_LPC_TX_MatagordaBay_B2_2018,ok,2019-01-24,2019-01-24,2019-01-25,2019-01-29,2019-01-29,2541.0
USGS_LPC_TX_MiddleBrazos_2016_LAS_2017,ok,2016-03-04,2016-03-04,2016-03-16,2016-03-21,2016-03-21,41796.0
USGS_LPC_TX_Neches_B1_2016_LAS_2018,ok,2017-01-03,2017-01-03,2017-02-09,2017-02-25,2017-02-25,42373.0
USGS_LPC_TX_Neches_B2_2016_LAS_2018,ok,2016-03-05,2016-03-05,2017-02-08,2017-02-23,2017-10-10,20122.0
USGS_LPC_TX_Neches_B3_2016_LAS_2018,ok,2016-03-05,2016-03-05,2017-01-30,2017-02-23,2017-02-23,21336.0
USGS_LPC_TX_Neches_B4_2016_LAS_2018,ok,2016-03-03,2016-03-03,2017-01-27,2017-02-16,2017-02-23,16702.0
USGS_LPC_TX_Neches_B5_2016_LAS_2018,ok,2016-03-03,2017-01-27,2017-02-08,2017-02-22,2017-02-22,18945.0
USGS_LPC_TX_Panhandle_B10_2017_LAS_2019,ok,2018-02-10,2018-02-10,2018-03-25,2018-05-18,2018-05-19,14643.0
USGS_LPC_TX_Panhandle_B10_TL_2017_LAS_2019,ok,2018-02-10,2018-02-10,2018-03-30,2018-03-31,2018-03-31,3197.0
USGS_LPC_TX_Panhandle_B11_2017_LAS_2019,ok,2018-02-17,2018-02-28,2018-04-08,2018-04-10,2018-04-13,14348.0
USGS_LPC_TX_Panhandle_B11_TL_2017_LAS_2019,ok,2018-03-09,2018-03-09,2018-03-09,2018-03-09,2018-03-12,7057.0
USGS_LPC_TX_Panhandle_B1_2017_LAS_2019,ok,2018-02-26,2018-02-26,2018-03-03,2018-03-11,2018-03-11,10058.0
USGS_LPC_TX_Panhandle_B1_TL_2018_LAS_2019,ok,2018-03-09,2018-03-09,2018-03-11,2018-03-12,2018-03-12,6560.0
USGS_LPC_TX_Panhandle_B2_2017_LAS_2019,ok,2018-02-28,2018-02-28,2018-03-07,2018-03-14,2018-03-14,16631.0
USGS_LPC_TX_Panhandle_B3_2017_LAS_2019,ok,2018-02-14,2018-02-14,2018-02-23,2018-02-28,2018-03-01,15731.0
USGS_LPC_TX_Panhandle_B4_2017_LAS_2019,ok,2018-02-11,2018-02-11,2018-02-14,2018-02-15,2018-02-22,10504.0
USGS_LPC_TX_Panhandle_B5_2017_LAS_2019,ok,2018-02-11,2018-02-11,2018-03-20,2018-04-13,2018-04-13,1718.0
USGS_LPC_TX_Panhandle_B6_2017_LAS_2019,ok,2018-02-17,2018-02-17,2018-02-23,2018-03-21,2018-03-21,12541.0
USGS_LPC_TX_Panhandle_B7_2017_LAS_2019,ok,2018-02-25,2018-03-01,2018-03-05,2018-03-24,2018-04-16,13385.0
USGS_LPC_TX_Panhandle_B8_2017_LAS_2019,ok,2018-02-25,2018-03-13,2018-03-20,2018-05-14,2018-05-20,9406.0
USGS_LPC_TX_Panhandle_B9_2017_LAS_2019,ok,2018-02-10,2018-02-10,2018-02-17,2018-05-18,2018-05-20,62983.0
USGS_LPC_TX_RedRiver_3Area_B1_2018_LAS_2019,ok,2017-01-27,2017-01-27,2017-02-18,2017-03-01,2017-03-01,18503.0
USGS_LPC_TX_RedRiver_3Area_B2_2018_LAS_2019,ok,2017-01-07,2017-01-07,2017-01-24,2017-02-16,2017-02-16,22024.0
USGS_LPC_TX_RedRiver_Atacosa_B1_2018_LAS_2019,ok,2018-01-09,2018-01-09,2018-01-13,2018-01-22,2018-01-22,20287.0
USGS_LPC_TX_RedRiver_Atacosa_B2_2018_LAS_2019,ok,2018-01-04,2018-01-04,2018-01-09,2018-01-22,2018-01-22,3179.0
USGS_LPC_TX_RedRiver_B1_2017_LAS_2019,ok,2017-01-20,2017-01-20,2017-01-24,2017-02-25,2017-03-01,15978.0
USGS_LPC_TX_RedRiver_B2_2017_LAS_2019,ok,2017-01-20,2017-01-21,2017-02-07,2017-02-25,2017-02-25,8981.0
USGS_LPC_TX_RedRiver_B2_TL_2017_LAS_2019,ok,2017-01-20,2017-01-20,2017-01-25,2017-01-26,2017-01-26,7043.0
USGS_LPC_TX_RedRiver_B3_2017_LAS_2019,ok,2017-01-20,2017-01-20,2017-01-23,2017-02-26,2017-03-01,50657.0
USGS_LPC_TX_RedRiver_BrazosBasin_B1_2017_LAS_2019,ok,2017-03-17,2017-03-17,2018-01-17,2018-05-28,2018-05-28,16532.0
USGS_LPC_TX_RedRiver_BrazosBasin_B2_2017_LAS_2019,ok,2017-03-06,2017-03-14,2018-01-09,2018-01-28,2018-05-28,13484.0
USGS_LPC_TX_RedRiver_BrazosBasin_B3_2017_LAS_2019,ok,2017-01-21,2017-01-28,2017-03-21,2018-01-30,2018-05-28,7047.0
USGS_LPC_TX_RedRiver_BrazosBasin_B4_2017_LAS_2019,ok,2017-01-21,2017-01-21,2017-03-14,2017-12-15,2017-12-15,7481.0
USGS_LPC_TX_RedRiver_BrazosBasin_B5_2017_LAS_2019,ok,2017-01-23,2017-01-23,2017-02-01,2017-12-15,2018-03-09,7536.0
USGS_LPC_TX_RedRiver_Lavaca_Wharton_2018_LAS_2019,error_OverflowError,,,,,,
USGS_LPC_TX_RioGrand_FTWhit_2014_LAS_2016,ok,2014-11-30,2014-11-30,2014-12-02,2014-12-08,2014-12-11,15812.0
USGS_LPC_TX_South_B1_2018_LAS_2019,ok,2018-01-29,2018-01-29,2018-01-29,2018-03-12,2018-03-20,23092.0
USGS_LPC_TX_South_B2_2018_LAS_2019,ok,2018-01-29,2018-01-29,2018-03-10,2018-03-20,2018-03-20,14328.0
USGS_LPC_TX_South_B3_2018_LAS_2019,ok,2018-01-22,2018-01-22,2018-02-01,2018-02-08,2018-02-08,17518.0
USGS_LPC_TX_South_B4_2018_LAS_2019,ok,2018-01-23,2018-01-23,2018-03-18,2018-03-20,2018-04-27,20640.0
USGS_LPC_TX_South_B5_2018_LAS_2019,ok,2018-01-22,2018-01-22,2018-03-12,2018-03-21,2018-03-21,13003.0
USGS_LPC_TX_South_B6_2018_LAS_2019,ok,2018-01-13,2018-01-13,2018-03-01,2018-03-12,2018-03-12,16621.0
USGS_LPC_TX_South_B7_2018_LAS_2019,ok,2018-01-23,2018-01-23,2018-02-24,2018-03-20,2018-03-20,20814.0
USGS_LPC_TX_South_B8_2018_LAS_2019,ok,2018-01-23,2018-01-23,2018-03-20,2019-02-24,2019-02-24,22394.0
USGS_LPC_TX_UpClCrkBrazos_2015_LAS_2016,ok,2014-12-14,2014-12-14,2014-12-21,2019-04-15,2019-04-15,27363.0
USGS_LPC_TX_West_Central_B10_2018_LAS_2019,ok,2018-02-02,2018-02-04,2018-03-09,2018-04-29,2018-11-05,22286.0
USGS_LPC_TX_West_Central_B11_2018_LAS_2019,ok,2018-02-09,2018-02-17,2018-03-10,2018-05-26,2018-05-27,13590.0
USGS_LPC_TX_West_Central_B12_2018_LAS_2019,ok,2018-02-17,2018-02-25,2018-03-08,2018-04-10,2018-11-05,47239.0
USGS_LPC_TX_West_Central_B13_2018_LAS_2019,ok,2018-03-09,2018-03-09,2018-05-04,2018-05-04,2018-05-06,56970.0
USGS_LPC_TX_West_Central_B14_2018_LAS_2019,ok,2018-03-20,2018-03-20,2018-03-20,2018-04-04,2018-04-04,26815.0
USGS_LPC_TX_West_Central_B15a_2018_LAS_2019,ok,2018-02-25,2018-02-25,2018-03-08,2018-03-21,2018-03-21,9286.0
USGS_LPC_TX_West_Central_B15b_2018_LAS_2019,ok,2017-01-20,2018-02-25,2018-03-05,2018-03-12,2018-03-12,5141.0
USGS_LPC_TX_West_Central_B1_2018_LAS_2019,ok,2018-02-18,2018-04-16,2018-05-15,2018-05-19,2018-05-19,50330.0
USGS_LPC_TX_West_Central_B2_2018_LAS_2019,ok,2018-02-12,2018-02-12,2018-02-20,2018-05-17,2018-05-17,17077.0
USGS_LPC_TX_West_Central_B3_2018_LAS_2019,ok,2018-02-11,2018-02-12,2018-02-14,2018-05-04,2018-05-17,14587.0
USGS_LPC_TX_West_Central_B4_2018,ok,2018-02-08,2018-02-10,2018-02-14,2018-03-08,2018-05-04,6365.0
USGS_LPC_TX_West_Central_B5_2018,ok,2018-02-12,2018-02-13,2018-02-25,2018-03-10,2018-03-10,20779.0
USGS_LPC_TX_West_Central_B6_2018_LAS_2019,ok,2018-02-12,2018-02-12,2018-03-10,2018-03-10,2018-03-11,53825.0
USGS_LPC_TX_West_Central_B7_2018_LAS_2019,ok,2018-02-10,2018-02-20,2018-03-01,2018-03-11,2018-03-12,24989.0
USGS_LPC_TX_West_Central_B8_2018_LAS_2019,ok,2018-02-10,2018-02-15,2018-02-25,2018-03-01,2018-03-01,28373.0
USGS_LPC_TX_West_Central_B9_2018_LAS_2019,ok,2018-02-07,2018-02-07,2018-03-02,2018-03-21,2018-04-29,13849.0
USGS_LPC_TX_West_Central_UTM14_TL_2018_LAS_2019,ok,2018-03-06,2018-03-06,2018-03-21,2018-04-04,2018-05-05,63184.0
USGS_LPC_TX_West_Central_UTM15_TL_2018_LAS_2019,ok,2017-01-25,2017-01-25,2018-03-12,2018-03-12,2018-03-12,2579.0
USGS_LPC_UT_BearLake_Cache_2016_LAS_2018,ok,2016-09-19,2016-09-19,2016-10-27,2017-10-27,2017-10-27,5445.0
USGS_LPC_UT_BoxElder_2018_LAS_2019,ok,2018-09-04,2018-09-04,2018-09-19,2018-09-24,2018-09-24,127.0
USGS_LPC_UT_BoxElder_TL_2018_LAS_2019,ok,2018-09-22,2018-09-22,2018-09-24,2018-09-24,2018-09-24,3432.0
USGS_LPC_UT_Central_QL1_B1_2018_LAS_2019,ok,2018-08-09,2018-08-09,2018-08-20,2018-08-26,2018-09-02,1631.0
USGS_LPC_UT_Central_QL1_B2_2018_LAS_2019,ok,2018-06-05,2018-06-05,2018-08-01,2018-09-03,2018-09-03,10914.0
USGS_LPC_UT_Central_Ql2_TL_2018_LAS_2019,ok,2018-06-08,2018-06-08,2018-06-25,2018-08-19,2018-08-19,126.0
USGS_LPC_UT_FEMAHQ_B2_2018_LAS_2019,ok,2018-04-22,2018-05-06,2018-05-06,2018-05-10,2018-08-19,14698.0
USGS_LPC_UT_FEMAHQ_B2_QL1_2018_LAS_2019,ok,2018-05-30,2018-05-30,2018-08-19,2018-08-29,2018-08-29,17058.0
USGS_LPC_UT_FemaHQ_B1_TL_2018_LAS_2019,ok,2018-04-21,2018-04-21,2018-05-08,2018-06-02,2018-06-02,7141.0
USGS_LPC_UT_FemaHQ_B2_TL_2018_LAS_2019,ok,2018-04-22,2018-04-25,2018-05-01,2018-05-24,2018-10-15,21126.0
USGS_LPC_UT_MillsiteReservoir_2017_LAS_2018,ok,2017-10-21,2017-10-21,2017-10-21,2017-10-25,2017-10-25,99513.0
USGS_LPC_UT_MonroeMoutain_2016_LAS_2018,implausible_year,2016-08-27,2016-08-28,2048-05-18,2111-10-02,2111-10-06,21688.0
USGS_LPC_UT_NorthEscalanteDesert_2016_LAS_2018,ok,2016-10-26,2016-10-26,2016-10-28,2016-11-03,2016-11-03,57242.0
USGS_LPC_UT_Northern_QL1_2018_LAS_2019,ok,2018-04-25,2018-04-25,2018-07-23,2018-07-26,2018-08-03,2121.0
USGS_LPC_UT_Northern_QL2_2018_LAS_2019,ok,2018-05-24,2018-05-24,2018-06-07,2018-06-26,2018-06-26,1960.0
USGS_LPC_UT_Sanpete_2018_LAS_2019,ok,2018-10-15,2018-10-15,2018-10-16,2018-11-03,2018-11-03,5700.0
USGS_LPC_UT_Southern_B1_2018_LAS_2019,ok,2018-04-28,2018-04-28,2018-05-17,2018-07-17,2018-10-12,5606.0
USGS_LPC_UT_Southern_B1_TL_2018_LAS_2019,ok,2018-05-08,2018-05-08,2018-05-08,2018-05-17,2018-05-17,10959.0
USGS_LPC_UT_Southern_B2_2018_LAS_2019,ok,2018-05-05,2018-05-05,2018-05-10,2018-07-29,2018-07-29,930.0
USGS_LPC_UT_Southern_QL1_2018_LAS_2019,ok,2018-04-27,2018-04-27,2018-06-22,2018-07-29,2018-07-29,645.0
USGS_LPC_UT_WasatchFault_L3_2013_LAS_2016,ok,2013-11-08,2013-11-08,2013-11-18,2013-12-01,2013-12-01,21507.0
USGS_LPC_UT_Wasatch_L4_2013_LAS_2016,ok,2013-10-18,2013-10-18,2014-03-09,2014-03-22,2014-03-22,41755.0
USGS_LPC_UT_Wasatch_L5_2014_LAS_2016,ok,2013-11-08,2013-11-08,2013-11-14,2014-05-31,2014-05-31,11652.0
USGS_LPC_UT_Washakie_Whites_Valley_2017_LAS_2017,ok,2017-04-15,2017-04-15,2017-04-15,2017-04-16,2017-04-16,19487.0
USGS_LPC_UT_WashingtonCo_2016_LAS_2017,ok,2017-01-08,2017-01-08,2017-01-17,2017-07-14,2017-07-14,18601.0
USGS_LPC_VA_Central_Seismic_2013_LAS_2015,ok,2014-05-06,2014-05-06,2014-05-07,2014-05-07,2014-05-07,32639.0
USGS_LPC_VA_ChesapeakeBayNorth_2015_LAS_2017,ok,2015-11-16,2015-11-16,2015-11-22,2016-03-29,2016-03-30,37219.0
USGS_LPC_VA_Eastern_ShoreBAA_2015_LAS_2017,ok,2011-09-14,2013-11-21,2015-04-15,2015-04-24,2015-04-24,21580.0
USGS_LPC_VA_FEMA_R3_Northeast_2016_LAS_2018,ok,2016-11-04,2016-11-04,2017-03-23,2017-04-27,2017-04-27,7297.0
USGS_LPC_VA_FEMA_R3_Southwest_A_2016_LAS_2018,ok,2016-11-22,2016-11-22,2017-04-09,2017-04-13,2017-04-13,12998.0
USGS_LPC_VA_FEMA_R3_Southwest_B_2016_LAS_2018,ok,2016-10-02,2016-11-06,2016-11-13,2017-04-11,2017-04-13,9360.0
USGS_LPC_VA_Fairfax_County_2018,ok,2018-12-06,2018-12-06,2018-12-13,2018-12-26,2018-12-26,27946.0
USGS_LPC_VA_Norfolk_2013_LAS_2015,ok,2013-03-22,2013-03-22,2013-03-30,2013-04-02,2013-04-02,27826.0
USGS_LPC_VA_Sandy_2014_LAS_2015,ok,2014-03-24,2014-03-24,2014-04-12,2014-04-21,2014-04-21,30671.0
USGS_LPC_VA_Shen_Multi_Haz_2014_LAS_2015,ok,2014-04-06,2014-04-06,2014-04-10,2014-04-11,2014-04-11,20376.0
USGS_LPC_VA_Shenandoah_2013_LAS_2015,ok,2014-01-18,2014-01-18,2014-04-01,2014-04-11,2014-05-23,39702.0
USGS_LPC_VT_Connecticut_River_2016_LAS_2018,ok,2016-11-01,2016-11-01,2016-11-10,2016-11-19,2016-11-19,12331.0
USGS_LPC_VT_E_Vermont_L2_2014_LAS_2017,ok,2014-11-11,2014-11-11,2015-10-26,2015-11-04,2015-11-04,22425.0
USGS_LPC_VT_EasternVermont_L1_2014_LAS_2017,ok,2014-11-08,2014-11-08,2015-05-08,2015-05-09,2015-05-09,21562.0
USGS_LPC_VT_RutlandCo_Lot6_2013_LAS_2016,ok,2013-11-04,2013-11-04,2013-11-16,2014-06-01,2015-05-14,6681.0
USGS_LPC_VT_Rutland_Lot7_2014_LAS_2016,ok,2014-05-07,2014-05-07,2014-11-03,2014-11-06,2015-05-14,13642.0
USGS_LPC_VT_Rutland_Lot8_2013_LAS_2016,ok,2013-11-16,2013-11-20,2014-11-22,2015-05-14,2015-12-06,40231.0
USGS_LPC_VT_Western_2017_LAS_2018,ok,2017-11-08,2017-11-08,2017-11-16,2017-11-21,2017-11-21,5100.0
USGS_LPC_VT_Windham_CO_2015_LAS_2017,ok,2015-11-09,2015-11-09,2015-11-09,2015-11-15,2015-11-15,47120.0
USGS_LPC_WA_3_County_QL2_2017_LAS_2019,ok,2017-10-03,2017-10-03,2017-11-12,2018-03-20,2018-07-04,8635.0
USGS_LPC_WA_ElwhaRiver_2014_LAS_2017,ok,2014-11-07,2014-11-07,2014-11-11,2015-02-23,2015-02-23,24729.0
USGS_LPC_WA_Elwha_TB_2015_LAS_2016,ok,2015-09-28,2015-09-28,2015-09-28,2015-09-29,2015-09-29,8394.0
USGS_LPC_WA_GlacierPeak_2014_LAS_2016,ok,2014-08-25,2014-08-26,2014-10-02,2015-06-23,2015-06-24,52765.0
USGS_LPC_WA_MtBaker_2015_LAS_2017,ok,2015-08-26,2015-08-26,2015-09-12,2015-09-27,2015-09-27,85902.0
USGS_LPC_WA_Olympic_Peninsula_2013_LAS_2015,ok,2013-10-13,2013-10-13,2013-11-25,2014-01-25,2014-01-25,38769.0
USGS_LPC_WI_Bayfield_2016,ok,2015-10-22,2015-10-22,2015-11-03,2016-04-15,2016-04-15,10190.0
USGS_LPC_WI_Buffalo_2016,ok,2016-03-21,2016-03-21,2016-03-22,2016-03-22,2016-03-22,15197.0
USGS_LPC_WI_DodgeCo_2017_LAS_2019,ok,2017-04-12,2017-04-12,2017-04-12,2017-04-17,2017-04-23,35989.0
USGS_LPC_WI_FEMAHQ_2018_LAS_2019,ok,2018-04-30,2018-04-30,2018-05-15,2018-05-16,2018-05-16,1746.0
USGS_LPC_WI_FEMAHQ_TL_2018_LAS_2019,ok,2018-05-12,2018-05-12,2018-05-14,2018-05-15,2018-05-15,10835.0
USGS_LPC_WI_Forest_2016_LAS_2019,ok,2017-04-22,2017-04-22,2017-04-24,2017-04-25,2017-04-25,3625.0
USGS_LPC_WI_Forest_TL_2016_LAS_2019,ok,2017-04-22,2017-04-23,2017-04-24,2017-04-25,2017-04-25,1171.0
USGS_LPC_WI_Kenosha_2017_LAS_2019,ok,2017-04-17,2017-04-17,2017-04-24,2017-04-25,2017-04-25,8558.0
USGS_LPC_WI_LaCrosse_2017_LAS_2018,ok,2017-03-10,2017-03-10,2017-03-11,2017-03-11,2017-03-11,56387.0
USGS_LPC_WI_Langlade_2017_LAS_2019,ok,2017-04-16,2017-04-16,2017-04-29,2017-04-29,2017-04-29,12688.0
USGS_LPC_WI_Langlade_TL_2017_LAS_2019,ok,2017-04-16,2017-04-16,2017-04-16,2017-04-29,2017-04-29,613.0
USGS_LPC_WI_LincolnCo_2015_LAS_2019,ok,2015-04-15,2015-04-15,2015-04-16,2015-04-16,2015-04-16,18378.0
USGS_LPC_WI_ManitowocCo_2015_LAS_2019,ok,2015-11-02,2015-11-02,2015-11-09,2015-11-10,2015-11-10,14248.0
USGS_LPC_WI_OneidaCo_2013_LAS_2019,ok,2013-05-13,2013-05-13,2013-05-16,2013-05-17,2013-05-17,11885.0
USGS_LPC_WI_OneidaCo_TL_2013_LAS_2019,ok,2013-05-16,2013-05-16,2013-05-16,2013-05-17,2013-05-17,2645.0
USGS_LPC_WI_Portage_2016,ok,2016-04-05,2016-04-05,2016-04-14,2016-04-15,2016-04-15,25087.0
USGS_LPC_WI_Racine_2017_LAS_2019,ok,2017-04-17,2017-04-17,2017-04-17,2017-04-25,2017-04-25,16119.0
USGS_LPC_WI_SEWRPC_2017_LAS_2019,ok,2015-03-24,2015-03-24,2015-04-01,2015-04-03,2015-05-07,15261.0
USGS_LPC_WI_Sawyer_2017_LAS_2019,ok,2017-04-21,2017-04-21,2017-04-21,2017-04-23,2017-04-23,20376.0
USGS_LPC_WI_Sawyer_TL_2017_LAS_2019,ok,2017-04-21,2017-04-21,2017-04-22,2017-04-22,2017-04-22,11880.0
USGS_LPC_WI_Shawano_2015_LAS_2017,ok,2015-11-14,2015-11-14,2015-11-14,2015-11-15,2015-11-15,38392.0
USGS_LPC_WI_Taylor_2016,ok,2016-04-15,2016-04-15,2016-04-15,2016-04-17,2016-04-17,39930.0
USGS_LPC_WI_VilasCo_2013_LAS_2019,ok,2013-05-13,2013-05-13,2013-05-16,2013-05-17,2013-05-17,33814.0
USGS_LPC_WI_VilasCo_TL_2013_LAS_2019,ok,2013-05-16,2013-05-16,2013-05-16,2013-05-17,2013-05-17,16704.0
USGS_LPC_WI_Washburn_2016,ok,2016-04-12,2016-04-12,2016-04-13,2016-04-14,2016-04-14,29051.0
USGS_LPC_WI_Washburn_TL_2016_LAS_2019,ok,2016-04-14,2016-04-14,2016-04-14,2016-04-14,2016-04-14,56104.0
USGS_LPC_WI_Waushara_2017_LAS_2019,ok,2017-11-07,2017-11-07,2017-11-07,2017-11-08,2017-11-08,8770.0
USGS_LPC_WI_Winnebago_2014_LAS_2019,ok,2014-04-23,2014-04-23,2014-05-03,2014-05-21,2014-05-21,59061.0
USGS_LPC_WI_Winnebago_TL_2014_LAS_2019,ok,2014-04-23,2014-04-23,2014-04-23,2014-04-23,2014-04-23,21450.0
USGS_LPC_WV_FEMA_R3_East_2016_LAS_2018,ok,2016-11-27,2016-11-27,2016-12-11,2016-12-28,2016-12-28,27402.0
USGS_LPC_WY_Carbon_2015_LAS_2018,ok,2015-10-25,2015-10-25,2016-06-18,2016-07-26,2016-07-27,28517.0
USGS_LPC_WY_Casper_Natrona_2015_LAS_2017,ok,2015-05-31,2015-05-31,2015-06-06,2015-06-09,2015-06-09,55946.0
USGS_LPC_WY_GrandTetonElkRefuge_2014_LAS_2016,ok,2014-08-27,2014-08-27,2014-09-02,2014-09-08,2014-09-12,24608.0
USGS_LPC__IL_District7_Lawrence_2014_LAS_2017,gps_week_seconds_or_empty,,,,,,
USGS_LPC___IL_District7_Coles_2014_LAS_2017,gps_week_seconds_or_empty,,,,,,
USGS_Lidar_Point_Cloud_NJ_SdL5_2014_LAS_2015,ok,2014-03-21,2014-03-21,2014-03-24,2014-04-21,2014-04-21,18246.0
USGS_Lidar_Point_Cloud_NY_LI19_2014_LAS_2015,ok,2014-04-07,2014-04-07,2014-04-12,2014-04-21,2014-04-21,4630.0
US_MexicanBorder_UTM13_2007,gps_week_seconds_or_empty,,,,,,
US_MexicanBorder_UTM14_2007,gps_week_seconds_or_empty,,,,,,
UT_Brianhead_2018,ok,2018-09-08,2018-09-08,2018-09-09,2018-09-09,2018-09-09,5956.0
UT_FishSprings_Topobathymetric_D22,ok,2022-09-24,2022-09-24,2022-09-24,2022-09-24,2022-09-24,19400.0
UT_FlamingGorge_1_2020,ok,2020-09-14,2020-09-14,2020-09-18,2020-11-05,2020-11-05,14212.0
UT_FlamingGorge_2_2020,ok,2020-08-08,2020-08-08,2020-08-10,2020-08-18,2020-08-18,13896.0
UT_FlamingGorge_3_2020,ok,2020-09-30,2020-09-30,2020-10-09,2020-10-23,2020-10-23,23254.0
UT_FlamingGorge_4_2020,ok,2020-09-10,2020-09-10,2020-09-11,2020-10-30,2020-10-30,1992.0
UT_FlamingGorge_5_2020,ok,2020-08-14,2020-08-15,2020-09-24,2020-11-19,2020-11-20,22199.0
UT_KaneCo_2019,ok,2019-10-11,2019-10-11,2019-11-07,2019-11-16,2019-11-16,6279.0
UT_Ogden-FEMA_2011,gps_week_seconds_or_empty,,,,,,
UT_StatewideCenSouth_1_2020,ok,2020-09-20,2020-09-20,2020-10-03,2020-10-10,2020-10-10,1118.0
UT_StatewideCenSouth_2_2020,ok,2020-10-05,2020-10-05,2020-10-05,2020-10-10,2020-10-10,25714.0
UT_StatewideCenSouth_3_2020,ok,2020-09-25,2020-09-25,2020-10-11,2020-10-17,2020-10-17,9030.0
UT_StatewideNCentral_1_2020,ok,2020-04-29,2020-04-29,2020-05-05,2020-05-29,2020-05-29,2071.0
UT_StatewideNCentral_3_2020,ok,2020-05-09,2020-05-09,2020-05-09,2020-07-03,2020-07-03,7919.0
UT_StatewideNCentral_4_2020,ok,2020-04-27,2020-04-27,2020-06-19,2020-07-20,2020-07-20,2270.0
UT_StatewideSouth_1_2020,ok,2020-05-03,2020-05-03,2020-05-16,2020-05-25,2020-05-25,7503.0
UT_StatewideSouth_2_2020,ok,2020-05-07,2020-05-07,2020-05-07,2020-05-14,2020-05-27,20599.0
UT_StatewideSouth_3_2020,ok,2020-05-07,2020-05-07,2020-06-14,2020-07-29,2020-07-29,2402.0
UT_StrawberryRiver_2019,ok,2019-08-15,2019-08-15,2019-08-15,2019-08-16,2019-08-16,14607.0
UT_WestEast_1_B22,ok,2022-10-21,2022-10-21,2022-10-21,2022-10-21,2022-10-21,24193.0
UT_WestEast_2_B22,ok,2022-06-04,2022-06-04,2022-06-09,2022-07-26,2023-05-02,27944.0
UT_WestEast_4_B22,ok,2022-08-24,2022-08-24,2022-09-05,2022-10-10,2022-10-18,9294.0
UT_WestEast_5_B22,ok,2022-08-30,2022-08-30,2022-09-03,2022-10-02,2022-10-02,6061.0
UT_WestEast_6_B22,ok,2022-08-29,2022-08-29,2022-08-30,2022-10-04,2022-10-04,6917.0
UT_WestEast_7_B22,ok,2022-06-24,2022-07-27,2022-09-05,2022-10-31,2022-10-31,12662.0
UT_WestEast_8_B22,ok,2022-06-24,2022-07-27,2022-09-04,2022-10-31,2022-10-31,20961.0
VA-WV-MD_FEMA_Region3_UTM17_2012,ok,2012-01-30,2012-01-30,2012-02-18,2012-03-06,2012-03-14,40852.0
VA-WV-MD_FEMA_Region3_UTM18_2012,ok,2012-02-15,2012-02-16,2012-04-05,2012-04-14,2012-04-14,25586.0
VA-WV_ShenandoahValley_2011,gps_week_seconds_or_empty,,,,,,
VA_ChesapeakeBaySouth_2015,ok,2011-09-14,2012-10-14,2015-11-28,2015-12-13,2015-12-13,27.0
VA_EasternShore_2010,gps_week_seconds_or_empty,,,,,,
VA_FEMA_KingWilliamCo_2011,gps_week_seconds_or_empty,,,,,,
VA_FEMA_MiddleCounties_2011,ok,2011-05-10,2011-09-16,2011-12-20,2012-04-02,2012-04-02,43046.0
VA_FEMA_NorthCounties_2011,gps_week_seconds_or_empty,,,,,,
VA_FEMA_SouthCounties_2011,gps_week_seconds_or_empty,,,,,,
VA_FEMA_SouthamptonCo_2012,ok,2012-01-05,2012-01-05,2012-01-10,2012-01-18,2012-01-18,37159.0
VA_FEMA_SouthernCities_2011,gps_week_seconds_or_empty,,,,,,
VA_LoudounCo_2012,ok,2012-03-10,2012-03-30,2012-04-04,2012-04-14,2012-04-14,50980.0
VA_LouisaCo_2012,ok,2012-03-09,2012-03-09,2012-03-11,2012-03-13,2012-03-13,44163.0
VA_NRCS-Lot2_2011,gps_week_seconds_or_empty,,,,,,
VA_NShenandoah_1_2020,ok,2020-11-29,2020-11-29,2020-12-09,2021-01-12,2021-01-12,4353.0
VA_NorthernVA_1_B22,ok,2022-12-09,2022-12-09,2022-12-21,2022-12-28,2022-12-28,8416.0
VA_NorthernVA_2_B22,ok,2022-12-13,2022-12-13,2022-12-13,2022-12-27,2022-12-27,4624.0
VA_NorthernVA_3_B22,ok,2022-12-13,2022-12-13,2022-12-27,2022-12-27,2022-12-27,17098.0
VA_South_Central_B1_2017,ok,2017-11-16,2017-11-16,2017-12-28,2018-05-09,2018-05-24,2775.0
VA_South_Central_B2_2017,ok,2017-04-14,2017-04-14,2017-11-25,2017-11-29,2017-12-06,16954.0
VA_South_Central_B3_2017,ok,2017-04-14,2017-04-14,2017-11-12,2017-12-04,2017-12-07,13137.0
VA_SouthamptonHenricoWMBG_1_2019,ok,2019-12-08,2019-12-08,2019-12-08,2019-12-12,2019-12-12,4605.0
VA_UpperMiddleNeckQL1_B1_2018,ok,2018-12-03,2018-12-03,2018-12-03,2018-12-07,2018-12-07,21775.0
VA_UpperMiddleNeckQL2_B2_2018,ok,2018-12-07,2018-12-10,2018-12-11,2018-12-11,2018-12-11,14924.0
VA_UpperMiddleNeck_Mod_2018,ok,2019-12-20,2019-12-20,2019-12-20,2019-12-21,2019-12-21,12361.0
VA_West_Chesapeake_B1_2017,ok,2017-04-14,2017-04-14,2017-11-28,2018-05-21,2018-05-25,14625.0
VA_West_Chesapeake_B2_2017,ok,2017-11-18,2017-11-20,2017-11-24,2017-11-27,2017-11-28,18882.0
VT_AddisonCo_2012,ok,2012-12-06,2012-12-06,2012-12-07,2012-12-09,2012-12-09,28258.0
VT_Missisquoi_2010,gps_week_seconds_or_empty,,,,,,
VT_RockRiver_2008,gps_week_seconds_or_empty,,,,,,
VT_Statewide_1_A23,ok,2023-04-20,2023-04-20,2023-04-29,2023-05-10,2023-05-10,7512.0
VT_Statewide_2_A23,ok,2023-04-21,2023-04-21,2023-05-08,2023-05-13,2023-05-13,7848.0
WA_CentralWildfire_1_D22,ok,2022-09-07,2022-09-17,2022-09-30,2023-06-28,2023-06-28,4061.0
WA_CentralWildfire_2_D22,ok,2022-08-23,2022-08-23,2022-09-19,2023-06-05,2023-06-05,3745.0
WA_ChehalisRiverTB_Topobathy_1_D23,ok,2023-08-21,2023-08-21,2023-08-26,2023-09-01,2023-09-01,936.0
WA_ColumbiaValley_1_2018,ok,2019-11-04,2019-11-08,2019-11-25,2020-03-05,2020-03-05,11561.0
WA_ColumbiaValley_2_2018,ok,2019-10-23,2019-10-24,2019-11-07,2020-02-28,2020-02-28,7285.0
WA_ColumbiaValley_3_2018,ok,2019-10-23,2019-11-03,2019-11-29,2019-12-13,2020-02-27,48560.0
WA_DNR_3DEP_Processing_1_2019,ok,2019-04-29,2019-04-29,2019-05-01,2019-05-03,2019-05-03,17612.0
WA_EasternCascades_1_2019,ok,2019-10-03,2019-10-03,2020-04-06,2020-04-07,2020-07-25,30949.0
WA_EasternCascades_2_2019,ok,2019-10-14,2019-10-14,2019-11-20,2020-04-07,2020-04-07,731.0
WA_EasternCascades_3_2019,ok,2019-10-26,2019-10-26,2019-11-08,2020-04-07,2020-04-07,1298.0
WA_EasternCascades_4_2019,ok,2019-10-03,2019-10-03,2020-08-06,2020-08-18,2020-08-18,4277.0
WA_EasternCascades_5_2019,ok,2019-11-03,2019-11-18,2020-08-05,2020-08-14,2020-08-14,6453.0
WA_EasternCascades_6_2019,ok,2019-10-03,2019-10-09,2020-08-13,2020-08-22,2020-08-22,12243.0
WA_ElwhaRiver_2012,ok,1948-05-02,1948-05-02,2012-10-17,2013-11-17,2013-11-17,16890.0
WA_FEMAHQ_B1_QL1_2018,ok,2018-08-12,2018-08-12,2018-08-12,2018-08-12,2018-08-12,13622.0
WA_FEMAHQ_B1_QL2_2018,ok,2018-11-05,2018-11-05,2018-11-09,2018-12-04,2018-12-04,12677.0
WA_FEMAHQ_B2B_2018,ok,2018-08-30,2018-08-30,2019-04-02,2019-04-24,2019-04-24,4150.0
WA_FEMAHQ_B2C_2018,ok,2019-03-26,2019-03-27,2019-05-04,2019-05-06,2019-05-06,6810.0
WA_KingCo_1_2021,ok,2021-04-01,2021-04-01,2021-04-14,2021-04-15,2021-08-24,7600.0
WA_KittitasCounty_2011,gps_week_seconds_or_empty,,,,,,
WA_Nisqually_Bathymetric_2020,ok,2020-11-08,2020-11-08,2020-11-08,2020-12-23,2020-12-23,10449.0
WA_Nisqually_TopoBathy_1_2020,ok,2020-11-08,2020-11-08,2020-11-08,2020-12-23,2020-12-23,10449.0
WA_NorthCentral_1_2021,ok,2021-10-30,2021-10-30,2022-03-20,2022-05-03,2022-05-03,8874.0
WA_NorthCentral_2_2021,ok,2021-08-26,2021-08-26,2021-08-31,2022-04-23,2022-05-04,25090.0
WA_NorthCentral_3_2021,ok,2021-08-25,2021-08-25,2021-09-21,2022-05-03,2022-05-04,1549.0
WA_NorthEast_1_B22,ok,2022-07-11,2022-07-11,2022-07-25,2022-08-14,2022-08-31,5991.0
WA_NorthEast_2_B22,ok,2022-04-06,2022-04-06,2022-07-10,2022-07-19,2022-07-24,7148.0
WA_Pasco_1_2020,ok,2020-10-27,2020-10-27,2020-10-28,2020-10-30,2020-10-30,5960.0
WA_PierceCounty_1_2020,ok,2020-04-10,2020-04-10,2020-04-13,2020-04-14,2020-06-04,17511.0
WA_ThurstonCo_1_2021,ok,2021-03-27,2021-03-27,2021-03-31,2021-04-03,2021-04-03,4163.0
WI_12County_10_B22,ok,2022-05-14,2022-05-15,2022-05-17,2022-05-27,2022-05-27,14794.0
WI_12County_11_B22,ok,2022-05-07,2022-05-10,2022-05-10,2022-05-10,2022-05-10,14745.0
WI_12County_12_B22,ok,2022-05-14,2022-05-14,2022-05-15,2022-05-27,2022-05-27,8893.0
WI_12County_1_B22,ok,2022-05-04,2022-05-04,2022-05-07,2022-05-15,2022-05-15,5585.0
WI_12County_2_B22,ok,2022-04-27,2022-04-27,2022-05-04,2022-05-05,2022-05-05,18883.0
WI_12County_3_B22,ok,2022-04-11,2022-04-11,2022-04-11,2022-04-12,2022-04-12,23508.0
WI_12County_4_B22,ok,2022-04-10,2022-04-10,2022-04-10,2022-04-11,2022-04-11,14283.0
WI_12County_5_B22,ok,2022-05-06,2022-05-06,2022-05-06,2022-05-07,2022-05-07,14180.0
WI_12County_6_B22,ok,2022-04-12,2022-04-12,2022-05-05,2022-05-05,2022-05-05,15228.0
WI_12County_7_B22,ok,2022-04-19,2022-04-19,2022-04-27,2022-04-27,2022-04-27,7109.0
WI_12County_8_B22,ok,2022-05-04,2022-05-04,2022-05-07,2022-05-15,2022-05-15,8974.0
WI_12County_9_B22,ok,2022-04-27,2022-04-27,2022-05-04,2022-05-04,2022-05-04,9469.0
WI_2County_1_B23,ok,2023-04-18,2023-04-18,2023-04-18,2023-05-21,2023-05-21,15962.0
WI_2County_2_B23,ok,2023-05-17,2023-05-17,2023-05-18,2023-05-20,2023-05-20,12368.0
WI_8County_Chippewa_2020,ok,2020-04-30,2020-04-30,2020-05-01,2020-05-07,2020-05-07,34313.0
WI_8County_Columbia_2020,ok,2020-04-11,2020-04-11,2020-04-11,2020-04-18,2020-04-26,34500.0
WI_8County_EauClaire_2020,ok,2020-04-30,2020-04-30,2020-05-01,2020-05-07,2020-05-07,19276.0
WI_8County_Grant_2020,ok,2020-04-19,2020-04-19,2020-04-21,2020-04-30,2020-04-30,16114.0
WI_8County_Menominee_2020,ok,2020-04-25,2020-04-25,2020-04-25,2020-04-30,2020-04-30,11310.0
WI_8County_Rock_2020,ok,2020-04-16,2020-04-16,2020-04-18,2020-04-26,2020-04-26,12958.0
WI_8County_Sauk_2020,ok,2020-04-11,2020-04-18,2020-04-20,2020-04-21,2020-04-21,23589.0
WI_8County_Vernon_2020,ok,2020-04-18,2020-04-18,2020-04-20,2020-04-21,2020-04-21,6126.0
WI_Adams_2019,ok,2019-04-21,2019-04-21,2019-04-21,2019-04-23,2019-04-23,8671.0
WI_Ashland_1_2019,ok,2019-10-25,2019-10-25,2019-10-26,2019-11-16,2019-11-16,4826.0
WI_Ashland_4_2019,ok,2020-05-05,2020-05-05,2020-05-05,2020-05-05,2020-05-05,6485.0
WI_Bayfield_TL_2016,ok,2015-10-22,2015-10-22,2015-10-25,2015-11-02,2015-11-02,4949.0
WI_Brown_2_2020,ok,2020-05-07,2020-05-07,2020-05-07,2020-05-07,2020-05-07,12189.0
WI_Calumet_2018,ok,2018-05-13,2018-05-13,2018-05-15,2018-05-16,2018-05-16,11444.0
WI_Clark_2018,ok,2018-05-05,2018-05-05,2018-05-08,2018-05-12,2018-05-12,21911.0
WI_Clark_TL_2018,ok,2018-05-06,2018-05-06,2018-05-06,2018-05-12,2018-05-12,53509.0
WI_DaneCo_2017,ok,2017-03-21,2017-03-21,2017-03-22,2017-03-23,2017-03-23,23499.0
WI_Florence_3_2019,ok,2019-10-30,2019-10-30,2019-10-30,2019-10-30,2019-10-30,14029.0
WI_Florence_6_2019,ok,2019-10-30,2019-10-30,2020-05-05,2020-05-05,2020-05-05,12499.0
WI_FondduLac_2018,ok,2018-05-05,2018-05-05,2018-05-07,2018-05-07,2018-05-07,12040.0
WI_GreenLake_2018,ok,2018-04-28,2018-04-28,2018-04-29,2018-04-30,2018-04-30,23039.0
WI_Iron_2_2019,ok,2019-10-26,2019-10-26,2019-10-30,2019-10-30,2020-05-12,41653.0
WI_Iron_5_2019,ok,2019-10-26,2019-10-27,2020-05-12,2020-05-12,2020-05-12,7473.0
WI_Jefferson_2019,ok,2019-04-20,2019-04-20,2019-04-20,2019-04-21,2019-04-21,15847.0
WI_Lafayette_2019,ok,2019-04-08,2019-04-08,2019-04-08,2019-04-08,2019-04-08,12710.0
WI_Monroe_2019,ok,2019-04-09,2019-04-09,2019-04-19,2019-04-28,2019-04-28,22570.0
WI_Oshkosh_3Rivers_B1_2018,ok,2019-04-19,2019-04-19,2019-05-13,2019-05-15,2019-05-15,1701.0
WI_Oshkosh_3Rivers_B2_2018,ok,2019-04-20,2019-04-20,2019-05-17,2019-05-21,2019-05-21,3701.0
WI_Oshkosh_3Rivers_FondDuLac_TL_2018,ok,2019-05-11,2019-05-11,2019-05-11,2019-05-11,2019-05-11,36312.0
WI_Oshkosh_3Rivers_ForestCountyPotawatomi_TL_2018,ok,2019-05-14,2019-05-14,2019-05-14,2019-05-14,2019-05-14,28491.0
WI_Oshkosh_3Rivers_Menominee_TL_2018,ok,2019-05-07,2019-05-14,2019-05-14,2019-05-14,2019-05-14,1168.0
WI_Oshkosh_3Rivers_MilleLacs_TL_2018,ok,2019-05-11,2019-05-11,2019-05-17,2019-05-21,2019-05-21,630.0
WI_Oshkosh_3Rivers_StCroix_TL_2018,ok,2019-05-07,2019-05-07,2019-05-11,2019-05-15,2019-05-15,234.0
WI_Pepin_2019,ok,2019-05-04,2019-05-04,2019-05-04,2019-05-04,2019-05-04,4057.0
WI_Price_2018,ok,2018-05-11,2018-05-11,2018-05-14,2018-05-17,2018-05-17,23395.0
WI_Rusk_1_2020,ok,2020-05-09,2020-05-09,2020-05-11,2020-05-11,2020-05-11,9988.0
WI_StWide_1_Marinette_2021,ok,2021-04-01,2021-04-01,2021-04-01,2021-04-03,2021-04-03,7526.0
WI_StWide_2_Pierce_2021,ok,2021-04-01,2021-04-01,2021-04-02,2021-04-22,2021-04-22,13783.0
WI_StWide_3_Richland_2021,ok,2021-03-29,2021-03-29,2021-03-29,2021-04-01,2021-04-01,20029.0
WI_StWide_4_StCroix_2021,ok,2021-04-01,2021-04-01,2021-04-02,2021-04-18,2021-04-22,33420.0
WI_StWide_5_Crawford_2021,ok,2021-03-28,2021-03-28,2021-03-29,2021-04-01,2021-04-01,13644.0
WI_StWide_6_Juneau_2021,ok,2021-04-01,2021-04-01,2021-04-02,2021-04-02,2021-04-02,12976.0
WI_StWide_7_Kewaunee_2021,ok,2021-04-02,2021-04-02,2021-04-02,2021-04-02,2021-04-02,11256.0
WI_StWide_8_Marathon_2021,ok,2021-04-16,2021-04-16,2021-04-18,2021-04-22,2021-04-22,24094.0
WI_WashingtonCo_2006,gps_week_seconds_or_empty,,,,,,
WI_Waupaca_2018,ok,2018-05-08,2018-05-08,2018-05-12,2018-05-13,2018-05-13,17362.0
WV_FEMAHQ_B1_2018,ok,2018-12-08,2018-12-08,2018-12-12,2018-12-12,2018-12-12,51439.0
WV_FEMAHQ_B2_2018,ok,2018-12-07,2018-12-07,2018-12-10,2018-12-12,2018-12-12,9133.0
WV_FEMAHQ_B3_2018,ok,2018-11-08,2018-11-08,2019-02-26,2019-05-01,2019-05-01,12271.0
WV_FEMAR3_Southcentral_B1_2018,ok,2018-12-07,2018-12-07,2019-04-03,2020-02-21,2020-03-04,24250.0
WV_FEMAR3_Southcentral_B2_2018,ok,2019-03-23,2019-03-27,2020-02-21,2020-03-12,2020-03-13,5519.0
WV_FEMAR3_Southcentral_B3_2018,ok,2018-11-17,2018-11-17,2019-04-01,2019-04-16,2019-04-16,6573.0
WV_FEMAR3_Southcentral_B4_2018,ok,2019-03-11,2019-03-11,2019-03-27,2019-04-16,2019-04-16,13489.0
WY_FEMA_East_B1_2019,ok,2019-06-15,2019-06-15,2019-06-24,2019-07-10,2019-07-10,7011.0
WY_FEMA_East_B2_2019,ok,2019-06-14,2019-06-14,2019-06-27,2019-07-08,2019-07-08,10873.0
WY_FEMA_East_B3_2019,ok,2019-07-05,2019-07-05,2019-07-10,2019-07-23,2019-07-23,13872.0
WY_FEMA_East_B4_2019,ok,2019-07-06,2019-07-06,2019-07-31,2019-09-18,2019-09-18,2208.0
WY_FEMA_East_B5_2019,ok,2019-07-06,2019-07-06,2019-07-14,2019-07-31,2019-08-08,15221.0
WY_FEMA_East_B6_2019,ok,2019-07-25,2019-07-25,2019-08-05,2019-08-20,2019-08-20,5195.0
WY_FEMA_East_B7_2019,ok,2019-08-06,2019-08-12,2019-08-21,2019-09-15,2019-09-15,3714.0
WY_FEMA_East_B8_2019,ok,2019-08-05,2019-08-06,2019-08-31,2019-09-15,2019-09-15,3716.0
WY_FEMA_East_B9_2019,ok,2019-07-26,2019-07-26,2019-08-17,2019-09-15,2019-09-22,8765.0
WY_GoshenCounty_B1_2017,ok,2016-10-15,2016-10-15,2016-10-23,2016-10-29,2016-10-29,8023.0
WY_GrandTetonNP_1_D22,ok,2022-09-19,2022-09-19,2022-09-23,2023-10-20,2023-10-20,6340.0
WY_GrandTetonNP_2_D22,ok,2023-09-19,2023-09-19,2023-09-20,2023-10-07,2024-08-01,1226.0
WY_GrandTetonNP_3_D22,ok,2023-09-15,2023-09-16,2023-09-19,2023-10-08,2023-10-08,9548.0
WY_Laramie_1_2021,ok,2021-06-17,2021-06-17,2021-06-20,2021-06-30,2021-06-30,26919.0
WY_NConverse_1_2020,ok,2020-09-20,2020-09-20,2021-07-05,2021-07-15,2021-08-13,6717.0
WY_NConverse_2_2020,ok,2020-09-20,2020-09-20,2021-07-19,2021-09-24,2021-09-24,5132.0
WY_NConverse_3_2020,ok,2021-05-29,2021-06-15,2021-08-09,2021-09-15,2021-09-15,5494.0
WY_NConverse_4_2020,ok,2021-08-02,2021-08-02,2022-08-09,2022-09-13,2022-09-19,5712.0
WY_NConverse_5_2020,ok,2021-05-29,2021-05-29,2021-06-01,2021-06-18,2021-06-18,3170.0
WY_NConverse_6_2020,ok,2021-07-23,2021-07-23,2021-07-23,2023-05-28,2023-05-28,1568.0
WY_NConverse_7_2020,ok,2021-07-30,2021-07-30,2021-07-30,2023-05-28,2023-05-28,49766.0
WY_Sheridan_1_2020,ok,2020-07-31,2020-07-31,2020-08-04,2020-08-18,2020-08-18,9524.0
WY_Sheridan_2_2020,ok,2020-07-19,2020-07-19,2020-07-25,2020-09-12,2020-09-12,4683.0
WY_SouthCentral_1_2020,ok,2020-06-02,2020-06-02,2020-06-04,2020-06-18,2020-08-02,11068.0
WY_SouthCentral_2_2020,ok,2020-06-07,2020-06-07,2020-06-14,2020-08-09,2020-09-14,7156.0
WY_SouthCentral_3_2020,ok,2020-06-07,2020-06-08,2020-08-31,2020-09-13,2020-09-15,5061.0
WY_SouthCentral_4_2020,ok,2020-08-09,2020-08-09,2020-08-11,2020-08-25,2020-08-25,3859.0
WY_SouthCentral_5_2020,ok,2020-08-28,2020-08-28,2020-09-06,2020-09-19,2020-10-13,6421.0
WY_Southwest_1_2020,ok,2020-08-11,2020-08-11,2020-08-17,2020-08-25,2020-08-25,7001.0
WY_Southwest_2_2020,ok,2020-06-18,2020-06-18,2020-06-27,2020-07-22,2020-07-22,14138.0
WY_Southwest_3_2020,ok,2020-06-18,2020-06-18,2020-06-20,2020-07-05,2020-07-05,4099.0
WY_Southwest_4_2020,ok,2020-07-04,2020-07-04,2020-07-24,2020-08-12,2020-08-25,24014.0
WY_YellowstoneNP_1RF_2020,ok,2020-09-21,2021-09-13,2021-09-13,2021-09-13,2021-09-13,23949.0
WY_YellowstoneNP_1_2020,ok,2020-09-13,2020-09-21,2020-09-23,2020-10-09,2020-10-09,7215.0
WY_YellowstoneNP_2RF_2020,ok,2020-09-29,2020-09-29,2020-09-29,2020-10-07,2020-10-07,1563.0
WY_YellowstoneNP_2_2020,ok,2020-09-25,2020-09-29,2020-10-06,2020-10-10,2020-10-10,17059.0
WY_YellowstoneNP_3_2020,ok,2020-09-29,2020-09-29,2020-10-04,2020-10-09,2020-10-09,17791.0
