link,n_docs_read,n_off,n_on,provider_leaf,evidence
https://prd-tnm.s3.amazonaws.com/index.html?prefix=StagedProducts/Elevation/metadata/legacy/AK_BROOKSCAMP_2012,3.0,0.0,0.0,,
https://prd-tnm.s3.amazonaws.com/index.html?prefix=StagedProducts/Elevation/metadata/legacy/AK_COASTAL_2009,1.0,0.0,0.0,,
https://prd-tnm.s3.amazonaws.com/index.html?prefix=StagedProducts/Elevation/metadata/AK_DeltaJunction_2021_D21/AK_DeltaJunction_1_2021,5.0,0.0,0.0,,
https://prd-tnm.s3.amazonaws.com/index.html?prefix=StagedProducts/Elevation/metadata/AK_EMRI_D24/AK_EMRI_1_D24,6.0,0.0,0.0,,
https://prd-tnm.s3.amazonaws.com/index.html?prefix=StagedProducts/Elevation/metadata/AK_EMRI_D24/AK_EMRI_2_D24,5.0,0.0,0.0,,
https://prd-tnm.s3.amazonaws.com/index.html?prefix=StagedProducts/Elevation/metadata/AK_EMRI_D24/AK_EMRI_3_D24,6.0,0.0,0.0,,
https://prd-tnm.s3.amazonaws.com/index.html?prefix=StagedProducts/Elevation/metadata/AK_EMRI_D24/AK_EMRI_4_D24,6.0,0.0,0.0,,
https://prd-tnm.s3.amazonaws.com/index.html?prefix=StagedProducts/Elevation/metadata/legacy/AK_FAIRBANKS-NSBOROUGH_2010,4.0,0.0,0.0,,
https://prd-tnm.s3.amazonaws.com/index.html?prefix=StagedProducts/Elevation/metadata/AK_GlacierBay_2019_B19/AK_GlacierBay_4_2019,8.0,0.0,0.0,,
https://prd-tnm.s3.amazonaws.com/index.html?prefix=StagedProducts/Elevation/metadata/AK_GlacierBay_2019_B19/AK_GlacierBay_B3_2019,7.0,0.0,0.0,,
https://prd-tnm.s3.amazonaws.com/index.html?prefix=StagedProducts/Elevation/metadata/AK_GlacierTongassLandslides_D23/AK_GlacierTongassLandslides_4_D23,7.0,0.0,0.0,,
https://prd-tnm.s3.amazonaws.com/index.html?prefix=StagedProducts/Elevation/metadata/legacy/AK_JUNEAU_2012,5.0,0.0,0.0,,
https://prd-tnm.s3.amazonaws.com/index.html?prefix=StagedProducts/Elevation/metadata/legacy/AK_KENAI_2008,3.0,0.0,0.0,,
https://prd-tnm.s3.amazonaws.com/index.html?prefix=StagedProducts/Elevation/metadata/AK_LakePeninsula_B23/AK_LakePeninsula_1_B23,8.0,0.0,0.0,,
https://prd-tnm.s3.amazonaws.com/index.html?prefix=StagedProducts/Elevation/metadata/AK_LakePeninsula_B23/AK_LakePeninsula_2_B23,8.0,0.0,0.0,,
https://prd-tnm.s3.amazonaws.com/index.html?prefix=StagedProducts/Elevation/metadata/AK_LakePeninsula_B23/AK_LakePeninsula_3_B23,6.0,0.0,0.0,,
https://prd-tnm.s3.amazonaws.com/index.html?prefix=StagedProducts/Elevation/metadata/AK_MatSuBorough_2019_B19/AK_MatSuBorough_B1_2019,8.0,0.0,0.0,,
https://prd-tnm.s3.amazonaws.com/index.html?prefix=StagedProducts/Elevation/metadata/AK_MatSuBorough_2019_B19/AK_MatSuBorough_B2_2019,8.0,0.0,0.0,,
https://prd-tnm.s3.amazonaws.com/index.html?prefix=StagedProducts/Elevation/metadata/legacy/AK_MATANUSKASUSITNA-LOT1_2011,3.0,0.0,0.0,,
https://prd-tnm.s3.amazonaws.com/index.html?prefix=StagedProducts/Elevation/metadata/legacy/AK_MATANUSKASUSITNA_LOT2_2011,3.0,0.0,0.0,,
https://prd-tnm.s3.amazonaws.com/index.html?prefix=StagedProducts/Elevation/metadata/AK_NativeAlaskanVillages_D22/AK_NativeAKVillages_1_D22,8.0,0.0,0.0,,
https://prd-tnm.s3.amazonaws.com/index.html?prefix=StagedProducts/Elevation/metadata/AK_NativeAlaskanVillages_D22/AK_NativeAKVillages_2_D22,8.0,0.0,0.0,,
https://prd-tnm.s3.amazonaws.com/index.html?prefix=StagedProducts/Elevation/metadata/AK_NativeAlaskanVillages_D22/AK_NativeAKVillages_3_D22,8.0,0.0,0.0,,
https://prd-tnm.s3.amazonaws.com/index.html?prefix=StagedProducts/Elevation/metadata/AK_NativeAlaskanVillages_D22/AK_NativeAKVillages_4_D22,8.0,0.0,0.0,,
https://prd-tnm.s3.amazonaws.com/index.html?prefix=StagedProducts/Elevation/metadata/AK_NativeAlaskanVillages_D22/AK_NativeAKVillages_5_D22,8.0,0.0,0.0,,
https://prd-tnm.s3.amazonaws.com/index.html?prefix=StagedProducts/Elevation/metadata/AK_NativeAlaskanVillages_D22/AK_NativeAKVillages_6_D22,8.0,0.0,0.0,,
https://prd-tnm.s3.amazonaws.com/index.html?prefix=StagedProducts/Elevation/metadata/AK_NativeAlaskanVillages_D22/AK_NativeAKVillages_7_D22,8.0,0.0,0.0,,
https://prd-tnm.s3.amazonaws.com/index.html?prefix=StagedProducts/Elevation/metadata/AK_NativeAlaskanVillages_D22/AK_NativeAKVillages_8_D22,8.0,0.0,0.0,,
https://prd-tnm.s3.amazonaws.com/index.html?prefix=StagedProducts/Elevation/metadata/legacy/AK_NOMECREEK_2010,1.0,0.0,0.0,,
https://prd-tnm.s3.amazonaws.com/index.html?prefix=StagedProducts/Elevation/metadata/AK_NorthSlopeBorough_2018_B18/AK_NorthSlope_B10_2018,8.0,0.0,0.0,,
https://prd-tnm.s3.amazonaws.com/index.html?prefix=StagedProducts/Elevation/metadata/AK_NorthSlopeBorough_2018_B18/AK_NorthSlope_B11_2018,8.0,0.0,0.0,,
https://prd-tnm.s3.amazonaws.com/index.html?prefix=StagedProducts/Elevation/metadata/AK_NorthSlopeBorough_2018_B18/AK_NorthSlope_B12_2018,8.0,0.0,0.0,,
https://prd-tnm.s3.amazonaws.com/index.html?prefix=StagedProducts/Elevation/metadata/AK_NorthSlopeBorough_2018_B18/AK_NorthSlope_B13_2018,8.0,0.0,0.0,,
https://prd-tnm.s3.amazonaws.com/index.html?prefix=StagedProducts/Elevation/metadata/AK_NorthSlopeBorough_2018_B18/AK_NorthSlope_B14_2018,8.0,0.0,0.0,,
https://prd-tnm.s3.amazonaws.com/index.html?prefix=StagedProducts/Elevation/metadata/AK_NorthSlopeBorough_2018_B18/AK_NorthSlope_B1_2018,8.0,0.0,0.0,,
https://prd-tnm.s3.amazonaws.com/index.html?prefix=StagedProducts/Elevation/metadata/AK_NorthSlopeBorough_2018_B18/AK_NorthSlope_B2_2018,8.0,0.0,0.0,,
https://prd-tnm.s3.amazonaws.com/index.html?prefix=StagedProducts/Elevation/metadata/AK_NorthSlopeBorough_2018_B18/AK_NorthSlope_B3_2018,8.0,0.0,0.0,,
https://prd-tnm.s3.amazonaws.com/index.html?prefix=StagedProducts/Elevation/metadata/AK_NorthSlopeBorough_2018_B18/AK_NorthSlope_B4_2018,8.0,0.0,0.0,,
https://prd-tnm.s3.amazonaws.com/index.html?prefix=StagedProducts/Elevation/metadata/AK_NorthSlopeBorough_2018_B18/AK_NorthSlope_B5_2018,8.0,0.0,0.0,,
https://prd-tnm.s3.amazonaws.com/index.html?prefix=StagedProducts/Elevation/metadata/AK_NorthSlopeBorough_2018_B18/AK_NorthSlope_B6_2018,8.0,0.0,0.0,,
https://prd-tnm.s3.amazonaws.com/index.html?prefix=StagedProducts/Elevation/metadata/AK_NorthSlopeBorough_2018_B18/AK_NorthSlope_B7_2018,8.0,0.0,0.0,,
https://prd-tnm.s3.amazonaws.com/index.html?prefix=StagedProducts/Elevation/metadata/AK_NorthSlopeBorough_2018_B18/AK_NorthSlope_B8_2018,8.0,0.0,0.0,,
https://prd-tnm.s3.amazonaws.com/index.html?prefix=StagedProducts/Elevation/metadata/AK_NorthSlopeBorough_2018_B18/AK_NorthSlope_B9_2018,8.0,0.0,0.0,,
https://prd-tnm.s3.amazonaws.com/index.html?prefix=StagedProducts/Elevation/metadata/AK_SouthEastLandslides_D22/AK_SELandslides_1_D22,6.0,0.0,0.0,,
https://prd-tnm.s3.amazonaws.com/index.html?prefix=StagedProducts/Elevation/metadata/AK_TyphoonMerbok_NV5_F23/AK_TyphoonMerbokNV5_1_F23,4.0,0.0,0.0,,
https://prd-tnm.s3.amazonaws.com/index.html?prefix=StagedProducts/Elevation/metadata/AK_TyphoonMerbok_NV5_F23/AK_TyphoonMerbokNV5_2_F23,8.0,0.0,0.0,,
https://prd-tnm.s3.amazonaws.com/index.html?prefix=StagedProducts/Elevation/metadata/legacy/AK_VALDEZB_2007,1.0,0.0,0.0,,
https://prd-tnm.s3.amazonaws.com/index.html?prefix=StagedProducts/Elevation/metadata/legacy/AK_VALDEZ_2007,2.0,0.0,0.0,,
https://prd-tnm.s3.amazonaws.com/index.html?prefix=StagedProducts/Elevation/metadata/legacy/AK_YUKONFLATS_2009,1.0,0.0,0.0,,
https://prd-tnm.s3.amazonaws.com/index.html?prefix=StagedProducts/Elevation/metadata/AL_11County_B23/AL_11County_2_B23,8.0,1.0,0.0,off,AL_11County_2_B23_Classified_LAS.xml: ...s of the AOIs. Ground Conditions: water at normal levels; no unusual inundation; no snow; leaf off. How the Withheld Points are Identified: Withheld (ignore) ...
https://prd-tnm.s3.amazonaws.com/index.html?prefix=StagedProducts/Elevation/metadata/AL_17County_2020_B20/AL_17Co_1_2020,6.0,1.0,0.0,off,AL 17County_2020_B20_Classified_LAS.xml: ...s of the AOIs. Ground Conditions: water at normal levels; no unusual inundation; no snow; leaf off. How the Withheld Points are Identified: Withheld flag was ...
https://prd-tnm.s3.amazonaws.com/index.html?prefix=StagedProducts/Elevation/metadata/AL_17County_2020_B20/AL_17Co_2_2020,6.0,1.0,0.0,off,AL 17County_2020_B20_Classified_LAS.xml: ...s of the AOIs. Ground Conditions: water at normal levels; no unusual inundation; no snow; leaf off. How the Withheld Points are Identified: Withheld flag was ...
https://prd-tnm.s3.amazonaws.com/index.html?prefix=StagedProducts/Elevation/metadata/AL_19County_B24/AL_19Co_1_B24,4.0,2.0,0.0,off,"AL_19County_B1_QL1_DEM_utm16.xml: ...e Specification, 2025 rev. A. This project will be providing a fall 2024 / winter 2024-25 leaf-off lidar survey to be collected over an Area of Interest (AOI)..."
https://prd-tnm.s3.amazonaws.com/index.html?prefix=StagedProducts/Elevation/metadata/AL_25_County_Lidar_2017_B17/AL_25Co_TL_2017,8.0,5.0,0.0,off,Intensity_Images.xml: ...wath of lidar. Ground Conditions: water at normal levels; no unusual inundation; no snow; leaf off How the Withheld Points are Identified: Withheld (ignore) p...
https://prd-tnm.s3.amazonaws.com/index.html?prefix=StagedProducts/Elevation/metadata/legacy/AL_BALDWINCO-EAST_2011,2.0,0.0,0.0,,
https://prd-tnm.s3.amazonaws.com/index.html?prefix=StagedProducts/Elevation/metadata/legacy/AL_BALDWINCO-WEST_2011,4.0,0.0,0.0,,
https://prd-tnm.s3.amazonaws.com/index.html?prefix=StagedProducts/Elevation/metadata/legacy/AL_BLOUNTCO_2010,2.0,0.0,0.0,,
https://prd-tnm.s3.amazonaws.com/index.html?prefix=StagedProducts/Elevation/metadata/AL_CoffeeDaleGenevaEscambia_2021_D21/AL_CofDalGenEsc_1_2021,8.0,1.0,0.0,off,AL_CoffeeDaleGenevaEscambia_2021_D21_Classified_LAS.xml: ...s of the AOIs. Ground Conditions: water at normal levels; no unusual inundation; no snow; leaf off. How the Withheld Points are Identified: Withheld flag was ...
https://prd-tnm.s3.amazonaws.com/index.html?prefix=StagedProducts/Elevation/metadata/Alabama_Counties_LiDAR/AL_COLBERTLAUDERDALE_2011,6.0,0.0,0.0,,
https://prd-tnm.s3.amazonaws.com/index.html?prefix=StagedProducts/Elevation/metadata/AL_NorthAL_2019_B19/AL_NorthAL_2019,8.0,0.0,0.0,,
https://prd-tnm.s3.amazonaws.com/index.html?prefix=StagedProducts/Elevation/metadata/AL_SWCentral_B22/AL_SWCentral_1_B22,7.0,1.0,0.0,off,AL_SWCentral_B22_Classified_LAS.xml: ...s of the AOIs. Ground Conditions: water at normal levels; no unusual inundation; no snow; leaf off. How the Withheld Points are Identified: Withheld (ignore) ...
https://prd-tnm.s3.amazonaws.com/index.html?prefix=StagedProducts/Elevation/metadata/legacy/AL_TRICOUNTY_2010,2.0,0.0,0.0,,
https://prd-tnm.s3.amazonaws.com/index.html?prefix=StagedProducts/Elevation/metadata/legacy/AR-TN_NRCS_CANECREEK_2010,1.0,0.0,0.0,,
https://prd-tnm.s3.amazonaws.com/index.html?prefix=StagedProducts/Elevation/metadata/legacy/AR-TN_NRCS_SHARKEY_2010,1.0,0.0,0.0,,
https://prd-tnm.s3.amazonaws.com/index.html?prefix=StagedProducts/Elevation/metadata/legacy/ARRA-AK_EKLUNTAGLACIER_2010,3.0,0.0,0.0,,
https://prd-tnm.s3.amazonaws.com/index.html?prefix=StagedProducts/Elevation/metadata/legacy/ARRA-AL_MOBILEBAY_2010,2.0,0.0,0.0,,
https://prd-tnm.s3.amazonaws.com/index.html?prefix=StagedProducts/Elevation/metadata/legacy/ARRA-AL_TENNESSEERIVER_2010,2.0,0.0,0.0,,
https://prd-tnm.s3.amazonaws.com/index.html?prefix=StagedProducts/Elevation/metadata/legacy/ARRA-CA_CENTRALCOAST-Z3_2010,2.0,0.0,0.0,,
https://prd-tnm.s3.amazonaws.com/index.html?prefix=StagedProducts/Elevation/metadata/legacy/ARRA-CA_CENTRALCOAST-Z4_2010,2.0,0.0,0.0,,
https://prd-tnm.s3.amazonaws.com/index.html?prefix=StagedProducts/Elevation/metadata/legacy/ARRA-CA_CHANNELISLANDS-10_2010,1.0,0.0,0.0,,
https://prd-tnm.s3.amazonaws.com/index.html?prefix=StagedProducts/Elevation/metadata/legacy/ARRA-CA_CHANNELISLANDS-11_2010,1.0,0.0,0.0,,
https://prd-tnm.s3.amazonaws.com/index.html?prefix=StagedProducts/Elevation/metadata/legacy/ARRA-CA_GOLDENGATE_2010,6.0,0.0,0.0,,
https://prd-tnm.s3.amazonaws.com/index.html?prefix=StagedProducts/Elevation/metadata/legacy/ARRA-CA_SANFRANCOAST_2010,5.0,0.0,0.0,,
https://prd-tnm.s3.amazonaws.com/index.html?prefix=StagedProducts/Elevation/metadata/legacy/ARRA-CO_GRANDCO_2010,1.0,0.0,0.0,,
https://prd-tnm.s3.amazonaws.com/index.html?prefix=StagedProducts/Elevation/metadata/legacy/ARRA-FL_CHARLOTTE-E_2010,1.0,0.0,0.0,,
https://prd-tnm.s3.amazonaws.com/index.html?prefix=StagedProducts/Elevation/metadata/legacy/ARRA-FL_CHARLOTTE-W_2010,1.0,0.0,0.0,,
https://prd-tnm.s3.amazonaws.com/index.html?prefix=StagedProducts/Elevation/metadata/legacy/ARRA-FL_KISSIMMEERIVER_2011,0.0,0.0,0.0,,
https://prd-tnm.s3.amazonaws.com/index.html?prefix=StagedProducts/Elevation/metadata/legacy/ARRA-FL_LIBERTYCO_2010,0.0,0.0,0.0,,
https://prd-tnm.s3.amazonaws.com/index.html?prefix=StagedProducts/Elevation/metadata/legacy/ARRA-FL_SUWANNEERIVER_2011,0.0,0.0,0.0,,
https://prd-tnm.s3.amazonaws.com/index.html?prefix=StagedProducts/Elevation/metadata/legacy/ARRA-FL_UPPERSTJOHNSRIVER_2010,0.0,0.0,0.0,,
https://prd-tnm.s3.amazonaws.com/index.html?prefix=StagedProducts/Elevation/metadata/legacy/ARRA-GA_LAKELANIER_2010,1.0,0.0,0.0,,
https://prd-tnm.s3.amazonaws.com/index.html?prefix=StagedProducts/Elevation/metadata/legacy/ARRA-IL_LAKECO_2007,3.0,0.0,0.0,,
https://prd-tnm.s3.amazonaws.com/index.html?prefix=StagedProducts/Elevation/metadata/legacy/ARRA-IN_FLOOD_2010,3.0,0.0,0.0,,
https://prd-tnm.s3.amazonaws.com/index.html?prefix=StagedProducts/Elevation/metadata/legacy/ARRA-LA_COASTAL-Z15_2011,1.0,0.0,0.0,,
https://prd-tnm.s3.amazonaws.com/index.html?prefix=StagedProducts/Elevation/metadata/legacy/ARRA-LA_COASTAL-Z16_2011,1.0,0.0,0.0,,
https://prd-tnm.s3.amazonaws.com/index.html?prefix=StagedProducts/Elevation/metadata/legacy/ARRA-LFTNE_CONNECTICUTZ18_2010,2.0,0.0,0.0,,
https://prd-tnm.s3.amazonaws.com/index.html?prefix=StagedProducts/Elevation/metadata/legacy/ARRA-LFTNE_CONNECTICUTZ19_2011,2.0,0.0,0.0,,
https://prd-tnm.s3.amazonaws.com/index.html?prefix=StagedProducts/Elevation/metadata/legacy/ARRA-LFTNE_MASSACHUSETTS_2011,1.0,0.0,0.0,,
https://prd-tnm.s3.amazonaws.com/index.html?prefix=StagedProducts/Elevation/metadata/legacy/ARRA-LFTNE_NEWHAMPSHIRE_2011,1.0,0.0,0.0,,
https://prd-tnm.s3.amazonaws.com/index.html?prefix=StagedProducts/Elevation/metadata/legacy/ARRA-LFTNE_NEWYORK_2010,1.0,0.0,0.0,,
https://prd-tnm.s3.amazonaws.com/index.html?prefix=StagedProducts/Elevation/metadata/legacy/ARRA-LFTNE_RHODEISLAND_2011,1.0,0.0,0.0,,
https://prd-tnm.s3.amazonaws.com/index.html?prefix=StagedProducts/Elevation/metadata/legacy/ARRA-MI_4SECOUNTIES_2010,8.0,0.0,0.0,,
https://prd-tnm.s3.amazonaws.com/index.html?prefix=StagedProducts/Elevation/metadata/legacy/ARRA-MI_LOWERPENINSULA_2010,1.0,0.0,0.0,,
https://prd-tnm.s3.amazonaws.com/index.html?prefix=StagedProducts/Elevation/metadata/legacy/ARRA-MI_TRICOUNTY_2010,3.0,0.0,0.0,,
https://prd-tnm.s3.amazonaws.com/index.html?prefix=StagedProducts/Elevation/metadata/legacy/ARRA-MO_STONECO_2010,3.0,0.0,0.0,,
https://prd-tnm.s3.amazonaws.com/index.html?prefix=StagedProducts/Elevation/metadata/legacy/ARRA-NE_PLATTERIVER_2010,3.0,0.0,0.0,,
https://prd-tnm.s3.amazonaws.com/index.html?prefix=StagedProducts/Elevation/metadata/legacy/ARRA-NJ_3COUNTIES_2010,1.0,0.0,0.0,,
https://prd-tnm.s3.amazonaws.com/index.html?prefix=StagedProducts/Elevation/metadata/legacy/ARRA-NRCS_ILLINOIS_2010,3.0,0.0,0.0,,
https://prd-tnm.s3.amazonaws.com/index.html?prefix=StagedProducts/Elevation/metadata/legacy/ARRA-NRCS_KENTUCKY_2010,3.0,0.0,0.0,,
https://prd-tnm.s3.amazonaws.com/index.html?prefix=StagedProducts/Elevation/metadata/legacy/ARRA-OR_SANDYRIVER_2010,4.0,0.0,0.0,,
https://prd-tnm.s3.amazonaws.com/index.html?prefix=StagedProducts/Elevation/metadata/legacy/ARRA-SC_ALLENDALECO_2010,1.0,0.0,0.0,,
https://prd-tnm.s3.amazonaws.com/index.html?prefix=StagedProducts/Elevation/metadata/legacy/ARRA-SC_BAMBERGCO_2010,1.0,0.0,0.0,,
https://prd-tnm.s3.amazonaws.com/index.html?prefix=StagedProducts/Elevation/metadata/legacy/ARRA-SC_HAMPTONCO_2010,1.0,0.0,0.0,,
https://prd-tnm.s3.amazonaws.com/index.html?prefix=StagedProducts/Elevation/metadata/legacy/ARRA-SC_LEECO_2010,1.0,0.0,0.0,,
https://prd-tnm.s3.amazonaws.com/index.html?prefix=StagedProducts/Elevation/metadata/legacy/ARRA-TN_SMOKYMTNS_2011,1.0,0.0,0.0,,
https://prd-tnm.s3.amazonaws.com/index.html?prefix=StagedProducts/Elevation/metadata/legacy/ARRA-TX_CALHOUNCO_2010,1.0,0.0,0.0,,
https://prd-tnm.s3.amazonaws.com/index.html?prefix=StagedProducts/Elevation/metadata/legacy/ARRA-TX_HIDALGOCO_2010,1.0,0.0,0.0,,
https://prd-tnm.s3.amazonaws.com/index.html?prefix=StagedProducts/Elevation/metadata/legacy/ARRA-TX_NUECESCO_2010,1.0,0.0,0.0,,
https://prd-tnm.s3.amazonaws.com/index.html?prefix=StagedProducts/Elevation/metadata/legacy/ARRA-TX_WILACYCO_2010,1.0,0.0,0.0,,
https://prd-tnm.s3.amazonaws.com/index.html?prefix=StagedProducts/Elevation/metadata/legacy/ARRA-WI_BROWNCO_2010,2.0,0.0,0.0,,
https://prd-tnm.s3.amazonaws.com/index.html?prefix=StagedProducts/Elevation/metadata/legacy/AR_BUFFALORIVER_2009,1.0,0.0,0.0,,
https://prd-tnm.s3.amazonaws.com/index.html?prefix=StagedProducts/Elevation/metadata/legacy/AR_BUFFALORIVER_2010,4.0,0.0,0.0,,
https://prd-tnm.s3.amazonaws.com/index.html?prefix=StagedProducts/Elevation/metadata/legacy/AR_DARDANELLE_2011,2.0,0.0,0.0,,
https://prd-tnm.s3.amazonaws.com/index.html?prefix=StagedProducts/Elevation/metadata/AR_Eastern_D23/AR_Eastern_10_D23,8.0,0.0,0.0,,
https://prd-tnm.s3.amazonaws.com/index.html?prefix=StagedProducts/Elevation/metadata/AR_Eastern_D23/AR_Eastern_1_D23,7.0,0.0,0.0,,
https://prd-tnm.s3.amazonaws.com/index.html?prefix=StagedProducts/Elevation/metadata/AR_Eastern_D23/AR_Eastern_2_D23,6.0,0.0,0.0,,
https://prd-tnm.s3.amazonaws.com/index.html?prefix=StagedProducts/Elevation/metadata/AR_Eastern_D23/AR_Eastern_3_D23,6.0,0.0,0.0,,
https://prd-tnm.s3.amazonaws.com/index.html?prefix=StagedProducts/Elevation/metadata/AR_Eastern_D23/AR_Eastern_4_D23,6.0,0.0,0.0,,
https://prd-tnm.s3.amazonaws.com/index.html?prefix=StagedProducts/Elevation/metadata/AR_Eastern_D23/AR_Eastern_5_D23,7.0,0.0,0.0,,
https://prd-tnm.s3.amazonaws.com/index.html?prefix=StagedProducts/Elevation/metadata/AR_Eastern_D23/AR_Eastern_6_D23,6.0,0.0,0.0,,
https://prd-tnm.s3.amazonaws.com/index.html?prefix=StagedProducts/Elevation/metadata/AR_Eastern_D23/AR_Eastern_7_D23,7.0,0.0,0.0,,
https://prd-tnm.s3.amazonaws.com/index.html?prefix=StagedProducts/Elevation/metadata/AR_Eastern_D23/AR_Eastern_8_D23,6.0,0.0,0.0,,
https://prd-tnm.s3.amazonaws.com/index.html?prefix=StagedProducts/Elevation/metadata/AR_Eastern_D23/AR_Eastern_9_D23,7.0,0.0,0.0,,
https://prd-tnm.s3.amazonaws.com/index.html?prefix=StagedProducts/Elevation/metadata/legacy/AR_FEMA-CHICOTDESHA_2011,4.0,0.0,0.0,,
https://prd-tnm.s3.amazonaws.com/index.html?prefix=StagedProducts/Elevation/metadata/legacy/AR_FEMA-VI-BAYOUMETO_2012,6.0,0.0,0.0,,
https://prd-tnm.s3.amazonaws.com/index.html?prefix=StagedProducts/Elevation/metadata/legacy/AR_LOWERSTFRANCISRIVER-FEMA_2012,6.0,5.0,5.0,conflict,"Inland_Ponds_and_Lakes.shp.xml: ... exist below the sensor that will affect the collection of data. These conditions include leaf-off for hardwoods, no snow, rain, virga, fog, smoke, mist and l..."
https://prd-tnm.s3.amazonaws.com/index.html?prefix=StagedProducts/Elevation/metadata/legacy/AR_MCKINNEYPOSTEN_2011,3.0,0.0,0.0,,
https://prd-tnm.s3.amazonaws.com/index.html?prefix=StagedProducts/Elevation/metadata/AR_NRCS_AR_LiDAR_2016_B16/AR_NRCS_A2_2016,8.0,4.0,0.0,off,Arkansas_LiDAR_Project.xml: ... square miles. Ground Conditions: water at normal levels; no unusual inundation; no snow; leaf off How the Withheld Points are Identified: Withheld (ignore) p...
https://prd-tnm.s3.amazonaws.com/index.html?prefix=StagedProducts/Elevation/metadata/AR_NorthEast_D22/AR_NorthEast_1_D22,8.0,3.0,0.0,off,AR_NorthEast_1_D22_DEM.xml: ...tal Elevation Model (DEM) raster digital data USGS task order 140G0222F0247 required 2023 leaf off LiDAR surveys to be collected over 750 square miles coverin...
https://prd-tnm.s3.amazonaws.com/index.html?prefix=StagedProducts/Elevation/metadata/legacy/AR_PAGIS_2010,4.0,3.0,0.0,off,"Ponds_Lakes.shp.xml: ...or portions of Pulaski and Faulkner Counties AR. This area was flown during snow free and leaf-off conditions. Fugro EarthData, Inc. flew and collected the Li..."
https://prd-tnm.s3.amazonaws.com/index.html?prefix=StagedProducts/Elevation/metadata/legacy/AR_UPPERBLACKWATERSHED-FEMA_2012,2.0,0.0,0.0,,
https://prd-tnm.s3.amazonaws.com/index.html?prefix=StagedProducts/Elevation/metadata/legacy/AR_UPPERWHITEVILLAGE-FEMA_2012,4.0,0.0,0.0,,
https://prd-tnm.s3.amazonaws.com/index.html?prefix=StagedProducts/Elevation/metadata/AZ_AubreyCherry_2020_D20/AZ_AubreyCherry_1_2020,8.0,0.0,5.0,on,"AubreyCherry_DEM_utm12.xml: ...ion, Version 2.1. Provide the United States Geological Survey (""USGS"") with a summer 2020 leaf-on lidar survey over two (2) primary Areas of Interest (AOIs) ..."
https://prd-tnm.s3.amazonaws.com/index.html?prefix=StagedProducts/Elevation/metadata/AZ_BlackRock_Goodwin_2021_D21/AZ_BlackRockGoodwin_1_2021,7.0,0.0,0.0,,
https://prd-tnm.s3.amazonaws.com/index.html?prefix=StagedProducts/Elevation/metadata/legacy/AZ_BLACK_MESA_COALMINE_2012,5.0,0.0,0.0,,
https://prd-tnm.s3.amazonaws.com/index.html?prefix=StagedProducts/Elevation/metadata/AZ_BrawleyRillito_2018_D19/AZ_BrawleyRillito_TL_2018,8.0,0.0,0.0,,
https://prd-tnm.s3.amazonaws.com/index.html?prefix=StagedProducts/Elevation/metadata/AZ_CentralCoconino_B22/AZ_CenCoconino_1_B22,7.0,0.0,0.0,,
https://prd-tnm.s3.amazonaws.com/index.html?prefix=StagedProducts/Elevation/metadata/AZ_CentralCoconino_B22/AZ_CenCoconino_2_B22,6.0,0.0,0.0,,
https://prd-tnm.s3.amazonaws.com/index.html?prefix=StagedProducts/Elevation/metadata/AZ_CentralCoconino_B22/AZ_CenCoconino_3_B22,5.0,0.0,0.0,,
https://prd-tnm.s3.amazonaws.com/index.html?prefix=StagedProducts/Elevation/metadata/legacy/AZ_COCHISE-FEMA_2012,3.0,0.0,0.0,,
https://prd-tnm.s3.amazonaws.com/index.html?prefix=StagedProducts/Elevation/metadata/AZ_CochiseCounty_2020_B20/AZ_CochiseCounty_1_2020,4.0,0.0,0.0,,
https://prd-tnm.s3.amazonaws.com/index.html?prefix=StagedProducts/Elevation/metadata/AZ_CochiseCounty_2020_B20/AZ_CochiseCounty_2_2020,8.0,0.0,0.0,,
https://prd-tnm.s3.amazonaws.com/index.html?prefix=StagedProducts/Elevation/metadata/AZ_CochiseCounty_2020_B20/AZ_CochiseCounty_3_2020,8.0,0.0,0.0,,
https://prd-tnm.s3.amazonaws.com/index.html?prefix=StagedProducts/Elevation/metadata/AZ_Coconino_2019_B19/AZ_Coconino_B1_2019,8.0,0.0,5.0,on,"DEM_Hydro_19049_Lot_6.xml: ...ating point, TIF, 0.5M cell size USGS NGTOC task order 140G0219F0247 required summer 2019 leaf-on LiDAR surveys to be collected over 1,107 square miles cover..."
https://prd-tnm.s3.amazonaws.com/index.html?prefix=StagedProducts/Elevation/metadata/CA_AZ_FEMA_R9_Lidar_2017_D18/AZ_FEMA_Central_2017,6.0,0.0,0.0,,
https://prd-tnm.s3.amazonaws.com/index.html?prefix=StagedProducts/Elevation/metadata/CA_AZ_FEMA_R9_Lidar_2017_D18/AZ_FEMA_East_2017,6.0,0.0,0.0,,
https://prd-tnm.s3.amazonaws.com/index.html?prefix=StagedProducts/Elevation/metadata/AZ_GrandCanyonNP_2019_B19/AZ_GrandCanyonNP_1_2019,8.0,0.0,0.0,,
https://prd-tnm.s3.amazonaws.com/index.html?prefix=StagedProducts/Elevation/metadata/AZ_GrandCanyonNP_2019_B19/AZ_GrandCanyonNP_2_2019,4.0,0.0,0.0,,
https://prd-tnm.s3.amazonaws.com/index.html?prefix=StagedProducts/Elevation/metadata/AZ_LowerColoradoRiver_2018_B18/AZ_LowerColoradoRiver_B1_2018,6.0,0.0,0.0,,
https://prd-tnm.s3.amazonaws.com/index.html?prefix=StagedProducts/Elevation/metadata/AZ_LowerColoradoRiver_2018_B18/AZ_LowerColoradoRiver_B2_2018,6.0,0.0,0.0,,
https://prd-tnm.s3.amazonaws.com/index.html?prefix=StagedProducts/Elevation/metadata/AZ_2021LowerColoradoTB_C23/AZ_LowerColoradoTB_1_C23,8.0,0.0,0.0,,
https://prd-tnm.s3.amazonaws.com/index.html?prefix=StagedProducts/Elevation/metadata/AZ_MaricopaPinal_2020_B20/AZ_MaricopaPinal_1_2020,8.0,0.0,0.0,,
https://prd-tnm.s3.amazonaws.com/index.html?prefix=StagedProducts/Elevation/metadata/AZ_MohaveCounty_2021_D21/AZ_MohaveCo_1_2021,7.0,0.0,0.0,,
https://prd-tnm.s3.amazonaws.com/index.html?prefix=StagedProducts/Elevation/metadata/AZ_MohaveCounty_2021_D21/AZ_MohaveCo_2_2021,6.0,0.0,0.0,,
https://prd-tnm.s3.amazonaws.com/index.html?prefix=StagedProducts/Elevation/metadata/AZ_MohaveCoconino_D23/AZ_MohaveCoconino_1_D23,8.0,1.0,0.0,off,AZ_Mohavecoconino_D23_Classified_LAS.xml: ...s of the AOIs. Ground Conditions: water at normal levels; no unusual inundation; no snow; leaf off. How the Withheld Points are Identified: Withheld (ignore) ...
https://prd-tnm.s3.amazonaws.com/index.html?prefix=StagedProducts/Elevation/metadata/AZ_Mohave_D23/AZ_Mohave_1_D23,5.0,0.0,0.0,,
https://prd-tnm.s3.amazonaws.com/index.html?prefix=StagedProducts/Elevation/metadata/AZ_Mohave_D23/AZ_Mohave_2_D23,4.0,0.0,0.0,,
https://prd-tnm.s3.amazonaws.com/index.html?prefix=StagedProducts/Elevation/metadata/AZ_Mohave_D23/AZ_Mohave_3_D23,6.0,0.0,0.0,,
https://prd-tnm.s3.amazonaws.com/index.html?prefix=StagedProducts/Elevation/metadata/AZ_Mohave_D23/AZ_Mohave_4_D23,5.0,0.0,0.0,,
https://prd-tnm.s3.amazonaws.com/index.html?prefix=StagedProducts/Elevation/metadata/AZ_NavajoCorridor_2020_D20/AZ_NavajoCorridor_1_2020,8.0,0.0,0.0,,
https://prd-tnm.s3.amazonaws.com/index.html?prefix=StagedProducts/Elevation/metadata/AZ_NavajoNation_D22/AZ_NavajoNation_1_D22,7.0,1.0,0.0,off,AZ_NavajoNation_D22_Classified_LAS.xml: ...s of the AOIs. Ground Conditions: water at normal levels; no unusual inundation; no snow; leaf off. How the Withheld Points are Identified: Withheld (ignore) ...
https://prd-tnm.s3.amazonaws.com/index.html?prefix=StagedProducts/Elevation/metadata/AZ_NorthEast_D23/AZ_NorthEast_2_D23,8.0,0.0,0.0,,
https://prd-tnm.s3.amazonaws.com/index.html?prefix=StagedProducts/Elevation/metadata/AZ_NorthEast_D23/AZ_NorthEast_3_D23,8.0,0.0,0.0,,
https://prd-tnm.s3.amazonaws.com/index.html?prefix=StagedProducts/Elevation/metadata/AZ_NorthKaibabNF_2019_B19/AZ_NorthKaibabNF_B1_2019,8.0,0.0,5.0,on,"Intensity.xml: ...2019_D19 Intensity Images Raster USGS NGTOC task order 140G0219F0135 required summer 2019 leaf-on LiDAR surveys to be collected over 1,107 square miles parts..."
https://prd-tnm.s3.amazonaws.com/index.html?prefix=StagedProducts/Elevation/metadata/AZ_OrganPipeCactusNM_2020_B20/AZ_OrganPipeCactusNM_1_2020,7.0,0.0,0.0,,
https://prd-tnm.s3.amazonaws.com/index.html?prefix=StagedProducts/Elevation/metadata/AZ_PimaCounty_2021_B21/AZ_PimaCo_1_2021,0.0,0.0,0.0,,
https://prd-tnm.s3.amazonaws.com/index.html?prefix=StagedProducts/Elevation/metadata/AZ_PimaCounty_2021_B21/AZ_PimaCo_2_2021,6.0,0.0,0.0,,
https://prd-tnm.s3.amazonaws.com/index.html?prefix=StagedProducts/Elevation/metadata/AZ_Fredonia_Safford_LiDAR_2016_D16/AZ_Safford-QL2_2016,8.0,0.0,0.0,,
https://prd-tnm.s3.amazonaws.com/index.html?prefix=StagedProducts/Elevation/metadata/legacy/AZ_SANCARLOSRESERVATION_2013,0.0,0.0,0.0,,
https://prd-tnm.s3.amazonaws.com/index.html?prefix=StagedProducts/Elevation/metadata/AZ_SouthWest_D23/AZ_Southwest_1_D23,6.0,0.0,0.0,,
https://prd-tnm.s3.amazonaws.com/index.html?prefix=StagedProducts/Elevation/metadata/AZ_SouthWest_D23/AZ_Southwest_2_D23,8.0,0.0,0.0,,
https://prd-tnm.s3.amazonaws.com/index.html?prefix=StagedProducts/Elevation/metadata/AZ_SouthWest_D23/AZ_Southwest_3_D23,6.0,0.0,0.0,,
https://prd-tnm.s3.amazonaws.com/index.html?prefix=StagedProducts/Elevation/metadata/AZ_SouthWest_D23/AZ_Southwest_4_D23,8.0,0.0,0.0,,
https://prd-tnm.s3.amazonaws.com/index.html?prefix=StagedProducts/Elevation/metadata/AZ_SouthWest_D23/AZ_Southwest_5_D23,8.0,0.0,0.0,,
https://prd-tnm.s3.amazonaws.com/index.html?prefix=StagedProducts/Elevation/metadata/legacy/AZ_TUCSON_2011,3.0,0.0,0.0,,
https://prd-tnm.s3.amazonaws.com/index.html?prefix=StagedProducts/Elevation/metadata/AZ_USFS_3DEP_Processing_2019_D20/AZ_USFS_3DEP_Processing_2019,5.0,0.0,0.0,,
https://prd-tnm.s3.amazonaws.com/index.html?prefix=StagedProducts/Elevation/metadata/AZ_Yavapai_2021_B21/AZ_Yavapai_1_2021,6.0,0.0,2.0,on,"AZ_Yavapai_1_DEM_utm12.xml: ...o USGS-NGP Lidar Base Specification 2020 rev. A. This task is for providing a summer 2021 leaf-on, snow-free lidar survey over an area of approximately 5,098..."
https://prd-tnm.s3.amazonaws.com/index.html?prefix=StagedProducts/Elevation/metadata/AZ_Yavapai_2021_B21/AZ_Yavapai_2_2021,4.0,0.0,2.0,on,"AZ_Yavapai_2_DEM_utm12.xml: ...o USGS-NGP Lidar Base Specification 2020 rev. A. This task is for providing a summer 2021 leaf-on, snow-free lidar survey over an area of approximately 5,098..."
https://prd-tnm.s3.amazonaws.com/index.html?prefix=StagedProducts/Elevation/metadata/CA_AlamedaCounty_2021_B21/CA_AlamedaCo_1_2021,4.0,0.0,0.0,,
https://prd-tnm.s3.amazonaws.com/index.html?prefix=StagedProducts/Elevation/metadata/legacy/CA_ALAMEDACO_2006,1.0,0.0,0.0,,
https://prd-tnm.s3.amazonaws.com/index.html?prefix=StagedProducts/Elevation/metadata/CA_AlamedaCounty_2021_B21/CA_AlamedaCo_2_2021,4.0,0.0,0.0,,
https://prd-tnm.s3.amazonaws.com/index.html?prefix=StagedProducts/Elevation/metadata/CA_AlamedaCounty_2021_B21/CA_AlamedaCo_3_2021,6.0,0.0,0.0,,
https://prd-tnm.s3.amazonaws.com/index.html?prefix=StagedProducts/Elevation/metadata/legacy/CA_CALAVERASTUOLUMNE_2011,7.0,0.0,0.0,,
https://prd-tnm.s3.amazonaws.com/index.html?prefix=StagedProducts/Elevation/metadata/CA_CaliforniaGaps_B23/CA_CaliforniaGaps_1_B23,8.0,0.0,0.0,,
https://prd-tnm.s3.amazonaws.com/index.html?prefix=StagedProducts/Elevation/metadata/CA_CaliforniaGaps_B23/CA_CaliforniaGaps_3_B23,8.0,0.0,0.0,,
https://prd-tnm.s3.amazonaws.com/index.html?prefix=StagedProducts/Elevation/metadata/CA_CaliforniaGaps_B23/CA_CaliforniaGaps_4_B23,8.0,0.0,0.0,,
https://prd-tnm.s3.amazonaws.com/index.html?prefix=StagedProducts/Elevation/metadata/CA_CarrHirzDeltaFires_2019_B19/CA_CarrHirzDeltaFires_1_2019,7.0,0.0,0.0,,
https://prd-tnm.s3.amazonaws.com/index.html?prefix=StagedProducts/Elevation/metadata/CA_CarrHirzDeltaFires_2019_B19/CA_CarrHirzDeltaFires_2_2019,5.0,0.0,0.0,,
https://prd-tnm.s3.amazonaws.com/index.html?prefix=StagedProducts/Elevation/metadata/legacy/CA_CONTRACOSTACO_2007,1.0,0.0,0.0,,
https://prd-tnm.s3.amazonaws.com/index.html?prefix=StagedProducts/Elevation/metadata/CA_ContraCosta_B22/CA_ContraCosta_1_2022,5.0,0.0,0.0,,
https://prd-tnm.s3.amazonaws.com/index.html?prefix=StagedProducts/Elevation/metadata/legacy/CA_DAYFIRE_2007,1.0,0.0,0.0,,
https://prd-tnm.s3.amazonaws.com/index.html?prefix=StagedProducts/Elevation/metadata/CA_FEMALevee_D23/CA_FEMALevee_1_D23,6.0,0.0,0.0,,
https://prd-tnm.s3.amazonaws.com/index.html?prefix=StagedProducts/Elevation/metadata/CA_FEMALevee_D23/CA_FEMALevee_2_D23,6.0,0.0,0.0,,
https://prd-tnm.s3.amazonaws.com/index.html?prefix=StagedProducts/Elevation/metadata/CA_FEMAR9Estrella_2019_D20/CA_FEMAR9Estrella_2019,6.0,0.0,0.0,,
https://prd-tnm.s3.amazonaws.com/index.html?prefix=StagedProducts/Elevation/metadata/CA_FEMAR9Fresno_2019_D20/CA_FEMAR9Fresno_1_2019,5.0,0.0,0.0,,
https://prd-tnm.s3.amazonaws.com/index.html?prefix=StagedProducts/Elevation/metadata/CA_FEMAR9Fresno_2019_D20/CA_FEMAR9Fresno_2_2019,5.0,0.0,0.0,,
https://prd-tnm.s3.amazonaws.com/index.html?prefix=StagedProducts/Elevation/metadata/CA_FEMAR9PanocheSanLuis_2019_D20/CA_FEMAR9PanocheSanLuis_2019,8.0,0.0,0.0,,
https://prd-tnm.s3.amazonaws.com/index.html?prefix=StagedProducts/Elevation/metadata/CA_FEMAR9Southeast_D24/CA_FEMAR9Southeast_1_D24,8.0,0.0,0.0,,
https://prd-tnm.s3.amazonaws.com/index.html?prefix=StagedProducts/Elevation/metadata/CA_FEMAR9Southeast_D24/CA_FEMAR9Southeast_2_D24,7.0,0.0,0.0,,
https://prd-tnm.s3.amazonaws.com/index.html?prefix=StagedProducts/Elevation/metadata/CA_AZ_FEMA_R9_Lidar_2017_D18/CA_FEMA_Z1_2018,8.0,0.0,0.0,,
https://prd-tnm.s3.amazonaws.com/index.html?prefix=StagedProducts/Elevation/metadata/CA_AZ_FEMA_R9_Lidar_2017_D18/CA_FEMA_Z4_B1_2018,8.0,0.0,0.0,,
https://prd-tnm.s3.amazonaws.com/index.html?prefix=StagedProducts/Elevation/metadata/CA_AZ_FEMA_R9_Lidar_2017_D18/CA_FEMA_Z4_B2_2018,8.0,0.0,0.0,,
https://prd-tnm.s3.amazonaws.com/index.html?prefix=StagedProducts/Elevation/metadata/CA_AZ_FEMA_R9_Lidar_2017_D18/CA_FEMA_Z4_QL1_2018,8.0,0.0,0.0,,
https://prd-tnm.s3.amazonaws.com/index.html?prefix=StagedProducts/Elevation/metadata/CA_LassenNP_LowerBearCreekHUC10_2020_D20/CA_LassenNP_2020,6.0,0.0,0.0,,
https://prd-tnm.s3.amazonaws.com/index.html?prefix=StagedProducts/Elevation/metadata/CA_LosAngeles_B23/CA_LosAngeles_1_B23,8.0,0.0,0.0,,
https://prd-tnm.s3.amazonaws.com/index.html?prefix=StagedProducts/Elevation/metadata/CA_LosAngeles_B23/CA_LosAngeles_2_B23,8.0,0.0,0.0,,
https://prd-tnm.s3.amazonaws.com/index.html?prefix=StagedProducts/Elevation/metadata/CA_LassenNP_LowerBearCreekHUC10_2020_D20/CA_LowerBearCreek_2020,6.0,0.0,0.0,,
https://prd-tnm.s3.amazonaws.com/index.html?prefix=StagedProducts/Elevation/metadata/CA_MountainPass_2019_D19/CA_MountainPass_B1_2019,8.0,1.0,0.0,off,CA_MountainPass_2019_D19_Classified_LAS.xml: ...s of the AOIs. Ground Conditions: water at normal levels; no unusual inundation; no snow; leaf off. How the Withheld Points are Identified: Withheld (ignore) ...
https://prd-tnm.s3.amazonaws.com/index.html?prefix=StagedProducts/Elevation/metadata/CA_NoCAL_3DEP_Supp_Funding_2018_D18/CA_NoCAL_Wildfires_PlumasNF_B2_2018,6.0,0.0,0.0,,
https://prd-tnm.s3.amazonaws.com/index.html?prefix=StagedProducts/Elevation/metadata/CA_NoCAL_3DEP_Supp_Funding_2018_D18/CA_NoCAL_Wildfires_TL_QL1_2018,6.0,0.0,0.0,,
https://prd-tnm.s3.amazonaws.com/index.html?prefix=StagedProducts/Elevation/metadata/CA_NoCAL_3DEP_Supp_Funding_2018_D18/CA_NoCAL_Wildfires_TL_QL2_2018,6.0,0.0,0.0,,
https://prd-tnm.s3.amazonaws.com/index.html?prefix=StagedProducts/Elevation/metadata/CA_NorthCoastRanges_B23/CA_NorthCoastRanges_1_B23,7.0,0.0,0.0,,
https://prd-tnm.s3.amazonaws.com/index.html?prefix=StagedProducts/Elevation/metadata/CA_NorthCoastRanges_B23/CA_NorthCoastRanges_2_B23,8.0,0.0,0.0,,
https://prd-tnm.s3.amazonaws.com/index.html?prefix=StagedProducts/Elevation/metadata/CA_NorthernCA_B22/CA_NorthernCA_1_B22,6.0,0.0,0.0,,
https://prd-tnm.s3.amazonaws.com/index.html?prefix=StagedProducts/Elevation/metadata/CA_NorthernCA_B22/CA_NorthernCA_2_B22,8.0,0.0,0.0,,
https://prd-tnm.s3.amazonaws.com/index.html?prefix=StagedProducts/Elevation/metadata/CA_NorthernCA_B22/CA_NorthernCA_3_B22,8.0,0.0,0.0,,
https://prd-tnm.s3.amazonaws.com/index.html?prefix=StagedProducts/Elevation/metadata/CA_NorthernCA_B22/CA_NorthernCA_5_B22,8.0,0.0,0.0,,
https://prd-tnm.s3.amazonaws.com/index.html?prefix=StagedProducts/Elevation/metadata/legacy/CA_ORANGECO_2011,7.0,0.0,0.0,,
https://prd-tnm.s3.amazonaws.com/index.html?prefix=StagedProducts/Elevation/metadata/legacy/CA_PLACERCO_2012,8.0,0.0,0.0,,
https://prd-tnm.s3.amazonaws.com/index.html?prefix=StagedProducts/Elevation/metadata/CA_SE_Fault_Zone_Lidar_2017_D17/CA_SE_Fault_Zone_2017,5.0,0.0,0.0,,
https://prd-tnm.s3.amazonaws.com/index.html?prefix=StagedProducts/Elevation/metadata/legacy/CA_SALTONSEA_2010,3.0,0.0,0.0,,
https://prd-tnm.s3.amazonaws.com/index.html?prefix=StagedProducts/Elevation/metadata/CA_SaltonSea_EarthMRI_2021_D21/CA_SaltonSea_EarthMRI_1_2021,6.0,0.0,0.0,,
https://prd-tnm.s3.amazonaws.com/index.html?prefix=StagedProducts/Elevation/metadata/CA_SaltonSea_EarthMRI_2021_D21/CA_SaltonSea_EarthMRI_2_2021,6.0,0.0,0.0,,
https://prd-tnm.s3.amazonaws.com/index.html?prefix=StagedProducts/Elevation/metadata/CA_SaltonSea_EarthMRI_2021_D21/CA_SaltonSea_EarthMRI_3_D21,6.0,0.0,0.0,,
https://prd-tnm.s3.amazonaws.com/index.html?prefix=StagedProducts/Elevation/metadata/CA_SaltonSea_EarthMRI_2021_D21/CA_SaltonSea_EarthMRI_4_2021,6.0,0.0,0.0,,
https://prd-tnm.s3.amazonaws.com/index.html?prefix=StagedProducts/Elevation/metadata/CA_SanBernardino_EarthMRI_2021_D21/CA_SanBern_EMRI_1_2021,8.0,3.0,0.0,off,CA_SanBernadino_EarthMRI_QL1_DEM_utm11.xml: ...dhere to USGS-NGP Lidar Base Specification 2020 rev. A. This task is for providing a fall leaf-off 2021 lidar survey to be collected over an Area of Interest ...
https://prd-tnm.s3.amazonaws.com/index.html?prefix=StagedProducts/Elevation/metadata/CA_SanBernardino_EarthMRI_2021_D21/CA_SanBern_EMRI_2_2021,7.0,3.0,0.0,off,CA_SanBernadino_EarthMRI_QL2_DEM_utm11.xml: ...dhere to USGS-NGP Lidar Base Specification 2020 rev. A. This task is for providing a fall leaf-off 2021 lidar survey to be collected over an Area of Interest ...
https://prd-tnm.s3.amazonaws.com/index.html?prefix=StagedProducts/Elevation/metadata/San_Diego_CA_2014_LiDAR/CA_SanDiegoQL2_2014,8.0,0.0,0.0,,
https://prd-tnm.s3.amazonaws.com/index.html?prefix=StagedProducts/Elevation/metadata/CA_SanDiego_2015_C17/CA_SanDiego_2015_C17_1,8.0,0.0,0.0,,
https://prd-tnm.s3.amazonaws.com/index.html?prefix=StagedProducts/Elevation/metadata/CA_SanFrancisco_B23/CA_SanFrancisco_1_B23,8.0,0.0,0.0,,
https://prd-tnm.s3.amazonaws.com/index.html?prefix=StagedProducts/Elevation/metadata/CA_SanJoaquin_2021_A21/CA_SanJoaquin_1_2021,8.0,0.0,0.0,,
https://prd-tnm.s3.amazonaws.com/index.html?prefix=StagedProducts/Elevation/metadata/CA_SanJoaquin_2021_A21/CA_SanJoaquin_2_2021,7.0,0.0,0.0,,
https://prd-tnm.s3.amazonaws.com/index.html?prefix=StagedProducts/Elevation/metadata/CA_SanJoaquin_2021_A21/CA_SanJoaquin_3_2021,6.0,0.0,0.0,,
https://prd-tnm.s3.amazonaws.com/index.html?prefix=StagedProducts/Elevation/metadata/CA_SanJoaquin_2021_A21/CA_SanJoaquin_4_2021,7.0,0.0,0.0,,
https://prd-tnm.s3.amazonaws.com/index.html?prefix=StagedProducts/Elevation/metadata/CA_SanJoaquin_2021_A21/CA_SanJoaquin_5_2021,7.0,0.0,0.0,,
https://prd-tnm.s3.amazonaws.com/index.html?prefix=StagedProducts/Elevation/metadata/CA_SanJoaquin_2021_A21/CA_SanJoaquin_6_2021,6.0,0.0,0.0,,
https://prd-tnm.s3.amazonaws.com/index.html?prefix=StagedProducts/Elevation/metadata/CA_SanJoaquin_2021_A21/CA_SanJoaquin_7_2021,6.0,0.0,0.0,,
https://prd-tnm.s3.amazonaws.com/index.html?prefix=StagedProducts/Elevation/metadata/CA_SanJoaquin_2021_A21/CA_SanJoaquin_8_Reflight_2021,4.0,0.0,0.0,,
https://prd-tnm.s3.amazonaws.com/index.html?prefix=StagedProducts/Elevation/metadata/CA_SanJoaquin_2021_A21/CA_SanJoaquin_9_Reflight_2021,4.0,0.0,0.0,,
https://prd-tnm.s3.amazonaws.com/index.html?prefix=StagedProducts/Elevation/metadata/CA_SantaClaraCounty_2020_A20/CA_SantaClaraCounty_2020,8.0,0.0,0.0,,
https://prd-tnm.s3.amazonaws.com/index.html?prefix=StagedProducts/Elevation/metadata/CA_SantaCruzCounty_2020_A20/CA_SantaCruzCounty_2020,6.0,0.0,0.0,,
https://prd-tnm.s3.amazonaws.com/index.html?prefix=StagedProducts/Elevation/metadata/legacy/CA_SCRIPPS-APR_2004,2.0,0.0,0.0,,
https://prd-tnm.s3.amazonaws.com/index.html?prefix=StagedProducts/Elevation/metadata/legacy/CA_SCRIPPS-APR_2005,2.0,0.0,0.0,,
https://prd-tnm.s3.amazonaws.com/index.html?prefix=StagedProducts/Elevation/metadata/legacy/CA_SCRIPPS-DEC_2002,2.0,0.0,0.0,,
https://prd-tnm.s3.amazonaws.com/index.html?prefix=StagedProducts/Elevation/metadata/legacy/CA_SCRIPPS-MAR_2003,2.0,0.0,0.0,,
https://prd-tnm.s3.amazonaws.com/index.html?prefix=StagedProducts/Elevation/metadata/legacy/CA_SCRIPPS-MAR_2006,2.0,0.0,0.0,,
https://prd-tnm.s3.amazonaws.com/index.html?prefix=StagedProducts/Elevation/metadata/legacy/CA_SCRIPPS-MAY_2002,2.0,0.0,0.0,,
https://prd-tnm.s3.amazonaws.com/index.html?prefix=StagedProducts/Elevation/metadata/legacy/CA_SCRIPPS-OCT_2003,2.0,0.0,0.0,,
https://prd-tnm.s3.amazonaws.com/index.html?prefix=StagedProducts/Elevation/metadata/legacy/CA_SCRIPPS-OCT_2005,2.0,0.0,0.0,,
https://prd-tnm.s3.amazonaws.com/index.html?prefix=StagedProducts/Elevation/metadata/legacy/CA_SCRIPPS-SEP_2002,2.0,0.0,0.0,,
https://prd-tnm.s3.amazonaws.com/index.html?prefix=StagedProducts/Elevation/metadata/legacy/CA_SCRIPPS-SEP_2004,2.0,0.0,0.0,,
https://prd-tnm.s3.amazonaws.com/index.html?prefix=StagedProducts/Elevation/metadata/CA_SierraNevada_B22/CA_SierraNevada_10_2022,6.0,0.0,0.0,,
https://prd-tnm.s3.amazonaws.com/index.html?prefix=StagedProducts/Elevation/metadata/CA_SierraNevada_B22/CA_SierraNevada_11_B22,8.0,0.0,0.0,,
https://prd-tnm.s3.amazonaws.com/index.html?prefix=StagedProducts/Elevation/metadata/CA_SierraNevada_B22/CA_SierraNevada_12_B22,7.0,0.0,0.0,,
https://prd-tnm.s3.amazonaws.com/index.html?prefix=StagedProducts/Elevation/metadata/CA_SierraNevada_B22/CA_SierraNevada_13_B22,7.0,0.0,0.0,,
https://prd-tnm.s3.amazonaws.com/index.html?prefix=StagedProducts/Elevation/metadata/CA_SierraNevada_B22/CA_SierraNevada_14_B22,6.0,0.0,0.0,,
https://prd-tnm.s3.amazonaws.com/index.html?prefix=StagedProducts/Elevation/metadata/CA_SierraNevada_B22/CA_SierraNevada_1_2022,7.0,0.0,0.0,,
https://prd-tnm.s3.amazonaws.com/index.html?prefix=StagedProducts/Elevation/metadata/CA_SierraNevada_B22/CA_SierraNevada_2_2022,8.0,0.0,0.0,,
https://prd-tnm.s3.amazonaws.com/index.html?prefix=StagedProducts/Elevation/metadata/CA_SierraNevada_B22/CA_SierraNevada_3_2022,8.0,0.0,0.0,,
https://prd-tnm.s3.amazonaws.com/index.html?prefix=StagedProducts/Elevation/metadata/CA_SierraNevada_B22/CA_SierraNevada_4_2022,6.0,0.0,0.0,,
https://prd-tnm.s3.amazonaws.com/index.html?prefix=StagedProducts/Elevation/metadata/CA_SierraNevada_B22/CA_SierraNevada_5_2022,8.0,0.0,0.0,,
https://prd-tnm.s3.amazonaws.com/index.html?prefix=StagedProducts/Elevation/metadata/CA_SierraNevada_B22/CA_SierraNevada_6_2022,7.0,0.0,0.0,,
https://prd-tnm.s3.amazonaws.com/index.html?prefix=StagedProducts/Elevation/metadata/CA_SierraNevada_B22/CA_SierraNevada_7_2022,6.0,0.0,0.0,,
https://prd-tnm.s3.amazonaws.com/index.html?prefix=StagedProducts/Elevation/metadata/CA_SierraNevada_B22/CA_SierraNevada_8_2022,7.0,0.0,0.0,,
https://prd-tnm.s3.amazonaws.com/index.html?prefix=StagedProducts/Elevation/metadata/CA_SierraNevada_B22/CA_SierraNevada_9_2022,8.0,0.0,0.0,,
https://prd-tnm.s3.amazonaws.com/index.html?prefix=StagedProducts/Elevation/metadata/CA_SolanoCounty_A23/CA_SolanoCounty_1_A23,8.0,0.0,0.0,,
https://prd-tnm.s3.amazonaws.com/index.html?prefix=StagedProducts/Elevation/metadata/CA_UpperSouthAmerican_Eldorado_2019_B19/CA_UpperSouthAmerican_Eldorado_2019,8.0,1.0,0.0,off,CA_UpperSouthAmerican_Eldorado_2019_B19_Classified_LAS.xml: ...s of the AOIs. Ground Conditions: water at normal levels; no unusual inundation; no snow; leaf off. How the Withheld Points are Identified: Withheld (ignore) ...
https://prd-tnm.s3.amazonaws.com/index.html?prefix=StagedProducts/Elevation/metadata/legacy/CO_ARKANSASVALLEY_2010,5.0,0.0,0.0,,
https://prd-tnm.s3.amazonaws.com/index.html?prefix=StagedProducts/Elevation/metadata/CO_CameronPeakWildfire_2021_D21/CO_CameronPkFire_1_2021,5.0,0.0,0.0,,
https://prd-tnm.s3.amazonaws.com/index.html?prefix=StagedProducts/Elevation/metadata/CO_CentralEasternPlains_2020_D20/CO_CentralEasternPlains_1_2020,3.0,0.0,0.0,,
https://prd-tnm.s3.amazonaws.com/index.html?prefix=StagedProducts/Elevation/metadata/CO_CentralEasternPlains_2020_D20/CO_CentralEasternPlains_2_2020,8.0,0.0,0.0,,
https://prd-tnm.s3.amazonaws.com/index.html?prefix=StagedProducts/Elevation/metadata/CO_DRCOG_2020_B20/CO_DRCOG_1_2020,8.0,0.0,0.0,,
https://prd-tnm.s3.amazonaws.com/index.html?prefix=StagedProducts/Elevation/metadata/CO_DRCOG_2020_B20/CO_DRCOG_2_2020,7.0,0.0,0.0,,
https://prd-tnm.s3.amazonaws.com/index.html?prefix=StagedProducts/Elevation/metadata/CO_DRCOG_2020_B20/CO_DRCOG_3_2020,7.0,0.0,0.0,,
https://prd-tnm.s3.amazonaws.com/index.html?prefix=StagedProducts/Elevation/metadata/legacy/CO_DENVERDNC_2008,2.0,0.0,0.0,,
https://prd-tnm.s3.amazonaws.com/index.html?prefix=StagedProducts/Elevation/metadata/legacy/CO_DENVER_2008,0.0,0.0,0.0,,
https://prd-tnm.s3.amazonaws.com/index.html?prefix=StagedProducts/Elevation/metadata/CO_EasternColorado_2018_A18/CO_Eastern_B1_2018,8.0,0.0,0.0,,
https://prd-tnm.s3.amazonaws.com/index.html?prefix=StagedProducts/Elevation/metadata/CO_EasternColorado_2018_A18/CO_Eastern_B2_QL1_Central_2018,8.0,0.0,0.0,,
https://prd-tnm.s3.amazonaws.com/index.html?prefix=StagedProducts/Elevation/metadata/CO_EasternColorado_2018_A18/CO_Eastern_B2_QL2_Central_2018,8.0,0.0,0.0,,
https://prd-tnm.s3.amazonaws.com/index.html?prefix=StagedProducts/Elevation/metadata/CO_EasternColorado_2018_A18/CO_Eastern_B2_QL2_North_2018,8.0,0.0,0.0,,
https://prd-tnm.s3.amazonaws.com/index.html?prefix=StagedProducts/Elevation/metadata/CO_EasternColorado_2018_A18/CO_Eastern_B3_2018,6.0,0.0,0.0,,
https://prd-tnm.s3.amazonaws.com/index.html?prefix=StagedProducts/Elevation/metadata/CO_EasternColorado_2018_A18/CO_Eastern_B4_2018,6.0,0.0,0.0,,
https://prd-tnm.s3.amazonaws.com/index.html?prefix=StagedProducts/Elevation/metadata/CO_EasternColorado_2018_A18/CO_Eastern_B5_2018,8.0,0.0,0.0,,
https://prd-tnm.s3.amazonaws.com/index.html?prefix=StagedProducts/Elevation/metadata/CO_EasternColorado_2018_A18/CO_Eastern_B6_2018,8.0,0.0,0.0,,
https://prd-tnm.s3.amazonaws.com/index.html?prefix=StagedProducts/Elevation/metadata/CO_EasternColorado_2018_A18/CO_Eastern_ElPaso_2018,8.0,0.0,0.0,,
https://prd-tnm.s3.amazonaws.com/index.html?prefix=StagedProducts/Elevation/metadata/CO_EasternColorado_2018_A18/CO_Eastern_North_Priority_2018,8.0,0.0,0.0,,
https://prd-tnm.s3.amazonaws.com/index.html?prefix=StagedProducts/Elevation/metadata/CO_EasternColorado_2018_A18/CO_Eastern_South_Priority2_2018,8.0,0.0,0.0,,
https://prd-tnm.s3.amazonaws.com/index.html?prefix=StagedProducts/Elevation/metadata/CO_NESEColorado_2019_C20/CO_NESEColorado_1_2019,8.0,0.0,0.0,,
https://prd-tnm.s3.amazonaws.com/index.html?prefix=StagedProducts/Elevation/metadata/CO_NESEColorado_2019_C20/CO_NESEColorado_2_2019,8.0,0.0,0.0,,
https://prd-tnm.s3.amazonaws.com/index.html?prefix=StagedProducts/Elevation/metadata/CO_NESEColorado_2019_C20/CO_NESEColorado_3_2019,8.0,0.0,0.0,,
https://prd-tnm.s3.amazonaws.com/index.html?prefix=StagedProducts/Elevation/metadata/CO_NESEColorado_2019_C20/CO_NESEColorado_4_2019,8.0,0.0,0.0,,
https://prd-tnm.s3.amazonaws.com/index.html?prefix=StagedProducts/Elevation/metadata/CO_NorthwestCO_2020_D20/CO_NWCO_1_2020,5.0,0.0,0.0,,
https://prd-tnm.s3.amazonaws.com/index.html?prefix=StagedProducts/Elevation/metadata/CO_NorthwestCO_2020_D20/CO_NWCO_2_2020,8.0,0.0,0.0,,
https://prd-tnm.s3.amazonaws.com/index.html?prefix=StagedProducts/Elevation/metadata/CO_NorthwestCO_2020_D20/CO_NWCO_3_2020,6.0,0.0,0.0,,
https://prd-tnm.s3.amazonaws.com/index.html?prefix=StagedProducts/Elevation/metadata/legacy/CO_SAN-LUIS-VALLEY_2011,3.0,0.0,0.0,,
https://prd-tnm.s3.amazonaws.com/index.html?prefix=StagedProducts/Elevation/metadata/CO_SanLuisJuanMiguel_2020_D20/CO_SanLuisJuanMiguel_1_2020,8.0,0.0,0.0,,
https://prd-tnm.s3.amazonaws.com/index.html?prefix=StagedProducts/Elevation/metadata/CO_SanLuisJuanMiguel_2020_D20/CO_SanLuisJuanMiguel_2_2020,6.0,0.0,0.0,,
https://prd-tnm.s3.amazonaws.com/index.html?prefix=StagedProducts/Elevation/metadata/CO_SanLuisJuanMiguel_2020_D20/CO_SanLuisJuanMiguel_3_2020,6.0,0.0,0.0,,
https://prd-tnm.s3.amazonaws.com/index.html?prefix=StagedProducts/Elevation/metadata/CO_SanLuisJuanMiguel_2020_D20/CO_SanLuisJuanMiguel_4_2020,7.0,0.0,0.0,,
https://prd-tnm.s3.amazonaws.com/index.html?prefix=StagedProducts/Elevation/metadata/CO_SanLuisJuanMiguel_2020_D20/CO_SanLuisJuanMiguel_5_2020,5.0,0.0,0.0,,
https://prd-tnm.s3.amazonaws.com/index.html?prefix=StagedProducts/Elevation/metadata/CO_Southwest_NRCS_2018_D18/CO_Southwest_NRCS_B1_2018,8.0,0.0,0.0,,
https://prd-tnm.s3.amazonaws.com/index.html?prefix=StagedProducts/Elevation/metadata/CO_Southwest_NRCS_2018_D18/CO_Southwest_NRCS_B2_2018,8.0,0.0,0.0,,
https://prd-tnm.s3.amazonaws.com/index.html?prefix=StagedProducts/Elevation/metadata/CO_Southwest_NRCS_2018_D18/CO_Southwest_NRCS_B3_2018,8.0,0.0,0.0,,
https://prd-tnm.s3.amazonaws.com/index.html?prefix=StagedProducts/Elevation/metadata/CO_Southwest_NRCS_2018_D18/CO_Southwest_NRCS_TL_2018,6.0,0.0,0.0,,
https://prd-tnm.s3.amazonaws.com/index.html?prefix=StagedProducts/Elevation/metadata/CO_UpperColorado_Topobathy_2020_D20/CO_UpperColorado_Hydroflattened_2020,8.0,0.0,0.0,,
https://prd-tnm.s3.amazonaws.com/index.html?prefix=StagedProducts/Elevation/metadata/CO_UpperColorado_Topobathy_2020_D20/CO_UpperColorado_Topobathy_1_2020,8.0,0.0,0.0,,
https://prd-tnm.s3.amazonaws.com/index.html?prefix=StagedProducts/Elevation/metadata/CO_WestCentral_2019_A19/CO_WestCentral_2019,5.0,0.0,0.0,,
https://prd-tnm.s3.amazonaws.com/index.html?prefix=StagedProducts/Elevation/metadata/CT_Statewide_C16/CT_Statewide_B1_2016,8.0,0.0,0.0,,
https://prd-tnm.s3.amazonaws.com/index.html?prefix=StagedProducts/Elevation/metadata/CT_Statewide_C16/CT_Statewide_B2_2016,8.0,0.0,0.0,,
https://prd-tnm.s3.amazonaws.com/index.html?prefix=StagedProducts/Elevation/metadata/CT_Statewide_C16/CT_Statewide_B3_2016,8.0,0.0,0.0,,
https://prd-tnm.s3.amazonaws.com/index.html?prefix=StagedProducts/Elevation/metadata/CT_Statewide_C16/CT_Statewide_B4_2016,8.0,0.0,0.0,,
https://prd-tnm.s3.amazonaws.com/index.html?prefix=StagedProducts/Elevation/metadata/CT_Statewide_C16/CT_Statewide_B5_2016,8.0,0.0,0.0,,
https://prd-tnm.s3.amazonaws.com/index.html?prefix=StagedProducts/Elevation/metadata/CT_Statewide_C16/CT_Statewide_B6_2016,8.0,0.0,0.0,,
https://prd-tnm.s3.amazonaws.com/index.html?prefix=StagedProducts/Elevation/metadata/CT_Statewide_C16/CT_Statewide_B7_2016,8.0,0.0,0.0,,
https://prd-tnm.s3.amazonaws.com/index.html?prefix=StagedProducts/Elevation/metadata/DE_Statewide_B23/DE_Statewide_1_B23,8.0,0.0,0.0,,
https://prd-tnm.s3.amazonaws.com/index.html?prefix=StagedProducts/Elevation/metadata/FL_2017FortDrum_C22/FL_2017FortDrum_1_C22,6.0,0.0,0.0,,
https://prd-tnm.s3.amazonaws.com/index.html?prefix=StagedProducts/Elevation/metadata/FL_2017PalmCoast_C22/FL_2017PalmCoast_1_C22,6.0,0.0,0.0,,
https://prd-tnm.s3.amazonaws.com/index.html?prefix=StagedProducts/Elevation/metadata/legacy/FL_CHARLOTTECOUNTY_2007,0.0,0.0,0.0,,
https://prd-tnm.s3.amazonaws.com/index.html?prefix=StagedProducts/Elevation/metadata/legacy/FL_CLAYPUTNAM_2007,0.0,0.0,0.0,,
https://prd-tnm.s3.amazonaws.com/index.html?prefix=StagedProducts/Elevation/metadata/legacy/FL_DUVALCO_2007,0.0,0.0,0.0,,
https://prd-tnm.s3.amazonaws.com/index.html?prefix=StagedProducts/Elevation/metadata/legacy/FL_ELGIN_2006-2008,0.0,0.0,0.0,,
https://prd-tnm.s3.amazonaws.com/index.html?prefix=StagedProducts/Elevation/metadata/legacy/FL_ESCAMBIACO_2006,0.0,0.0,0.0,,
https://prd-tnm.s3.amazonaws.com/index.html?prefix=StagedProducts/Elevation/metadata/FL_Everglades_NP_LiDAR_2017_D16/FL_Everglades_N_2017,8.0,0.0,0.0,,
https://prd-tnm.s3.amazonaws.com/index.html?prefix=StagedProducts/Elevation/metadata/FL_Everglades_NP_LiDAR_2017_D16/FL_Everglades_N_Hydroflattened_2017,4.0,0.0,0.0,,
https://prd-tnm.s3.amazonaws.com/index.html?prefix=StagedProducts/Elevation/metadata/FL_Everglades_NP_LiDAR_2017_D16/FL_Everglades_S_2017,8.0,0.0,0.0,,
https://prd-tnm.s3.amazonaws.com/index.html?prefix=StagedProducts/Elevation/metadata/FL_Everglades_NP_LiDAR_2017_D16/FL_Everglades_S_Hydroflattened_2017,4.0,0.0,0.0,,
https://prd-tnm.s3.amazonaws.com/index.html?prefix=StagedProducts/Elevation/metadata/legacy/FL_FLAGLERCO_2004,0.0,0.0,0.0,,
https://prd-tnm.s3.amazonaws.com/index.html?prefix=StagedProducts/Elevation/metadata/legacy/FL_FRANKLINCO_2007,0.0,0.0,0.0,,
https://prd-tnm.s3.amazonaws.com/index.html?prefix=StagedProducts/Elevation/metadata/legacy/FL_GULF_2007,0.0,0.0,0.0,,
https://prd-tnm.s3.amazonaws.com/index.html?prefix=StagedProducts/Elevation/metadata/legacy/FL_HERBHOOVERDIKE_2007,0.0,0.0,0.0,,
https://prd-tnm.s3.amazonaws.com/index.html?prefix=StagedProducts/Elevation/metadata/legacy/FL_HILLSBOROUGHCO_LOT2_2011,0.0,0.0,0.0,,
https://prd-tnm.s3.amazonaws.com/index.html?prefix=StagedProducts/Elevation/metadata/legacy/FL_HILLSBOROUGHCO_2007,0.0,0.0,0.0,,
https://prd-tnm.s3.amazonaws.com/index.html?prefix=StagedProducts/Elevation/metadata/FL_HurricaneMichael_2020_D20/FL_HurricaneMichael_1_2020,5.0,0.0,0.0,,
https://prd-tnm.s3.amazonaws.com/index.html?prefix=StagedProducts/Elevation/metadata/FL_HurricaneMichael_2020_D20/FL_HurricaneMichael_2_2020,8.0,0.0,0.0,,
https://prd-tnm.s3.amazonaws.com/index.html?prefix=StagedProducts/Elevation/metadata/FL_HurricaneMichael_2020_D20/FL_HurricaneMichael_3_2020,6.0,0.0,0.0,,
https://prd-tnm.s3.amazonaws.com/index.html?prefix=StagedProducts/Elevation/metadata/FL_HurricaneMichael_2020_D20/FL_HurricaneMichael_4_2020,6.0,0.0,0.0,,
https://prd-tnm.s3.amazonaws.com/index.html?prefix=StagedProducts/Elevation/metadata/FL_HurricaneMichael_2020_D20/FL_HurricaneMichael_5_2020,4.0,0.0,0.0,,
https://prd-tnm.s3.amazonaws.com/index.html?prefix=StagedProducts/Elevation/metadata/FL_HurricaneMichael_2020_D20/FL_HurricaneMichael_6_2020,5.0,0.0,0.0,,
https://prd-tnm.s3.amazonaws.com/index.html?prefix=StagedProducts/Elevation/metadata/FL_HurricaneMichael_2020_D20/FL_HurricaneMichael_7_2020,6.0,0.0,0.0,,
https://prd-tnm.s3.amazonaws.com/index.html?prefix=StagedProducts/Elevation/metadata/legacy/FL_INDIANRIVER_2007,0.0,0.0,0.0,,
https://prd-tnm.s3.amazonaws.com/index.html?prefix=StagedProducts/Elevation/metadata/legacy/FL_JEFFERSONCO-NORTH_2007,0.0,0.0,0.0,,
https://prd-tnm.s3.amazonaws.com/index.html?prefix=StagedProducts/Elevation/metadata/legacy/FL_LEECOUNTY_2007,0.0,0.0,0.0,,
https://prd-tnm.s3.amazonaws.com/index.html?prefix=StagedProducts/Elevation/metadata/legacy/FL_LEONCO_2009,0.0,0.0,0.0,,
https://prd-tnm.s3.amazonaws.com/index.html?prefix=StagedProducts/Elevation/metadata/FL_Lower_Choctawhatchee_NWFWMD_Lidar_2017_B17/FL_Lower_Choctawhatchee_2017,8.0,0.0,0.0,,
https://prd-tnm.s3.amazonaws.com/index.html?prefix=StagedProducts/Elevation/metadata/legacy/FL_MANATEECO_2007,0.0,0.0,0.0,,
https://prd-tnm.s3.amazonaws.com/index.html?prefix=StagedProducts/Elevation/LPC/Projects/FL_NWFWMD_5-Counties_2007/metadata/,0.0,0.0,0.0,,
https://prd-tnm.s3.amazonaws.com/index.html?prefix=StagedProducts/Elevation/metadata/legacy/FL_NASSAUCO_2007,0.0,0.0,0.0,,
https://prd-tnm.s3.amazonaws.com/index.html?prefix=StagedProducts/Elevation/metadata/legacy/FL_OKALOOSACO_2007,0.0,0.0,0.0,,
https://prd-tnm.s3.amazonaws.com/index.html?prefix=StagedProducts/Elevation/metadata/legacy/FL_OKALOOSACO_2008,0.0,0.0,0.0,,
https://prd-tnm.s3.amazonaws.com/index.html?prefix=StagedProducts/Elevation/metadata/FL_Panhandle_2018_B18/FL_Panhandle_TL_2018,7.0,0.0,0.0,,
https://prd-tnm.s3.amazonaws.com/index.html?prefix=StagedProducts/Elevation/metadata/legacy/FL_PASCOCO_2007,0.0,0.0,0.0,,
https://prd-tnm.s3.amazonaws.com/index.html?prefix=StagedProducts/Elevation/metadata/legacy/FL_PASCOCO_2011,0.0,0.0,0.0,,
https://prd-tnm.s3.amazonaws.com/index.html?prefix=StagedProducts/Elevation/metadata/FL_Peninsular_2018_D18/FL_Peninsular_Citrus_2018,8.0,0.0,0.0,,
https://prd-tnm.s3.amazonaws.com/index.html?prefix=StagedProducts/Elevation/metadata/FL_Peninsular_FDEM_2018_D19_DRRA/FL_Peninsular_FDEM_Alachua_2018,8.0,0.0,0.0,,
https://prd-tnm.s3.amazonaws.com/index.html?prefix=StagedProducts/Elevation/metadata/FL_Peninsular_FDEM_2018_D19_DRRA/FL_Peninsular_FDEM_Baker_2018,8.0,0.0,0.0,,
https://prd-tnm.s3.amazonaws.com/index.html?prefix=StagedProducts/Elevation/metadata/FL_Peninsular_FDEM_2018_D19_DRRA/FL_Peninsular_FDEM_Bradford_2018,8.0,0.0,0.0,,
https://prd-tnm.s3.amazonaws.com/index.html?prefix=StagedProducts/Elevation/metadata/FL_Peninsular_FDEM_2018_D19_DRRA/FL_Peninsular_FDEM_Brevard_2018,8.0,0.0,0.0,,
https://prd-tnm.s3.amazonaws.com/index.html?prefix=StagedProducts/Elevation/metadata/FL_Peninsular_FDEM_2018_D19_DRRA/FL_Peninsular_FDEM_Charlotte_2018,8.0,0.0,0.0,,
https://prd-tnm.s3.amazonaws.com/index.html?prefix=StagedProducts/Elevation/metadata/FL_Peninsular_FDEM_2018_D19_DRRA/FL_Peninsular_FDEM_Clay_2018,8.0,0.0,0.0,,
https://prd-tnm.s3.amazonaws.com/index.html?prefix=StagedProducts/Elevation/metadata/FL_Peninsular_FDEM_2018_D19_DRRA/FL_Peninsular_FDEM_Columbia_2018,8.0,0.0,0.0,,
https://prd-tnm.s3.amazonaws.com/index.html?prefix=StagedProducts/Elevation/metadata/FL_Peninsular_FDEM_2018_D19_DRRA/FL_Peninsular_FDEM_Desoto_2018,5.0,0.0,0.0,,
https://prd-tnm.s3.amazonaws.com/index.html?prefix=StagedProducts/Elevation/metadata/FL_Peninsular_FDEM_2018_D19_DRRA/FL_Peninsular_FDEM_Dixie_2018,8.0,0.0,0.0,,
https://prd-tnm.s3.amazonaws.com/index.html?prefix=StagedProducts/Elevation/metadata/FL_Peninsular_FDEM_2018_D19_DRRA/FL_Peninsular_FDEM_Duval_2018,8.0,0.0,0.0,,
https://prd-tnm.s3.amazonaws.com/index.html?prefix=StagedProducts/Elevation/metadata/FL_Peninsular_FDEM_2018_D19_DRRA/FL_Peninsular_FDEM_Gilchrist_2018,8.0,0.0,0.0,,
https://prd-tnm.s3.amazonaws.com/index.html?prefix=StagedProducts/Elevation/metadata/FL_Peninsular_FDEM_2018_D19_DRRA/FL_Peninsular_FDEM_Glades_2018,8.0,0.0,0.0,,
https://prd-tnm.s3.amazonaws.com/index.html?prefix=StagedProducts/Elevation/metadata/FL_Peninsular_FDEM_2018_D19_DRRA/FL_Peninsular_FDEM_Hamilton_2018,8.0,0.0,0.0,,
https://prd-tnm.s3.amazonaws.com/index.html?prefix=StagedProducts/Elevation/metadata/FL_Peninsular_FDEM_2018_D19_DRRA/FL_Peninsular_FDEM_Hardee_2018,8.0,0.0,0.0,,
https://prd-tnm.s3.amazonaws.com/index.html?prefix=StagedProducts/Elevation/metadata/FL_Peninsular_FDEM_2018_D19_DRRA/FL_Peninsular_FDEM_Hendry_2018,6.0,0.0,0.0,,
https://prd-tnm.s3.amazonaws.com/index.html?prefix=StagedProducts/Elevation/metadata/FL_Peninsular_FDEM_2018_D19_DRRA/FL_Peninsular_FDEM_Highlands_2018,8.0,0.0,0.0,,
https://prd-tnm.s3.amazonaws.com/index.html?prefix=StagedProducts/Elevation/metadata/FL_Peninsular_FDEM_2018_D19_DRRA/FL_Peninsular_FDEM_IndianRiver_2018,8.0,0.0,0.0,,
https://prd-tnm.s3.amazonaws.com/index.html?prefix=StagedProducts/Elevation/metadata/FL_Peninsular_FDEM_2018_D19_DRRA/FL_Peninsular_FDEM_KeyBiscayne_2020,8.0,0.0,0.0,,
https://prd-tnm.s3.amazonaws.com/index.html?prefix=StagedProducts/Elevation/metadata/FL_Peninsular_FDEM_2018_D19_DRRA/FL_Peninsular_FDEM_Lafayette_2018,8.0,0.0,0.0,,
https://prd-tnm.s3.amazonaws.com/index.html?prefix=StagedProducts/Elevation/metadata/FL_Peninsular_FDEM_2018_D19_DRRA/FL_Peninsular_FDEM_Madison_2018,7.0,0.0,0.0,,
https://prd-tnm.s3.amazonaws.com/index.html?prefix=StagedProducts/Elevation/metadata/FL_Peninsular_FDEM_2018_D19_DRRA/FL_Peninsular_FDEM_Manatee_2018,7.0,0.0,0.0,,
https://prd-tnm.s3.amazonaws.com/index.html?prefix=StagedProducts/Elevation/metadata/FL_Peninsular_FDEM_2018_D19_DRRA/FL_Peninsular_FDEM_Martin_2018,8.0,0.0,0.0,,
https://prd-tnm.s3.amazonaws.com/index.html?prefix=StagedProducts/Elevation/metadata/FL_Peninsular_FDEM_2018_D19_DRRA/FL_Peninsular_FDEM_Nassau_2018,8.0,0.0,0.0,,
https://prd-tnm.s3.amazonaws.com/index.html?prefix=StagedProducts/Elevation/metadata/FL_Peninsular_FDEM_2018_D19_DRRA/FL_Peninsular_FDEM_Okeechobee_2018,8.0,0.0,0.0,,
https://prd-tnm.s3.amazonaws.com/index.html?prefix=StagedProducts/Elevation/metadata/FL_Peninsular_FDEM_2018_D19_DRRA/FL_Peninsular_FDEM_Orange_2018,7.0,0.0,0.0,,
https://prd-tnm.s3.amazonaws.com/index.html?prefix=StagedProducts/Elevation/metadata/FL_Peninsular_FDEM_2018_D19_DRRA/FL_Peninsular_FDEM_Osceola_2018,8.0,0.0,0.0,,
https://prd-tnm.s3.amazonaws.com/index.html?prefix=StagedProducts/Elevation/metadata/FL_Peninsular_FDEM_2018_D19_DRRA/FL_Peninsular_FDEM_PalmBeach_2019,7.0,0.0,0.0,,
https://prd-tnm.s3.amazonaws.com/index.html?prefix=StagedProducts/Elevation/metadata/FL_Peninsular_FDEM_2018_D19_DRRA/FL_Peninsular_FDEM_Polk_2018,8.0,0.0,0.0,,
https://prd-tnm.s3.amazonaws.com/index.html?prefix=StagedProducts/Elevation/metadata/FL_Peninsular_FDEM_2018_D19_DRRA/FL_Peninsular_FDEM_Sarasota_2018,8.0,0.0,0.0,,
https://prd-tnm.s3.amazonaws.com/index.html?prefix=StagedProducts/Elevation/metadata/FL_Peninsular_FDEM_2018_D19_DRRA/FL_Peninsular_FDEM_StJohns_2018,7.0,0.0,0.0,,
https://prd-tnm.s3.amazonaws.com/index.html?prefix=StagedProducts/Elevation/metadata/FL_Peninsular_FDEM_2018_D19_DRRA/FL_Peninsular_FDEM_StLucie_2018,8.0,0.0,0.0,,
https://prd-tnm.s3.amazonaws.com/index.html?prefix=StagedProducts/Elevation/metadata/FL_Peninsular_FDEM_2018_D19_DRRA/FL_Peninsular_FDEM_Suwannee_2018,8.0,0.0,0.0,,
https://prd-tnm.s3.amazonaws.com/index.html?prefix=StagedProducts/Elevation/metadata/FL_Peninsular_FDEM_2018_D19_DRRA/FL_Peninsular_FDEM_Taylor_2018,7.0,0.0,0.0,,
https://prd-tnm.s3.amazonaws.com/index.html?prefix=StagedProducts/Elevation/metadata/FL_Peninsular_FDEM_2018_D19_DRRA/FL_Peninsular_FDEM_Union_2018,8.0,0.0,0.0,,
https://prd-tnm.s3.amazonaws.com/index.html?prefix=StagedProducts/Elevation/metadata/FL_Peninsular_2018_D18/FL_Peninsular_Flagler_2019,8.0,0.0,0.0,,
https://prd-tnm.s3.amazonaws.com/index.html?prefix=StagedProducts/Elevation/metadata/FL_Peninsular_2018_D18/FL_Peninsular_Hernando_2019,8.0,0.0,0.0,,
https://prd-tnm.s3.amazonaws.com/index.html?prefix=StagedProducts/Elevation/metadata/FL_Peninsular_2018_D18/FL_Peninsular_Lake_2018,8.0,0.0,0.0,,
https://prd-tnm.s3.amazonaws.com/index.html?prefix=StagedProducts/Elevation/metadata/FL_Peninsular_2018_D18/FL_Peninsular_Levy_2018,8.0,0.0,0.0,,
https://prd-tnm.s3.amazonaws.com/index.html?prefix=StagedProducts/Elevation/metadata/FL_Peninsular_2018_D18/FL_Peninsular_Marion_2018,8.0,0.0,0.0,,
https://prd-tnm.s3.amazonaws.com/index.html?prefix=StagedProducts/Elevation/metadata/FL_Peninsular_2018_D18/FL_Peninsular_Pinellas_2018,8.0,0.0,0.0,,
https://prd-tnm.s3.amazonaws.com/index.html?prefix=StagedProducts/Elevation/metadata/FL_Peninsular_2018_D18/FL_Peninsular_Putnam_2018,8.0,0.0,0.0,,
https://prd-tnm.s3.amazonaws.com/index.html?prefix=StagedProducts/Elevation/metadata/FL_Peninsular_2018_D18/FL_Peninsular_Seminole_2018,8.0,0.0,0.0,,
https://prd-tnm.s3.amazonaws.com/index.html?prefix=StagedProducts/Elevation/metadata/FL_Peninsular_2018_D18/FL_Peninsular_Sumter_2018,6.0,0.0,0.0,,
https://prd-tnm.s3.amazonaws.com/index.html?prefix=StagedProducts/Elevation/metadata/FL_Peninsular_2018_D18/FL_Peninsular_Volusia_2018,8.0,0.0,0.0,,
https://prd-tnm.s3.amazonaws.com/index.html?prefix=StagedProducts/Elevation/metadata/legacy/FL_PINELLASCO_2007,0.0,0.0,0.0,,
https://prd-tnm.s3.amazonaws.com/index.html?prefix=StagedProducts/Elevation/metadata/legacy/FL_SARASOTA_2007,0.0,0.0,0.0,,
https://prd-tnm.s3.amazonaws.com/index.html?prefix=StagedProducts/Elevation/metadata/legacy/FL_STJOHNSCO_2008,0.0,0.0,0.0,,
https://prd-tnm.s3.amazonaws.com/index.html?prefix=StagedProducts/Elevation/metadata/legacy/FL_STJOHNSRIVER_WMD_2012,0.0,0.0,0.0,,
https://prd-tnm.s3.amazonaws.com/index.html?prefix=StagedProducts/Elevation/metadata/FL_Suwannee_River_13/FL_SUWANNEERIVER_AREA1_2013,0.0,0.0,0.0,,
https://prd-tnm.s3.amazonaws.com/index.html?prefix=StagedProducts/Elevation/metadata/FL_Suwannee_River_13/FL_SUWANNEERIVER_AREA2_2013,0.0,0.0,0.0,,
https://prd-tnm.s3.amazonaws.com/index.html?prefix=StagedProducts/Elevation/metadata/FL_Suwannee_River_13/FL_SUWANNEERIVER_AREA3_2013,0.0,0.0,0.0,,
https://prd-tnm.s3.amazonaws.com/index.html?prefix=StagedProducts/Elevation/metadata/FL_Suwannee_River_13/FL_SUWANNEERIVER_AREA4_2013,0.0,0.0,0.0,,
https://prd-tnm.s3.amazonaws.com/index.html?prefix=StagedProducts/Elevation/metadata/FY12_Suwannee_River_FL_10_Meter_LiDAR/FL_SUWANNEERIVER_FY12_AREA4_5_2013,0.0,0.0,0.0,,
https://prd-tnm.s3.amazonaws.com/index.html?prefix=StagedProducts/Elevation/metadata/legacy/FL_SUWANNEERIVER_2012,0.0,0.0,0.0,,
"https://prd-tnm.s3.amazonaws.com/index.html?prefix=StagedProducts/Elevation/metadata/FY12_Suwannee_River,_FL_1.0_Meter_LiDAR/FL_SUWANNEERIVER_2013",0.0,0.0,0.0,,
https://prd-tnm.s3.amazonaws.com/index.html?prefix=StagedProducts/Elevation/metadata/legacy/FL_SUWANNEERIVER_NORTH_2011,0.0,0.0,0.0,,
https://prd-tnm.s3.amazonaws.com/index.html?prefix=StagedProducts/Elevation/metadata/legacy/FL_SUWANNEERIVER_WEST_2011,0.0,0.0,0.0,,
https://prd-tnm.s3.amazonaws.com/index.html?prefix=StagedProducts/Elevation/metadata/FL_TopobathyFLKeysNOAA_2019_D20/FL_TopobathyFLKeysNOAA_Hydroflattened_2019,5.0,0.0,0.0,,
https://prd-tnm.s3.amazonaws.com/index.html?prefix=StagedProducts/Elevation/metadata/legacy/FL_WALTONAFB_2006-2008,0.0,0.0,0.0,,
https://prd-tnm.s3.amazonaws.com/index.html?prefix=StagedProducts/Elevation/metadata/legacy/FL_WALTONCO_2006,0.0,0.0,0.0,,
https://prd-tnm.s3.amazonaws.com/index.html?prefix=StagedProducts/Elevation/metadata/FL_WestEvergladesNP_2018_B18/FL_WestEvergladesNP_topobathymetric_2018,8.0,0.0,0.0,,
https://prd-tnm.s3.amazonaws.com/index.html?prefix=StagedProducts/Elevation/metadata/legacy/GA_BIBB_JASPER_JONES_MONROE_2010,3.0,2.0,0.0,off,Coastal_GA_Classified_LAS_Metadata_EA133C05CQ1052.xml: ...oastal territory in southeast / coastal Georgia. This area was flown during snow free and leaf-off conditions within two hours of low tide. Classified LAS fil...
https://prd-tnm.s3.amazonaws.com/index.html?prefix=StagedProducts/Elevation/metadata/legacy/GA_BRYAN_COUNTY_2010,4.0,2.0,0.0,off,Coastal_GA_Classified_LAS_Metadata_EA133C05CQ1052.xml: ...oastal territory in southeast / coastal Georgia. This area was flown during snow free and leaf-off conditions within two hours of low tide. Classified LAS fil...
https://prd-tnm.s3.amazonaws.com/index.html?prefix=StagedProducts/Elevation/metadata/legacy/GA_CAMDEN_COUNTY_2010,4.0,2.0,0.0,off,Coastal_GA_Classified_LAS_Metadata_EA133C05CQ1052.xml: ...oastal territory in southeast / coastal Georgia. This area was flown during snow free and leaf-off conditions within two hours of low tide. Classified LAS fil...
https://prd-tnm.s3.amazonaws.com/index.html?prefix=StagedProducts/Elevation/metadata/legacy/GA_CHARLTON_BRANTLEY_CAMDEN_2010,4.0,2.0,0.0,off,Coastal_GA_Classified_LAS_Metadata_EA133C05CQ1052.xml: ...oastal territory in southeast / coastal Georgia. This area was flown during snow free and leaf-off conditions within two hours of low tide. Classified LAS fil...
https://prd-tnm.s3.amazonaws.com/index.html?prefix=StagedProducts/Elevation/metadata/legacy/GA_EFFINGHAM_SCREVEN_BULLOCH_2010,4.0,2.0,0.0,off,Coastal_GA_Classified_LAS_Metadata_EA133C05CQ1052.xml: ...oastal territory in southeast / coastal Georgia. This area was flown during snow free and leaf-off conditions within two hours of low tide. Classified LAS fil...
https://prd-tnm.s3.amazonaws.com/index.html?prefix=StagedProducts/Elevation/metadata/legacy/GA_HARRIS_COUNTY_2010,4.0,2.0,0.0,off,Coastal_GA_Classified_LAS_Metadata_EA133C05CQ1052.xml: ...oastal territory in southeast / coastal Georgia. This area was flown during snow free and leaf-off conditions within two hours of low tide. Classified LAS fil...
https://prd-tnm.s3.amazonaws.com/index.html?prefix=StagedProducts/Elevation/metadata/legacy/GA_HEARD_COUNTY_2010,4.0,2.0,0.0,off,Coastal_GA_Classified_LAS_Metadata_EA133C05CQ1052.xml: ...oastal territory in southeast / coastal Georgia. This area was flown during snow free and leaf-off conditions within two hours of low tide. Classified LAS fil...
https://prd-tnm.s3.amazonaws.com/index.html?prefix=StagedProducts/Elevation/metadata/legacy/GA_MCINTOSH_COUNTY_2010,4.0,2.0,0.0,off,Coastal_GA_Classified_LAS_Metadata_EA133C05CQ1052.xml: ...oastal territory in southeast / coastal Georgia. This area was flown during snow free and leaf-off conditions within two hours of low tide. Classified LAS fil...
https://prd-tnm.s3.amazonaws.com/index.html?prefix=StagedProducts/Elevation/metadata/legacy/GA_POTATOCREEK_2009,1.0,0.0,0.0,,
https://prd-tnm.s3.amazonaws.com/index.html?prefix=StagedProducts/Elevation/metadata/GA_SW_Georgia_22_County_Lidar_2017_B17/GA_SW_Georgia_B1a_2017,7.0,0.0,0.0,,
https://prd-tnm.s3.amazonaws.com/index.html?prefix=StagedProducts/Elevation/metadata/GA_SW_Georgia_22_County_Lidar_2017_B17/GA_SW_Georgia_B1b_2017,8.0,0.0,0.0,,
https://prd-tnm.s3.amazonaws.com/index.html?prefix=StagedProducts/Elevation/metadata/GA_SW_Georgia_22_County_Lidar_2017_B17/GA_SW_Georgia_B2_2017,7.0,0.0,0.0,,
https://prd-tnm.s3.amazonaws.com/index.html?prefix=StagedProducts/Elevation/metadata/GA_SW_Georgia_22_County_Lidar_2017_B17/GA_SW_Georgia_B4_2017,5.0,0.0,0.0,,
https://prd-tnm.s3.amazonaws.com/index.html?prefix=StagedProducts/Elevation/metadata/GA_SW_Georgia_22_County_Lidar_2017_B17/GA_SW_Georgia_B5_2017,5.0,0.0,0.0,,
https://prd-tnm.s3.amazonaws.com/index.html?prefix=StagedProducts/Elevation/metadata/GA_Statewide_2018_B18_DRRA/GA_Statewide_10_2018,7.0,0.0,0.0,,
https://prd-tnm.s3.amazonaws.com/index.html?prefix=StagedProducts/Elevation/metadata/GA_Statewide_2018_B18_DRRA/GA_Statewide_11_2018,6.0,0.0,0.0,,
https://prd-tnm.s3.amazonaws.com/index.html?prefix=StagedProducts/Elevation/metadata/GA_Statewide_2018_B18_DRRA/GA_Statewide_12_2018,6.0,0.0,0.0,,
https://prd-tnm.s3.amazonaws.com/index.html?prefix=StagedProducts/Elevation/metadata/GA_Statewide_2018_B18_DRRA/GA_Statewide_9_2018,5.0,0.0,0.0,,
https://prd-tnm.s3.amazonaws.com/index.html?prefix=StagedProducts/Elevation/metadata/GA_Statewide_2018_B18_DRRA/GA_Statewide_B1_2018,6.0,0.0,0.0,,
https://prd-tnm.s3.amazonaws.com/index.html?prefix=StagedProducts/Elevation/metadata/GA_Statewide_2018_B18_DRRA/GA_Statewide_B2_2018,8.0,0.0,0.0,,
https://prd-tnm.s3.amazonaws.com/index.html?prefix=StagedProducts/Elevation/metadata/GA_Statewide_2018_B18_DRRA/GA_Statewide_B3_2018,5.0,0.0,0.0,,
https://prd-tnm.s3.amazonaws.com/index.html?prefix=StagedProducts/Elevation/metadata/GA_Statewide_2018_B18_DRRA/GA_Statewide_B4_2018,5.0,0.0,0.0,,
https://prd-tnm.s3.amazonaws.com/index.html?prefix=StagedProducts/Elevation/metadata/GA_Statewide_2018_B18_DRRA/GA_Statewide_B5_2018,5.0,0.0,0.0,,
https://prd-tnm.s3.amazonaws.com/index.html?prefix=StagedProducts/Elevation/metadata/GA_Statewide_2018_B18_DRRA/GA_Statewide_B6_2018,6.0,0.0,0.0,,
https://prd-tnm.s3.amazonaws.com/index.html?prefix=StagedProducts/Elevation/metadata/GA_Statewide_2018_B18_DRRA/GA_Statewide_B7_2018,5.0,0.0,0.0,,
https://prd-tnm.s3.amazonaws.com/index.html?prefix=StagedProducts/Elevation/metadata/GA_Statewide_2018_B18_DRRA/GA_Statewide_B8_2018,6.0,0.0,0.0,,
https://prd-tnm.s3.amazonaws.com/index.html?prefix=StagedProducts/Elevation/metadata/legacy/GA_WALTON_COUNTY_2010,4.0,2.0,0.0,off,Coastal_GA_Classified_LAS_Metadata_EA133C05CQ1052.xml: ...oastal territory in southeast / coastal Georgia. This area was flown during snow free and leaf-off conditions within two hours of low tide. Classified LAS fil...
https://prd-tnm.s3.amazonaws.com/index.html?prefix=StagedProducts/Elevation/metadata/legacy/GA_WAYNECO_2010,3.0,0.0,0.0,,
https://prd-tnm.s3.amazonaws.com/index.html?prefix=StagedProducts/Elevation/metadata/legacy/GA_WAYNE_LONG_MCINTOSH_2010,4.0,2.0,0.0,off,Coastal_GA_Classified_LAS_Metadata_EA133C05CQ1052.xml: ...oastal territory in southeast / coastal Georgia. This area was flown during snow free and leaf-off conditions within two hours of low tide. Classified LAS fil...
https://prd-tnm.s3.amazonaws.com/index.html?prefix=StagedProducts/Elevation/metadata/legacy/GUAM_2012,3.0,0.0,0.0,,
https://prd-tnm.s3.amazonaws.com/index.html?prefix=StagedProducts/Elevation/metadata/HI_Hawaii_Island_Lidar_NOAA_2017_B17/HI_Hawaii_Island_2017,4.0,0.0,0.0,,
https://prd-tnm.s3.amazonaws.com/index.html?prefix=StagedProducts/Elevation/metadata/HI_NOAAMauiOahu_2020_B20/HI_NOAAMauiOahu_1_B20,8.0,0.0,0.0,,
https://prd-tnm.s3.amazonaws.com/index.html?prefix=StagedProducts/Elevation/metadata/HI_NOAAMauiOahu_2020_B20/HI_NOAAMauiOahu_2_B20,8.0,0.0,0.0,,
https://prd-tnm.s3.amazonaws.com/index.html?prefix=StagedProducts/Elevation/metadata/HI_NOAAMauiOahu_2020_B20/HI_NOAAMauiOahu_3_B20,8.0,0.0,0.0,,
https://prd-tnm.s3.amazonaws.com/index.html?prefix=StagedProducts/Elevation/metadata/HI_Volcano_2019_D19/HI_Volcano_B1_2019,7.0,0.0,0.0,,
https://prd-tnm.s3.amazonaws.com/index.html?prefix=StagedProducts/Elevation/metadata/IA_EasternIA_2019_B19/IA_Eastern_1_2019,5.0,0.0,2.0,on,DEM_Block_1.xml: ...d due to snow on ground followed by Mississippi River flooding in May 2019 and increasing leaf-on conditions. Dewberry was permitted to restart acquisition i...
https://prd-tnm.s3.amazonaws.com/index.html?prefix=StagedProducts/Elevation/metadata/IA_EasternIA_2019_B19/IA_Eastern_2_2019,5.0,0.0,2.0,on,300007_DEM.xml: ...d due to snow on ground followed by Mississippi River flooding in May 2019 and increasing leaf-on conditions. Dewberry was permitted to restart acquisition i...
https://prd-tnm.s3.amazonaws.com/index.html?prefix=StagedProducts/Elevation/metadata/IA_EasternIA_2019_B19/IA_Eastern_3_2019,5.0,0.0,3.0,on,300009_DEM.xml: ...d due to snow on ground followed by Mississippi River flooding in May 2019 and increasing leaf-on conditions. Dewberry was permitted to restart acquisition i...
https://prd-tnm.s3.amazonaws.com/index.html?prefix=StagedProducts/Elevation/metadata/IA_NorthCentral_2020_D20/IA_NorthCentral_1_2020,1.0,0.0,0.0,,
https://prd-tnm.s3.amazonaws.com/index.html?prefix=StagedProducts/Elevation/metadata/IA_NorthCentral_2020_D20/IA_NorthCentral_2_2020,6.0,0.0,0.0,,
https://prd-tnm.s3.amazonaws.com/index.html?prefix=StagedProducts/Elevation/metadata/IA_NorthCentral_2020_D20/IA_NorthCentral_3_2020,8.0,0.0,0.0,,
https://prd-tnm.s3.amazonaws.com/index.html?prefix=StagedProducts/Elevation/metadata/IA_SouthCentral_2020_D20/IA_SouthCentral_1_2020,8.0,1.0,0.0,off,IA_SouthCentral_2020_D20_D1_Classified_LAS.xml: ...s of the AOIs. Ground Conditions: water at normal levels; no unusual inundation; no snow; leaf off. How the Withheld Points are Identified: Withheld (ignore) ...
https://prd-tnm.s3.amazonaws.com/index.html?prefix=StagedProducts/Elevation/metadata/IA_SouthCentral_2020_D20/IA_SouthCentral_2_2020,8.0,1.0,0.0,off,IA_SouthCentral_2020_D20_Classified_LAS.xml: ...s of the AOIs. Ground Conditions: water at normal levels; no unusual inundation; no snow; leaf off. How the Withheld Points are Identified: Withheld (ignore) ...
https://prd-tnm.s3.amazonaws.com/index.html?prefix=StagedProducts/Elevation/metadata/IA_SouthCentral_2020_D20/IA_SouthCentral_3_2020,8.0,1.0,0.0,off,IA_SouthCentral_2020_D20_Classified_LAS.xml: ...s of the AOIs. Ground Conditions: water at normal levels; no unusual inundation; no snow; leaf off. How the Withheld Points are Identified: Withheld (ignore) ...
https://prd-tnm.s3.amazonaws.com/index.html?prefix=StagedProducts/Elevation/metadata/IA_WesternIA_2020_D21/IA_Western_1_2020,5.0,0.0,0.0,,
https://prd-tnm.s3.amazonaws.com/index.html?prefix=StagedProducts/Elevation/metadata/IA_WesternIA_2020_D21/IA_Western_2_2020,8.0,0.0,0.0,,
https://prd-tnm.s3.amazonaws.com/index.html?prefix=StagedProducts/Elevation/metadata/IA_WesternIA_2020_D21/IA_Western_3_2020,5.0,0.0,0.0,,
https://prd-tnm.s3.amazonaws.com/index.html?prefix=StagedProducts/Elevation/metadata/ID_AdamsCounty_2019_B19/ID_AdamsCo_1_2019,5.0,0.0,0.0,,
https://prd-tnm.s3.amazonaws.com/index.html?prefix=StagedProducts/Elevation/metadata/ID_AdamsCounty_2019_B19/ID_AdamsCo_2_2019,5.0,0.0,0.0,,
https://prd-tnm.s3.amazonaws.com/index.html?prefix=StagedProducts/Elevation/metadata/legacy/ID_CITYOFROCKS_2011,2.0,0.0,0.0,,
https://prd-tnm.s3.amazonaws.com/index.html?prefix=StagedProducts/Elevation/metadata/legacy/ID_COEURDALENE_2009,2.0,0.0,0.0,,
https://prd-tnm.s3.amazonaws.com/index.html?prefix=StagedProducts/Elevation/metadata/legacy/ID_DRYCREEK_2007,2.0,0.0,0.0,,
https://prd-tnm.s3.amazonaws.com/index.html?prefix=StagedProducts/Elevation/metadata/ID_NorthCentral_D22/ID_NCentral_2_D22,6.0,0.0,0.0,,
https://prd-tnm.s3.amazonaws.com/index.html?prefix=StagedProducts/Elevation/metadata/ID_NorthForkPayette_2020_B20/ID_NorthForkPayette_1_2020,5.0,0.0,0.0,,
https://prd-tnm.s3.amazonaws.com/index.html?prefix=StagedProducts/Elevation/metadata/ID_NorthernID_2019_D19/ID_NorthernID_1_2019,6.0,0.0,0.0,,
https://prd-tnm.s3.amazonaws.com/index.html?prefix=StagedProducts/Elevation/metadata/ID_NorthernID_2019_D19/ID_NorthernID_2_2019,5.0,0.0,0.0,,
https://prd-tnm.s3.amazonaws.com/index.html?prefix=StagedProducts/Elevation/metadata/ID_SouthernID_2018_D19/ID_SouthernID_10_2018,7.0,0.0,0.0,,
https://prd-tnm.s3.amazonaws.com/index.html?prefix=StagedProducts/Elevation/metadata/ID_SouthernID_2018_D19/ID_SouthernID_12_2018,6.0,0.0,0.0,,
https://prd-tnm.s3.amazonaws.com/index.html?prefix=StagedProducts/Elevation/metadata/ID_SouthernID_2018_D19/ID_SouthernID_13_2018,8.0,0.0,0.0,,
https://prd-tnm.s3.amazonaws.com/index.html?prefix=StagedProducts/Elevation/metadata/ID_SouthernID_2018_D19/ID_SouthernID_14_2018,5.0,0.0,0.0,,
https://prd-tnm.s3.amazonaws.com/index.html?prefix=StagedProducts/Elevation/metadata/ID_SouthernID_2018_D19/ID_SouthernID_15_2018,7.0,0.0,0.0,,
https://prd-tnm.s3.amazonaws.com/index.html?prefix=StagedProducts/Elevation/metadata/ID_SouthernID_2018_D19/ID_SouthernID_16_SA2_2018,8.0,0.0,0.0,,
https://prd-tnm.s3.amazonaws.com/index.html?prefix=StagedProducts/Elevation/metadata/ID_SouthernID_2018_D19/ID_SouthernID_17_2018,8.0,0.0,0.0,,
https://prd-tnm.s3.amazonaws.com/index.html?prefix=StagedProducts/Elevation/metadata/ID_SouthernID_2018_D19/ID_SouthernID_18_2018,7.0,0.0,0.0,,
https://prd-tnm.s3.amazonaws.com/index.html?prefix=StagedProducts/Elevation/metadata/ID_SouthernID_2018_D19/ID_SouthernID_19_2018,7.0,0.0,0.0,,
https://prd-tnm.s3.amazonaws.com/index.html?prefix=StagedProducts/Elevation/metadata/ID_SouthernID_2018_D19/ID_SouthernID_1_2018,7.0,0.0,0.0,,
https://prd-tnm.s3.amazonaws.com/index.html?prefix=StagedProducts/Elevation/metadata/ID_SouthernID_2018_D19/ID_SouthernID_20_2018,6.0,0.0,0.0,,
https://prd-tnm.s3.amazonaws.com/index.html?prefix=StagedProducts/Elevation/metadata/ID_SouthernID_2018_D19/ID_SouthernID_21_2018,7.0,0.0,0.0,,
https://prd-tnm.s3.amazonaws.com/index.html?prefix=StagedProducts/Elevation/metadata/ID_SouthernID_2018_D19/ID_SouthernID_22_2018,6.0,0.0,0.0,,
https://prd-tnm.s3.amazonaws.com/index.html?prefix=StagedProducts/Elevation/metadata/ID_SouthernID_2018_D19/ID_SouthernID_23_2018,6.0,0.0,0.0,,
https://prd-tnm.s3.amazonaws.com/index.html?prefix=StagedProducts/Elevation/metadata/ID_SouthernID_2018_D19/ID_SouthernID_24_2018,7.0,0.0,0.0,,
https://prd-tnm.s3.amazonaws.com/index.html?prefix=StagedProducts/Elevation/metadata/ID_SouthernID_2018_D19/ID_SouthernID_2_2018,6.0,0.0,0.0,,
https://prd-tnm.s3.amazonaws.com/index.html?prefix=StagedProducts/Elevation/metadata/ID_SouthernID_2018_D19/ID_SouthernID_3_SA2_2018,8.0,0.0,0.0,,
https://prd-tnm.s3.amazonaws.com/index.html?prefix=StagedProducts/Elevation/metadata/ID_SouthernID_2018_D19/ID_SouthernID_4_SA2_2018,8.0,0.0,0.0,,
https://prd-tnm.s3.amazonaws.com/index.html?prefix=StagedProducts/Elevation/metadata/ID_SouthernID_2018_D19/ID_SouthernID_5_2018,8.0,0.0,0.0,,
https://prd-tnm.s3.amazonaws.com/index.html?prefix=StagedProducts/Elevation/metadata/ID_SouthernID_2018_D19/ID_SouthernID_6_2018,5.0,0.0,0.0,,
https://prd-tnm.s3.amazonaws.com/index.html?prefix=StagedProducts/Elevation/metadata/ID_SouthernID_2018_D19/ID_SouthernID_7_SA1_2018,8.0,0.0,0.0,,
https://prd-tnm.s3.amazonaws.com/index.html?prefix=StagedProducts/Elevation/metadata/ID_SouthernID_2018_D19/ID_SouthernID_9_2018,8.0,0.0,0.0,,
https://prd-tnm.s3.amazonaws.com/index.html?prefix=StagedProducts/Elevation/metadata/legacy/ID_USGSTRIBUTARY_2008,4.0,0.0,0.0,,
https://prd-tnm.s3.amazonaws.com/index.html?prefix=StagedProducts/Elevation/metadata/IL_10CountyNRCS_D23/IL_10CoNRCS_2_D23,6.0,0.0,0.0,,
https://prd-tnm.s3.amazonaws.com/index.html?prefix=StagedProducts/Elevation/metadata/IL_10CountyNRCS_D23/IL_10CoNRCS_3_D23,6.0,0.0,0.0,,
https://prd-tnm.s3.amazonaws.com/index.html?prefix=StagedProducts/Elevation/metadata/IL_8County_2020_A20/IL_8County_B1_2020,8.0,0.0,0.0,,
https://prd-tnm.s3.amazonaws.com/index.html?prefix=StagedProducts/Elevation/metadata/IL_8County_2020_A20/IL_8County_B2_2020,5.0,0.0,0.0,,
https://prd-tnm.s3.amazonaws.com/index.html?prefix=StagedProducts/Elevation/metadata/IL_8County_PlusChampaign_2019_B19/IL_8County_PlusChampaign_B1_2019,6.0,0.0,0.0,,
https://prd-tnm.s3.amazonaws.com/index.html?prefix=StagedProducts/Elevation/metadata/IL_8County_PlusChampaign_2019_B19/IL_8County_PlusChampaign_B2_2019,6.0,0.0,0.0,,
https://prd-tnm.s3.amazonaws.com/index.html?prefix=StagedProducts/Elevation/metadata/IL_8County_PlusChampaign_2019_B19/IL_8County_PlusChampaign_B3_QL1_2019,5.0,0.0,0.0,,
https://prd-tnm.s3.amazonaws.com/index.html?prefix=StagedProducts/Elevation/metadata/IL_8County_PlusChampaign_2019_B19/IL_8County_PlusChampaign_B4_2019,8.0,0.0,0.0,,
https://prd-tnm.s3.amazonaws.com/index.html?prefix=StagedProducts/Elevation/metadata/legacy/IL_BOONECO_2007,2.0,0.0,0.0,,
https://prd-tnm.s3.amazonaws.com/index.html?prefix=StagedProducts/Elevation/metadata/IL_CassCounty_2017_C18/IL_CassCounty_2017,8.0,0.0,0.0,,
https://prd-tnm.s3.amazonaws.com/index.html?prefix=StagedProducts/Elevation/metadata/IL_FordIroqouisLivingston_2015_C16/IL_FordIroquoisLivingston-L1_2014,6.0,0.0,0.0,,
https://prd-tnm.s3.amazonaws.com/index.html?prefix=StagedProducts/Elevation/metadata/IL_FordIroqouisLivingston_2015_C16/IL_FordIroquoisLivingston_L2_2014,6.0,0.0,0.0,,
https://prd-tnm.s3.amazonaws.com/index.html?prefix=StagedProducts/Elevation/metadata/IL_FordIroqouisLivingston_2015_C16/IL_FordIroquoisLivingston-L4_2014,6.0,0.0,0.0,,
https://prd-tnm.s3.amazonaws.com/index.html?prefix=StagedProducts/Elevation/metadata/legacy/IL_HENRYCO_2009,1.0,0.0,0.0,,
https://prd-tnm.s3.amazonaws.com/index.html?prefix=StagedProducts/Elevation/metadata/IL_HicksDome_FluorsparDistrict_2019_D19/IL_HicksDome_FluorsparDist_2_2019,6.0,0.0,0.0,,
https://prd-tnm.s3.amazonaws.com/index.html?prefix=StagedProducts/Elevation/metadata/IL_HicksDome_FluorsparDistrict_2019_D19/IL_HicksDome_FluorsparDist_3_2019,7.0,0.0,0.0,,
https://prd-tnm.s3.amazonaws.com/index.html?prefix=StagedProducts/Elevation/metadata/IL_HicksDome_FluorsparDistrict_2019_D19/IL_HicksDome_FluorsparDistrict_B1_2019,5.0,0.0,0.0,,
https://prd-tnm.s3.amazonaws.com/index.html?prefix=StagedProducts/Elevation/metadata/Pulaski_Massac_and_Johnson_Counties_IL_LiDAR_Processing/IL_JOHNSON-PULASKI_MASSACCOS_2012-2014,7.0,0.0,0.0,,
https://prd-tnm.s3.amazonaws.com/index.html?prefix=StagedProducts/Elevation/metadata/legacy/IL_KENDALLCO_2010,7.0,0.0,0.0,,
https://prd-tnm.s3.amazonaws.com/index.html?prefix=StagedProducts/Elevation/metadata/IL_MidNorth_D22/IL_MidNorth_1_D22,5.0,2.0,0.0,off,IL_MidNorth_1_D22_DEM_IL_West.xml: ...te Nominal Point Spacing (ANPS) of 0.5m or less. This task is for providing a spring 2022 leaf-off and snow-free lidar survey over an Area of Interest (AOI) o...
https://prd-tnm.s3.amazonaws.com/index.html?prefix=StagedProducts/Elevation/metadata/IL_MidNorth_D22/IL_MidNorth_2_D22,5.0,3.0,0.0,off,IL_MidNorth_2_D22_DEM_IL_West.xml: ...te Nominal Point Spacing (ANPS) of 0.5m or less. This task is for providing a spring 2022 leaf-off and snow-free lidar survey over an Area of Interest (AOI) o...
https://prd-tnm.s3.amazonaws.com/index.html?prefix=StagedProducts/Elevation/metadata/IL_MidNorth_D22/IL_MidNorth_3_D22,6.0,3.0,0.0,off,IL_MidNorth_3_D22_DEM_IL_East.xml: ...te Nominal Point Spacing (ANPS) of 0.5m or less. This task is for providing a spring 2022 leaf-off and snow-free lidar survey over an Area of Interest (AOI) o...
https://prd-tnm.s3.amazonaws.com/index.html?prefix=StagedProducts/Elevation/metadata/IL_MidNorth_D22/IL_MidNorth_4_D22,6.0,3.0,0.0,off,IL_MidNorth_4_D22_DEM_IL_East.xml: ...te Nominal Point Spacing (ANPS) of 0.5m or less. This task is for providing a spring 2022 leaf-off and snow-free lidar survey over an Area of Interest (AOI) o...
https://prd-tnm.s3.amazonaws.com/index.html?prefix=StagedProducts/Elevation/metadata/legacy/IL_PEORIA_2008,1.0,0.0,0.0,,
https://prd-tnm.s3.amazonaws.com/index.html?prefix=StagedProducts/Elevation/metadata/legacy/IL_SALINERIVER_2010,2.0,0.0,0.0,,
https://prd-tnm.s3.amazonaws.com/index.html?prefix=StagedProducts/Elevation/metadata/legacy/IL_SANGAMONRIVER_2011,4.0,0.0,0.0,,
https://prd-tnm.s3.amazonaws.com/index.html?prefix=StagedProducts/Elevation/metadata/IL_SouthCentral_2021_D21/IL_SouthCentral_1_2021,7.0,0.0,0.0,,
https://prd-tnm.s3.amazonaws.com/index.html?prefix=StagedProducts/Elevation/metadata/IL_SouthCentral_2021_D21/IL_SouthCentral_2_2021,7.0,0.0,0.0,,
https://prd-tnm.s3.amazonaws.com/index.html?prefix=StagedProducts/Elevation/metadata/legacy/IL_WABASH-SALINE-FEMA_2011,4.0,0.0,0.0,,
https://prd-tnm.s3.amazonaws.com/index.html?prefix=StagedProducts/Elevation/metadata/legacy/IL_WABASHRIVER_2010,2.0,0.0,0.0,,
https://prd-tnm.s3.amazonaws.com/index.html?prefix=StagedProducts/Elevation/metadata/Eastern_Indiana_QL3_Lidar/IN_ET-B6-Wells_2012,4.0,0.0,0.0,,
https://prd-tnm.s3.amazonaws.com/index.html?prefix=StagedProducts/Elevation/metadata/Eastern_Indiana_QL3_Lidar/IN_ET-B7-Wayne_2012,1.0,0.0,0.0,,
https://prd-tnm.s3.amazonaws.com/index.html?prefix=StagedProducts/Elevation/metadata/legacy/IN_LAKEERIE_2010,6.0,0.0,0.0,,
https://prd-tnm.s3.amazonaws.com/index.html?prefix=StagedProducts/Elevation/metadata/legacy/IN_STATEWIDE-BARTHOLOMEWCO_2011,4.0,0.0,0.0,,
https://prd-tnm.s3.amazonaws.com/index.html?prefix=StagedProducts/Elevation/metadata/legacy/IN_STATEWIDE-BOONECO_2011,4.0,0.0,0.0,,
https://prd-tnm.s3.amazonaws.com/index.html?prefix=StagedProducts/Elevation/metadata/legacy/IN_STATEWIDE-BROWNCO_2011,3.0,0.0,0.0,,
https://prd-tnm.s3.amazonaws.com/index.html?prefix=StagedProducts/Elevation/metadata/legacy/IN_STATEWIDE-CARROLLCO_2011,4.0,0.0,0.0,,
https://prd-tnm.s3.amazonaws.com/index.html?prefix=StagedProducts/Elevation/metadata/legacy/IN_STATEWIDE-CASSCO_2011,4.0,0.0,0.0,,
https://prd-tnm.s3.amazonaws.com/index.html?prefix=StagedProducts/Elevation/metadata/legacy/IN_STATEWIDE-CLINTONCO_2011,3.0,0.0,0.0,,
https://prd-tnm.s3.amazonaws.com/index.html?prefix=StagedProducts/Elevation/metadata/legacy/IN_STATEWIDE-CRAWFORDCO_2011,5.0,0.0,0.0,,
https://prd-tnm.s3.amazonaws.com/index.html?prefix=StagedProducts/Elevation/metadata/legacy/IN_STATEWIDE-ELKHARTCO_2011,4.0,0.0,0.0,,
https://prd-tnm.s3.amazonaws.com/index.html?prefix=StagedProducts/Elevation/metadata/legacy/IN_STATEWIDE-FULTONCO_2011,4.0,0.0,0.0,,
https://prd-tnm.s3.amazonaws.com/index.html?prefix=StagedProducts/Elevation/metadata/legacy/IN_STATEWIDE-HARRISONCO-2011,2.0,0.0,0.0,,
https://prd-tnm.s3.amazonaws.com/index.html?prefix=StagedProducts/Elevation/metadata/legacy/IN_STATEWIDE-HOWARDCO_2011,3.0,0.0,0.0,,
https://prd-tnm.s3.amazonaws.com/index.html?prefix=StagedProducts/Elevation/metadata/legacy/IN_STATEWIDE-JACKSONCO_2011,3.0,0.0,0.0,,
https://prd-tnm.s3.amazonaws.com/index.html?prefix=StagedProducts/Elevation/metadata/legacy/IN_STATEWIDE-KOSCIUSKOCO_2011,3.0,0.0,0.0,,
https://prd-tnm.s3.amazonaws.com/index.html?prefix=StagedProducts/Elevation/metadata/legacy/IN_STATEWIDE-LAWRENCECO_2011,4.0,0.0,0.0,,
https://prd-tnm.s3.amazonaws.com/index.html?prefix=StagedProducts/Elevation/metadata/legacy/IN_STATEWIDE-MARSHALLCO_2011,2.0,0.0,0.0,,
https://prd-tnm.s3.amazonaws.com/index.html?prefix=StagedProducts/Elevation/metadata/legacy/IN_STATEWIDE-MIAMICO_2011,4.0,0.0,0.0,,
https://prd-tnm.s3.amazonaws.com/index.html?prefix=StagedProducts/Elevation/metadata/legacy/IN_STATEWIDE-ORANGECO_2011,4.0,0.0,0.0,,
https://prd-tnm.s3.amazonaws.com/index.html?prefix=StagedProducts/Elevation/metadata/legacy/IN_STATEWIDE-PULASKICO_2011,4.0,0.0,0.0,,
https://prd-tnm.s3.amazonaws.com/index.html?prefix=StagedProducts/Elevation/metadata/legacy/IN_STATEWIDE-STJOSEPHCO_2011,5.0,0.0,0.0,,
https://prd-tnm.s3.amazonaws.com/index.html?prefix=StagedProducts/Elevation/metadata/legacy/IN_STATEWIDE-STARKECO_2011,3.0,0.0,0.0,,
https://prd-tnm.s3.amazonaws.com/index.html?prefix=StagedProducts/Elevation/metadata/legacy/IN_STATEWIDE-TIPTONCO_2011,5.0,0.0,0.0,,
https://prd-tnm.s3.amazonaws.com/index.html?prefix=StagedProducts/Elevation/metadata/legacy/IN_STATEWIDE-WABASHCO_2011,6.0,0.0,0.0,,
https://prd-tnm.s3.amazonaws.com/index.html?prefix=StagedProducts/Elevation/metadata/legacy/IN_STATEWIDE-WASHINGTONCO_2011,7.0,0.0,0.0,,
https://prd-tnm.s3.amazonaws.com/index.html?prefix=StagedProducts/Elevation/metadata/IN_Indiana_Statewide_LiDAR_2017_B17/IN_Statewide_B1_2017,8.0,1.0,0.0,off,IN_BaseOption_Lidar2017_ B17_Project_Level.xml: ...n Esri format. Ground conditions: Water at normal levels; no unusual inundation; no snow; leaf off. This project will support the state of Indiana and the Nat...
https://prd-tnm.s3.amazonaws.com/index.html?prefix=StagedProducts/Elevation/metadata/IN_Indiana_Statewide_LiDAR_2017_B17/IN_Statewide_B2_2017,8.0,0.0,0.0,,
https://prd-tnm.s3.amazonaws.com/index.html?prefix=StagedProducts/Elevation/metadata/IN_Indiana_Statewide_LiDAR_2017_B17/IN_Statewide_Opt1_B1_2017,6.0,0.0,0.0,,
https://prd-tnm.s3.amazonaws.com/index.html?prefix=StagedProducts/Elevation/metadata/IN_Indiana_Statewide_LiDAR_2017_B17/IN_Statewide_Opt1_B2_2017,8.0,0.0,0.0,,
https://prd-tnm.s3.amazonaws.com/index.html?prefix=StagedProducts/Elevation/metadata/IN_Indiana_Statewide_LiDAR_2017_B17/IN_Statewide_Opt1_B3_2017,7.0,0.0,0.0,,
https://prd-tnm.s3.amazonaws.com/index.html?prefix=StagedProducts/Elevation/metadata/IN_Indiana_Statewide_LiDAR_2017_B17/IN_Statewide_Opt1_B4_2017,6.0,0.0,0.0,,
https://prd-tnm.s3.amazonaws.com/index.html?prefix=StagedProducts/Elevation/metadata/IN_Indiana_Statewide_LiDAR_2017_B17/IN_Statewide_Opt1_B5_2017,6.0,0.0,0.0,,
https://prd-tnm.s3.amazonaws.com/index.html?prefix=StagedProducts/Elevation/metadata/IN_Indiana_Statewide_LiDAR_2017_B17/IN_Statewide_Opt2_B1_2017,8.0,1.0,0.0,off,IN_BaseOption_Lidar2017_ B17_Project_Level.xml: ...n Esri format. Ground conditions: Water at normal levels; no unusual inundation; no snow; leaf off. This project will support the state of Indiana and the Nat...
https://prd-tnm.s3.amazonaws.com/index.html?prefix=StagedProducts/Elevation/metadata/IN_Indiana_Statewide_LiDAR_2017_B17/IN_Statewide_Opt2_B2_2017,8.0,1.0,0.0,off,IN_BaseOption_Lidar2017_ B17_Project_Level.xml: ...n Esri format. Ground conditions: Water at normal levels; no unusual inundation; no snow; leaf off. This project will support the state of Indiana and the Nat...
https://prd-tnm.s3.amazonaws.com/index.html?prefix=StagedProducts/Elevation/metadata/IN_Indiana_Statewide_LiDAR_2017_B17/IN_Statewide_Opt2_B3_2017,8.0,1.0,0.0,off,IN_BaseOption_Lidar2017_ B17_Project_Level.xml: ...n Esri format. Ground conditions: Water at normal levels; no unusual inundation; no snow; leaf off. This project will support the state of Indiana and the Nat...
https://prd-tnm.s3.amazonaws.com/index.html?prefix=StagedProducts/Elevation/metadata/IN_Indiana_Statewide_LiDAR_2017_B17/IN_Statewide_Opt2_B4_2017,8.0,1.0,0.0,off,IN_BaseOption_Lidar2017_ B17_Project_Level.xml: ...n Esri format. Ground conditions: Water at normal levels; no unusual inundation; no snow; leaf off. This project will support the state of Indiana and the Nat...
https://prd-tnm.s3.amazonaws.com/index.html?prefix=StagedProducts/Elevation/metadata/IN_Indiana_Statewide_LiDAR_2017_B17/IN_Statewide_Opt2_B5_2017,8.0,1.0,0.0,off,IN_BaseOption_Lidar2017_ B17_Project_Level.xml: ...n Esri format. Ground conditions: Water at normal levels; no unusual inundation; no snow; leaf off. This project will support the state of Indiana and the Nat...
https://prd-tnm.s3.amazonaws.com/index.html?prefix=StagedProducts/Elevation/metadata/IN_Indiana_Statewide_LiDAR_2017_B17/IN_Statewide_Opt2_B6_2017,8.0,0.0,0.0,,
https://prd-tnm.s3.amazonaws.com/index.html?prefix=StagedProducts/Elevation/metadata/KS_4Area_D23/KS_4Area_3_D23,6.0,0.0,0.0,,
https://prd-tnm.s3.amazonaws.com/index.html?prefix=StagedProducts/Elevation/metadata/legacy/KS_AREA1_2012,8.0,0.0,0.0,,
https://prd-tnm.s3.amazonaws.com/index.html?prefix=StagedProducts/Elevation/metadata/legacy/KS_AREA3-BUTLERCO_2012,4.0,0.0,0.0,,
https://prd-tnm.s3.amazonaws.com/index.html?prefix=StagedProducts/Elevation/metadata/legacy/KS_AREA3-NORTHEASTA_2012,4.0,0.0,0.0,,
https://prd-tnm.s3.amazonaws.com/index.html?prefix=StagedProducts/Elevation/metadata/legacy/KS_AREA3-NORTHEASTB_2012,3.0,0.0,0.0,,
https://prd-tnm.s3.amazonaws.com/index.html?prefix=StagedProducts/Elevation/metadata/legacy/KS_AREA3-SOUTHEAST_2012,4.0,0.0,0.0,,
https://prd-tnm.s3.amazonaws.com/index.html?prefix=StagedProducts/Elevation/metadata/legacy/KS_ATCHINSONCO_2010,2.0,0.0,0.0,,
https://prd-tnm.s3.amazonaws.com/index.html?prefix=StagedProducts/Elevation/metadata/legacy/KS_BARTONCO_2010,1.0,0.0,0.0,,
https://prd-tnm.s3.amazonaws.com/index.html?prefix=StagedProducts/Elevation/metadata/legacy/KS_CHASECO_2010,1.0,0.0,0.0,,
https://prd-tnm.s3.amazonaws.com/index.html?prefix=StagedProducts/Elevation/metadata/legacy/KS_COFFEY_2010,1.0,0.0,0.0,,
https://prd-tnm.s3.amazonaws.com/index.html?prefix=StagedProducts/Elevation/metadata/legacy/KS_DICKINSONCO_2010,1.0,0.0,0.0,,
https://prd-tnm.s3.amazonaws.com/index.html?prefix=StagedProducts/Elevation/metadata/legacy/KS_DODGECITY_2010,1.0,0.0,0.0,,
https://prd-tnm.s3.amazonaws.com/index.html?prefix=StagedProducts/Elevation/metadata/legacy/KS_DOUGLASCOUNTY_2006,1.0,0.0,0.0,,
https://prd-tnm.s3.amazonaws.com/index.html?prefix=StagedProducts/Elevation/metadata/legacy/KS_ELLSWORTHCO_2010,1.0,0.0,0.0,,
https://prd-tnm.s3.amazonaws.com/index.html?prefix=StagedProducts/Elevation/metadata/legacy/KS_FRANKLIN_2010,1.0,0.0,0.0,,
https://prd-tnm.s3.amazonaws.com/index.html?prefix=StagedProducts/Elevation/metadata/legacy/KS_FTRILEY_2006,7.0,0.0,0.0,,
https://prd-tnm.s3.amazonaws.com/index.html?prefix=StagedProducts/Elevation/metadata/legacy/KS_GEARY_2010,1.0,0.0,0.0,,
https://prd-tnm.s3.amazonaws.com/index.html?prefix=StagedProducts/Elevation/metadata/legacy/KS_HARVEYCO2_2010,1.0,0.0,0.0,,
https://prd-tnm.s3.amazonaws.com/index.html?prefix=StagedProducts/Elevation/metadata/legacy/KS_HARVEYCO_2010,3.0,0.0,0.0,,
https://prd-tnm.s3.amazonaws.com/index.html?prefix=StagedProducts/Elevation/metadata/legacy/KS_JACKSONCO_2006,4.0,0.0,0.0,,
https://prd-tnm.s3.amazonaws.com/index.html?prefix=StagedProducts/Elevation/metadata/legacy/KS_JEFFERSONCO_2006,3.0,0.0,0.0,,
https://prd-tnm.s3.amazonaws.com/index.html?prefix=StagedProducts/Elevation/metadata/legacy/KS_JEWELLCO_2010,1.0,0.0,0.0,,
https://prd-tnm.s3.amazonaws.com/index.html?prefix=StagedProducts/Elevation/metadata/legacy/KS_JOHNSONCO_2006,4.0,0.0,0.0,,
https://prd-tnm.s3.amazonaws.com/index.html?prefix=StagedProducts/Elevation/metadata/legacy/KS_LEAVENWORTH_2006,1.0,0.0,0.0,,
https://prd-tnm.s3.amazonaws.com/index.html?prefix=StagedProducts/Elevation/metadata/legacy/KS_LEAVENWORTH_2010,1.0,0.0,0.0,,
https://prd-tnm.s3.amazonaws.com/index.html?prefix=StagedProducts/Elevation/metadata/legacy/KS_LINCOLNCO_2010,1.0,0.0,0.0,,
https://prd-tnm.s3.amazonaws.com/index.html?prefix=StagedProducts/Elevation/metadata/legacy/KS_LYONCO_2010,1.0,0.0,0.0,,
https://prd-tnm.s3.amazonaws.com/index.html?prefix=StagedProducts/Elevation/metadata/legacy/KS_MANHATTAN_2006,3.0,0.0,0.0,,
https://prd-tnm.s3.amazonaws.com/index.html?prefix=StagedProducts/Elevation/metadata/legacy/KS_MARIONCO_2010,1.0,0.0,0.0,,
https://prd-tnm.s3.amazonaws.com/index.html?prefix=StagedProducts/Elevation/metadata/legacy/KS_MARSHALLCO_2010,1.0,0.0,0.0,,
https://prd-tnm.s3.amazonaws.com/index.html?prefix=StagedProducts/Elevation/metadata/legacy/KS_MCPHERSONCO_2010,1.0,0.0,0.0,,
https://prd-tnm.s3.amazonaws.com/index.html?prefix=StagedProducts/Elevation/metadata/legacy/KS_MIAMICO_2009,1.0,0.0,0.0,,
https://prd-tnm.s3.amazonaws.com/index.html?prefix=StagedProducts/Elevation/metadata/legacy/KS_MITCHELLCO_2010,1.0,0.0,0.0,,
https://prd-tnm.s3.amazonaws.com/index.html?prefix=StagedProducts/Elevation/metadata/legacy/KS_MORRISCO_2010,1.0,0.0,0.0,,
https://prd-tnm.s3.amazonaws.com/index.html?prefix=StagedProducts/Elevation/metadata/legacy/KS_NORTHCENTRAL_2009,3.0,0.0,0.0,,
https://prd-tnm.s3.amazonaws.com/index.html?prefix=StagedProducts/Elevation/metadata/legacy/KS_OSAGE_2010,3.0,0.0,0.0,,
https://prd-tnm.s3.amazonaws.com/index.html?prefix=StagedProducts/Elevation/metadata/legacy/KS_OTTAWACO_2010,1.0,0.0,0.0,,
https://prd-tnm.s3.amazonaws.com/index.html?prefix=StagedProducts/Elevation/metadata/legacy/KS_POTTAWATOMIECO_2010,2.0,0.0,0.0,,
https://prd-tnm.s3.amazonaws.com/index.html?prefix=StagedProducts/Elevation/metadata/legacy/KS_RICECO_2010,1.0,0.0,0.0,,
https://prd-tnm.s3.amazonaws.com/index.html?prefix=StagedProducts/Elevation/metadata/legacy/KS_RILEY_2010,1.0,0.0,0.0,,
https://prd-tnm.s3.amazonaws.com/index.html?prefix=StagedProducts/Elevation/metadata/legacy/KS_SALINECO_2010,1.0,0.0,0.0,,
https://prd-tnm.s3.amazonaws.com/index.html?prefix=StagedProducts/Elevation/metadata/legacy/KS_SEDGWICK-WICHITA_2008,1.0,0.0,0.0,,
https://prd-tnm.s3.amazonaws.com/index.html?prefix=StagedProducts/Elevation/metadata/legacy/KS_SHAWNEECOUNTY_2006,3.0,0.0,0.0,,
https://prd-tnm.s3.amazonaws.com/index.html?prefix=StagedProducts/Elevation/metadata/KS_Statewide4County_2017_A18/KS_Statewide_2017,8.0,5.0,0.0,off,"Check_Points.xml: ...il 12th, 2017. Ground Conditions: water at normal levels; no unusual inundation; no snow; leaf off USGS-NGP Base LiDAR Specification v1.2. A survey was perfor..."
https://prd-tnm.s3.amazonaws.com/index.html?prefix=StagedProducts/Elevation/metadata/KS_Statewide_2018_A18/KS_Statewide_B10_2018,8.0,6.0,0.0,off,"18006_Block_10_DEM.xml: ...MG format, Hydroflattened The State of Kansas Contract 0000000000000000000039891 required Leaf-off 2018 QL 2 LiDAR surveys to be collected over 54,663 square ..."
https://prd-tnm.s3.amazonaws.com/index.html?prefix=StagedProducts/Elevation/metadata/KS_Statewide_2018_A18/KS_Statewide_B11_2018,8.0,4.0,0.0,off,"Block_7A_DEM.xml: ...MG format, Hydroflattened The State of Kansas Contract 0000000000000000000039891 required Leaf-off 2018 QL 2 LiDAR surveys to be collected over 54,663 square ..."
https://prd-tnm.s3.amazonaws.com/index.html?prefix=StagedProducts/Elevation/metadata/KS_Statewide_2018_A18/KS_Statewide_B12_2018,8.0,6.0,0.0,off,"18006_Block_4A_DEM.xml: ...MG format, Hydroflattened The State of Kansas Contract 0000000000000000000039891 required Leaf-off 2018 QL 2 LiDAR surveys to be collected over 54,663 square ..."
https://prd-tnm.s3.amazonaws.com/index.html?prefix=StagedProducts/Elevation/metadata/KS_Statewide_2018_A18/KS_Statewide_B13_2018,8.0,6.0,0.0,off,"Block_11A_DEM.xml: ...MG format, Hydroflattened The State of Kansas Contract 0000000000000000000039891 required Leaf-off 2018 QL 2 LiDAR surveys to be collected over 54,663 square ..."
https://prd-tnm.s3.amazonaws.com/index.html?prefix=StagedProducts/Elevation/metadata/KS_Statewide_2018_A18/KS_Statewide_B14_2018,8.0,4.0,0.0,off,"18006_Block_1B_UTM14_DEM.xml: ...format, Hydroflattened -- The State of Kansas Contract 0000000000000000000039891 required Leaf-off 2018 QL 2 LiDAR surveys to be collected over 54,663 square ..."
https://prd-tnm.s3.amazonaws.com/index.html?prefix=StagedProducts/Elevation/metadata/KS_Statewide_2018_A18/KS_Statewide_B15_2018,6.0,2.0,0.0,off,"18006_Block_1B_UTM15_DEM.xml: ...format, Hydroflattened -- The State of Kansas Contract 0000000000000000000039891 required Leaf-off 2018 QL 2 LiDAR surveys to be collected over 54,663 square ..."
https://prd-tnm.s3.amazonaws.com/index.html?prefix=StagedProducts/Elevation/metadata/KS_Statewide_2018_A18/KS_Statewide_B16_2018,8.0,6.0,0.0,off,"18006_Block_3A_DEM.xml: ...format, Hydroflattened -- The State of Kansas Contract 0000000000000000000039891 required Leaf-off 2018 QL 2 LiDAR surveys to be collected over 54,663 square ..."
https://prd-tnm.s3.amazonaws.com/index.html?prefix=StagedProducts/Elevation/metadata/KS_Statewide_2018_A18/KS_Statewide_B17_2018,7.0,5.0,0.0,off,"18006_Block_1A_DEM.xml: ...format, Hydroflattened -- The State of Kansas Contract 0000000000000000000039891 required Leaf-off 2018 QL 2 LiDAR surveys to be collected over 54,663 square ..."
https://prd-tnm.s3.amazonaws.com/index.html?prefix=StagedProducts/Elevation/metadata/KS_Statewide_2018_A18/KS_Statewide_B18_2018,8.0,5.0,0.0,off,"18006_Block_6_DEM.xml: ...MG format, Hydroflattened The State of Kansas Contract 0000000000000000000039891 required Leaf-off 2018 QL 2 LiDAR surveys to be collected over 54,663 square ..."
https://prd-tnm.s3.amazonaws.com/index.html?prefix=StagedProducts/Elevation/metadata/KS_Statewide_2018_A18/KS_Statewide_B2_2018,8.0,3.0,0.0,off,"18006_Block_12_DEM.xml: ...MG format, Hydroflattened The State of Kansas Contract 0000000000000000000039891 required Leaf-off 2018 QL 2 LiDAR surveys to be collected over 54,663 square ..."
https://prd-tnm.s3.amazonaws.com/index.html?prefix=StagedProducts/Elevation/metadata/KS_Statewide_2018_A18/KS_Statewide_B4_2018,8.0,4.0,0.0,off,"18006_Block_14_DEM.xml: ...MG format, Hydroflattened The State of Kansas Contract 0000000000000000000039891 required Leaf-off 2018 QL 2 LiDAR surveys to be collected over 54,663 square ..."
https://prd-tnm.s3.amazonaws.com/index.html?prefix=StagedProducts/Elevation/metadata/KS_Statewide_2018_A18/KS_Statewide_B5_2018,8.0,4.0,0.0,off,"Block_5_DEM.xml: ...MG format, Hydroflattened The State of Kansas Contract 0000000000000000000039891 required Leaf-off 2018 QL 2 LiDAR surveys to be collected over 54,663 square ..."
https://prd-tnm.s3.amazonaws.com/index.html?prefix=StagedProducts/Elevation/metadata/KS_Statewide_2018_A18/KS_Statewide_B6A_2018,8.0,2.0,0.0,off,"18006_Block_3B_UTM14_DEM.xml: ...MG format, Hydroflattened The State of Kansas Contract 0000000000000000000039891 required Leaf-off 2018 QL 2 LiDAR surveys to be collected over 54,663 square ..."
https://prd-tnm.s3.amazonaws.com/index.html?prefix=StagedProducts/Elevation/metadata/KS_Statewide_2018_A18/KS_Statewide_B6B_2018,8.0,2.0,0.0,off,"18006_Block_3B_UTM15_DEM.xml: ...MG format, Hydroflattened The State of Kansas Contract 0000000000000000000039891 required Leaf-off 2018 QL 2 LiDAR surveys to be collected over 54,663 square ..."
https://prd-tnm.s3.amazonaws.com/index.html?prefix=StagedProducts/Elevation/metadata/KS_Statewide_2018_A18/KS_Statewide_B7_2018,8.0,4.0,0.0,off,"18006_Block_13_DEM.xml: ...MG format, Hydroflattened The State of Kansas Contract 0000000000000000000039891 required Leaf-off 2018 QL 2 LiDAR surveys to be collected over 54,663 square ..."
https://prd-tnm.s3.amazonaws.com/index.html?prefix=StagedProducts/Elevation/metadata/KS_Statewide_2018_A18/KS_Statewide_B8A_2018,8.0,3.0,0.0,off,"_18006_Block_8A_DEM.xml: ...MG format, Hydroflattened The State of Kansas Contract 0000000000000000000039891 required Leaf-off 2018 QL 2 LiDAR surveys to be collected over 54,663 square ..."
https://prd-tnm.s3.amazonaws.com/index.html?prefix=StagedProducts/Elevation/metadata/KS_Statewide_2018_A18/KS_Statewide_B9_2018,8.0,3.0,0.0,off,"18006_Block_7B_DEM.xml: ...MG format, Hydroflattened The State of Kansas Contract 0000000000000000000039891 required Leaf-off 2018 QL 2 LiDAR surveys to be collected over 54,663 square ..."
https://prd-tnm.s3.amazonaws.com/index.html?prefix=StagedProducts/Elevation/metadata/legacy/KS_USFWS_2010,1.0,0.0,0.0,,
https://prd-tnm.s3.amazonaws.com/index.html?prefix=StagedProducts/Elevation/metadata/KY_CentralEast_A23/KY_CentralEast_3_A23,6.0,0.0,0.0,,
https://prd-tnm.s3.amazonaws.com/index.html?prefix=StagedProducts/Elevation/metadata/KY_Eastern_2019_A19/KY_Eastern_B1_2019,6.0,0.0,0.0,,
https://prd-tnm.s3.amazonaws.com/index.html?prefix=StagedProducts/Elevation/metadata/KY_Eastern_2019_A19/KY_Eastern_B2_2019,5.0,0.0,0.0,,
https://prd-tnm.s3.amazonaws.com/index.html?prefix=StagedProducts/Elevation/metadata/KY_FluorsparDistrict_2019_D19/KY_FluorsparDistrict_2019,6.0,0.0,0.0,,
https://prd-tnm.s3.amazonaws.com/index.html?prefix=StagedProducts/Elevation/metadata/KY_Statewide_2021_A21/KY_Statewide_1_2021,4.0,0.0,0.0,,
https://prd-tnm.s3.amazonaws.com/index.html?prefix=StagedProducts/Elevation/metadata/KY_WesternKY_A22/KY_Western_1_A22,6.0,0.0,0.0,,
https://prd-tnm.s3.amazonaws.com/index.html?prefix=StagedProducts/Elevation/metadata/LA_2021GreaterNewOrleans_C22/LA_2021GNO_1_C22,6.0,0.0,0.0,,
https://prd-tnm.s3.amazonaws.com/index.html?prefix=StagedProducts/Elevation/metadata/Atchafalaya_2_LiDAR/LA_ATCHAFALAYA2_2013,4.0,0.0,0.0,,
https://prd-tnm.s3.amazonaws.com/index.html?prefix=StagedProducts/Elevation/metadata/legacy/LA_ATCHAFALAYABASIN_2010,2.0,0.0,0.0,,
https://prd-tnm.s3.amazonaws.com/index.html?prefix=StagedProducts/Elevation/metadata/LA_Bayou_Nezpique_2018_D18/LA_Bayou_Nezpique_TL_2018,6.0,0.0,0.0,,
https://prd-tnm.s3.amazonaws.com/index.html?prefix=StagedProducts/Elevation/metadata/LA_BretonIslandTB_D22/LA_BretonIsl_Topobathymetric_D22,8.0,0.0,0.0,,
https://prd-tnm.s3.amazonaws.com/index.html?prefix=StagedProducts/Elevation/metadata/LA_CPRA_2019_C20/LA_CPRA_B1_2019,8.0,0.0,3.0,on,"CPRA_LADOTD_Lidar_2019_DEM_XML_Metadata_B1.xml: ...tween the aircraft and ground, 2) Snow free, 3) No unusual flooding or inundation, and 4) Leaf on. The lidar collection for the CPRA_LADOTD_2019_Lidar AOI wa..."
https://prd-tnm.s3.amazonaws.com/index.html?prefix=StagedProducts/Elevation/metadata/LA_CPRA_2019_C20/LA_CPRA_B2_2019,8.0,0.0,2.0,on,"CPRA_LADOTD_Lidar_2019_DEM_XML_Metadata_B2.xml: ...tween the aircraft and ground, 2) Snow free, 3) No unusual flooding or inundation, and 4) Leaf on. The lidar collection for the CPRA_LADOTD_2019_Lidar AOI wa..."
https://prd-tnm.s3.amazonaws.com/index.html?prefix=StagedProducts/Elevation/metadata/LA_CPRA_2019_C20/LA_CPRA_B3_2019,7.0,0.0,3.0,on,"CPRA_LADOTD_Lidar_2019_DEM_XML_Metadata_B3.xml: ...tween the aircraft and ground, 2) Snow free, 3) No unusual flooding or inundation, and 4) Leaf on. The lidar collection for the CPRA_LADOTD_2019_Lidar AOI wa..."
https://prd-tnm.s3.amazonaws.com/index.html?prefix=StagedProducts/Elevation/metadata/LA_CPRA_2019_C20/LA_CPRA_B4_2019,7.0,0.0,3.0,on,"CPRA_LADOTD_Lidar_2019_DEM_XML_Metadata_B4.xml: ...tween the aircraft and ground, 2) Snow free, 3) No unusual flooding or inundation, and 4) Leaf on. The lidar collection for the CPRA_LADOTD_2019_Lidar AOI wa..."
https://prd-tnm.s3.amazonaws.com/index.html?prefix=StagedProducts/Elevation/metadata/LA_CPRA_2019_C20/LA_CPRA_B5_2019,8.0,0.0,3.0,on,"CPRA_LADOTD_Lidar_2019_DEM_XML_Metadata_B5.xml: ...tween the aircraft and ground, 2) Snow free, 3) No unusual flooding or inundation, and 4) Leaf on. The lidar collection for the CPRA_LADOTD_2019_Lidar AOI wa..."
https://prd-tnm.s3.amazonaws.com/index.html?prefix=StagedProducts/Elevation/metadata/LA_Catahoula_Concordia_2017_D17/LA_Catahoula_Concordia_1_2017,8.0,1.0,0.0,off,LA_Catahoula_Concordia_2017_D17_Classified_LAS.xml: ...s of the AOIs. Ground Conditions: water at normal levels; no unusual inundation; no snow; leaf off. How the Withheld Points are Identified: Withheld (ignore) ...
https://prd-tnm.s3.amazonaws.com/index.html?prefix=StagedProducts/Elevation/metadata/LA_Catahoula_Concordia_2017_D17/LA_Catahoula_Concordia_2_2017,6.0,1.0,0.0,off,LA_Catahoula_Concordia_2017_D17_Classified_LAS.xml: ...s of the AOIs. Ground Conditions: water at normal levels; no unusual inundation; no snow; leaf off. How the Withheld Points are Identified: Withheld (ignore) ...
https://prd-tnm.s3.amazonaws.com/index.html?prefix=StagedProducts/Elevation/metadata/LA_Catahoula_Concordia_2017_D17/LA_Catahoula_Concordia_3_2017,6.0,1.0,0.0,off,LA_Catahoula_Concordia_2017_D17_Classified_LAS.xml: ...s of the AOIs. Ground Conditions: water at normal levels; no unusual inundation; no snow; leaf off. How the Withheld Points are Identified: Withheld (ignore) ...
https://prd-tnm.s3.amazonaws.com/index.html?prefix=StagedProducts/Elevation/metadata/LA_CoastalLouisiana_2020_D20/LA_CoastalLouisiana_1_2020,7.0,0.0,0.0,,
https://prd-tnm.s3.amazonaws.com/index.html?prefix=StagedProducts/Elevation/metadata/LA_CoastalLouisiana_2020_D20/LA_CoastalLouisiana_2_2020,6.0,0.0,0.0,,
https://prd-tnm.s3.amazonaws.com/index.html?prefix=StagedProducts/Elevation/metadata/Barataria_and_Jean_Lafitte_LiDAR/LA_Jean-Lafitte_2013,6.0,0.0,0.0,,
https://prd-tnm.s3.amazonaws.com/index.html?prefix=StagedProducts/Elevation/metadata/LA_NortheastDOTD_2017_C20/LA_NortheastDOTD_1_2017,8.0,0.0,0.0,,
https://prd-tnm.s3.amazonaws.com/index.html?prefix=StagedProducts/Elevation/metadata/LA_NortheastDOTD_2017_C20/LA_NortheastDOTD_2_2017,8.0,0.0,0.0,,
https://prd-tnm.s3.amazonaws.com/index.html?prefix=StagedProducts/Elevation/metadata/LA_NortheastDOTD_2017_C20/LA_NortheastDOTD_3_2017,8.0,0.0,0.0,,
https://prd-tnm.s3.amazonaws.com/index.html?prefix=StagedProducts/Elevation/metadata/LA_NortheastDOTD_2017_C20/LA_NortheastDOTD_4_2017,5.0,0.0,0.0,,
https://prd-tnm.s3.amazonaws.com/index.html?prefix=StagedProducts/Elevation/metadata/LA_Sabine_River_Lidar_2018_D18/LA_Sabine_River_Lidar_A1_2018,6.0,0.0,0.0,,
https://prd-tnm.s3.amazonaws.com/index.html?prefix=StagedProducts/Elevation/metadata/LA_Sabine_River_Lidar_2018_D18/LA_Sabine_River_Lidar_A2_2018,5.0,0.0,0.0,,
https://prd-tnm.s3.amazonaws.com/index.html?prefix=StagedProducts/Elevation/metadata/LA_Sabine_River_Lidar_2018_D18/LA_Sabine_River_Lidar_A3_2018,6.0,0.0,0.0,,
https://prd-tnm.s3.amazonaws.com/index.html?prefix=StagedProducts/Elevation/metadata/LA_Sabine_River_Lidar_2018_D18/LA_Sabine_River_Lidar_A4_2018,4.0,0.0,0.0,,
https://prd-tnm.s3.amazonaws.com/index.html?prefix=StagedProducts/Elevation/metadata/LA_Sabine_River_Lidar_2018_D18/LA_Sabine_River_Lidar_A5_2018,6.0,0.0,0.0,,
https://prd-tnm.s3.amazonaws.com/index.html?prefix=StagedProducts/Elevation/metadata/LA_Sabine_River_Lidar_2018_D18/LA_Sabine_River_Lidar_A6_2018,6.0,0.0,0.0,,
https://prd-tnm.s3.amazonaws.com/index.html?prefix=StagedProducts/Elevation/metadata/MA_CentralEastern_2021_B21/MA_CentralEastern_1_2021,5.0,0.0,0.0,,
https://prd-tnm.s3.amazonaws.com/index.html?prefix=StagedProducts/Elevation/metadata/MA_CentralEastern_2021_B21/MA_CentralEastern_2_2021,7.0,0.0,0.0,,
https://prd-tnm.s3.amazonaws.com/index.html?prefix=StagedProducts/Elevation/metadata/New_England_CMGP_SANDY_LiDAR/MA_NE_CMGP_Sandy_Z19_A1_2015,8.0,8.0,0.0,off,USGS_New_England_CMGP_Sandy_Lidar_DEM_IMG.xml: ... be found in the processing description section of this file. Ground conditions: No snow; Leaf off. The tide window requirements for the lidar data acquisitio...
https://prd-tnm.s3.amazonaws.com/index.html?prefix=StagedProducts/Elevation/metadata/legacy/MD_BALTIMORE_2008,3.0,0.0,0.0,,
https://prd-tnm.s3.amazonaws.com/index.html?prefix=StagedProducts/Elevation/metadata/legacy/MD_CALVERTCO_2011,3.0,0.0,0.0,,
https://prd-tnm.s3.amazonaws.com/index.html?prefix=StagedProducts/Elevation/metadata/legacy/MD_FEMA_ALLEGANYCO_2012,5.0,0.0,0.0,,
https://prd-tnm.s3.amazonaws.com/index.html?prefix=StagedProducts/Elevation/metadata/legacy/MD_FEMA_HOOPERSISLAND_2011,7.0,0.0,0.0,,
https://prd-tnm.s3.amazonaws.com/index.html?prefix=StagedProducts/Elevation/metadata/legacy/MD_FEMA_WASHINGTONCOUNTY_2012,4.0,0.0,0.0,,
https://prd-tnm.s3.amazonaws.com/index.html?prefix=StagedProducts/Elevation/metadata/legacy/MD_FEMA_WORCESTERCO_2011,5.0,0.0,0.0,,
https://prd-tnm.s3.amazonaws.com/index.html?prefix=StagedProducts/Elevation/metadata/legacy/MD_GOLDENBEACH_2012,6.0,0.0,0.0,,
https://prd-tnm.s3.amazonaws.com/index.html?prefix=StagedProducts/Elevation/metadata/legacy/MD_KENT_QUEENANNE_CAROLINE_2006,2.0,0.0,0.0,,
https://prd-tnm.s3.amazonaws.com/index.html?prefix=StagedProducts/Elevation/metadata/legacy/MD_NRCS-LIDAR_2012,8.0,0.0,0.0,,
https://prd-tnm.s3.amazonaws.com/index.html?prefix=StagedProducts/Elevation/metadata/MD_PotomacP2_Tobobathy_2021_D21/MD_PotomacP2_TB_2021,8.0,0.0,0.0,,
https://prd-tnm.s3.amazonaws.com/index.html?prefix=StagedProducts/Elevation/metadata/MD_PotomacRiverTopoBathy_2019_D19/MD_PotomacRiver_Bathy_2019,8.0,0.0,0.0,,
https://prd-tnm.s3.amazonaws.com/index.html?prefix=StagedProducts/Elevation/metadata/MD_Southeast_2019_D20/MD_Southeast_1_2019,6.0,3.0,0.0,off,"MD_Southeast_2019_D20_DEM_XML_Metadata_UTM.xml: ...e between the aircraft and ground, 2) Snow free, 3) No unusual flooding or inundation, 4) Leaf off. Tidally impacted areas were acquired during predicted MLLW..."
https://prd-tnm.s3.amazonaws.com/index.html?prefix=StagedProducts/Elevation/metadata/MD_VA_NorthChesapeakeBay_KGeorge_2020_D20/MD_VA_NCB_KGeorge_1_2020,8.0,5.0,0.0,off,"MD_VA_NorthChesapeakeBay_KGeorge_2020_D20_DEM_XML_Metadata_UTM.xml: ...e between the aircraft and ground, 2) Snow free, 3) No unusual flooding or inundation, 4) Leaf off. Tidally impacted areas were acquired during predicted MLLW..."
https://prd-tnm.s3.amazonaws.com/index.html?prefix=StagedProducts/Elevation/metadata/MD_Western_2021_D21/MD_Western_1_D21,6.0,3.0,0.0,off,"MD_Western_2021_D21_DEM_XML_Metadata_B1.xml: ...tween the aircraft and ground, 2) Snow free, 3) No unusual flooding or inundation, and 4) Leaf off. The lidar collection for the MD_Western_2021_D21 AOI was a..."
https://prd-tnm.s3.amazonaws.com/index.html?prefix=StagedProducts/Elevation/metadata/MD_Western_2021_D21/MD_Western_2_D21,5.0,3.0,0.0,off,"MD_Western_2021_D21_DEM_XML_Metadata_B1.xml: ...tween the aircraft and ground, 2) Snow free, 3) No unusual flooding or inundation, and 4) Leaf off. The lidar collection for the MD_Western_2021_D21 AOI was a..."
https://prd-tnm.s3.amazonaws.com/index.html?prefix=StagedProducts/Elevation/metadata/legacy/ME_ANDROSCOGGIN_2009,1.0,0.0,1.0,on,Androscoggin_ME_Project_Metadata_G10PD01737.xml: ...ne while no snow was on the ground and rivers were at or below normal levels and prior to leaf-on conditions. One meter point spacing LiDAR data collection p...
https://prd-tnm.s3.amazonaws.com/index.html?prefix=StagedProducts/Elevation/metadata/legacy/ME_AROOSTOOKCO_2012,8.0,0.0,0.0,,
https://prd-tnm.s3.amazonaws.com/index.html?prefix=StagedProducts/Elevation/metadata/legacy/ME_AUGUSTA_2006,1.0,0.0,1.0,on,Augusta.xml: ...ne while no snow was on the ground and rivers were at or below normal levels and prior to leaf-on conditions. One meter point spacing LiDAR data collection p...
https://prd-tnm.s3.amazonaws.com/index.html?prefix=StagedProducts/Elevation/metadata/ME_CrownofMaine_2018_A18/ME_CrownofMaine_B2_2018,8.0,0.0,0.0,,
https://prd-tnm.s3.amazonaws.com/index.html?prefix=StagedProducts/Elevation/metadata/ME_EasternME_2017_A17/ME_Eastern_TL_2017,8.0,0.0,0.0,,
https://prd-tnm.s3.amazonaws.com/index.html?prefix=StagedProducts/Elevation/metadata/Maine_and_Massachusetts_QL1_and_QL2_LiDAR_BAA/ME_ME_MA_QL2_L1_2015,8.0,0.0,0.0,,
https://prd-tnm.s3.amazonaws.com/index.html?prefix=StagedProducts/Elevation/metadata/ME_MidCentral_B23/ME_MidCentral_1_B23,6.0,0.0,0.0,,
https://prd-tnm.s3.amazonaws.com/index.html?prefix=StagedProducts/Elevation/metadata/ME_MidCoast_2021_B21/ME_MidCoast_1_2021,6.0,0.0,0.0,,
https://prd-tnm.s3.amazonaws.com/index.html?prefix=StagedProducts/Elevation/metadata/ME_MidCoast_2021_B21/ME_MidCoast_2_2021,6.0,0.0,0.0,,
https://prd-tnm.s3.amazonaws.com/index.html?prefix=StagedProducts/Elevation/metadata/ME_MidCoast_2021_B21/ME_MidCoast_3_2021,6.0,0.0,0.0,,
https://prd-tnm.s3.amazonaws.com/index.html?prefix=StagedProducts/Elevation/metadata/ME_SouthCentral_B22/ME_SouthCentral_1_B22,7.0,0.0,0.0,,
https://prd-tnm.s3.amazonaws.com/index.html?prefix=StagedProducts/Elevation/metadata/ME_SouthCoastal_2020_A20/ME_SouthCoastal_1_2020,5.0,0.0,0.0,,
https://prd-tnm.s3.amazonaws.com/index.html?prefix=StagedProducts/Elevation/metadata/ME_SouthCoastal_2020_A20/ME_SouthCoastal_2_2020,5.0,0.0,0.0,,
https://prd-tnm.s3.amazonaws.com/index.html?prefix=StagedProducts/Elevation/metadata/MI_31County_2016_A16/MI_31Co,6.0,0.0,0.0,,
https://prd-tnm.s3.amazonaws.com/index.html?prefix=StagedProducts/Elevation/metadata/MI_31County_2016_A16/MI_31Co_ChippewaCo_TL_2017,8.0,0.0,0.0,,
https://prd-tnm.s3.amazonaws.com/index.html?prefix=StagedProducts/Elevation/metadata/MI_31County_2016_A16/MI_31Co_EatonB_2016,2.0,0.0,0.0,,
https://prd-tnm.s3.amazonaws.com/index.html?prefix=StagedProducts/Elevation/metadata/MI_31County_2016_A16/MI_31Co_InghamB_2016,4.0,0.0,0.0,,
https://prd-tnm.s3.amazonaws.com/index.html?prefix=StagedProducts/Elevation/metadata/MI_31County_2016_A16/MI_31Co_Ogemaw_2016,6.0,0.0,0.0,,
https://prd-tnm.s3.amazonaws.com/index.html?prefix=StagedProducts/Elevation/metadata/MI_13County_2015_C16/MI_Baraga_2015,6.0,0.0,0.0,,
https://prd-tnm.s3.amazonaws.com/index.html?prefix=StagedProducts/Elevation/metadata/MI_Branch-Calhoun_2017/MI_CalhounCo_2017,5.0,4.0,0.0,off,"260051_Terrain_metadata.xml: ... possible in order to cover in its entirety. Due to the timing constraints of weather and leaf off conditions requirement, and the high quality of the CORS ne..."
https://prd-tnm.s3.amazonaws.com/index.html?prefix=StagedProducts/Elevation/metadata/MI_CharlevoixCounty_2018_A18/MI_Charlevoix_Islands_TL_2018,7.0,0.0,0.0,,
https://prd-tnm.s3.amazonaws.com/index.html?prefix=StagedProducts/Elevation/metadata/legacy/MI_DICKINSONCO-NRCS_2012,1.0,0.0,0.0,,
https://prd-tnm.s3.amazonaws.com/index.html?prefix=StagedProducts/Elevation/metadata/MI_FEMA_2019_C19/MI_FEMA_Alcona_Oscoda_2019,8.0,0.0,0.0,,
https://prd-tnm.s3.amazonaws.com/index.html?prefix=StagedProducts/Elevation/metadata/MI_FEMA_2019_C19/MI_FEMA_Alpena_Montmorency_2019,8.0,0.0,0.0,,
https://prd-tnm.s3.amazonaws.com/index.html?prefix=StagedProducts/Elevation/metadata/MI_FEMA_2019_C19/MI_FEMA_Cheboygan_2019,8.0,0.0,0.0,,
https://prd-tnm.s3.amazonaws.com/index.html?prefix=StagedProducts/Elevation/metadata/MI_FEMA_2019_C19/MI_FEMA_Chippewa_2019,8.0,0.0,0.0,,
https://prd-tnm.s3.amazonaws.com/index.html?prefix=StagedProducts/Elevation/metadata/MI_FEMA_2019_C19/MI_FEMA_Crawford_Kalkaska_2019,7.0,0.0,0.0,,
https://prd-tnm.s3.amazonaws.com/index.html?prefix=StagedProducts/Elevation/metadata/MI_FEMA_2019_C19/MI_FEMA_Dickinson_Iron_Menominee_2019,7.0,0.0,0.0,,
https://prd-tnm.s3.amazonaws.com/index.html?prefix=StagedProducts/Elevation/metadata/MI_FEMA_2019_C19/MI_FEMA_Gogebic_2019,8.0,0.0,0.0,,
https://prd-tnm.s3.amazonaws.com/index.html?prefix=StagedProducts/Elevation/metadata/MI_FEMA_2019_C19/MI_FEMA_Houghton_Keweenaw_Ontonagon_2019,8.0,0.0,0.0,,
https://prd-tnm.s3.amazonaws.com/index.html?prefix=StagedProducts/Elevation/metadata/MI_FEMA_2019_C19/MI_FEMA_Luce_Schoolcraft_2019,8.0,0.0,0.0,,
https://prd-tnm.s3.amazonaws.com/index.html?prefix=StagedProducts/Elevation/metadata/legacy/MI_LAKEERIE_UTM16_2010,4.0,0.0,0.0,,
https://prd-tnm.s3.amazonaws.com/index.html?prefix=StagedProducts/Elevation/metadata/legacy/MI_LAKEERIE_UTM17_2010,4.0,0.0,0.0,,
https://prd-tnm.s3.amazonaws.com/index.html?prefix=StagedProducts/Elevation/metadata/MI_13County_2015_C16/MI_Marquette_2015,6.0,0.0,0.0,,
https://prd-tnm.s3.amazonaws.com/index.html?prefix=StagedProducts/Elevation/metadata/legacy/MI_SAGINAWBAY_2011,5.0,0.0,0.0,,
https://prd-tnm.s3.amazonaws.com/index.html?prefix=StagedProducts/Elevation/metadata/MN_BeckerCounty_2021_D21/MN_BeckerCo_1_2021,4.0,0.0,0.0,,
https://prd-tnm.s3.amazonaws.com/index.html?prefix=StagedProducts/Elevation/metadata/MN_CentralMissRiver_B22/MN_CentralMissRiver_1_B22,6.0,0.0,0.0,,
https://prd-tnm.s3.amazonaws.com/index.html?prefix=StagedProducts/Elevation/metadata/MN_CentralMissRiver_B22/MN_CentralMissRiver_2_B22,5.0,0.0,0.0,,
https://prd-tnm.s3.amazonaws.com/index.html?prefix=StagedProducts/Elevation/metadata/MN_CentralMissRiver_B22/MN_CentralMissRiver_3_B22,8.0,0.0,0.0,,
https://prd-tnm.s3.amazonaws.com/index.html?prefix=StagedProducts/Elevation/metadata/MN_CentralMissRiver_B22/MN_CentralMissRiver_4_B22,6.0,0.0,0.0,,
https://prd-tnm.s3.amazonaws.com/index.html?prefix=StagedProducts/Elevation/metadata/MN_CentralMissRiver_B22/MN_CentralMissRiver_5_B22,7.0,0.0,0.0,,
https://prd-tnm.s3.amazonaws.com/index.html?prefix=StagedProducts/Elevation/metadata/MN_CentralMissRiver_B22/MN_CentralMissRiver_6_B22,6.0,0.0,0.0,,
https://prd-tnm.s3.amazonaws.com/index.html?prefix=StagedProducts/Elevation/metadata/legacy/MN_CHIPPEWACO_2010,2.0,0.0,0.0,,
https://prd-tnm.s3.amazonaws.com/index.html?prefix=StagedProducts/Elevation/metadata/legacy/MN_COTTONWOODCO_2010,2.0,0.0,0.0,,
https://prd-tnm.s3.amazonaws.com/index.html?prefix=StagedProducts/Elevation/metadata/MN_GoodhueCounty_2020_A20/MN_GoodhueCo_1_2020,7.0,3.0,0.0,off,"Goodhue_Co_MN_DEM.xml: ...ber 4040 from April 08, 2020 to May 03, 2020 in 13 total lifts. Acquisition occurred with leaves absent from deciduous trees, when no snow was present on the groun..."
https://prd-tnm.s3.amazonaws.com/index.html?prefix=StagedProducts/Elevation/metadata/legacy/MN_KANDIYOHICO_2010,2.0,0.0,0.0,,
https://prd-tnm.s3.amazonaws.com/index.html?prefix=StagedProducts/Elevation/metadata/MN_LakeCounty_2018_C20/MN_LakeCounty_2018,8.0,0.0,0.0,,
https://prd-tnm.s3.amazonaws.com/index.html?prefix=StagedProducts/Elevation/metadata/MN_LakeSuperior_2021_B21/MN_LakeSuperior_1_2021,5.0,0.0,0.0,,
https://prd-tnm.s3.amazonaws.com/index.html?prefix=StagedProducts/Elevation/metadata/MN_LakeSuperior_2021_B21/MN_LakeSuperior_2_2021,5.0,0.0,0.0,,
https://prd-tnm.s3.amazonaws.com/index.html?prefix=StagedProducts/Elevation/metadata/MN_MissouriRiverBigSioux_2021_B21/MN_MORiverBigSioux_1_B21,5.0,2.0,0.0,off,"MN_MissouriRiverBigSioux_2021_B21_QL1_DEM_XML_Metadata_B1.xml: ...tween the aircraft and ground, 2) Snow free, 3) No unusual flooding or inundation, and 4) Leaf off. The lidar collection for the MN_MissouriRiverBigSioux_2021..."
https://prd-tnm.s3.amazonaws.com/index.html?prefix=StagedProducts/Elevation/metadata/legacy/MN_MURRAYCO_2010,2.0,0.0,0.0,,
https://prd-tnm.s3.amazonaws.com/index.html?prefix=StagedProducts/Elevation/metadata/MN_RainyLake_2020_B20/MN_RainyLake_1_2020,7.0,0.0,0.0,,
https://prd-tnm.s3.amazonaws.com/index.html?prefix=StagedProducts/Elevation/metadata/MN_RainyLake_2020_B20/MN_RainyLake_2_2020,6.0,0.0,0.0,,
https://prd-tnm.s3.amazonaws.com/index.html?prefix=StagedProducts/Elevation/metadata/legacy/MN_RENVILLECO_2010,2.0,0.0,0.0,,
https://prd-tnm.s3.amazonaws.com/index.html?prefix=StagedProducts/Elevation/metadata/MN_RiverEast_B23/MN_RiverEast_1_B23,5.0,0.0,0.0,,
https://prd-tnm.s3.amazonaws.com/index.html?prefix=StagedProducts/Elevation/metadata/MN_RiverWest_B23/MN_RiverWest_1_B23,5.0,2.0,0.0,off,"MN_RiverWest_1_DEM_utm15.xml: ... USGS-NGP Lidar Base Specification 2022, rev. A. This task is for providing a spring 2023 leaf-off and snow-free lidar survey over an area of approximately 8,..."
https://prd-tnm.s3.amazonaws.com/index.html?prefix=StagedProducts/Elevation/metadata/MN_RiverWest_B23/MN_RiverWest_2_B23,7.0,0.0,0.0,,
https://prd-tnm.s3.amazonaws.com/index.html?prefix=StagedProducts/Elevation/metadata/MN_RiverWest_B23/MN_RiverWest_3_B23,7.0,0.0,0.0,,
https://prd-tnm.s3.amazonaws.com/index.html?prefix=StagedProducts/Elevation/metadata/legacy/MN_ROCKCO_2010,2.0,0.0,0.0,,
https://prd-tnm.s3.amazonaws.com/index.html?prefix=StagedProducts/Elevation/metadata/MN_SE_Driftless_2021_B21/MN_SEDriftless_1_2021,6.0,0.0,0.0,,
https://prd-tnm.s3.amazonaws.com/index.html?prefix=StagedProducts/Elevation/metadata/MN_SE_Driftless_2021_B21/MN_SEDriftless_2_2021,6.0,0.0,0.0,,
https://prd-tnm.s3.amazonaws.com/index.html?prefix=StagedProducts/Elevation/metadata/MN_SE_Driftless_2021_B21/MN_SEDriftless_3_2021,6.0,0.0,0.0,,
https://prd-tnm.s3.amazonaws.com/index.html?prefix=StagedProducts/Elevation/metadata/MN_SE_Driftless_2021_B21/MN_SEDriftless_4_2021,5.0,0.0,0.0,,
https://prd-tnm.s3.amazonaws.com/index.html?prefix=StagedProducts/Elevation/metadata/MN_SE_Driftless_2021_B21/MN_SEDriftless_5_2021,6.0,0.0,0.0,,
https://prd-tnm.s3.amazonaws.com/index.html?prefix=StagedProducts/Elevation/metadata/legacy/MN_SIBLEYCO_2010,2.0,0.0,0.0,,
https://prd-tnm.s3.amazonaws.com/index.html?prefix=StagedProducts/Elevation/metadata/legacy/MN_SWIFTCO_2010,2.0,0.0,0.0,,
https://prd-tnm.s3.amazonaws.com/index.html?prefix=StagedProducts/Elevation/metadata/MN_UpperMissRiver_B22/MN_UpperMissRiver_2_B22,5.0,2.0,0.0,off,"MN_UpperMSRiver_B2_DEM_utm15.xml: ... USGS-NGP Lidar Base Specification 2021, rev. A. This task is for providing a spring 2022 leaf-off and snow-free lidar survey over an area of approximately 13..."
https://prd-tnm.s3.amazonaws.com/index.html?prefix=StagedProducts/Elevation/metadata/MN_UpperMissRiver_B22/MN_UpperMissRiver_4_B22,5.0,2.0,0.0,off,"MN_UpperMSRiver_B4_DEM_utm15.xml: ... USGS-NGP Lidar Base Specification 2021, rev. A. This task is for providing a spring 2022 leaf-off and snow-free lidar survey over an area of approximately 13..."
https://prd-tnm.s3.amazonaws.com/index.html?prefix=StagedProducts/Elevation/metadata/MN_UpperMissRiver_B22/MN_UpperMissRiver_5_B22,5.0,2.0,0.0,off,"MN_UpperMSRiver_B5_DEM_utm15.xml: ... USGS-NGP Lidar Base Specification 2021, rev. A. This task is for providing a spring 2022 leaf-off and snow-free lidar survey over an area of approximately 13..."
https://prd-tnm.s3.amazonaws.com/index.html?prefix=StagedProducts/Elevation/metadata/MN_UpperMissRiver_B22/MN_UpperMissRiver_6_B22,5.0,2.0,0.0,off,"MN_UpperMSRiver_B6_DEM_utm15.xml: ... USGS-NGP Lidar Base Specification 2021, rev. A. This task is for providing a spring 2022 leaf-off and snow-free lidar survey over an area of approximately 13..."
https://prd-tnm.s3.amazonaws.com/index.html?prefix=StagedProducts/Elevation/metadata/legacy/MN_WASECACO_2010,2.0,0.0,0.0,,
https://prd-tnm.s3.amazonaws.com/index.html?prefix=StagedProducts/Elevation/metadata/MO_7County_D23/MO_7Co_1_D23,8.0,1.0,0.0,off,MO_7County_D23_Classified_LAS.xml: ...s of the AOIs. Ground Conditions: water at normal levels; no unusual inundation; no snow; leaf off. How the Withheld Points are Identified: Withheld (ignore) ...
https://prd-tnm.s3.amazonaws.com/index.html?prefix=StagedProducts/Elevation/metadata/MO_AR_2014_Lidar/MO-AR_CapeGirardeau-Stoddard_2013,5.0,0.0,0.0,,
https://prd-tnm.s3.amazonaws.com/index.html?prefix=StagedProducts/Elevation/metadata/MO_AR_2014_Lidar/MO_AR_CapeGirardeau_Stoddard_UTM15_2013,8.0,0.0,0.0,,
https://prd-tnm.s3.amazonaws.com/index.html?prefix=StagedProducts/Elevation/metadata/legacy/MO_ADAIRCO_2011,5.0,0.0,0.0,,
https://prd-tnm.s3.amazonaws.com/index.html?prefix=StagedProducts/Elevation/metadata/legacy/MO_BARRYCO_2011,2.0,0.0,0.0,,
https://prd-tnm.s3.amazonaws.com/index.html?prefix=StagedProducts/Elevation/metadata/legacy/MO_BOONECO_2009,1.0,0.0,0.0,,
https://prd-tnm.s3.amazonaws.com/index.html?prefix=StagedProducts/Elevation/metadata/legacy/MO_CLAY_COUNTY_2008,3.0,0.0,0.0,,
https://prd-tnm.s3.amazonaws.com/index.html?prefix=StagedProducts/Elevation/metadata/legacy/MO_COLE-CALLAWAY-OSAGE_2010,1.0,0.0,0.0,,
https://prd-tnm.s3.amazonaws.com/index.html?prefix=StagedProducts/Elevation/metadata/legacy/MO_COOPERCO_2011,5.0,0.0,0.0,,
https://prd-tnm.s3.amazonaws.com/index.html?prefix=StagedProducts/Elevation/metadata/legacy/MO_DUCKCREEK_2009,1.0,0.0,0.0,,
https://prd-tnm.s3.amazonaws.com/index.html?prefix=StagedProducts/Elevation/metadata/legacy/MO_DUNKLINCO_2012,1.0,1.0,0.0,off,"NRCS_Dunklin_County_Missouri_Classified_LAS_Metadata.xml: ...0 square miles of an area encompassing Dunklin County, Missouri. Data was acquired during leaf-off conditions while no snow was on the ground and rivers were ..."
https://prd-tnm.s3.amazonaws.com/index.html?prefix=StagedProducts/Elevation/metadata/MO_FEMANRCS_2020_D20/MO_FEMANRCS_1_2020,6.0,0.0,0.0,,
https://prd-tnm.s3.amazonaws.com/index.html?prefix=StagedProducts/Elevation/metadata/MO_FEMANRCS_2020_D20/MO_FEMANRCS_2_2020,6.0,0.0,0.0,,
https://prd-tnm.s3.amazonaws.com/index.html?prefix=StagedProducts/Elevation/metadata/MO_FEMANRCS_2020_D20/MO_FEMANRCS_3_2020,5.0,0.0,0.0,,
https://prd-tnm.s3.amazonaws.com/index.html?prefix=StagedProducts/Elevation/metadata/legacy/MO_FRANKLINCO_2011,3.0,0.0,0.0,,
https://prd-tnm.s3.amazonaws.com/index.html?prefix=StagedProducts/Elevation/metadata/legacy/MO_GREENECO_2011,0.0,0.0,0.0,,
https://prd-tnm.s3.amazonaws.com/index.html?prefix=StagedProducts/Elevation/metadata/legacy/MO_HOWARDCO_2011,4.0,0.0,0.0,,
https://prd-tnm.s3.amazonaws.com/index.html?prefix=StagedProducts/Elevation/metadata/legacy/MO_JASPERCO_2010,1.0,0.0,0.0,,
https://prd-tnm.s3.amazonaws.com/index.html?prefix=StagedProducts/Elevation/metadata/legacy/MO_JEFFERSONGENEVIEVE_2010,1.0,0.0,0.0,,
https://prd-tnm.s3.amazonaws.com/index.html?prefix=StagedProducts/Elevation/metadata/legacy/MO_LINCOLNCO_2011,3.0,0.0,0.0,,
https://prd-tnm.s3.amazonaws.com/index.html?prefix=StagedProducts/Elevation/metadata/legacy/MO_LIVINGSTONCO_2011,1.0,0.0,0.0,,
https://prd-tnm.s3.amazonaws.com/index.html?prefix=StagedProducts/Elevation/metadata/legacy/MO_LIVINGSTONCOUNTY_2011,4.0,0.0,0.0,,
https://prd-tnm.s3.amazonaws.com/index.html?prefix=StagedProducts/Elevation/metadata/legacy/MO_MACONCO_2011,2.0,0.0,0.0,,
https://prd-tnm.s3.amazonaws.com/index.html?prefix=StagedProducts/Elevation/metadata/legacy/MO_MONROEAUDRAINMONTGOMERYCOS_2011,3.0,0.0,0.0,,
https://prd-tnm.s3.amazonaws.com/index.html?prefix=StagedProducts/Elevation/metadata/MO_Northern_SEMO_2021_D21/MO_NSEMO_1_2021,8.0,0.0,0.0,,
https://prd-tnm.s3.amazonaws.com/index.html?prefix=StagedProducts/Elevation/metadata/MO_Northern_SEMO_2021_D21/MO_NSEMO_2_2021,7.0,0.0,0.0,,
https://prd-tnm.s3.amazonaws.com/index.html?prefix=StagedProducts/Elevation/metadata/legacy/MO_PLATTE_COUNTY_2008,3.0,0.0,0.0,,
https://prd-tnm.s3.amazonaws.com/index.html?prefix=StagedProducts/Elevation/metadata/legacy/MO_PUTNAMCO_2011,4.0,0.0,0.0,,
https://prd-tnm.s3.amazonaws.com/index.html?prefix=StagedProducts/Elevation/metadata/legacy/MO_RANDOLPHCO_2012,4.0,0.0,0.0,,
https://prd-tnm.s3.amazonaws.com/index.html?prefix=StagedProducts/Elevation/metadata/legacy/MO_RAYCO_2011,4.0,0.0,0.0,,
https://prd-tnm.s3.amazonaws.com/index.html?prefix=StagedProducts/Elevation/metadata/legacy/MO_ROLLA_2011,4.0,0.0,0.0,,
https://prd-tnm.s3.amazonaws.com/index.html?prefix=StagedProducts/Elevation/metadata/MO_SE11County_B24/MO_SE11County_1_B24,6.0,0.0,0.0,,
https://prd-tnm.s3.amazonaws.com/index.html?prefix=StagedProducts/Elevation/metadata/MO_SouthernMO_D22/MO_SouthernMO_1_D22,7.0,1.0,0.0,off,Mo_SouthernMo_D22_Classified_LAS.xml: ...s of the AOIs. Ground Conditions: water at normal levels; no unusual inundation; no snow; leaf off. How the Withheld Points are Identified: Withheld (ignore) ...
https://prd-tnm.s3.amazonaws.com/index.html?prefix=StagedProducts/Elevation/metadata/MO_SouthernMO_D22/MO_SouthernMO_2_D22,8.0,1.0,0.0,off,Mo_SouthernMo_D22_Classified_LAS.xml: ...s of the AOIs. Ground Conditions: water at normal levels; no unusual inundation; no snow; leaf off. How the Withheld Points are Identified: Withheld (ignore) ...
https://prd-tnm.s3.amazonaws.com/index.html?prefix=StagedProducts/Elevation/metadata/MO_Southwest_2021_D21/MO_Southwest_1_2021,6.0,1.0,0.0,off,MO_Southwest_2021_D21_Classified_LAS_D1.xml: ...s of the AOIs. Ground Conditions: water at normal levels; no unusual inundation; no snow; leaf off. How the Withheld Points are Identified: Withheld (ignore) ...
https://prd-tnm.s3.amazonaws.com/index.html?prefix=StagedProducts/Elevation/metadata/MO_Southwest_2021_D21/MO_Southwest_2_2021,7.0,1.0,0.0,off,MO_Southwest_2021_D21_Classified_LAS_D2.xml: ...s of the AOIs. Ground Conditions: water at normal levels; no unusual inundation; no snow; leaf off. How the Withheld Points are Identified: Withheld (ignore) ...
https://prd-tnm.s3.amazonaws.com/index.html?prefix=StagedProducts/Elevation/metadata/legacy/MO_STFRANCOISCO_2011,2.0,0.0,0.0,,
https://prd-tnm.s3.amazonaws.com/index.html?prefix=StagedProducts/Elevation/metadata/legacy/MO_STFRANCOIS_2012,3.0,0.0,0.0,,
https://prd-tnm.s3.amazonaws.com/index.html?prefix=StagedProducts/Elevation/metadata/legacy/MO_STLOUIS_2012,4.0,0.0,0.0,,
https://prd-tnm.s3.amazonaws.com/index.html?prefix=StagedProducts/Elevation/metadata/legacy/MO_STEELVILLE_2011,4.0,0.0,0.0,,
https://prd-tnm.s3.amazonaws.com/index.html?prefix=StagedProducts/Elevation/metadata/legacy/MO_SULLIVANCO_2012,4.0,0.0,0.0,,
https://prd-tnm.s3.amazonaws.com/index.html?prefix=StagedProducts/Elevation/metadata/legacy/MO_UPPERGRAND_2011,1.0,0.0,0.0,,
https://prd-tnm.s3.amazonaws.com/index.html?prefix=StagedProducts/Elevation/metadata/legacy/MO_WASHINTON-IRONCO_2011,2.0,0.0,0.0,,
https://prd-tnm.s3.amazonaws.com/index.html?prefix=StagedProducts/Elevation/metadata/MO_WestCentral_2018_D19/MO_WestCentral_1_2018,5.0,0.0,0.0,,
https://prd-tnm.s3.amazonaws.com/index.html?prefix=StagedProducts/Elevation/metadata/MO_WestCentral_2018_D19/MO_WestCentral_2_2018,6.0,0.0,0.0,,
https://prd-tnm.s3.amazonaws.com/index.html?prefix=StagedProducts/Elevation/metadata/MO_WestCentral_2018_D19/MO_WestCentral_3_2018,5.0,0.0,0.0,,
https://prd-tnm.s3.amazonaws.com/index.html?prefix=StagedProducts/Elevation/metadata/MO_WestCentral_2018_D19/MO_WestCentral_4_2018,6.0,0.0,0.0,,
https://prd-tnm.s3.amazonaws.com/index.html?prefix=StagedProducts/Elevation/metadata/legacy/MS_CAMPSHELBY_2006,3.0,0.0,0.0,,
https://prd-tnm.s3.amazonaws.com/index.html?prefix=StagedProducts/Elevation/metadata/legacy/MS_MSDELTAYAZOO-PHASE1_2009,4.0,2.0,0.0,off,MississippiRiverDelta_Project_Metadata.xml: ...ssissippi River Delta in the Vicksburg District. This area was flown during snow free and leaf-off conditions. Lifts were planned to meet project specificatio...
https://prd-tnm.s3.amazonaws.com/index.html?prefix=StagedProducts/Elevation/metadata/MS_Central_Delta_2018_D18/MS_MississippiDelta_3_2018,6.0,0.0,0.0,,
https://prd-tnm.s3.amazonaws.com/index.html?prefix=StagedProducts/Elevation/metadata/MS_Central_Delta_2018_D18/MS_MississippiDelta_4_2018,6.0,0.0,0.0,,
https://prd-tnm.s3.amazonaws.com/index.html?prefix=StagedProducts/Elevation/metadata/MS_Central_Delta_2018_D18/MS_MississippiDelta_A1_2018,6.0,0.0,0.0,,
https://prd-tnm.s3.amazonaws.com/index.html?prefix=StagedProducts/Elevation/metadata/MS_Central_Delta_2018_D18/MS_MississippiDelta_A2_2018,6.0,0.0,0.0,,
https://prd-tnm.s3.amazonaws.com/index.html?prefix=StagedProducts/Elevation/metadata/NRCS_Lauderdale_MS_07m_NPS_LiDAR/MS_NRCS-LAUDERDALE_2013,6.0,0.0,0.0,,
https://prd-tnm.s3.amazonaws.com/index.html?prefix=StagedProducts/Elevation/metadata/MS_NRCS_East_2018_B19/MS_NRCS_East_1_2018,7.0,5.0,0.0,off,"19059_Block2_DEM_USGS_MS_NRCS_East.xml: ...19 UTM 15 DEM Raster USGS NGTOC task order 140G0219F0262 required Fall 2019 / Spring 2020 leaf-off LiDAR surveys to be collected over 6,245 square miles cover..."
https://prd-tnm.s3.amazonaws.com/index.html?prefix=StagedProducts/Elevation/metadata/MS_NRCS_East_2018_B19/MS_NRCS_East_2_2018,8.0,4.0,0.0,off,"19059_Block1_DEM_USGS_MS_NRCS_East.xml: ...01 UTM 16 DEM Raster USGS NGTOC task order 140G0219F0262 required Fall 2019 / Spring 2020 leaf-off LiDAR surveys to be collected over 6,245 square miles cover..."
https://prd-tnm.s3.amazonaws.com/index.html?prefix=StagedProducts/Elevation/metadata/MS_NRCS_East_2018_B19/MS_NRCS_East_3_2018,8.0,4.0,0.0,off,"19059_Block3_DEM_USGS_MS_NRCS_East.xml: ...19 UTM 15 DEM Raster USGS NGTOC task order 140G0219F0262 required Fall 2019 / Spring 2020 leaf-off LiDAR surveys to be collected over 6,245 square miles cover..."
https://prd-tnm.s3.amazonaws.com/index.html?prefix=StagedProducts/Elevation/metadata/MS_NRCS_East_2018_B19/MS_NRCS_East_4_2018,8.0,2.0,0.0,off,"19059_Block3_DEM_USGS_MS_NRCS_East.xml: ...19 UTM 16 DEM Raster USGS NGTOC task order 140G0219F0262 required Fall 2019 / Spring 2020 leaf-off LiDAR surveys to be collected over 6,245 square miles cover..."
https://prd-tnm.s3.amazonaws.com/index.html?prefix=StagedProducts/Elevation/metadata/legacy/MS_TUPELO_2012,7.0,0.0,0.0,,
https://prd-tnm.s3.amazonaws.com/index.html?prefix=StagedProducts/Elevation/metadata/MT_DNRC_2018_C20/MT_DNRC_1_2018,8.0,2.0,0.0,off,CORRECTED_TownOfBaker_MT_RasterDEM_Metadata.xml: ...generally encompassing portions of the Town of Baker in Montana. Data was acquired during leaf-off conditions while no snow was on the ground and rivers were ...
https://prd-tnm.s3.amazonaws.com/index.html?prefix=StagedProducts/Elevation/metadata/MT_HighlineCompletionWibaux_2021_D21/MT_HCW_1_2021,6.0,0.0,0.0,,
https://prd-tnm.s3.amazonaws.com/index.html?prefix=StagedProducts/Elevation/metadata/MT_HighlineCompletionWibaux_2021_D21/MT_HCW_2_2021,6.0,0.0,0.0,,
https://prd-tnm.s3.amazonaws.com/index.html?prefix=StagedProducts/Elevation/metadata/legacy/MT_HELENA_2012,1.0,0.0,0.0,,
https://prd-tnm.s3.amazonaws.com/index.html?prefix=StagedProducts/Elevation/metadata/MT_NRCS_MT_2018_D18/MT_NRCS_B1_QL1_2018,6.0,0.0,0.0,,
https://prd-tnm.s3.amazonaws.com/index.html?prefix=StagedProducts/Elevation/metadata/MT_NRCS_MT_2018_D18/MT_NRCS_B1_QL2_2018,5.0,0.0,0.0,,
https://prd-tnm.s3.amazonaws.com/index.html?prefix=StagedProducts/Elevation/metadata/MT_NRCS_MT_2018_D18/MT_NRCS_B2_2018,5.0,0.0,0.0,,
https://prd-tnm.s3.amazonaws.com/index.html?prefix=StagedProducts/Elevation/metadata/MT_RavalliGraniteCusterPowder_2019_B19/MT_RavalliGraniteCusterPowder_2_2019,6.0,0.0,0.0,,
https://prd-tnm.s3.amazonaws.com/index.html?prefix=StagedProducts/Elevation/metadata/MT_RavalliGraniteCusterPowder_2019_B19/MT_RavalliGraniteCusterPowder_1_2019,5.0,0.0,0.0,,
https://prd-tnm.s3.amazonaws.com/index.html?prefix=StagedProducts/Elevation/metadata/MT_RavalliGraniteCusterPowder_2019_B19/MT_RavalliGraniteCusterPowder_4_2019,6.0,0.0,0.0,,
https://prd-tnm.s3.amazonaws.com/index.html?prefix=StagedProducts/Elevation/metadata/legacy/MT_SAGEGROUSE_2010,5.0,0.0,0.0,,
https://prd-tnm.s3.amazonaws.com/index.html?prefix=StagedProducts/Elevation/metadata/MT_Statewide_Phase4_B22/MT_StatewideP4_1_B22,7.0,0.0,0.0,,
https://prd-tnm.s3.amazonaws.com/index.html?prefix=StagedProducts/Elevation/metadata/MT_Statewide_Phase4_B22/MT_StatewideP4_2_B22,8.0,0.0,0.0,,
https://prd-tnm.s3.amazonaws.com/index.html?prefix=StagedProducts/Elevation/metadata/MT_Statewide_Phase4_B22/MT_StatewideP4_3_B22,8.0,0.0,0.0,,
https://prd-tnm.s3.amazonaws.com/index.html?prefix=StagedProducts/Elevation/metadata/MT_Statewide_Phase4_B22/MT_StatewideP4_4_B22,7.0,0.0,0.0,,
https://prd-tnm.s3.amazonaws.com/index.html?prefix=StagedProducts/Elevation/metadata/MT_Statewide_Phase4_B22/MT_StatewideP4_5_B22,7.0,0.0,0.0,,
https://prd-tnm.s3.amazonaws.com/index.html?prefix=StagedProducts/Elevation/metadata/MT_Statewide_Phase4_B22/MT_StatewideP4_6_B22,7.0,0.0,0.0,,
https://prd-tnm.s3.amazonaws.com/index.html?prefix=StagedProducts/Elevation/metadata/MT_Statewide_Phase4_B22/MT_StatewideP4_7_B22,6.0,0.0,0.0,,
https://prd-tnm.s3.amazonaws.com/index.html?prefix=StagedProducts/Elevation/metadata/MT_Statewide_Phase4_B22/MT_StatewideP4_8_B22,5.0,0.0,0.0,,
https://prd-tnm.s3.amazonaws.com/index.html?prefix=StagedProducts/Elevation/metadata/MT_Statewide_Phase4_B22/MT_StatewideP4_9_B22,6.0,0.0,0.0,,
https://prd-tnm.s3.amazonaws.com/index.html?prefix=StagedProducts/Elevation/metadata/MT_Statewide_Phase2_2020_B20/MT_Statewide_P2_1_2020,5.0,0.0,0.0,,
https://prd-tnm.s3.amazonaws.com/index.html?prefix=StagedProducts/Elevation/metadata/MT_Statewide_Phase2_2020_B20/MT_Statewide_P2_2_2020,6.0,0.0,0.0,,
https://prd-tnm.s3.amazonaws.com/index.html?prefix=StagedProducts/Elevation/metadata/MT_Statewide_Phase2_2020_B20/MT_Statewide_P2_3_2020,6.0,0.0,0.0,,
https://prd-tnm.s3.amazonaws.com/index.html?prefix=StagedProducts/Elevation/metadata/MT_Statewide_Phase2_2020_B20/MT_Statewide_P2_4_2020,7.0,0.0,0.0,,
https://prd-tnm.s3.amazonaws.com/index.html?prefix=StagedProducts/Elevation/metadata/MT_Statewide_Phase2_2020_B20/MT_Statewide_P2_5_2020,6.0,0.0,0.0,,
https://prd-tnm.s3.amazonaws.com/index.html?prefix=StagedProducts/Elevation/metadata/MT_Statewide_Phase3_2021_B21/MT_Statewide_P3_1_B21,6.0,0.0,0.0,,
https://prd-tnm.s3.amazonaws.com/index.html?prefix=StagedProducts/Elevation/metadata/MT_Statewide_Phase3_2021_B21/MT_Statewide_P3_2_B21,5.0,0.0,0.0,,
https://prd-tnm.s3.amazonaws.com/index.html?prefix=StagedProducts/Elevation/metadata/MT_Statewide_Phase3_2021_B21/MT_Statewide_P3_3_B21,7.0,0.0,0.0,,
https://prd-tnm.s3.amazonaws.com/index.html?prefix=StagedProducts/Elevation/metadata/MT_Statewide_Phase3_2021_B21/MT_Statewide_P3_4_B21,8.0,0.0,0.0,,
https://prd-tnm.s3.amazonaws.com/index.html?prefix=StagedProducts/Elevation/metadata/MT_Statewide_Phase3_2021_B21/MT_Statewide_P3_5_B21,6.0,0.0,0.0,,
https://prd-tnm.s3.amazonaws.com/index.html?prefix=StagedProducts/Elevation/metadata/NC_Phase2_2014/NC_BladenCo_2014,8.0,4.0,0.0,off,NC_Phase2_DEM_FINAL.xml: ...7123) and an Optech Pegasus HA500 (serial number 13SEN303). All data was collected during leaf-off conditions and the three coastal counties within the projec...
https://prd-tnm.s3.amazonaws.com/index.html?prefix=StagedProducts/Elevation/metadata/NC_Phase2_2014/NC_BrunswickCo_2014,8.0,4.0,0.0,off,NC_Phase2_DEM_FINAL.xml: ...7123) and an Optech Pegasus HA500 (serial number 13SEN303). All data was collected during leaf-off conditions and the three coastal counties within the projec...
https://prd-tnm.s3.amazonaws.com/index.html?prefix=StagedProducts/Elevation/metadata/NC_Phase2_2014/NC_ColumbusCo_2014,8.0,2.0,0.0,off,NC_Phase2_DEM_FINAL.xml: ...7123) and an Optech Pegasus HA500 (serial number 13SEN303). All data was collected during leaf-off conditions and the three coastal counties within the projec...
https://prd-tnm.s3.amazonaws.com/index.html?prefix=StagedProducts/Elevation/metadata/NC_Phase2_2014/NC_DuplinCo_2014,8.0,4.0,0.0,off,NC_Phase2_DEM_FINAL.xml: ...7123) and an Optech Pegasus HA500 (serial number 13SEN303). All data was collected during leaf-off conditions and the three coastal counties within the projec...
https://prd-tnm.s3.amazonaws.com/index.html?prefix=StagedProducts/Elevation/metadata/NC_Phase2_2014/NC_EdgecombeCo_2014,8.0,2.0,0.0,off,NC_Phase2_DEM_FINAL.xml: ...7123) and an Optech Pegasus HA500 (serial number 13SEN303). All data was collected during leaf-off conditions and the three coastal counties within the projec...
https://prd-tnm.s3.amazonaws.com/index.html?prefix=StagedProducts/Elevation/metadata/NC_Phase2_2014/NC_FranklinCo_2014,8.0,2.0,0.0,off,NC_Phase2_DEM_FINAL.xml: ...7123) and an Optech Pegasus HA500 (serial number 13SEN303). All data was collected during leaf-off conditions and the three coastal counties within the projec...
https://prd-tnm.s3.amazonaws.com/index.html?prefix=StagedProducts/Elevation/metadata/NC_Phase2_2014/NC_GreeneCo_2014,8.0,2.0,0.0,off,NC_Phase2_DEM_FINAL.xml: ...7123) and an Optech Pegasus HA500 (serial number 13SEN303). All data was collected during leaf-off conditions and the three coastal counties within the projec...
https://prd-tnm.s3.amazonaws.com/index.html?prefix=StagedProducts/Elevation/metadata/NC_Phase2_2014/NC_HalifaxCo_2014,8.0,4.0,0.0,off,NC_Phase2_DEM_FINAL.xml: ...7123) and an Optech Pegasus HA500 (serial number 13SEN303). All data was collected during leaf-off conditions and the three coastal counties within the projec...
https://prd-tnm.s3.amazonaws.com/index.html?prefix=StagedProducts/Elevation/metadata/NC_HurricaneFlorence_2020_D20/NC_HurFlo_NOAA_12_2020,6.0,0.0,0.0,,
https://prd-tnm.s3.amazonaws.com/index.html?prefix=StagedProducts/Elevation/metadata/NC_HurricaneFlorence_2020_D20/NC_HurFlo_NOAA_13_2020,5.0,0.0,0.0,,
https://prd-tnm.s3.amazonaws.com/index.html?prefix=StagedProducts/Elevation/metadata/NC_HurricaneFlorence_2020_D20/NC_HurFlo_NOAA_14_2020,5.0,0.0,0.0,,
https://prd-tnm.s3.amazonaws.com/index.html?prefix=StagedProducts/Elevation/metadata/NC_HurricaneFlorence_2020_D20/NC_HurFlo_NOAA_15_2020,6.0,0.0,0.0,,
https://prd-tnm.s3.amazonaws.com/index.html?prefix=StagedProducts/Elevation/metadata/NC_HurricaneFlorence_2020_D20/NC_HurricaneFlorence_10_2020,4.0,0.0,0.0,,
https://prd-tnm.s3.amazonaws.com/index.html?prefix=StagedProducts/Elevation/metadata/NC_HurricaneFlorence_2020_D20/NC_HurricaneFlorence_11_2020,6.0,0.0,0.0,,
https://prd-tnm.s3.amazonaws.com/index.html?prefix=StagedProducts/Elevation/metadata/NC_HurricaneFlorence_2020_D20/NC_HurricaneFlorence_1_2020,5.0,0.0,0.0,,
https://prd-tnm.s3.amazonaws.com/index.html?prefix=StagedProducts/Elevation/metadata/NC_HurricaneFlorence_2020_D20/NC_HurricaneFlorence_2_2020,6.0,0.0,0.0,,
https://prd-tnm.s3.amazonaws.com/index.html?prefix=StagedProducts/Elevation/metadata/NC_HurricaneFlorence_2020_D20/NC_HurricaneFlorence_3_2020,5.0,0.0,0.0,,
https://prd-tnm.s3.amazonaws.com/index.html?prefix=StagedProducts/Elevation/metadata/NC_HurricaneFlorence_2020_D20/NC_HurricaneFlorence_4_2020,5.0,0.0,0.0,,
https://prd-tnm.s3.amazonaws.com/index.html?prefix=StagedProducts/Elevation/metadata/NC_HurricaneFlorence_2020_D20/NC_HurricaneFlorence_5_2020,5.0,0.0,0.0,,
https://prd-tnm.s3.amazonaws.com/index.html?prefix=StagedProducts/Elevation/metadata/NC_HurricaneFlorence_2020_D20/NC_HurricaneFlorence_6_2020,5.0,0.0,0.0,,
https://prd-tnm.s3.amazonaws.com/index.html?prefix=StagedProducts/Elevation/metadata/NC_HurricaneFlorence_2020_D20/NC_HurricaneFlorence_7_2020,5.0,0.0,0.0,,
https://prd-tnm.s3.amazonaws.com/index.html?prefix=StagedProducts/Elevation/metadata/NC_HurricaneFlorence_2020_D20/NC_HurricaneFlorence_8_2020,5.0,0.0,0.0,,
https://prd-tnm.s3.amazonaws.com/index.html?prefix=StagedProducts/Elevation/metadata/NC_HurricaneFlorence_2020_D20/NC_HurricaneFlorence_9_2020,5.0,0.0,0.0,,
https://prd-tnm.s3.amazonaws.com/index.html?prefix=StagedProducts/Elevation/metadata/NC_Phase2_2014/NC_JohnstonCo_2014,8.0,4.0,0.0,off,NC_Phase2_DEM.xml: ...7123) and an Optech Pegasus HA500 (serial number 13SEN303). All data was collected during leaf-off conditions and the three coastal counties within the projec...
https://prd-tnm.s3.amazonaws.com/index.html?prefix=StagedProducts/Elevation/metadata/NC_Phase2_2014/NC_LenoirCo_2014,8.0,2.0,0.0,off,NC_Phase2_DEM_FINAL.xml: ...7123) and an Optech Pegasus HA500 (serial number 13SEN303). All data was collected during leaf-off conditions and the three coastal counties within the projec...
https://prd-tnm.s3.amazonaws.com/index.html?prefix=StagedProducts/Elevation/metadata/NC_Phase2_2014/NC_NashCo_2014,8.0,3.0,0.0,off,NC_Phase2_DEM_FINAL.xml: ...7123) and an Optech Pegasus HA500 (serial number 13SEN303). All data was collected during leaf-off conditions and the three coastal counties within the projec...
https://prd-tnm.s3.amazonaws.com/index.html?prefix=StagedProducts/Elevation/metadata/NC_Phase2_2014/NC_NewHanoverCo_2014,8.0,4.0,0.0,off,NC_Phase2_DEM_FINAL.xml: ...7123) and an Optech Pegasus HA500 (serial number 13SEN303). All data was collected during leaf-off conditions and the three coastal counties within the projec...
https://prd-tnm.s3.amazonaws.com/index.html?prefix=StagedProducts/Elevation/metadata/NC_Phase2_2014/NC_PenderCo_2014,8.0,2.0,0.0,off,NC_Phase2_DEM_FINAL.xml: ...7123) and an Optech Pegasus HA500 (serial number 13SEN303). All data was collected during leaf-off conditions and the three coastal counties within the projec...
https://prd-tnm.s3.amazonaws.com/index.html?prefix=StagedProducts/Elevation/metadata/NC_Phase_4_CentralWestNC_GEIGER_A16/NC_Phase4_Lincoln_2016,4.0,4.0,0.0,off,"NCEM_Phase4_DEM_10_foot_Metadata.xml: ...h, Alexander, Catawba, Iredell, Davie, Rowan, and Davidson. All data was collected during leaf-off conditions. Ground survey support for the project included ..."
https://prd-tnm.s3.amazonaws.com/index.html?prefix=StagedProducts/Elevation/metadata/NC_Phase5_2018_A18/NC_Phase5_Ashe_2017,5.0,3.0,0.0,off,"NCEM_Phase5_DEM_3.125_foot_Metadata.xml: ... Polk, Rutherford, Swain, Transylvania, Watauga and Yancey. All data was collected during leaf-off conditions. Ground survey support for the project included ..."
https://prd-tnm.s3.amazonaws.com/index.html?prefix=StagedProducts/Elevation/metadata/NC_Phase5_2018_A18/NC_Phase5_Avery_2017,5.0,3.0,0.0,off,"NCEM_Phase5_DEM_3.125_foot_Metadata.xml: ... Polk, Rutherford, Swain, Transylvania, Watauga and Yancey. All data was collected during leaf-off conditions. Ground survey support for the project included ..."
https://prd-tnm.s3.amazonaws.com/index.html?prefix=StagedProducts/Elevation/metadata/NC_Phase5_2018_A18/NC_Phase5_Buncombe_2017,5.0,3.0,0.0,off,"NCEM_Phase5_DEM_3.125_foot_Metadata.xml: ... Polk, Rutherford, Swain, Transylvania, Watauga and Yancey. All data was collected during leaf-off conditions. Ground survey support for the project included ..."
https://prd-tnm.s3.amazonaws.com/index.html?prefix=StagedProducts/Elevation/metadata/NC_Phase5_2018_A18/NC_Phase5_Burke_2017,5.0,3.0,0.0,off,"NCEM_Phase5_DEM_3.125_foot_Metadata.xml: ... Polk, Rutherford, Swain, Transylvania, Watauga and Yancey. All data was collected during leaf-off conditions. Ground survey support for the project included ..."
https://prd-tnm.s3.amazonaws.com/index.html?prefix=StagedProducts/Elevation/metadata/NC_Phase5_2018_A18/NC_Phase5_Caldwell_2017,5.0,3.0,0.0,off,"NCEM_Phase5_DEM_3.125_foot_Metadata.xml: ... Polk, Rutherford, Swain, Transylvania, Watauga and Yancey. All data was collected during leaf-off conditions. Ground survey support for the project included ..."
https://prd-tnm.s3.amazonaws.com/index.html?prefix=StagedProducts/Elevation/metadata/NC_Phase5_2018_A18/NC_Phase5_Cherokee_2017,5.0,3.0,0.0,off,"NCEM_Phase5_DEM_3.125_foot_Metadata.xml: ... Polk, Rutherford, Swain, Transylvania, Watauga and Yancey. All data was collected during leaf-off conditions. Ground survey support for the project included ..."
https://prd-tnm.s3.amazonaws.com/index.html?prefix=StagedProducts/Elevation/metadata/NC_Phase5_2018_A18/NC_Phase5_Clay_2017,5.0,3.0,0.0,off,"NCEM_Phase5_DEM_3.125_foot_Metadata.xml: ... Polk, Rutherford, Swain, Transylvania, Watauga and Yancey. All data was collected during leaf-off conditions. Ground survey support for the project included ..."
https://prd-tnm.s3.amazonaws.com/index.html?prefix=StagedProducts/Elevation/metadata/NC_Phase5_2018_A18/NC_Phase5_Graham_2017,5.0,3.0,0.0,off,"NCEM_Phase5_DEM_3.125_foot_Metadata.xml: ... Polk, Rutherford, Swain, Transylvania, Watauga and Yancey. All data was collected during leaf-off conditions. Ground survey support for the project included ..."
https://prd-tnm.s3.amazonaws.com/index.html?prefix=StagedProducts/Elevation/metadata/NC_Phase5_2018_A18/NC_Phase5_Haywood_2017,5.0,3.0,0.0,off,"NCEM_Phase5_DEM_3.125_foot_Metadata.xml: ... Polk, Rutherford, Swain, Transylvania, Watauga and Yancey. All data was collected during leaf-off conditions. Ground survey support for the project included ..."
https://prd-tnm.s3.amazonaws.com/index.html?prefix=StagedProducts/Elevation/metadata/NC_Phase5_2018_A18/NC_Phase5_Henderson_2017,5.0,3.0,0.0,off,"NCEM_Phase5_DEM_3.125_foot_Metadata.xml: ... Polk, Rutherford, Swain, Transylvania, Watauga and Yancey. All data was collected during leaf-off conditions. Ground survey support for the project included ..."
https://prd-tnm.s3.amazonaws.com/index.html?prefix=StagedProducts/Elevation/metadata/NC_Phase5_2018_A18/NC_Phase5_Jackson_2017,5.0,3.0,0.0,off,"NCEM_Phase5_DEM_3.125_foot_Metadata.xml: ... Polk, Rutherford, Swain, Transylvania, Watauga and Yancey. All data was collected during leaf-off conditions. Ground survey support for the project included ..."
https://prd-tnm.s3.amazonaws.com/index.html?prefix=StagedProducts/Elevation/metadata/NC_Phase5_2018_A18/NC_Phase5_Macon_2017,5.0,3.0,0.0,off,"NCEM_Phase5_DEM_3.125_foot_Metadata.xml: ... Polk, Rutherford, Swain, Transylvania, Watauga and Yancey. All data was collected during leaf-off conditions. Ground survey support for the project included ..."
https://prd-tnm.s3.amazonaws.com/index.html?prefix=StagedProducts/Elevation/metadata/NC_Phase5_2018_A18/NC_Phase5_Madison_2017,5.0,3.0,0.0,off,"NCEM_Phase5_DEM_3.125_foot_Metadata.xml: ... Polk, Rutherford, Swain, Transylvania, Watauga and Yancey. All data was collected during leaf-off conditions. Ground survey support for the project included ..."
https://prd-tnm.s3.amazonaws.com/index.html?prefix=StagedProducts/Elevation/metadata/NC_Phase5_2018_A18/NC_Phase5_McDowell_2017,5.0,3.0,0.0,off,"NCEM_Phase5_DEM_3.125_foot_Metadata.xml: ... Polk, Rutherford, Swain, Transylvania, Watauga and Yancey. All data was collected during leaf-off conditions. Ground survey support for the project included ..."
https://prd-tnm.s3.amazonaws.com/index.html?prefix=StagedProducts/Elevation/metadata/NC_Phase5_2018_A18/NC_Phase5_Mitchell_2017,0.0,0.0,0.0,,
https://prd-tnm.s3.amazonaws.com/index.html?prefix=StagedProducts/Elevation/metadata/NC_Phase5_2018_A18/NC_Phase5_Polk_2017,5.0,3.0,0.0,off,"NCEM_Phase5_DEM_3.125_foot_Metadata.xml: ... Polk, Rutherford, Swain, Transylvania, Watauga and Yancey. All data was collected during leaf-off conditions. Ground survey support for the project included ..."
https://prd-tnm.s3.amazonaws.com/index.html?prefix=StagedProducts/Elevation/metadata/NC_Phase5_2018_A18/NC_Phase5_Rutherford_2017,5.0,3.0,0.0,off,"NCEM_Phase5_DEM_3.125_foot_Metadata.xml: ... Polk, Rutherford, Swain, Transylvania, Watauga and Yancey. All data was collected during leaf-off conditions. Ground survey support for the project included ..."
https://prd-tnm.s3.amazonaws.com/index.html?prefix=StagedProducts/Elevation/metadata/NC_Phase5_2018_A18/NC_Phase5_Swain_2017,5.0,3.0,0.0,off,"NCEM_Phase5_DEM_3.125_foot_Metadata.xml: ... Polk, Rutherford, Swain, Transylvania, Watauga and Yancey. All data was collected during leaf-off conditions. Ground survey support for the project included ..."
https://prd-tnm.s3.amazonaws.com/index.html?prefix=StagedProducts/Elevation/metadata/NC_Phase5_2018_A18/NC_Phase5_Transylvania_2017,5.0,3.0,0.0,off,"NCEM_Phase5_DEM_3.125_foot_Metadata.xml: ... Polk, Rutherford, Swain, Transylvania, Watauga and Yancey. All data was collected during leaf-off conditions. Ground survey support for the project included ..."
https://prd-tnm.s3.amazonaws.com/index.html?prefix=StagedProducts/Elevation/metadata/NC_Phase5_2018_A18/NC_Phase5_Watauga_2017,5.0,3.0,0.0,off,"NCEM_Phase5_DEM_3.125_foot_Metadata.xml: ... Polk, Rutherford, Swain, Transylvania, Watauga and Yancey. All data was collected during leaf-off conditions. Ground survey support for the project included ..."
https://prd-tnm.s3.amazonaws.com/index.html?prefix=StagedProducts/Elevation/metadata/NC_Phase5_2018_A18/NC_Phase5_Yancey_2017,5.0,3.0,0.0,off,"NCEM_Phase5_DEM_3.125_foot_Metadata.xml: ... Polk, Rutherford, Swain, Transylvania, Watauga and Yancey. All data was collected during leaf-off conditions. Ground survey support for the project included ..."
https://prd-tnm.s3.amazonaws.com/index.html?prefix=StagedProducts/Elevation/metadata/NC_Phase2_2014/NC_RobesonCo_2014,8.0,4.0,0.0,off,NC_Phase2_DEM_FINAL.xml: ...7123) and an Optech Pegasus HA500 (serial number 13SEN303). All data was collected during leaf-off conditions and the three coastal counties within the projec...
https://prd-tnm.s3.amazonaws.com/index.html?prefix=StagedProducts/Elevation/metadata/NC_Phase2_2014/NC_SampsonCo_2014,8.0,2.0,0.0,off,NC_Phase2_DEM_FINAL.xml: ...7123) and an Optech Pegasus HA500 (serial number 13SEN303). All data was collected during leaf-off conditions and the three coastal counties within the projec...
https://prd-tnm.s3.amazonaws.com/index.html?prefix=StagedProducts/Elevation/metadata/NC_SpartaEarthquake_2020_D21/NC_SpartaEQ_1_2020,6.0,0.0,0.0,,
https://prd-tnm.s3.amazonaws.com/index.html?prefix=StagedProducts/Elevation/metadata/NC_Phase2_2014/NC_VanceCo_2014,8.0,3.0,0.0,off,NC_Phase2_DEM_FINAL.xml: ...7123) and an Optech Pegasus HA500 (serial number 13SEN303). All data was collected during leaf-off conditions and the three coastal counties within the projec...
https://prd-tnm.s3.amazonaws.com/index.html?prefix=StagedProducts/Elevation/metadata/NC_Phase2_2014/NC_WarrenCo_2014,8.0,3.0,0.0,off,NC_Phase2_DEM_FINAL.xml: ...7123) and an Optech Pegasus HA500 (serial number 13SEN303). All data was collected during leaf-off conditions and the three coastal counties within the projec...
https://prd-tnm.s3.amazonaws.com/index.html?prefix=StagedProducts/Elevation/metadata/NC_Phase2_2014/NC_WayneCo_2014,8.0,4.0,0.0,off,NC_Phase2_DEM_FINAL.xml: ...7123) and an Optech Pegasus HA500 (serial number 13SEN303). All data was collected during leaf-off conditions and the three coastal counties within the projec...
https://prd-tnm.s3.amazonaws.com/index.html?prefix=StagedProducts/Elevation/metadata/NC_Phase2_2014/NC_WilsonCo_2014,8.0,2.0,0.0,off,NC_Phase2_DEM_FINAL.xml: ...7123) and an Optech Pegasus HA500 (serial number 13SEN303). All data was collected during leaf-off conditions and the three coastal counties within the projec...
https://prd-tnm.s3.amazonaws.com/index.html?prefix=StagedProducts/Elevation/metadata/ND_3DEPProcessing_D22/ND_3DEPProcessing_1_D22,4.0,2.0,0.0,off,"ND_3DEPProcessing_D22_DEM_XML_Metadata_UTM14.xml: ...tween the aircraft and ground, 2) Snow free, 3) No unusual flooding or inundation, and 4) Leaf off. The lidar collection for the ND_SouthWest_2021_D21 AOI was..."
https://prd-tnm.s3.amazonaws.com/index.html?prefix=StagedProducts/Elevation/metadata/ND_3DEPProcessing_D22/ND_3DEPProcessing_2_D22,7.0,2.0,0.0,off,"ND_3DEPProcessing_D22_DEM_XML_Metadata_B2_UTM14.xml: ...tween the aircraft and ground, 2) Snow free, 3) No unusual flooding or inundation, and 4) Leaf off. The lidar collection for the ND_SouthWest_2021_D21 AOI was..."
https://prd-tnm.s3.amazonaws.com/index.html?prefix=StagedProducts/Elevation/metadata/ND_3DEPProcessing_D22/ND_3DEPProcessing_3_D22,4.0,2.0,0.0,off,"ND_3DEPProcessing_D22_DEM_XML_Metadata_B3_UTM14.xml: ...tween the aircraft and ground, 2) Snow free, 3) No unusual flooding or inundation, and 4) Leaf off. The lidar collection for the ND_SouthWest_2021_D21 AOI was..."
https://prd-tnm.s3.amazonaws.com/index.html?prefix=StagedProducts/Elevation/metadata/ND_3DEPProcessing_D22/ND_3DEPProcessing_4_D22,4.0,2.0,0.0,off,"ND_3DEPProcessing_D22_DEM_XML_Metadata_B4_UTM13.xml: ...tween the aircraft and ground, 2) Snow free, 3) No unusual flooding or inundation, and 4) Leaf off. The lidar collection for the ND_SouthWest_2021_D21 AOI was..."
https://prd-tnm.s3.amazonaws.com/index.html?prefix=StagedProducts/Elevation/metadata/ND_3DEPProcessing_D22/ND_3DEPProcessing_5_D22,4.0,2.0,0.0,off,"ND_3DEPProcessing_D22_DEM_XML_Metadata_B5_UTM14.xml: ...tween the aircraft and ground, 2) Snow free, 3) No unusual flooding or inundation, and 4) Leaf off. The lidar collection for the ND_SouthWest_2021_D21 AOI was..."
https://prd-tnm.s3.amazonaws.com/index.html?prefix=StagedProducts/Elevation/metadata/ND_3DEPProcessing_D22/ND_3DEPProcessing_6_D22,4.0,2.0,0.0,off,"ND_3DEPProcessing_D22_DEM_XML_Metadata_B6_UTM14.xml: ...tween the aircraft and ground, 2) Snow free, 3) No unusual flooding or inundation, and 4) Leaf off. The lidar collection for the ND_SouthWest_2021_D21 AOI was..."
https://prd-tnm.s3.amazonaws.com/index.html?prefix=StagedProducts/Elevation/metadata/ND_Lidar_Phase10/ND_Phase10_1_C23,4.0,2.0,0.0,off,"ND_Phase10_C23_DEM_XML_Metadata_B1_UTM14.xml: ...tween the aircraft and ground, 2) Snow free, 3) No unusual flooding or inundation, and 4) Leaf off. The lidar collection for the ND_Phase10_C23 AOI 1 was acco..."
https://prd-tnm.s3.amazonaws.com/index.html?prefix=StagedProducts/Elevation/metadata/ND_Lidar_Phase10/ND_Phase10_2_C23,5.0,2.0,0.0,off,"ND_Phase10_C23_DEM_XML_Metadata_B2_UTM13.xml: ...tween the aircraft and ground, 2) Snow free, 3) No unusual flooding or inundation, and 4) Leaf off. The lidar collection for the ND_Phase10_C23 AOI 2 was acco..."
https://prd-tnm.s3.amazonaws.com/index.html?prefix=StagedProducts/Elevation/metadata/ND_SouthWest_2021_D21/ND_SouthWest_1_D21,4.0,2.0,0.0,off,"ND_SouthWest_2021_D21_DEM_XML_Metadata_B1_UTM13.xml: ...tween the aircraft and ground, 2) Snow free, 3) No unusual flooding or inundation, and 4) Leaf off. The lidar collection for the ND_SouthWest_2021_D21 AOI was..."
https://prd-tnm.s3.amazonaws.com/index.html?prefix=StagedProducts/Elevation/metadata/ND_SouthWest_2021_D21/ND_SouthWest_2_D21,4.0,2.0,0.0,off,"ND_SouthWest_2021_D21_DEM_XML_Metadata_B2_UTM14.xml: ...tween the aircraft and ground, 2) Snow free, 3) No unusual flooding or inundation, and 4) Leaf off. The lidar collection for the ND_SouthWest_2021_D21 AOI was..."
https://prd-tnm.s3.amazonaws.com/index.html?prefix=StagedProducts/Elevation/metadata/NE_CherryBrownCuster_Partial_2020_D21/NE_CherryBrownCuster_Partial_1_2020,8.0,0.0,0.0,,
https://prd-tnm.s3.amazonaws.com/index.html?prefix=StagedProducts/Elevation/metadata/legacy/NE_CUMINGCO_2010,3.0,0.0,0.0,,
https://prd-tnm.s3.amazonaws.com/index.html?prefix=StagedProducts/Elevation/metadata/legacy/NE_NIROC-PAPIOCO_2010,0.0,0.0,0.0,,
https://prd-tnm.s3.amazonaws.com/index.html?prefix=StagedProducts/Elevation/metadata/NE_Niobrara_Topobathy_2018_D18/NE_Niobrara_Topobathy_2018,8.0,0.0,0.0,,
https://prd-tnm.s3.amazonaws.com/index.html?prefix=StagedProducts/Elevation/metadata/NE_Northeast_2020_D20/NE_Northeast_1_2020,8.0,0.0,0.0,,
https://prd-tnm.s3.amazonaws.com/index.html?prefix=StagedProducts/Elevation/metadata/NE_Northeast_2020_D20/NE_Northeast_2_2020,8.0,0.0,0.0,,
https://prd-tnm.s3.amazonaws.com/index.html?prefix=StagedProducts/Elevation/metadata/NE_Northeast_2020_D20/NE_Northeast_3_2020,6.0,0.0,0.0,,
https://prd-tnm.s3.amazonaws.com/index.html?prefix=StagedProducts/Elevation/metadata/NE_Northeast_Phase2_2020_D20/NE_Northeast_Phase2_1_2020,5.0,0.0,0.0,,
https://prd-tnm.s3.amazonaws.com/index.html?prefix=StagedProducts/Elevation/metadata/NE_Northeast_Phase2_2020_D20/NE_Northeast_Phase2_2_2020,5.0,0.0,0.0,,
https://prd-tnm.s3.amazonaws.com/index.html?prefix=StagedProducts/Elevation/metadata/NE_PostSpringFlood_OrthoLidar_2019_D19/NE_PostSpringFlood_OrthoLidar_B1_2019,3.0,0.0,0.0,,
https://prd-tnm.s3.amazonaws.com/index.html?prefix=StagedProducts/Elevation/metadata/NE_PostSpringFlood_OrthoLidar_2019_D19/NE_PostSpringFlood_OrthoLidar_TL_2019,2.0,0.0,0.0,,
https://prd-tnm.s3.amazonaws.com/index.html?prefix=StagedProducts/Elevation/metadata/legacy/NE_RAINWATER-1_2009,3.0,0.0,0.0,,
https://prd-tnm.s3.amazonaws.com/index.html?prefix=StagedProducts/Elevation/metadata/legacy/NE_RAINWATER-2_2009,2.0,0.0,0.0,,
https://prd-tnm.s3.amazonaws.com/index.html?prefix=StagedProducts/Elevation/metadata/NE_SouthernNE_2018_D19/NE_SouthernNE_B1_2018,8.0,0.0,0.0,,
https://prd-tnm.s3.amazonaws.com/index.html?prefix=StagedProducts/Elevation/metadata/NE_SouthernNE_2018_D19/NE_SouthernNE_B2_2018,8.0,0.0,0.0,,
https://prd-tnm.s3.amazonaws.com/index.html?prefix=StagedProducts/Elevation/metadata/NE_SouthernNE_2018_D19/NE_SouthernNE_B3_2018,8.0,0.0,0.0,,
https://prd-tnm.s3.amazonaws.com/index.html?prefix=StagedProducts/Elevation/metadata/NE_SouthernNE_2018_D19/NE_SouthernNE_B4A_2018,8.0,0.0,0.0,,
https://prd-tnm.s3.amazonaws.com/index.html?prefix=StagedProducts/Elevation/metadata/NE_SouthernNE_2018_D19/NE_SouthernNE_B4B_2018,8.0,0.0,0.0,,
https://prd-tnm.s3.amazonaws.com/index.html?prefix=StagedProducts/Elevation/metadata/NE_SouthernNE_2018_D19/NE_SouthernNE_B5_2018,8.0,0.0,0.0,,
https://prd-tnm.s3.amazonaws.com/index.html?prefix=StagedProducts/Elevation/metadata/NE_Southwest_2020_D20/NE_Southwest_1_2020,7.0,0.0,0.0,,
https://prd-tnm.s3.amazonaws.com/index.html?prefix=StagedProducts/Elevation/metadata/NE_Southwest_2020_D20/NE_Southwest_2_2020,7.0,0.0,0.0,,
https://prd-tnm.s3.amazonaws.com/index.html?prefix=StagedProducts/Elevation/metadata/NE_Statewide_D23/NE_Statewide_1_D23,6.0,0.0,0.0,,
https://prd-tnm.s3.amazonaws.com/index.html?prefix=StagedProducts/Elevation/metadata/NE_Statewide_D23/NE_Statewide_2_D23,8.0,0.0,0.0,,
https://prd-tnm.s3.amazonaws.com/index.html?prefix=StagedProducts/Elevation/metadata/NE_Statewide_D23/NE_Statewide_3_D23,8.0,0.0,0.0,,
https://prd-tnm.s3.amazonaws.com/index.html?prefix=StagedProducts/Elevation/metadata/NH_Coastal_2019_B19/NH_Coastal_1_2019,4.0,0.0,0.0,,
https://prd-tnm.s3.amazonaws.com/index.html?prefix=StagedProducts/Elevation/metadata/NH_Coastal_2019_B19/NH_Coastal_2_2019,6.0,0.0,0.0,,
https://prd-tnm.s3.amazonaws.com/index.html?prefix=StagedProducts/Elevation/metadata/NH_Umbagog_LiDAR_2016_D16/NH_Umbagog_2016,8.0,0.0,0.0,,
https://prd-tnm.s3.amazonaws.com/index.html?prefix=StagedProducts/Elevation/metadata/legacy/NJ_CAPEMAYCO_2008,1.0,1.0,0.0,off,"SouthNewJerseyCapeMay_LidarMetadata.xml: ...d cross track spacing of 4.62 feet (1.41 meters). - Environmental Acquisition Conditions: Leaf-Off, snow free, non-flood conditions, low tide. Low tide: Acqui..."
https://prd-tnm.s3.amazonaws.com/index.html?prefix=StagedProducts/Elevation/metadata/legacy/NJ_CUMBERLANDCO_2008,1.0,1.0,0.0,off,"SouthNewJerseyCumberland_Lidar_Metadata.xml: ...d cross track spacing of 4.62 feet (1.41 meters). - Environmental Acquisition Conditions: Leaf-Off, snow free, non-flood conditions, low tide. Low tide: Acqui..."
https://prd-tnm.s3.amazonaws.com/index.html?prefix=StagedProducts/Elevation/metadata/legacy/NJ_GLOUCESTERCO_2007,1.0,0.0,0.0,,
https://prd-tnm.s3.amazonaws.com/index.html?prefix=StagedProducts/Elevation/metadata/NJ_NW_New_Jersey_6_County_Lidar_2017_B17/NJ_NW6Co_2017,7.0,0.0,0.0,,
https://prd-tnm.s3.amazonaws.com/index.html?prefix=StagedProducts/Elevation/metadata/legacy/NJ_SALEMCO_2008,1.0,1.0,0.0,off,"SouthNewJerseySalem_LidarMetadata.xml: ...d cross track spacing of 4.62 feet (1.41 meters). - Environmental Acquisition Conditions: Leaf-Off, snow free, non-flood conditions, low tide. Low tide: Acqui..."
https://prd-tnm.s3.amazonaws.com/index.html?prefix=StagedProducts/Elevation/metadata/legacy/NJ_SALEMCO_2009,0.0,0.0,0.0,,
https://prd-tnm.s3.amazonaws.com/index.html?prefix=StagedProducts/Elevation/metadata/NJ_South_Jersey_Lidar_2018_B18_FEMA/NJ_South_Jersey_FEMA_2018,7.0,0.0,0.0,,
https://prd-tnm.s3.amazonaws.com/index.html?prefix=StagedProducts/Elevation/metadata/NJ_South_Jersey_Lidar_2018_B18/NJ_SouthernNJ_2018,5.0,0.0,0.0,,
https://prd-tnm.s3.amazonaws.com/index.html?prefix=StagedProducts/Elevation/metadata/legacy/NJ_SUSSEXWARREN_2008,4.0,0.0,0.0,,
https://prd-tnm.s3.amazonaws.com/index.html?prefix=StagedProducts/Elevation/metadata/NM_Albuquerque_2010_Legacy_Data/NM_Albuquerque_2010/,0.0,0.0,0.0,,
https://prd-tnm.s3.amazonaws.com/index.html?prefix=StagedProducts/Elevation/metadata/NM_HermitsPeak_D23/NM_HermitsPeak_1_D23,8.0,0.0,1.0,on,NM_HermitsPeak_D23_Classified_LAS.xml: ...s of the AOIs. Ground Conditions: water at normal levels; no unusual inundation; no snow; leaf on.How the Withheld Points are Identified: Withheld (ignore) p...
https://prd-tnm.s3.amazonaws.com/index.html?prefix=StagedProducts/Elevation/metadata/NM_MRCOG_2018_C20/NM_MRCOG_B1_2018,8.0,0.0,0.0,,
https://prd-tnm.s3.amazonaws.com/index.html?prefix=StagedProducts/Elevation/metadata/legacy/NM_MCKINLEY_COALMINE_2012,5.0,0.0,0.0,,
https://prd-tnm.s3.amazonaws.com/index.html?prefix=StagedProducts/Elevation/metadata/NM_NRCS_MiddleRioGrande_2017_D18/NM_NRCS_MiddleRioGrande_2017,6.0,0.0,0.0,,
https://prd-tnm.s3.amazonaws.com/index.html?prefix=StagedProducts/Elevation/metadata/legacy/NM_NAVAJO-PINABETE_COALMINE_2012,7.0,0.0,0.0,,
https://prd-tnm.s3.amazonaws.com/index.html?prefix=StagedProducts/Elevation/metadata/NM_North_Central_FEMA_R6_Lidar_2016_D17/NM_NorthCentral_B1_2016,8.0,0.0,0.0,,
https://prd-tnm.s3.amazonaws.com/index.html?prefix=StagedProducts/Elevation/metadata/NM_North_Central_FEMA_R6_Lidar_2016_D17/NM_NorthCentral_B2_2016,8.0,0.0,0.0,,
https://prd-tnm.s3.amazonaws.com/index.html?prefix=StagedProducts/Elevation/metadata/NM_NorthWest_2018_D19/NM_NorthWest_B1_2018,7.0,0.0,0.0,,
https://prd-tnm.s3.amazonaws.com/index.html?prefix=StagedProducts/Elevation/metadata/NM_NorthWest_2018_D19/NM_NorthWest_B2A_2018,6.0,0.0,0.0,,
https://prd-tnm.s3.amazonaws.com/index.html?prefix=StagedProducts/Elevation/metadata/NM_NorthWest_2018_D19/NM_NorthWest_B2B_2018,6.0,0.0,0.0,,
https://prd-tnm.s3.amazonaws.com/index.html?prefix=StagedProducts/Elevation/metadata/NM_NorthWest_2018_D19/NM_NorthWest_B3B_2018,4.0,0.0,0.0,,
https://prd-tnm.s3.amazonaws.com/index.html?prefix=StagedProducts/Elevation/metadata/NM_NorthWest_2018_D19/NM_NorthWest_B4_2018,3.0,0.0,0.0,,
https://prd-tnm.s3.amazonaws.com/index.html?prefix=StagedProducts/Elevation/metadata/NM_NorthWest_2018_D19/NM_NorthWest_Jicarilla_TL_2018,5.0,0.0,0.0,,
https://prd-tnm.s3.amazonaws.com/index.html?prefix=StagedProducts/Elevation/metadata/NM_NorthWest_2018_D19/NM_NorthWest_Navajo_A_TL_2018,5.0,0.0,0.0,,
https://prd-tnm.s3.amazonaws.com/index.html?prefix=StagedProducts/Elevation/metadata/NM_NorthWest_2018_D19/NM_NorthWest_Navajo_B_TL_2018,4.0,0.0,0.0,,
https://prd-tnm.s3.amazonaws.com/index.html?prefix=StagedProducts/Elevation/metadata/NM_NorthWest_2018_D19/NM_NorthWest_SouthernUte_TL_2018,4.0,0.0,0.0,,
https://prd-tnm.s3.amazonaws.com/index.html?prefix=StagedProducts/Elevation/metadata/NM_NorthWest_2018_D19/NM_NorthWest_UteMountain_TL_2018,4.0,0.0,0.0,,
https://prd-tnm.s3.amazonaws.com/index.html?prefix=StagedProducts/Elevation/metadata/NM_NorthWest_2018_D19/NM_NorthWest_Zuni_TL_2018,3.0,0.0,0.0,,
https://prd-tnm.s3.amazonaws.com/index.html?prefix=StagedProducts/Elevation/metadata/NM_NRCS_FEMA_Northeast_2017/NM_Northeast_B1_2018,8.0,0.0,0.0,,
https://prd-tnm.s3.amazonaws.com/index.html?prefix=StagedProducts/Elevation/metadata/NM_NRCS_FEMA_Northeast_2017/NM_Northeast_B2_2018,8.0,0.0,0.0,,
https://prd-tnm.s3.amazonaws.com/index.html?prefix=StagedProducts/Elevation/metadata/NM_NRCS_FEMA_Northeast_2017/NM_Northeast_B3_2018,7.0,0.0,0.0,,
https://prd-tnm.s3.amazonaws.com/index.html?prefix=StagedProducts/Elevation/metadata/NM_NRCS_FEMA_Northeast_2017/NM_Northeast_B4_2018,7.0,0.0,0.0,,
https://prd-tnm.s3.amazonaws.com/index.html?prefix=StagedProducts/Elevation/metadata/NM_NRCS_FEMA_Northeast_2017/NM_Northeast_B5_2018,7.0,0.0,0.0,,
https://prd-tnm.s3.amazonaws.com/index.html?prefix=StagedProducts/Elevation/metadata/NM___Rio_San_Jose_FEMA_R6_Lidar_2016_D17/NM_RioSanJose_TL_2016/,0.0,0.0,0.0,,
https://prd-tnm.s3.amazonaws.com/index.html?prefix=StagedProducts/Elevation/metadata/NM_SouthCentral_2018_D19/NM_SouthCentral_Acoma_TL_2018,7.0,0.0,0.0,,
https://prd-tnm.s3.amazonaws.com/index.html?prefix=StagedProducts/Elevation/metadata/NM_SouthCentral_2018_D19/NM_SouthCentral_Apache_TL_2018,3.0,0.0,0.0,,
https://prd-tnm.s3.amazonaws.com/index.html?prefix=StagedProducts/Elevation/metadata/NM_SouthCentral_2018_D19/NM_SouthCentral_B10_2018,8.0,0.0,0.0,,
https://prd-tnm.s3.amazonaws.com/index.html?prefix=StagedProducts/Elevation/LPC/Projects/NM_SouthCentral_2018_D19/NM_SouthCentral_B1_2018/metadata/,2.0,0.0,0.0,,
https://prd-tnm.s3.amazonaws.com/index.html?prefix=StagedProducts/Elevation/metadata/NM_SouthCentral_2018_D19/NM_SouthCentral_B2_2018,8.0,0.0,0.0,,
https://prd-tnm.s3.amazonaws.com/index.html?prefix=StagedProducts/Elevation/LPC/Projects/NM_SouthCentral_2018_D19/NM_SouthCentral_B4_2018/metadata/,3.0,0.0,0.0,,
https://prd-tnm.s3.amazonaws.com/index.html?prefix=StagedProducts/Elevation/LPC/Projects/NM_SouthCentral_2018_D19/NM_SouthCentral_B5_2018/metadata/,3.0,0.0,0.0,,
https://prd-tnm.s3.amazonaws.com/index.html?prefix=StagedProducts/Elevation/metadata/NM_SouthCentral_2018_D19/NM_SouthCentral_B6_2018,7.0,0.0,0.0,,
https://prd-tnm.s3.amazonaws.com/index.html?prefix=StagedProducts/Elevation/metadata/NM_SouthCentral_2018_D19/NM_SouthCentral_B7_2018,8.0,0.0,0.0,,
https://prd-tnm.s3.amazonaws.com/index.html?prefix=StagedProducts/Elevation/metadata/NM_SouthCentral_2018_D19/NM_SouthCentral_B8_2018,5.0,0.0,0.0,,
https://prd-tnm.s3.amazonaws.com/index.html?prefix=StagedProducts/Elevation/metadata/NM_SouthCentral_2018_D19/NM_SouthCentral_B9_2018,6.0,0.0,0.0,,
https://prd-tnm.s3.amazonaws.com/index.html?prefix=StagedProducts/Elevation/metadata/NM_SouthCentral_2018_D19/NM_SouthCentral_Fort_Sill_TL_2018,0.0,0.0,0.0,,
https://prd-tnm.s3.amazonaws.com/index.html?prefix=StagedProducts/Elevation/metadata/NM_SouthCentral_2018_D19/NM_SouthCentral_Navajo_A_TL_2018,6.0,0.0,0.0,,
https://prd-tnm.s3.amazonaws.com/index.html?prefix=StagedProducts/Elevation/metadata/NM_SouthCentral_2018_D19/NM_SouthCentral_Navajo_B_TL_2018,6.0,0.0,0.0,,
https://prd-tnm.s3.amazonaws.com/index.html?prefix=StagedProducts/Elevation/metadata/NM_SouthCentral_2018_D19/NM_SouthCentral_Zuni_TL_2018,8.0,0.0,0.0,,
https://prd-tnm.s3.amazonaws.com/index.html?prefix=StagedProducts/Elevation/metadata/NM_SouthEast_2018_D19/NM_SouthEast_B1_2018,5.0,3.0,0.0,off,"Block1_DEM_1.3.xml: ...ttened USGS task order 140G0219F0006-NM_SouthEast_2018_D19 required Fall 2018/Spring 2019 leaf-off LiDAR surveys to be collected over 23,650 square miles cove..."
https://prd-tnm.s3.amazonaws.com/index.html?prefix=StagedProducts/Elevation/metadata/NM_SouthEast_2018_D19/NM_SouthEast_B2_2018,5.0,3.0,0.0,off,"Block6_DEM_1.3.xml: ...ttened USGS task order 140G0219F0006-NM_SouthEast_2018_D19 required Fall 2018/Spring 2019 leaf-off LiDAR surveys to be collected over 26,650 square miles cove..."
https://prd-tnm.s3.amazonaws.com/index.html?prefix=StagedProducts/Elevation/metadata/NM_SouthEast_2018_D19/NM_SouthEast_B3_2018,7.0,3.0,0.0,off,"Block3_DEM_1.3.xml: ...tened USGS task order 140G0219F0006-NM South East 2018 D19 required Fall 2018/Spring 2019 leaf-off LiDAR surveys to be collected over 26,650 square miles cove..."
https://prd-tnm.s3.amazonaws.com/index.html?prefix=StagedProducts/Elevation/metadata/NM_SouthEast_2018_D19/NM_SouthEast_B4_2018,7.0,3.0,0.0,off,"Block4_DEM_1.3.xml: ...ttened USGS task order 140G0219F0006-NM_SouthEast_2018_D19 required Fall 2018/Spring 2019 leaf-off LiDAR surveys to be collected over 26,650 square miles cove..."
https://prd-tnm.s3.amazonaws.com/index.html?prefix=StagedProducts/Elevation/metadata/NM_SouthEast_2018_D19/NM_SouthEast_B5_2018,6.0,3.0,0.0,off,"Block5_DEM_1.3.xml: ...ttened USGS task order 140G0219F0006-NM_SouthEast_2018_D19 required Fall 2018/Spring 2019 leaf-off LiDAR surveys to be collected over 26,650 square miles cove..."
https://prd-tnm.s3.amazonaws.com/index.html?prefix=StagedProducts/Elevation/metadata/NM_SouthEast_2018_D19/NM_SouthEast_B7_2018,8.0,3.0,0.0,off,"Block7_DEM_1.3.xml: ...ttened USGS task order 140G0219F0006-NM_SouthEast_2018_D19 required Fall 2018/Spring 2019 leaf-off LiDAR surveys to be collected over 26,650 square miles cove..."
https://prd-tnm.s3.amazonaws.com/index.html?prefix=StagedProducts/Elevation/metadata/NM_SouthEast_2018_D19/NM_SouthEast_B8_2018,6.0,3.0,0.0,off,"Block8_DEM_1.3.xml: ...ttened USGS task order 140G0219F0006-NM_SouthEast_2018_D19 required Fall 2018/Spring 2019 leaf-off LiDAR surveys to be collected over 26,650 square miles cove..."
https://prd-tnm.s3.amazonaws.com/index.html?prefix=StagedProducts/Elevation/metadata/NM_USFSEnchantedCircle_D24/NM_USFSEnchantedCircle_1_D24,8.0,0.0,3.0,on,"NM_USFSEnchantedCircle_B1_DEM_utm13.xml: ...ation 2024, rev. A. Provide the United States Geological Survey (USGS) with a spring 2024 leaf-on lidar survey to be collected over an Area of Interest (AOI)..."
https://prd-tnm.s3.amazonaws.com/index.html?prefix=StagedProducts/Elevation/metadata/NM_WhiteSandsNM_2020_D20/NM_WhiteSandsNM_2020,7.0,3.0,0.0,off,19095_DEM.xml: ...USGS WhiteSands NM Digital Elevation Models Raster USGS task order 140G0220F0031 required leaf-off Winter 2020 LiDAR surveys to be collected over 81 square mi...
https://prd-tnm.s3.amazonaws.com/index.html?prefix=StagedProducts/Elevation/metadata/NV_ClarkCounty_B22/NV_ClarkCo_1_B22,4.0,0.0,2.0,on,"USGS_NV_ClarkCounty_QL2_DEM.xml: ... Base Specification 2022, rev. A. This task is for providing a late-spring / early-summer leaf-on 2022 lidar survey to be collected over an Area of Interest ..."
https://prd-tnm.s3.amazonaws.com/index.html?prefix=StagedProducts/Elevation/metadata/NV_ClarkCounty_B22/NV_ClarkCo_2_B22,4.0,0.0,2.0,on,"USGS_NV_ClarkCounty_QL1_DEM.xml: ... Base Specification 2022, rev. A. This task is for providing a late-spring / early-summer leaf-on 2022 lidar survey to be collected over an Area of Interest ..."
https://prd-tnm.s3.amazonaws.com/index.html?prefix=StagedProducts/Elevation/metadata/NV_ClarkCounty_2018_C19/NV_ClarkCounty_B1_2018,5.0,0.0,0.0,,
https://prd-tnm.s3.amazonaws.com/index.html?prefix=StagedProducts/Elevation/metadata/NV_EastCentral_2021_D21/NV_EastCentral_1_D21,4.0,0.0,0.0,,
https://prd-tnm.s3.amazonaws.com/index.html?prefix=StagedProducts/Elevation/metadata/NV_EastCentral_2021_D21/NV_EastCentral_2_D21,4.0,0.0,0.0,,
https://prd-tnm.s3.amazonaws.com/index.html?prefix=StagedProducts/Elevation/metadata/NV_EastCentral_2021_D21/NV_EastCentral_3_D21,4.0,0.0,0.0,,
https://prd-tnm.s3.amazonaws.com/index.html?prefix=StagedProducts/Elevation/metadata/NV_EastCentral_2021_D21/NV_EastCentral_4_D21,4.0,0.0,0.0,,
https://prd-tnm.s3.amazonaws.com/index.html?prefix=StagedProducts/Elevation/metadata/NV_EastCentral_2021_D21/NV_EastCentral_5_D21,5.0,0.0,0.0,,
https://prd-tnm.s3.amazonaws.com/index.html?prefix=StagedProducts/Elevation/metadata/NV_Humboldt_2021_D21/NV_Humboldt_1_2021,7.0,0.0,0.0,,
https://prd-tnm.s3.amazonaws.com/index.html?prefix=StagedProducts/Elevation/metadata/NV_Humboldt_2021_D21/NV_Humboldt_2_2021,5.0,0.0,0.0,,
https://prd-tnm.s3.amazonaws.com/index.html?prefix=StagedProducts/Elevation/metadata/NV_Humboldt_2021_D21/NV_Humboldt_3_2021,5.0,0.0,0.0,,
https://prd-tnm.s3.amazonaws.com/index.html?prefix=StagedProducts/Elevation/metadata/legacy/NV_LASVEGASVALLEY_2010,3.0,0.0,0.0,,
https://prd-tnm.s3.amazonaws.com/index.html?prefix=StagedProducts/Elevation/metadata/NV_NorthWestElko_2020_D20/NV_NWElko_1_D20,5.0,0.0,0.0,,
https://prd-tnm.s3.amazonaws.com/index.html?prefix=StagedProducts/Elevation/metadata/NV_NorthWestElko_2020_D20/NV_NWElko_2_D20,5.0,0.0,0.0,,
https://prd-tnm.s3.amazonaws.com/index.html?prefix=StagedProducts/Elevation/metadata/NV_NyeNE_D23/NV_NyeNE_1_D23,8.0,1.0,0.0,off,NV_NyeNE_D23_Classified_LAS.xml: ...s of the AOIs. Ground Conditions: water at normal levels; no unusual inundation; no snow; leaf off. How the Withheld Points are Identified: Withheld (ignore) ...
https://prd-tnm.s3.amazonaws.com/index.html?prefix=StagedProducts/Elevation/metadata/NV_Southern_D23/NV_Southern_1_D23,6.0,0.0,0.0,,
https://prd-tnm.s3.amazonaws.com/index.html?prefix=StagedProducts/Elevation/metadata/NV_Southern_D23/NV_Southern_2_D23,7.0,0.0,0.0,,
https://prd-tnm.s3.amazonaws.com/index.html?prefix=StagedProducts/Elevation/metadata/NV_Southern_D23/NV_Southern_3_D23,6.0,0.0,0.0,,
https://prd-tnm.s3.amazonaws.com/index.html?prefix=StagedProducts/Elevation/metadata/NV_Southern_D23/NV_Southern_5_D23,5.0,0.0,0.0,,
https://prd-tnm.s3.amazonaws.com/index.html?prefix=StagedProducts/Elevation/metadata/NV_USFSR4_D23/NV_USFSR4_1_D23,5.0,0.0,0.0,,
https://prd-tnm.s3.amazonaws.com/index.html?prefix=StagedProducts/Elevation/metadata/NV_USFSR4_D23/NV_USFSR4_2_D23,6.0,0.0,0.0,,
https://prd-tnm.s3.amazonaws.com/index.html?prefix=StagedProducts/Elevation/metadata/NV_WestCentral_EarthMRI_2020_D20/NV_WestCentralEarthMRI_1_2020,4.0,0.0,0.0,,
https://prd-tnm.s3.amazonaws.com/index.html?prefix=StagedProducts/Elevation/metadata/NV_WestCentral_EarthMRI_2020_D20/NV_WestCentralEarthMRI_2_2020,5.0,0.0,0.0,,
https://prd-tnm.s3.amazonaws.com/index.html?prefix=StagedProducts/Elevation/metadata/NV_WestCentral_EarthMRI_2020_D20/NV_WestCentralEarthMRI_3_2020,6.0,0.0,0.0,,
https://prd-tnm.s3.amazonaws.com/index.html?prefix=StagedProducts/Elevation/metadata/NV_WestCentral_EarthMRI_2020_D20/NV_WestCentralEarthMRI_4_2020,5.0,0.0,0.0,,
https://prd-tnm.s3.amazonaws.com/index.html?prefix=StagedProducts/Elevation/metadata/NV_WestCentral_EarthMRI_2020_D20/NV_WestCentralEarthMRI_5_2020,5.0,0.0,0.0,,
https://prd-tnm.s3.amazonaws.com/index.html?prefix=StagedProducts/Elevation/metadata/NV_WestCentral_EarthMRI_2020_D20/NV_WestCentralEarthMRI_6_2020,4.0,0.0,0.0,,
https://prd-tnm.s3.amazonaws.com/index.html?prefix=StagedProducts/Elevation/metadata/NY_3County_2019_A19/NY_3County_2019,8.0,0.0,0.0,,
https://prd-tnm.s3.amazonaws.com/index.html?prefix=StagedProducts/Elevation/metadata/NY_ColumbiaRensselaer_2016_C18/NY_Columbia_Rensselaer_2016,8.0,3.0,0.0,off,NY16_Overall_Project.xml: ...wath of LiDAR. Ground Conditions: water at normal levels; no unusual inundation; no snow; leaf off How the Withheld Points are Identified: There were no Withh...
https://prd-tnm.s3.amazonaws.com/index.html?prefix=StagedProducts/Elevation/metadata/NY_FEMAR2_Central_2018_D19/NY_FEMAR2_Central_2_2018,6.0,0.0,0.0,,
https://prd-tnm.s3.amazonaws.com/index.html?prefix=StagedProducts/Elevation/metadata/NY_FEMAR2_Central_2018_D19/NY_FEMAR2_Central_3_2018,6.0,0.0,0.0,,
https://prd-tnm.s3.amazonaws.com/index.html?prefix=StagedProducts/Elevation/metadata/NY_FEMAR2_Central_2018_D19/NY_FEMAR2_Central_4_2018,4.0,0.0,0.0,,
https://prd-tnm.s3.amazonaws.com/index.html?prefix=StagedProducts/Elevation/metadata/NY_FEMAR2_Central_2018_D19/NY_FEMAR2_Central_5_2018,6.0,0.0,0.0,,
https://prd-tnm.s3.amazonaws.com/index.html?prefix=StagedProducts/Elevation/metadata/NY_FEMAR2_Central_2018_D19/NY_FEMAR2_Central_B1_2018,7.0,0.0,0.0,,
https://prd-tnm.s3.amazonaws.com/index.html?prefix=StagedProducts/Elevation/metadata/NY_FingerLakes_2020_A20/NY_FingerLakes_1_2020,8.0,0.0,0.0,,
https://prd-tnm.s3.amazonaws.com/index.html?prefix=StagedProducts/Elevation/metadata/NY_HudsonRiverRegion_2020_A20/NY_HudsonRiverRegion_1_2020,0.0,0.0,0.0,,
https://prd-tnm.s3.amazonaws.com/index.html?prefix=StagedProducts/Elevation/metadata/NY_Hudson_D22/NY_Hudson_1_D22,6.0,0.0,0.0,,
https://prd-tnm.s3.amazonaws.com/index.html?prefix=StagedProducts/Elevation/metadata/legacy/NY_REGION2LOT1-FEMA_2012,0.0,0.0,0.0,,
https://prd-tnm.s3.amazonaws.com/index.html?prefix=StagedProducts/Elevation/metadata/NY_SouthEast4County_A22/NY_SE4County_1_A22,5.0,0.0,0.0,,
https://prd-tnm.s3.amazonaws.com/index.html?prefix=StagedProducts/Elevation/metadata/NY_SouthwestNY_2017_A17/NY_Southwest_B2_2017,7.0,0.0,0.0,,
https://prd-tnm.s3.amazonaws.com/index.html?prefix=StagedProducts/Elevation/metadata/OH_Chippewa_Watershed_Lidar_2017_B17/OH_ChippewaWatershed_2017,6.0,1.0,0.0,off,OH_Chippewa_Watershed_Lidar_2017_B17_Project_Level_.xml: ...n Esri format. Ground conditions: Water at normal levels; no unusual inundation; no snow; leaf off. Muskingum Watershed Conservancy District (MWCD) has a goal...
https://prd-tnm.s3.amazonaws.com/index.html?prefix=StagedProducts/Elevation/metadata/OH_Statewide_Phase3_2021_B21/OH_StatewideP3_1_B21,5.0,0.0,0.0,,
https://prd-tnm.s3.amazonaws.com/index.html?prefix=StagedProducts/Elevation/metadata/OH_Statewide_Phase3_2021_B21/OH_StatewideP3_2_B21,5.0,0.0,0.0,,
https://prd-tnm.s3.amazonaws.com/index.html?prefix=StagedProducts/Elevation/metadata/OH_Statewide_Phase3_2021_B21/OH_StatewideP3_3_B21,5.0,0.0,0.0,,
https://prd-tnm.s3.amazonaws.com/index.html?prefix=StagedProducts/Elevation/metadata/OH_Statewide_Phase3_2021_B21/OH_StatewideP3_4_B21,5.0,0.0,0.0,,
https://prd-tnm.s3.amazonaws.com/index.html?prefix=StagedProducts/Elevation/metadata/OH_Statewide_Phase3_2021_B21/OH_StatewideP3_5_B21,6.0,0.0,0.0,,
https://prd-tnm.s3.amazonaws.com/index.html?prefix=StagedProducts/Elevation/metadata/OH_Statewide_Phase3_2021_B21/OH_StatewideP3_7_B21,6.0,0.0,0.0,,
https://prd-tnm.s3.amazonaws.com/index.html?prefix=StagedProducts/Elevation/metadata/OH_Statewide_Phase3_2021_B21/OH_StatewideP3_8_B21,6.0,0.0,0.0,,
https://prd-tnm.s3.amazonaws.com/index.html?prefix=StagedProducts/Elevation/metadata/OH_Statewide_Phase1_2019_B19/OH_Statewide_Phase1_1_2019,8.0,0.0,0.0,,
https://prd-tnm.s3.amazonaws.com/index.html?prefix=StagedProducts/Elevation/metadata/OH_Statewide_Phase1_2019_B19/OH_Statewide_Phase1_2_2019,6.0,0.0,0.0,,
https://prd-tnm.s3.amazonaws.com/index.html?prefix=StagedProducts/Elevation/metadata/OH_Statewide_Phase1_2019_B19/OH_Statewide_Phase1_3_2019,5.0,0.0,0.0,,
https://prd-tnm.s3.amazonaws.com/index.html?prefix=StagedProducts/Elevation/metadata/OH_Statewide_Phase1_2019_B19/OH_Statewide_Phase1_4_2019,5.0,0.0,0.0,,
https://prd-tnm.s3.amazonaws.com/index.html?prefix=StagedProducts/Elevation/metadata/OH_Statewide_Phase1_2019_B19/OH_Statewide_Phase1_5_2019,7.0,0.0,0.0,,
https://prd-tnm.s3.amazonaws.com/index.html?prefix=StagedProducts/Elevation/metadata/OH_Statewide_Phase1_2019_B19/OH_Statewide_Phase1_6_2019,8.0,0.0,0.0,,
https://prd-tnm.s3.amazonaws.com/index.html?prefix=StagedProducts/Elevation/metadata/OH_Statewide_Phase1_2019_B19/OH_Statewide_Phase1_7_2019,5.0,0.0,0.0,,
https://prd-tnm.s3.amazonaws.com/index.html?prefix=StagedProducts/Elevation/metadata/OH_Statewide_Phase1_2019_B19/OH_Statewide_Phase1_8_2019,5.0,0.0,0.0,,
https://prd-tnm.s3.amazonaws.com/index.html?prefix=StagedProducts/Elevation/metadata/OH_Statewide_Phase2_2020_B20/OH_Statewide_Phase2_1_2020,4.0,0.0,0.0,,
https://prd-tnm.s3.amazonaws.com/index.html?prefix=StagedProducts/Elevation/metadata/OH_Statewide_Phase2_2020_B20/OH_Statewide_Phase2_2_2020,5.0,0.0,0.0,,
https://prd-tnm.s3.amazonaws.com/index.html?prefix=StagedProducts/Elevation/metadata/OH_Statewide_Phase2_2020_B20/OH_Statewide_Phase2_3_2020,5.0,0.0,0.0,,
https://prd-tnm.s3.amazonaws.com/index.html?prefix=StagedProducts/Elevation/metadata/OH_Statewide_Phase2_2020_B20/OH_Statewide_Phase2_4_2020,5.0,0.0,0.0,,
https://prd-tnm.s3.amazonaws.com/index.html?prefix=StagedProducts/Elevation/metadata/OH_Statewide_Phase2_2020_B20/OH_Statewide_Phase2_5_2020,4.0,0.0,0.0,,
https://prd-tnm.s3.amazonaws.com/index.html?prefix=StagedProducts/Elevation/metadata/OH_Statewide_Phase2_2020_B20/OH_Statewide_Phase2_6_2020,5.0,0.0,0.0,,
https://prd-tnm.s3.amazonaws.com/index.html?prefix=StagedProducts/Elevation/metadata/OH_Statewide_Phase2_2020_B20/OH_Statewide_Phase2_7_2020,5.0,0.0,0.0,,
https://prd-tnm.s3.amazonaws.com/index.html?prefix=StagedProducts/Elevation/metadata/OH_Statewide_Phase2_2020_B20/OH_Statewide_Phase2_8_2020,5.0,0.0,0.0,,
https://prd-tnm.s3.amazonaws.com/index.html?prefix=StagedProducts/Elevation/metadata/legacy/OK_GRANDLAKE_2010,3.0,0.0,0.0,,
https://prd-tnm.s3.amazonaws.com/index.html?prefix=StagedProducts/Elevation/metadata/legacy/OK_MCINTOSH_2011,3.0,2.0,0.0,off,"Lower_NC_McIntosh_LiDAR_Project_20120330.xml: ... with air traffic controllers and the military facility prior to data collection), and 5) Leaf off. The collection for the entire project area was accomplishe..."
https://prd-tnm.s3.amazonaws.com/index.html?prefix=StagedProducts/Elevation/metadata/OK_Panhandle_2018_D18/OK_Panhandle_B1A_2018,8.0,0.0,0.0,,
https://prd-tnm.s3.amazonaws.com/index.html?prefix=StagedProducts/Elevation/metadata/OK_Panhandle_2018_D18/OK_Panhandle_B1B_2018,8.0,0.0,0.0,,
https://prd-tnm.s3.amazonaws.com/index.html?prefix=StagedProducts/Elevation/metadata/OK_Panhandle_2018_D18/OK_Panhandle_B1C_2018,8.0,0.0,0.0,,
https://prd-tnm.s3.amazonaws.com/index.html?prefix=StagedProducts/Elevation/metadata/OK_Panhandle_2018_D18/OK_Panhandle_B2_2018,7.0,0.0,0.0,,
https://prd-tnm.s3.amazonaws.com/index.html?prefix=StagedProducts/Elevation/metadata/legacy/OK_POTTAWATOMIE_2011,2.0,2.0,0.0,off,"Lower_NC_Pottawatomie_LiDAR_Project_20120330.xml: ... with air traffic controllers and the military facility prior to data collection), and 5) Leaf off. The collection for the entire project area was accomplishe..."
https://prd-tnm.s3.amazonaws.com/index.html?prefix=StagedProducts/Elevation/metadata/OK_Statewide_D22/OK_Statewide_1_D22,6.0,3.0,0.0,off,"OK_Statewide_D22_B1_DEM_Metadata.xml: ...tween the aircraft and ground, 2) Snow free, 3) No unusual flooding or inundation, and 4) Leaf off. The lidar collection for the OK_Statewide_D22 AOI was acco..."
https://prd-tnm.s3.amazonaws.com/index.html?prefix=StagedProducts/Elevation/metadata/OK_Statewide_D22/OK_Statewide_2_D22,5.0,3.0,0.0,off,"OK_Statewide_2_D22_DEM_Metadata.xml: ...tween the aircraft and ground, 2) Snow free, 3) No unusual flooding or inundation, and 4) Leaf off. The lidar collection for the OK_Statewide_D22 AOI was acco..."
https://prd-tnm.s3.amazonaws.com/index.html?prefix=StagedProducts/Elevation/metadata/legacy/OK_STILLWATER_2010,1.0,0.0,0.0,,
https://prd-tnm.s3.amazonaws.com/index.html?prefix=StagedProducts/Elevation/metadata/legacy/OK_WASHITARIVER_14NAD83_2009,3.0,0.0,0.0,,
https://prd-tnm.s3.amazonaws.com/index.html?prefix=StagedProducts/Elevation/metadata/legacy/OK_WASHITARIVER_14WGS84_2009,3.0,0.0,0.0,,
https://prd-tnm.s3.amazonaws.com/index.html?prefix=StagedProducts/Elevation/metadata/legacy/OK_WASHITARIVER_UTM15_2009,3.0,0.0,0.0,,
https://prd-tnm.s3.amazonaws.com/index.html?prefix=StagedProducts/Elevation/metadata/OR_HarneySilver_2020_A20/OR_HarneySilver_1_2020,8.0,0.0,0.0,,
https://prd-tnm.s3.amazonaws.com/index.html?prefix=StagedProducts/Elevation/metadata/OR_HarneySilver_2020_A20/OR_HarneySilver_2_2020,5.0,0.0,0.0,,
https://prd-tnm.s3.amazonaws.com/index.html?prefix=StagedProducts/Elevation/metadata/OR_HarneySilver_2020_A20/OR_HarneySilver_3_2020,8.0,0.0,0.0,,
https://prd-tnm.s3.amazonaws.com/index.html?prefix=StagedProducts/Elevation/metadata/OR_HarneySilver_2020_A20/OR_HarneySilver_4_2020,5.0,0.0,0.0,,
https://prd-tnm.s3.amazonaws.com/index.html?prefix=StagedProducts/Elevation/metadata/OR_Klamath_2018_C20/OR_Klamath_2018,5.0,0.0,0.0,,
https://prd-tnm.s3.amazonaws.com/index.html?prefix=StagedProducts/Elevation/metadata/OR_McKenzieRiverCorridor_Topobathy_2021_D21/OR_MKRC_Topobathy_2021,8.0,0.0,0.0,,
https://prd-tnm.s3.amazonaws.com/index.html?prefix=StagedProducts/Elevation/metadata/OR_Malheur_A22/OR_Malheur_1_A22,8.0,0.0,0.0,,
https://prd-tnm.s3.amazonaws.com/index.html?prefix=StagedProducts/Elevation/metadata/legacy/OR_MALHEUR_USFS_2010,0.0,0.0,0.0,,
https://prd-tnm.s3.amazonaws.com/index.html?prefix=StagedProducts/Elevation/metadata/OR_McKenzieRiver_2021_B21/OR_McKenzieRiver_1_2021,6.0,0.0,0.0,,
https://prd-tnm.s3.amazonaws.com/index.html?prefix=StagedProducts/Elevation/metadata/OR_NRCSUSGS_2019_D19/OR_NRCSUSGS_1_2019,5.0,0.0,0.0,,
https://prd-tnm.s3.amazonaws.com/index.html?prefix=StagedProducts/Elevation/metadata/OR_NRCSUSGS_2019_D19/OR_NRCSUSGS_2_2019,5.0,0.0,0.0,,
https://prd-tnm.s3.amazonaws.com/index.html?prefix=StagedProducts/Elevation/metadata/OR_NRCSUSGS_2019_D19/OR_NRCSUSGS_3_2019,5.0,0.0,0.0,,
https://prd-tnm.s3.amazonaws.com/index.html?prefix=StagedProducts/Elevation/metadata/OR_NRCSUSGS_2019_D19/OR_NRCSUSGS_4_2019,6.0,0.0,0.0,,
https://prd-tnm.s3.amazonaws.com/index.html?prefix=StagedProducts/Elevation/metadata/OR_NRCSUSGS_2019_D19/OR_NRCSUSGS_5_2019,4.0,0.0,0.0,,
https://prd-tnm.s3.amazonaws.com/index.html?prefix=StagedProducts/Elevation/metadata/OR_OLCMetro_2019_A19/OR_OLCMetro_2019,8.0,0.0,0.0,,
https://prd-tnm.s3.amazonaws.com/index.html?prefix=StagedProducts/Elevation/metadata/Pole_Creek_8ppsm_LiDAR/OR_PoleCreek_2013,3.0,0.0,0.0,,
https://prd-tnm.s3.amazonaws.com/index.html?prefix=StagedProducts/Elevation/metadata/OR_SouthwestCentralSycan_2021_B21/OR_SWCentralSycan_1_B21,6.0,0.0,0.0,,
https://prd-tnm.s3.amazonaws.com/index.html?prefix=StagedProducts/Elevation/metadata/OR_SouthwestCentralSycan_2021_B21/OR_SWCentralSycan_2_B21,7.0,0.0,0.0,,
https://prd-tnm.s3.amazonaws.com/index.html?prefix=StagedProducts/Elevation/metadata/OR_SouthwestCentralSycan_2021_B21/OR_SWCentralSycan_3_B21,6.0,0.0,0.0,,
https://prd-tnm.s3.amazonaws.com/index.html?prefix=StagedProducts/Elevation/metadata/OR_SouthwestCentralSycan_2021_B21/OR_SWCentralSycan_4_B21,7.0,0.0,0.0,,
https://prd-tnm.s3.amazonaws.com/index.html?prefix=StagedProducts/Elevation/metadata/OR_SouthEast_D22/OR_SouthEast_1_D22,8.0,0.0,0.0,,
https://prd-tnm.s3.amazonaws.com/index.html?prefix=StagedProducts/Elevation/metadata/OR_SouthEast_D22/OR_SouthEast_2_D22,8.0,0.0,0.0,,
https://prd-tnm.s3.amazonaws.com/index.html?prefix=StagedProducts/Elevation/metadata/OR_SouthEast_D22/OR_SouthEast_3_D22,7.0,0.0,0.0,,
https://prd-tnm.s3.amazonaws.com/index.html?prefix=StagedProducts/Elevation/metadata/OR_SouthEast_D22/OR_SouthEast_4_D22,5.0,0.0,0.0,,
https://prd-tnm.s3.amazonaws.com/index.html?prefix=StagedProducts/Elevation/metadata/OR_SouthEast_D22/OR_SouthEast_5_D22,7.0,0.0,0.0,,
https://prd-tnm.s3.amazonaws.com/index.html?prefix=StagedProducts/Elevation/metadata/OR_SouthEast_D22/OR_SouthEast_6_D22,7.0,0.0,0.0,,
https://prd-tnm.s3.amazonaws.com/index.html?prefix=StagedProducts/Elevation/metadata/OR_SouthEast_D22/OR_SouthEast_7_D22,7.0,0.0,0.0,,
https://prd-tnm.s3.amazonaws.com/index.html?prefix=StagedProducts/Elevation/metadata/OR_SouthEast_D22/OR_SouthEast_8_D22,8.0,0.0,0.0,,
https://prd-tnm.s3.amazonaws.com/index.html?prefix=StagedProducts/Elevation/metadata/OR_UmatillaWallowaWhitman_B22/OR_UmatillaWallowaWhitman_1_B22,5.0,0.0,0.0,,
https://prd-tnm.s3.amazonaws.com/index.html?prefix=StagedProducts/Elevation/metadata/OR_UpperJohnDay_2020_A20/OR_UpperJohnDay_1_2020,8.0,0.0,0.0,,
https://prd-tnm.s3.amazonaws.com/index.html?prefix=StagedProducts/Elevation/metadata/OR_WesternWildfires_A22/OR_WWildfires_1_A22,6.0,0.0,0.0,,
https://prd-tnm.s3.amazonaws.com/index.html?prefix=StagedProducts/Elevation/metadata/OR_WesternWildfires_A22/OR_WWildfires_2_A22,6.0,0.0,0.0,,
https://prd-tnm.s3.amazonaws.com/index.html?prefix=StagedProducts/Elevation/metadata/PA_3_County_South_Central_2018_D18/PA_3_County_South_Central_2018,8.0,0.0,0.0,,
https://prd-tnm.s3.amazonaws.com/index.html?prefix=StagedProducts/Elevation/metadata/PA_Northcentral_2019_B19/PA_Northcentral_B1_2019,5.0,0.0,0.0,,
https://prd-tnm.s3.amazonaws.com/index.html?prefix=StagedProducts/Elevation/metadata/PA_Northcentral_2019_B19/PA_Northcentral_B2_2019,8.0,0.0,0.0,,
https://prd-tnm.s3.amazonaws.com/index.html?prefix=StagedProducts/Elevation/metadata/PA_Northcentral_2019_B19/PA_Northcentral_B3QL1_2019,4.0,0.0,0.0,,
https://prd-tnm.s3.amazonaws.com/index.html?prefix=StagedProducts/Elevation/metadata/PA_Northcentral_2019_B19/PA_Northcentral_B3_2019,5.0,0.0,0.0,,
https://prd-tnm.s3.amazonaws.com/index.html?prefix=StagedProducts/Elevation/metadata/PA_Northcentral_2019_B19/PA_Northcentral_B4_2019,5.0,0.0,0.0,,
https://prd-tnm.s3.amazonaws.com/index.html?prefix=StagedProducts/Elevation/metadata/PA_Northcentral_2019_B19/PA_Northcentral_B5_2019,6.0,0.0,0.0,,
https://prd-tnm.s3.amazonaws.com/index.html?prefix=StagedProducts/Elevation/metadata/PA_WesternPA_2019_D20/PA_WesternPA_1_2019,5.0,0.0,0.0,,
https://prd-tnm.s3.amazonaws.com/index.html?prefix=StagedProducts/Elevation/metadata/PA_WesternPA_2019_D20/PA_WesternPA_2_2019,5.0,0.0,0.0,,
https://prd-tnm.s3.amazonaws.com/index.html?prefix=StagedProducts/Elevation/metadata/PA_WesternPA_2019_D20/PA_WesternPA_3_2019,6.0,0.0,0.0,,
https://prd-tnm.s3.amazonaws.com/index.html?prefix=StagedProducts/Elevation/metadata/PA_WesternPA_2019_D20/PA_WesternPA_4_2019,6.0,0.0,0.0,,
https://prd-tnm.s3.amazonaws.com/index.html?prefix=StagedProducts/Elevation/metadata/PI_CNMI_2019_D19/PI_CNMI_hydroflattened_2019,8.0,0.0,0.0,,
https://prd-tnm.s3.amazonaws.com/index.html?prefix=StagedProducts/Elevation/metadata/PI_CNMI_2019_D19/PI_CNMI_hydroflattened_ellipsoid_2019,8.0,0.0,0.0,,
https://prd-tnm.s3.amazonaws.com/index.html?prefix=StagedProducts/Elevation/metadata/PI_CNMI_2019_D19/PI_CNMI_topobathymetric_2019,8.0,0.0,0.0,,
https://prd-tnm.s3.amazonaws.com/index.html?prefix=StagedProducts/Elevation/metadata/PI_CNMI_2019_D19/PI_CNMI_topobathymetric_ellipsoid_2019,8.0,0.0,0.0,,
https://prd-tnm.s3.amazonaws.com/index.html?prefix=StagedProducts/Elevation/metadata/RI_Statewide_D22/RI_Statewide_1_D22,4.0,2.0,0.0,off,"RI_StatewideLidar_2022_D22_QL1_DEM_XML_Metadata.xml: ...tween the aircraft and ground, 2) Snow free, 3) No unusual flooding or inundation, and 4) Leaf off. The lidar collection for the RI_StatewideLidar_2022_D22_QL..."
https://prd-tnm.s3.amazonaws.com/index.html?prefix=StagedProducts/Elevation/metadata/legacy/SC_ANDERSONCO_2011,3.0,0.0,0.0,,
https://prd-tnm.s3.amazonaws.com/index.html?prefix=StagedProducts/Elevation/metadata/legacy/SC_BERKELEYCO_2009,2.0,0.0,0.0,,
https://prd-tnm.s3.amazonaws.com/index.html?prefix=StagedProducts/Elevation/metadata/SC_CoastalCounties_2017_A17/SC_Berkeley_2016,8.0,0.0,0.0,,
https://prd-tnm.s3.amazonaws.com/index.html?prefix=StagedProducts/Elevation/metadata/SC_CoastalCounties_2017_A17/SC_Berkeley_B2_2016,8.0,0.0,0.0,,
https://prd-tnm.s3.amazonaws.com/index.html?prefix=StagedProducts/Elevation/metadata/legacy/SC_CHEROKEECO_2008,3.0,0.0,0.0,,
https://prd-tnm.s3.amazonaws.com/index.html?prefix=StagedProducts/Elevation/metadata/legacy/SC_CHESTERCO_2008,2.0,0.0,0.0,,
https://prd-tnm.s3.amazonaws.com/index.html?prefix=StagedProducts/Elevation/metadata/legacy/SC_CHESTERFIELDCO_2008,2.0,0.0,0.0,,
https://prd-tnm.s3.amazonaws.com/index.html?prefix=StagedProducts/Elevation/metadata/legacy/SC_CLARENDONCO_2008,3.0,0.0,0.0,,
https://prd-tnm.s3.amazonaws.com/index.html?prefix=StagedProducts/Elevation/metadata/legacy/SC_DARLINGTONCO_2008,3.0,0.0,0.0,,
https://prd-tnm.s3.amazonaws.com/index.html?prefix=StagedProducts/Elevation/metadata/legacy/SC_DILLONCO_2008,2.0,0.0,0.0,,
https://prd-tnm.s3.amazonaws.com/index.html?prefix=StagedProducts/Elevation/metadata/legacy/SC_FAIRFIELDCO_2008,2.0,0.0,0.0,,
https://prd-tnm.s3.amazonaws.com/index.html?prefix=StagedProducts/Elevation/metadata/legacy/SC_FLORENCECO_2009,1.0,0.0,0.0,,
https://prd-tnm.s3.amazonaws.com/index.html?prefix=StagedProducts/Elevation/metadata/legacy/SC_GREENWOODCO_2008,2.0,0.0,0.0,,
https://prd-tnm.s3.amazonaws.com/index.html?prefix=StagedProducts/Elevation/metadata/legacy/SC_KERSHAW_2010,2.0,0.0,0.0,,
https://prd-tnm.s3.amazonaws.com/index.html?prefix=StagedProducts/Elevation/metadata/legacy/SC_LANCASTERCO_2008,2.0,0.0,0.0,,
https://prd-tnm.s3.amazonaws.com/index.html?prefix=StagedProducts/Elevation/metadata/legacy/SC_LAURENSCO_2008,2.0,0.0,0.0,,
https://prd-tnm.s3.amazonaws.com/index.html?prefix=StagedProducts/Elevation/metadata/legacy/SC_LEXINGTONCO_2010,3.0,0.0,0.0,,
https://prd-tnm.s3.amazonaws.com/index.html?prefix=StagedProducts/Elevation/metadata/legacy/SC_MARIONCO_2008,2.0,0.0,0.0,,
https://prd-tnm.s3.amazonaws.com/index.html?prefix=StagedProducts/Elevation/metadata/legacy/SC_MARLBOROCO_2008,2.0,0.0,0.0,,
https://prd-tnm.s3.amazonaws.com/index.html?prefix=StagedProducts/Elevation/metadata/legacy/SC_NEWBERRYCO_2008,2.0,0.0,0.0,,
https://prd-tnm.s3.amazonaws.com/index.html?prefix=StagedProducts/Elevation/metadata/legacy/SC_OCONEECO_2011,4.0,0.0,0.0,,
https://prd-tnm.s3.amazonaws.com/index.html?prefix=StagedProducts/Elevation/metadata/legacy/SC_ORANGEBURGCO_2008,2.0,0.0,0.0,,
https://prd-tnm.s3.amazonaws.com/index.html?prefix=StagedProducts/Elevation/metadata/legacy/SC_PICKENSCO_2011,4.0,0.0,0.0,,
https://prd-tnm.s3.amazonaws.com/index.html?prefix=StagedProducts/Elevation/metadata/legacy/SC_RICHLANDCO_2010,8.0,0.0,0.0,,
https://prd-tnm.s3.amazonaws.com/index.html?prefix=StagedProducts/Elevation/metadata/legacy/SC_SALUDACO_2010,3.0,0.0,0.0,,
https://prd-tnm.s3.amazonaws.com/index.html?prefix=StagedProducts/Elevation/metadata/SC_SavannahPeeDee_2019_B19/SC_SavannahPeeDee_1_2019,8.0,0.0,0.0,,
https://prd-tnm.s3.amazonaws.com/index.html?prefix=StagedProducts/Elevation/metadata/SC_SavannahPeeDee_2019_B19/SC_SavannahPeeDee_2_2019,7.0,0.0,0.0,,
https://prd-tnm.s3.amazonaws.com/index.html?prefix=StagedProducts/Elevation/metadata/SC_SavannahPeeDee_2019_B19/SC_SavannahPeeDee_3_2019,5.0,0.0,0.0,,
https://prd-tnm.s3.amazonaws.com/index.html?prefix=StagedProducts/Elevation/metadata/SC_SavannahPeeDee_2019_B19/SC_SavannahPeeDee_4_2019,7.0,0.0,0.0,,
https://prd-tnm.s3.amazonaws.com/index.html?prefix=StagedProducts/Elevation/metadata/SC_SavannahPeeDee_2019_B19/SC_SavannahPeeDee_5_2019,8.0,0.0,0.0,,
https://prd-tnm.s3.amazonaws.com/index.html?prefix=StagedProducts/Elevation/metadata/SC_SavannahPeeDee_2019_B19/SC_SavannahPeeDee_6_2019,5.0,3.0,0.0,off,"SC_Savannah_Pee_Dee_2019_B19_DEM_Metadata_Lot_9_QL2.xml: ...will provide a low confidence polygon for the gap areas. Woolpert will refly the gap once leaf off conditions return, patch the impacted tiles, and redeliver ..."
https://prd-tnm.s3.amazonaws.com/index.html?prefix=StagedProducts/Elevation/metadata/SC_SavannahPeeDee_2019_B19/SC_SavannahPeeDee_6_ReFlight_2019,6.0,0.0,0.0,,
https://prd-tnm.s3.amazonaws.com/index.html?prefix=StagedProducts/Elevation/metadata/SC_SavannahPeeDee_2019_B19/SC_SavannahPeeDee_7_2019,5.0,0.0,0.0,,
https://prd-tnm.s3.amazonaws.com/index.html?prefix=StagedProducts/Elevation/metadata/SC_SavannahPeeDee_2019_B19/SC_SavannahPeeDee_8_2019,6.0,0.0,0.0,,
https://prd-tnm.s3.amazonaws.com/index.html?prefix=StagedProducts/Elevation/metadata/legacy/SC_UNIONCO_2008,2.0,0.0,0.0,,
https://prd-tnm.s3.amazonaws.com/index.html?prefix=StagedProducts/Elevation/metadata/legacy/SC_WILLIAMSBURGCO_2008,2.0,0.0,0.0,,
https://prd-tnm.s3.amazonaws.com/index.html?prefix=StagedProducts/Elevation/metadata/legacy/SC_YORKCO_2011,4.0,0.0,0.0,,
https://prd-tnm.s3.amazonaws.com/index.html?prefix=StagedProducts/Elevation/metadata/legacy/SD_BEADLE_COUNTY_2012,2.0,0.0,0.0,,
https://prd-tnm.s3.amazonaws.com/index.html?prefix=StagedProducts/Elevation/metadata/legacy/SD_BROOKINGS_2012,1.0,0.0,0.0,,
https://prd-tnm.s3.amazonaws.com/index.html?prefix=StagedProducts/Elevation/metadata/SD_CentralNorth_D22/SD_CentralNorth_1_D22,6.0,3.0,0.0,off,"SD_CentralNorth_1_2022_D22_DEM_XML_Metadata_B1_UTM14.xml: ...tween the aircraft and ground, 2) Snow free, 3) No unusual flooding or inundation, and 4) Leaf off. The lidar collection for the SD_CentralNorth_2022_D22 Bloc..."
https://prd-tnm.s3.amazonaws.com/index.html?prefix=StagedProducts/Elevation/metadata/SD_CentralNorth_D22/SD_CentralNorth_2_D22,8.0,3.0,0.0,off,"SD_CentralNorth_2_D22_DEM_XML_Metadata_B2_UTM14.xml: ...tween the aircraft and ground, 2) Snow free, 3) No unusual flooding or inundation, and 4) Leaf off. The lidar collection for the SD_CentralNorth_2_D22 Block 1..."
https://prd-tnm.s3.amazonaws.com/index.html?prefix=StagedProducts/Elevation/metadata/legacy/SD_CLARK_COUNTY_2012,1.0,0.0,0.0,,
https://prd-tnm.s3.amazonaws.com/index.html?prefix=StagedProducts/Elevation/metadata/legacy/SD_CLAY_COUNTY_2012,2.0,0.0,0.0,,
https://prd-tnm.s3.amazonaws.com/index.html?prefix=StagedProducts/Elevation/metadata/legacy/SD_CODINGTON_COUNTY_2012,1.0,0.0,0.0,,
https://prd-tnm.s3.amazonaws.com/index.html?prefix=StagedProducts/Elevation/metadata/legacy/SD_DAVISON_COUNTY_2012,3.0,0.0,0.0,,
https://prd-tnm.s3.amazonaws.com/index.html?prefix=StagedProducts/Elevation/metadata/legacy/SD_DEUEL_COUNTY_2012,2.0,0.0,0.0,,
https://prd-tnm.s3.amazonaws.com/index.html?prefix=StagedProducts/Elevation/metadata/SD_EasternP2_2021_D21/SD_EasternP2_1_2021,5.0,3.0,0.0,off,"SD_EasternP2_2021_D21_DEM_XML_Metadata_B1.xml: ...tween the aircraft and ground, 2) Snow free, 3) No unusual flooding or inundation, and 4) Leaf off. The lidar collection for the SD_EasternP2_2021_D21 AOI was..."
https://prd-tnm.s3.amazonaws.com/index.html?prefix=StagedProducts/Elevation/metadata/SD_EasternP2_2021_D21/SD_EasternP2_2_2021,5.0,3.0,0.0,off,"SD_EasternP2_2021_D21_DEM_XML_Metadata_B2.xml: ...tween the aircraft and ground, 2) Snow free, 3) No unusual flooding or inundation, and 4) Leaf off. The lidar collection for the SD_EasternP2_2021_D21 AOI was..."
https://prd-tnm.s3.amazonaws.com/index.html?prefix=StagedProducts/Elevation/metadata/SD_EasternSD_2020_B20/SD_EasternSD_1_2020,5.0,3.0,0.0,off,"SD_EasternSD_2019_D19_DEM_XML_Metadata.xml: ...tween the aircraft and ground, 2) Snow free, 3) No unusual flooding or inundation, and 4) Leaf off. The lidar collection for the SD_Eastern_SD_2020_D20 AOI wa..."
https://prd-tnm.s3.amazonaws.com/index.html?prefix=StagedProducts/Elevation/metadata/SD_EasternSD_2020_B20/SD_EasternSD_2_2020,7.0,3.0,0.0,off,"SD_EasternSD_2019_D19_DEM_XML_Metadata_B2.xml: ...tween the aircraft and ground, 2) Snow free, 3) No unusual flooding or inundation, and 4) Leaf off. The lidar collection for the SD_Eastern_SD_2020_D20 AOI wa..."
https://prd-tnm.s3.amazonaws.com/index.html?prefix=StagedProducts/Elevation/metadata/SD_EasternSD_2020_B20/SD_EasternSD_3_2020,4.0,2.0,0.0,off,"SD_EasternSD_2019_D19_DEM_XML_Metadata_B3.xml: ...tween the aircraft and ground, 2) Snow free, 3) No unusual flooding or inundation, and 4) Leaf off. The lidar collection for the SD_Eastern_SD_2020_D20 AOI wa..."
https://prd-tnm.s3.amazonaws.com/index.html?prefix=StagedProducts/Elevation/metadata/legacy/SD_GRANT_COUNTY_2012,2.0,0.0,0.0,,
https://prd-tnm.s3.amazonaws.com/index.html?prefix=StagedProducts/Elevation/metadata/legacy/SD_HANSON_COUNTY_2012,2.0,0.0,0.0,,
https://prd-tnm.s3.amazonaws.com/index.html?prefix=StagedProducts/Elevation/metadata/legacy/SD_HUTCHINSON_COUNTY_2012,1.0,0.0,0.0,,
https://prd-tnm.s3.amazonaws.com/index.html?prefix=StagedProducts/Elevation/metadata/legacy/SD_JAMES_RIVER_NRCS_G_2010,1.0,0.0,0.0,,
https://prd-tnm.s3.amazonaws.com/index.html?prefix=StagedProducts/Elevation/metadata/legacy/SD_JAMES_RIVER_NRCS_H_2010,1.0,0.0,0.0,,
https://prd-tnm.s3.amazonaws.com/index.html?prefix=StagedProducts/Elevation/metadata/legacy/SD_JAMES_RIVER_NRCS_I_2010,1.0,0.0,0.0,,
https://prd-tnm.s3.amazonaws.com/index.html?prefix=StagedProducts/Elevation/metadata/legacy/SD_JAMES_RIVER_NRCS_J_2010,1.0,0.0,0.0,,
https://prd-tnm.s3.amazonaws.com/index.html?prefix=StagedProducts/Elevation/metadata/legacy/SD_KINGSBURY_COUNTY_2012,1.0,0.0,0.0,,
https://prd-tnm.s3.amazonaws.com/index.html?prefix=StagedProducts/Elevation/metadata/legacy/SD_LINCOLNCO_2008,8.0,0.0,0.0,,
https://prd-tnm.s3.amazonaws.com/index.html?prefix=StagedProducts/Elevation/metadata/SD_Missouri_River_LiDAR_Dewberry_2016_D16/SD_MO-River-Dewberry-B7_2016,8.0,0.0,0.0,,
https://prd-tnm.s3.amazonaws.com/index.html?prefix=StagedProducts/Elevation/metadata/SD_Missouri_River_LiDAR_Dewberry_2016_D16/SD_MO-River-Dewberry-B8_2016,8.0,0.0,0.0,,
https://prd-tnm.s3.amazonaws.com/index.html?prefix=StagedProducts/Elevation/metadata/SD_Missouri_River_LiDAR_Woolpert_2016_D16/SD_MORiver_Woolpert_B3_2016,8.0,1.0,0.0,off,SD Missouri River Lidar D16 Project Level.xml: ...n Esri format. Ground conditions: Water at normal levels; no unusual inundation; no snow; leaf off. To further support the delivery of the Conservation Techni...
https://prd-tnm.s3.amazonaws.com/index.html?prefix=StagedProducts/Elevation/metadata/SD_Missouri_River_LiDAR_Woolpert_2016_D16/SD_MORiver_Woolpert_TL_2016,8.0,1.0,0.0,off,SD Missouri River Lidar D16 Project Level.xml: ...n Esri format. Ground conditions: Water at normal levels; no unusual inundation; no snow; leaf off. To further support the delivery of the Conservation Techni...
https://prd-tnm.s3.amazonaws.com/index.html?prefix=StagedProducts/Elevation/metadata/SD_Missouri_River_LiDAR_Dewberry_2016_D16/SD_MO_River_Dewberry_B1_2016,8.0,0.0,0.0,,
https://prd-tnm.s3.amazonaws.com/index.html?prefix=StagedProducts/Elevation/metadata/SD_Missouri_River_LiDAR_Dewberry_2016_D16/SD_MO_River_Dewberry_B2_2016,8.0,0.0,0.0,,
https://prd-tnm.s3.amazonaws.com/index.html?prefix=StagedProducts/Elevation/metadata/SD_Missouri_River_LiDAR_Dewberry_2016_D16/SD_MO_River_Dewberry_B3_2016,8.0,0.0,0.0,,
https://prd-tnm.s3.amazonaws.com/index.html?prefix=StagedProducts/Elevation/metadata/SD_Missouri_River_LiDAR_Dewberry_2016_D16/SD_MO_River_Dewberry_B4_2016,8.0,0.0,0.0,,
https://prd-tnm.s3.amazonaws.com/index.html?prefix=StagedProducts/Elevation/metadata/SD_Missouri_River_LiDAR_Dewberry_2016_D16/SD_MO_River_Dewberry_B5_2016,8.0,0.0,0.0,,
https://prd-tnm.s3.amazonaws.com/index.html?prefix=StagedProducts/Elevation/metadata/legacy/SD_MCCOOK_COUNTY_2012,2.0,0.0,0.0,,
https://prd-tnm.s3.amazonaws.com/index.html?prefix=StagedProducts/Elevation/metadata/legacy/SD_MINER_COUNTY_2012,1.0,0.0,0.0,,
https://prd-tnm.s3.amazonaws.com/index.html?prefix=StagedProducts/Elevation/metadata/legacy/SD_MINNEHAHACO_2008,6.0,0.0,0.0,,
https://prd-tnm.s3.amazonaws.com/index.html?prefix=StagedProducts/Elevation/metadata/legacy/SD_MOODY_COUNTY_2012,1.0,0.0,0.0,,
https://prd-tnm.s3.amazonaws.com/index.html?prefix=StagedProducts/Elevation/metadata/SD_FY17_NRCS_Lidar_QSI_2017_D17/SD_NRCS_QSI_A1_2017,8.0,0.0,0.0,,
https://prd-tnm.s3.amazonaws.com/index.html?prefix=StagedProducts/Elevation/metadata/SD_FY17_NRCS_Lidar_QSI_2017_D17/SD_NRCS_QSI_A1_TL_2017,8.0,0.0,0.0,,
https://prd-tnm.s3.amazonaws.com/index.html?prefix=StagedProducts/Elevation/metadata/SD_FY17_NRCS_Lidar_QSI_2017_D17/SD_NRCS_QSI_A2_2017,8.0,0.0,0.0,,
https://prd-tnm.s3.amazonaws.com/index.html?prefix=StagedProducts/Elevation/metadata/SD_FY17_NRCS_Lidar_QSI_2017_D17/SD_NRCS_QSI_A2_TL_2017,8.0,0.0,0.0,,
https://prd-tnm.s3.amazonaws.com/index.html?prefix=StagedProducts/Elevation/metadata/SD_FY17_NRCS_Lidar_QSI_2017_D17/SD_NRCS_QSI_A3_2017,8.0,0.0,0.0,,
https://prd-tnm.s3.amazonaws.com/index.html?prefix=StagedProducts/Elevation/metadata/SD_FY17_NRCS_Lidar_QSI_2017_D17/SD_NRCS_QSI_A4_2017,8.0,0.0,0.0,,
https://prd-tnm.s3.amazonaws.com/index.html?prefix=StagedProducts/Elevation/metadata/SD_FY17_NRCS_Lidar_QSI_2017_D17/SD_NRCS_QSI_A5_2017,8.0,0.0,0.0,,
https://prd-tnm.s3.amazonaws.com/index.html?prefix=StagedProducts/Elevation/metadata/legacy/SD_RILEYPASS_2012,6.0,0.0,0.0,,
https://prd-tnm.s3.amazonaws.com/index.html?prefix=StagedProducts/Elevation/metadata/legacy/SD_ROBERTS_COUNTY_2012,1.0,0.0,0.0,,
https://prd-tnm.s3.amazonaws.com/index.html?prefix=StagedProducts/Elevation/metadata/legacy/SD_SANBORN_COUNTY_2012,1.0,0.0,0.0,,
https://prd-tnm.s3.amazonaws.com/index.html?prefix=StagedProducts/Elevation/metadata/SD_Southwest_NRCS_SD_2018_D18/SD_Southwest_B1_2018,8.0,4.0,0.0,off,"SD_Southwest_NRCS_2018_D18_D1_Metadata_Project.xml: ...tween the aircraft and ground, 2) Snow free, 3) No unusual flooding or inundation, and 4) Leaf off. The spring 2018 collection for the SD_Southwest_NRCS_SD_20..."
https://prd-tnm.s3.amazonaws.com/index.html?prefix=StagedProducts/Elevation/metadata/SD_Southwest_NRCS_SD_2018_D18/SD_Southwest_B2_2018,8.0,4.0,0.0,off,"SD_Southwest_NRCS_2018_D18_Block2_Metadata_Project.xml: ...tween the aircraft and ground, 2) Snow free, 3) No unusual flooding or inundation, and 4) Leaf off. The Block 2 collection for the SD_Southwest_NRCS_SD_2018_D..."
https://prd-tnm.s3.amazonaws.com/index.html?prefix=StagedProducts/Elevation/metadata/SD_Southwest_NRCS_SD_2018_D18/SD_Southwest_B3_2018,8.0,4.0,0.0,off,"SD_Southwest_NRCS_2018_D18_Block3_Metadata_Project.xml: ...tween the aircraft and ground, 2) Snow free, 3) No unusual flooding or inundation, and 4) Leaf off. The Block 3 collection for the SD_Southwest_NRCS_SD_2018_D..."
https://prd-tnm.s3.amazonaws.com/index.html?prefix=StagedProducts/Elevation/metadata/legacy/SD_SPINK_COUNTY_2012,1.0,0.0,0.0,,
https://prd-tnm.s3.amazonaws.com/index.html?prefix=StagedProducts/Elevation/metadata/legacy/SD_TURNER_COUNTY_2012,1.0,0.0,0.0,,
https://prd-tnm.s3.amazonaws.com/index.html?prefix=StagedProducts/Elevation/metadata/legacy/SD_UNION_COUNTY_2012,1.0,0.0,0.0,,
https://prd-tnm.s3.amazonaws.com/index.html?prefix=StagedProducts/Elevation/metadata/legacy/SD_YANKTON_COUNTY_2012,1.0,0.0,0.0,,
https://prd-tnm.s3.amazonaws.com/index.html?prefix=StagedProducts/Elevation/metadata/TN_DavidsonCounty_D22/TN_DavidsonCo_1_2022,5.0,0.0,0.0,,
https://prd-tnm.s3.amazonaws.com/index.html?prefix=StagedProducts/Elevation/metadata/legacy/TN_MEMPHIS_2011,4.0,0.0,0.0,,
https://prd-tnm.s3.amazonaws.com/index.html?prefix=StagedProducts/Elevation/metadata/legacy/TN_NASHVILLE_2011,7.0,0.0,0.0,,
https://prd-tnm.s3.amazonaws.com/index.html?prefix=StagedProducts/Elevation/metadata/legacy/TN_OSMRE-GPSC_2011,2.0,0.0,0.0,,
https://prd-tnm.s3.amazonaws.com/index.html?prefix=StagedProducts/Elevation/metadata/legacy/TN_SHELBYCO_2012,3.0,0.0,0.0,,
https://prd-tnm.s3.amazonaws.com/index.html?prefix=StagedProducts/Elevation/metadata/TN_WestTN_2019_B19/TN_WestTN_B1_2019,8.0,0.0,0.0,,
https://prd-tnm.s3.amazonaws.com/index.html?prefix=StagedProducts/Elevation/metadata/TN_WestTN_2019_B19/TN_WestTN_B2_2019,8.0,0.0,0.0,,
https://prd-tnm.s3.amazonaws.com/index.html?prefix=StagedProducts/Elevation/metadata/TN_WestTN_2019_B19/TN_WestTN_B3_2019,8.0,0.0,0.0,,
https://prd-tnm.s3.amazonaws.com/index.html?prefix=StagedProducts/Elevation/metadata/legacy/TX_ARANSAS_REFUGIO_2006,1.0,0.0,0.0,,
https://prd-tnm.s3.amazonaws.com/index.html?prefix=StagedProducts/Elevation/metadata/legacy/TX_BELL-BURNET-MCLENNAN_2011,3.0,0.0,0.0,,
https://prd-tnm.s3.amazonaws.com/index.html?prefix=StagedProducts/Elevation/metadata/legacy/TX_BRAZORIA_2006,1.0,0.0,0.0,,
https://prd-tnm.s3.amazonaws.com/index.html?prefix=StagedProducts/Elevation/metadata/TX_CentralEast_A23/TX_CentralEast_1_A23,8.0,1.0,0.0,off,"TX_CentralEast_1_A23_DEM_Metadata_UTM14.xml: ...tween the aircraft and ground, 2) Snow free, 3) No unusual flooding or inundation, and 4) Leaf off. Terrasurv, Inc. 20240226 TNRIS AJLS report of Survey Vecto..."
https://prd-tnm.s3.amazonaws.com/index.html?prefix=StagedProducts/Elevation/metadata/TX_CentralEast_A23/TX_CentralEast_2_A23,7.0,2.0,0.0,off,"TX_CentralEast_2_A23_DEM_Metadata_UTM15.xml: ...tween the aircraft and ground, 2) Snow free, 3) No unusual flooding or inundation, and 4) Leaf off. Terrasurv, Inc. 20240226 TNRIS AJLS report of Survey Vecto..."
https://prd-tnm.s3.amazonaws.com/index.html?prefix=StagedProducts/Elevation/metadata/legacy/TX_CHAMBERS_2006,1.0,0.0,0.0,,
https://prd-tnm.s3.amazonaws.com/index.html?prefix=StagedProducts/Elevation/metadata/TX_CoastalRegion_2018_A18/TX_Coastal_B1_2018,8.0,0.0,0.0,,
https://prd-tnm.s3.amazonaws.com/index.html?prefix=StagedProducts/Elevation/metadata/TX_CoastalRegion_2018_A18/TX_Coastal_B2_Z14_2018,5.0,0.0,0.0,,
https://prd-tnm.s3.amazonaws.com/index.html?prefix=StagedProducts/Elevation/metadata/TX_CoastalRegion_2018_A18/TX_Coastal_B2_Z15_2018,5.0,0.0,0.0,,
https://prd-tnm.s3.amazonaws.com/index.html?prefix=StagedProducts/Elevation/metadata/TX_CoastalRegion_2018_A18/TX_Coastal_B3_2018,4.0,0.0,0.0,,
https://prd-tnm.s3.amazonaws.com/index.html?prefix=StagedProducts/Elevation/metadata/legacy/TX_COLEMANCO_2006,0.0,0.0,0.0,,
https://prd-tnm.s3.amazonaws.com/index.html?prefix=StagedProducts/Elevation/metadata/TX_DesertMountains_2018_D19/TX_DesertMountains_B1_2018,7.0,4.0,0.0,off,"TX_Desert_Mountains_DEM.xml: ...mpleted by Optimal GEO, Inc. This task order originally requested a fall 2018/spring 2019 leaf-off collection, however the contract was modified for a fall 20..."
https://prd-tnm.s3.amazonaws.com/index.html?prefix=StagedProducts/Elevation/metadata/TX_DesertMountains_2018_D19/TX_DesertMountains_B2_2018,7.0,4.0,0.0,off,"TX_Desert_Mountains_DEM.xml: ...mpleted by Optimal GEO, Inc. This task order originally requested a fall 2018/spring 2019 leaf-off collection, however the contract was modified for a fall 20..."
https://prd-tnm.s3.amazonaws.com/index.html?prefix=StagedProducts/Elevation/metadata/legacy/TX_FAYETTECO_2008,2.0,0.0,0.0,,
https://prd-tnm.s3.amazonaws.com/index.html?prefix=StagedProducts/Elevation/metadata/legacy/TX_GALVESTON_2006,1.0,0.0,0.0,,
https://prd-tnm.s3.amazonaws.com/index.html?prefix=StagedProducts/Elevation/metadata/legacy/TX_HAYSCO_2008,2.0,0.0,0.0,,
https://prd-tnm.s3.amazonaws.com/index.html?prefix=StagedProducts/Elevation/metadata/TX_Hurricane_2018_D18_SUPPLEMENTAL_DRRA/TX_Hurricane_B4_2018,8.0,2.0,0.0,off,"TX_Hurricane_2018_D18_Supplemental_DEM_XML_Metadata_B4.xml: ...tween the aircraft and ground, 2) Snow free, 3) No unusual flooding or inundation, and 4) Leaf off. . The lidar collection for the TX_Hurricane_2018_D18_Suppl..."
https://prd-tnm.s3.amazonaws.com/index.html?prefix=StagedProducts/Elevation/metadata/TX_Hurricane_2018_D18_SUPPLEMENTAL_DRRA/TX_Hurricane_B5B_2018,7.0,3.0,0.0,off,"TX_Hurricane_2018_D18_Supplemental_DEM_XML_Metadata_B5_UTM15.xml: ...tween the aircraft and ground, 2) Snow free, 3) No unusual flooding or inundation, and 4) Leaf off. . The lidar collection for the TX_Hurricane_2018_D18_Suppl..."
https://prd-tnm.s3.amazonaws.com/index.html?prefix=StagedProducts/Elevation/metadata/TX_Hurricane_2018_D18_SUPPLEMENTAL_DRRA/TX_Hurricane_B5_2018,8.0,0.0,0.0,,
https://prd-tnm.s3.amazonaws.com/index.html?prefix=StagedProducts/Elevation/metadata/legacy/TX_JACKSON_2006,2.0,0.0,0.0,,
https://prd-tnm.s3.amazonaws.com/index.html?prefix=StagedProducts/Elevation/metadata/legacy/TX_JEFFERSON_2006,1.0,0.0,0.0,,
https://prd-tnm.s3.amazonaws.com/index.html?prefix=StagedProducts/Elevation/metadata/legacy/TX_KIMBLECO_2006,0.0,0.0,0.0,,
https://prd-tnm.s3.amazonaws.com/index.html?prefix=StagedProducts/Elevation/metadata/legacy/TX_LCRA_THALWEG_2006,1.0,0.0,0.0,,
https://prd-tnm.s3.amazonaws.com/index.html?prefix=StagedProducts/Elevation/metadata/TX_LowerRioGrande_D22/TX_LowerRioGrande_1_D22,8.0,0.0,0.0,,
https://prd-tnm.s3.amazonaws.com/index.html?prefix=StagedProducts/Elevation/metadata/TX_LowerRioGrande_D22/TX_LowerRioGrande_2_D22,5.0,0.0,0.0,,
https://prd-tnm.s3.amazonaws.com/index.html?prefix=StagedProducts/Elevation/metadata/TX_LowerRioGrande_D22/TX_LowerRioGrande_3_D22,8.0,0.0,0.0,,
https://prd-tnm.s3.amazonaws.com/index.html?prefix=StagedProducts/Elevation/metadata/TX_LowerRioGrande_D22/TX_LowerRioGrande_4_D22,8.0,0.0,0.0,,
https://prd-tnm.s3.amazonaws.com/index.html?prefix=StagedProducts/Elevation/metadata/legacy/TX_MASON_2007,4.0,0.0,0.0,,
https://prd-tnm.s3.amazonaws.com/index.html?prefix=StagedProducts/Elevation/metadata/legacy/TX_MATAGORDA_2006,2.0,0.0,0.0,,
https://prd-tnm.s3.amazonaws.com/index.html?prefix=StagedProducts/Elevation/metadata/legacy/TX_MENARDCO_2006,0.0,0.0,0.0,,
https://prd-tnm.s3.amazonaws.com/index.html?prefix=StagedProducts/Elevation/metadata/legacy/TX_MILLSCO_2006,0.0,0.0,0.0,,
https://prd-tnm.s3.amazonaws.com/index.html?prefix=StagedProducts/Elevation/metadata/legacy/TX_ORANGE_2006,2.0,0.0,0.0,,
https://prd-tnm.s3.amazonaws.com/index.html?prefix=StagedProducts/Elevation/metadata/TX_Pecos_Dallas_2018_D19/TX_Pecos_Dallas_B1_2018,8.0,1.0,0.0,off,Texas_D19_UTM13_Classified_LAS.xml: ...s of the AOIs. Ground Conditions: water at normal levels; no unusual inundation; no snow; leaf off. How the Withheld Points are Identified: Withheld (ignore) ...
https://prd-tnm.s3.amazonaws.com/index.html?prefix=StagedProducts/Elevation/metadata/TX_Pecos_Dallas_2018_D19/TX_Pecos_Dallas_B2a_2018,8.0,1.0,0.0,off,Texas_D19_UTM14_Classified_LAS.xml: ...s of the AOIs. Ground Conditions: water at normal levels; no unusual inundation; no snow; leaf off. How the Withheld Points are Identified: Withheld (ignore) ...
https://prd-tnm.s3.amazonaws.com/index.html?prefix=StagedProducts/Elevation/metadata/TX_Pecos_Dallas_2018_D19/TX_Pecos_Dallas_B2b_2018,8.0,1.0,0.0,off,Texas_D19_UTM15_Classified_LAS.xml: ...s of the AOIs. Ground Conditions: water at normal levels; no unusual inundation; no snow; leaf off. How the Withheld Points are Identified: Withheld (ignore) ...
https://prd-tnm.s3.amazonaws.com/index.html?prefix=StagedProducts/Elevation/metadata/TX_Pecos_Dallas_2018_D19/TX_Pecos_Dallas_B3_2018,8.0,1.0,0.0,off,Texas_D19_UTM14_Classified_LAS.xml: ...s of the AOIs. Ground Conditions: water at normal levels; no unusual inundation; no snow; leaf off. How the Withheld Points are Identified: Withheld (ignore) ...
https://prd-tnm.s3.amazonaws.com/index.html?prefix=StagedProducts/Elevation/metadata/legacy/TX_SAN_PATRICIO_2006,2.0,0.0,0.0,,
https://prd-tnm.s3.amazonaws.com/index.html?prefix=StagedProducts/Elevation/metadata/legacy/TX_VICTORIA_2006,2.0,0.0,0.0,,
https://prd-tnm.s3.amazonaws.com/index.html?prefix=StagedProducts/Elevation/metadata/TX_WestTexas_2018_D19/TX_WestTexas_B1_2018,7.0,0.0,0.0,,
https://prd-tnm.s3.amazonaws.com/index.html?prefix=StagedProducts/Elevation/metadata/TX_WestTexas_2018_D19/TX_WestTexas_B2_2018,8.0,0.0,0.0,,
https://prd-tnm.s3.amazonaws.com/index.html?prefix=StagedProducts/Elevation/metadata/TX_WestTexas_2018_D19/TX_WestTexas_B3_2018,8.0,0.0,0.0,,
https://prd-tnm.s3.amazonaws.com/index.html?prefix=StagedProducts/Elevation/metadata/TX_WestTexas_2018_D19/TX_WestTexas_B5_2018,8.0,0.0,0.0,,
https://prd-tnm.s3.amazonaws.com/index.html?prefix=StagedProducts/Elevation/metadata/TX_WestTexas_2018_D19/TX_WestTexas_B6_2018,8.0,0.0,0.0,,
https://prd-tnm.s3.amazonaws.com/index.html?prefix=StagedProducts/Elevation/metadata/TX_WestTexas_2018_D19/TX_WestTexas_B7_2018,7.0,0.0,0.0,,
https://prd-tnm.s3.amazonaws.com/index.html?prefix=StagedProducts/Elevation/metadata/TX_WestTexas_2018_D19/TX_WestTexas_B8_2018,8.0,0.0,0.0,,
https://prd-tnm.s3.amazonaws.com/index.html?prefix=StagedProducts/Elevation/metadata/TX_WestTexas_2018_D19/TX_WestTexas_B9_2018,8.0,0.0,0.0,,
https://prd-tnm.s3.amazonaws.com/index.html?prefix=StagedProducts/Elevation/metadata/TX_WestTexas_2018_D19/TX_WestTexas_TL_2018,6.0,0.0,0.0,,
https://prd-tnm.s3.amazonaws.com/index.html?prefix=StagedProducts/Elevation/metadata/Anchorage_Lidar/AK_Anchorage_2015,5.0,0.0,0.0,,
https://prd-tnm.s3.amazonaws.com/index.html?prefix=StagedProducts/Elevation/metadata/AK_Fairbanks_NSB_Lidar_2017_B17/AK_FairbanksNSB_QL1_2017,0.0,0.0,0.0,,
https://prd-tnm.s3.amazonaws.com/index.html?prefix=StagedProducts/Elevation/metadata/AK_Fairbanks_NSB_Lidar_2017_B17/AK_FairbanksNSB_QL2_2017,0.0,0.0,0.0,,
https://prd-tnm.s3.amazonaws.com/index.html?prefix=StagedProducts/Elevation/metadata/AK_PrinceOfWalesP2_2018_B18/AK_POW_P2_2018,8.0,0.0,0.0,,
https://prd-tnm.s3.amazonaws.com/index.html?prefix=StagedProducts/Elevation/metadata/AK_PrinceOfWalesP2_2018_B18/AK_POW_P2_TL_2018,8.0,0.0,0.0,,
https://prd-tnm.s3.amazonaws.com/index.html?prefix=StagedProducts/Elevation/metadata/AK_Prince_of_Wales_Island_QL1_Lidar_2017_B17/AK_PrinceofWalesIsland_2017,8.0,0.0,0.0,,
https://prd-tnm.s3.amazonaws.com/index.html?prefix=StagedProducts/Elevation/metadata/AL_25_County_Lidar_2017_B17/AL_25Co_B1_2017,6.0,5.0,0.0,off,Intensity_Images.xml: ...wath of lidar. Ground Conditions: water at normal levels; no unusual inundation; no snow; leaf off How the Withheld Points are Identified: Withheld (ignore) p...
https://prd-tnm.s3.amazonaws.com/index.html?prefix=StagedProducts/Elevation/metadata/AL_25_County_Lidar_2017_B17/AL_25Co_B3_2017,6.0,5.0,0.0,off,Intensity_Images.xml: ...wath of lidar. Ground Conditions: water at normal levels; no unusual inundation; no snow; leaf off How the Withheld Points are Identified: Withheld (ignore) p...
https://prd-tnm.s3.amazonaws.com/index.html?prefix=StagedProducts/Elevation/metadata/AL_25_County_Lidar_2017_B17/AL_25Co_B4_2017,6.0,5.0,0.0,off,Intensity_Images.xml: ...wath of lidar. Ground Conditions: water at normal levels; no unusual inundation; no snow; leaf off How the Withheld Points are Identified: Withheld (ignore) p...
https://prd-tnm.s3.amazonaws.com/index.html?prefix=StagedProducts/Elevation/metadata/AL_25_County_Lidar_2017_B17/AL_25Co_B5_2017,6.0,5.0,0.0,off,Intensity_Images.xml: ...wath of lidar. Ground Conditions: water at normal levels; no unusual inundation; no snow; leaf off How the Withheld Points are Identified: Withheld (ignore) p...
https://prd-tnm.s3.amazonaws.com/index.html?prefix=StagedProducts/Elevation/metadata/AL_25_County_Lidar_2017_B17/AL_25Co_B6_2017,8.0,5.0,0.0,off,Intensity_Images.xml: ...wath of lidar. Ground Conditions: water at normal levels; no unusual inundation; no snow; leaf off How the Withheld Points are Identified: Withheld (ignore) p...
https://prd-tnm.s3.amazonaws.com/index.html?prefix=StagedProducts/Elevation/metadata/AL_25_County_Lidar_2017_B17/AL_25Co_B7_2017,6.0,5.0,0.0,off,Intensity_Images.xml: ...wath of lidar. Ground Conditions: water at normal levels; no unusual inundation; no snow; leaf off How the Withheld Points are Identified: Withheld (ignore) p...
https://prd-tnm.s3.amazonaws.com/index.html?prefix=StagedProducts/Elevation/metadata/AL_25_County_Lidar_2017_B17/AL_25Co_B8_2017,6.0,5.0,0.0,off,Intensity_Images.xml: ...wath of lidar. Ground Conditions: water at normal levels; no unusual inundation; no snow; leaf off How the Withheld Points are Identified: Withheld (ignore) p...
https://prd-tnm.s3.amazonaws.com/index.html?prefix=StagedProducts/Elevation/metadata/BAA_AL_3_County_QL2_LiDAR/AL_3County_2015,8.0,6.0,0.0,off,AL_LiDAR_Project.xml: ...wath of LiDAR. Ground Conditions: water at normal levels; no unusual inundation; no snow; leaf off How the Withheld Points are Identified: Withheld (ignore) p...
https://prd-tnm.s3.amazonaws.com/index.html?prefix=StagedProducts/Elevation/metadata/AL_ADECA_6_County_Lidar_2016_B16/AL_ADECA_B1_2016,8.0,5.0,0.0,off,"Check_Points.xml: ...er 19th, 2016. Ground Conditions: water at normal levels; no unusual inundation; no snow; leaf off USGS-NGP Base Lidar Specification v1.2. The primary purpose..."
https://prd-tnm.s3.amazonaws.com/index.html?prefix=StagedProducts/Elevation/metadata/AL_ADECA_6_County_Lidar_2016_B16/AL_ADECA_B2_2016,8.0,5.0,0.0,off,"Check_Points.xml: ...er 19th, 2016. Ground Conditions: water at normal levels; no unusual inundation; no snow; leaf off USGS-NGP Base Lidar Specification v1.2. The primary purpose..."
https://prd-tnm.s3.amazonaws.com/index.html?prefix=StagedProducts/Elevation/metadata/AL_AGIO_6_County_Lidar_2016_B16/AL_AGIO_B1_2016,8.0,5.0,0.0,off,"Check_Points.xml: ...er 19th, 2016. Ground Conditions: water at normal levels; no unusual inundation; no snow; leaf off USGS-NGP Base Lidar Specification v1.2. The primary purpose..."
https://prd-tnm.s3.amazonaws.com/index.html?prefix=StagedProducts/Elevation/metadata/AL_AGIO_6_County_Lidar_2016_B16/AL_AGIO_B2_2016,8.0,5.0,0.0,off,"Check_Points.xml: ...er 19th, 2016. Ground Conditions: water at normal levels; no unusual inundation; no snow; leaf off USGS-NGP Base Lidar Specification v1.2. The primary purpose..."
https://prd-tnm.s3.amazonaws.com/index.html?prefix=StagedProducts/Elevation/metadata/Alabama_Counties_LiDAR/AL_Autauga_2010,6.0,0.0,0.0,,
https://prd-tnm.s3.amazonaws.com/index.html?prefix=StagedProducts/Elevation/metadata/TALLADEGA_NF_AL_LiDAR/AL_Clay-CleburneCo_2013,0.0,0.0,0.0,,
https://prd-tnm.s3.amazonaws.com/index.html?prefix=StagedProducts/Elevation/metadata/Alabama_Counties_LiDAR/AL_Coffee-Dale-GenevaCo_2011,2.0,0.0,0.0,,
https://prd-tnm.s3.amazonaws.com/index.html?prefix=StagedProducts/Elevation/metadata/Escambia_County_AL_LiDAR/AL_EscambiaCo_2013,4.0,0.0,0.0,,
https://prd-tnm.s3.amazonaws.com/index.html?prefix=StagedProducts/Elevation/metadata/Jefferson_County_AL_LIDAR/AL_JeffersonCo_2013,6.0,0.0,0.0,,
https://prd-tnm.s3.amazonaws.com/index.html?prefix=StagedProducts/Elevation/metadata/Lawrence_and_Morgan_Counties/AL_LawrenceCo_2012,3.0,0.0,0.0,,
https://prd-tnm.s3.amazonaws.com/index.html?prefix=StagedProducts/Elevation/metadata/Mobile_AL_QL2_Lidar/AL_MobileCo_2014,8.0,0.0,0.0,,
https://prd-tnm.s3.amazonaws.com/index.html?prefix=StagedProducts/Elevation/metadata/Lawrence_and_Morgan_Counties/AL_MorganCo_2012,2.0,0.0,0.0,,
https://prd-tnm.s3.amazonaws.com/index.html?prefix=StagedProducts/Elevation/metadata/Alabama_Counties_LiDAR/AL_ThreeCo_2012,8.0,0.0,0.0,,
https://prd-tnm.s3.amazonaws.com/index.html?prefix=StagedProducts/Elevation/metadata/AR_Benton_2015/AR_Benton_Co_2015,4.0,4.0,0.0,off,"USGS_BentonCountyAR_Lidar_Metadata_Project.xml: ...tween the aircraft and ground, 2) Snow free, 3) No unusual flooding or inundation, and 4) Leaf off. The collection for the Benton County AOI was accomplished ..."
https://prd-tnm.s3.amazonaws.com/index.html?prefix=StagedProducts/Elevation/metadata/NRCS_LakeConwayPointRemove/AR_LakeConwayPointRE_2014,3.0,3.0,0.0,off,"NRCS_Conway_Point_Remove_Arkansas_Project_Metadata.xml: ...er, Perry, Pope, Pulaski, Van Buren and Yell Counties, Arkansas. Data was acquired during leaf-off conditions while no snow was on the ground and rivers were ..."
https://prd-tnm.s3.amazonaws.com/index.html?prefix=StagedProducts/Elevation/metadata/AR_NRCS_AR_LiDAR_2016_B16/AR_NRCS-A1_2016,8.0,4.0,0.0,off,Arkansas_LiDAR_Project.xml: ... square miles. Ground Conditions: water at normal levels; no unusual inundation; no snow; leaf off How the Withheld Points are Identified: Withheld (ignore) p...
https://prd-tnm.s3.amazonaws.com/index.html?prefix=StagedProducts/Elevation/metadata/AR_NRCS_AR_LiDAR_2016_B16/AR_NRCS_A3_2016,8.0,4.0,0.0,off,Arkansas_LiDAR_Project.xml: ... square miles. Ground Conditions: water at normal levels; no unusual inundation; no snow; leaf off How the Withheld Points are Identified: Withheld (ignore) p...
https://prd-tnm.s3.amazonaws.com/index.html?prefix=StagedProducts/Elevation/metadata/AR_NRCS_AR_LiDAR_2016_B16/AR_NRCS-A4_2016,8.0,4.0,0.0,off,Arkansas_LiDAR_Project.xml: ... square miles. Ground Conditions: water at normal levels; no unusual inundation; no snow; leaf off How the Withheld Points are Identified: Withheld (ignore) p...
https://prd-tnm.s3.amazonaws.com/index.html?prefix=StagedProducts/Elevation/metadata/AR_NRCS_AR_LiDAR_2016_B16/AR_NRCS_A5_2016,8.0,4.0,0.0,off,Arkansas_LiDAR_Project.xml: ... square miles. Ground Conditions: water at normal levels; no unusual inundation; no snow; leaf off How the Withheld Points are Identified: Withheld (ignore) p...
https://prd-tnm.s3.amazonaws.com/index.html?prefix=StagedProducts/Elevation/metadata/NRCS_Cache/AR_NRCS-Cache_2011,4.0,4.0,0.0,off,"NRCS_Cache_Arkansas_Project_Metadata.xml: ..., Prarie, Randolph, St. Francis and Woodruff Counties, Arkansas. Data was acquired during leaf-off conditions while no snow was on the ground and rivers were ..."
https://prd-tnm.s3.amazonaws.com/index.html?prefix=StagedProducts/Elevation/metadata/AR_North_Corridor_FEMA_R6_Lidar_2016_D17/AR_North_Corridor_B1_2017,7.0,0.0,0.0,,
https://prd-tnm.s3.amazonaws.com/index.html?prefix=StagedProducts/Elevation/metadata/AR_North_Corridor_FEMA_R6_Lidar_2016_D17/AR_North_Corridor_B2_2017,7.0,0.0,0.0,,
https://prd-tnm.s3.amazonaws.com/index.html?prefix=StagedProducts/Elevation/metadata/AR_North_Corridor_FEMA_R6_Lidar_2016_D17/AR_North_Corridor_B3_2017,7.0,0.0,0.0,,
https://prd-tnm.s3.amazonaws.com/index.html?prefix=StagedProducts/Elevation/metadata/AR_Ouachita_FEMA_R6_Lidar_2016_D17/AR_Ouachita_2016,8.0,0.0,0.0,,
https://prd-tnm.s3.amazonaws.com/index.html?prefix=StagedProducts/Elevation/metadata/AR_Ouachita_FEMA_R6_Lidar_2016_D17/AR_Ouachita_B1_2016,8.0,0.0,0.0,,
https://prd-tnm.s3.amazonaws.com/index.html?prefix=StagedProducts/Elevation/metadata/AR_Ouachita_FEMA_R6_Lidar_2016_D17/AR_Ouachita_B2_2016,8.0,0.0,0.0,,
https://prd-tnm.s3.amazonaws.com/index.html?prefix=StagedProducts/Elevation/metadata/AR_Ouachita_FEMA_R6_Lidar_2016_D17/AR_Ouachita_B3_2016,8.0,0.0,0.0,,
https://prd-tnm.s3.amazonaws.com/index.html?prefix=StagedProducts/Elevation/metadata/AR_Ouachita_FEMA_R6_Lidar_2016_D17/AR_Ouachita_B5_2016,8.0,0.0,0.0,,
https://prd-tnm.s3.amazonaws.com/index.html?prefix=StagedProducts/Elevation/metadata/AR_Ouachita_FEMA_R6_Lidar_2016_D17/AR_Ouachita_B6_2016,8.0,0.0,0.0,,
https://prd-tnm.s3.amazonaws.com/index.html?prefix=StagedProducts/Elevation/metadata/AR_Ouachita_FEMA_R6_Lidar_2016_D17/AR_Ouachita-B7_2016,8.0,0.0,0.0,,
https://prd-tnm.s3.amazonaws.com/index.html?prefix=StagedProducts/Elevation/metadata/FEMA_Region_6_Arkansas_QL2_LiDAR/AR_R6-JeffersonCO_2015,4.0,4.0,0.0,off,"USGS_FEMA_R6_AR_LiDAR_Metadata_Project_JeffersonCo.xml: ... during the acquisition window and flooded fields are present within the dataset), and 4) Leaf off. The collection for Jefferson County was accomplished on Ja..."
https://prd-tnm.s3.amazonaws.com/index.html?prefix=StagedProducts/Elevation/metadata/FEMA_Region_6_Arkansas_QL2_LiDAR/AR_R6_LowerBlackwaterWS_2015,0.0,0.0,0.0,,
https://prd-tnm.s3.amazonaws.com/index.html?prefix=StagedProducts/Elevation/metadata/FEMA_Region_6_Arkansas_QL2_LiDAR/AR_R6-WashingtonCO_2015,0.0,0.0,0.0,,
https://prd-tnm.s3.amazonaws.com/index.html?prefix=StagedProducts/Elevation/metadata/AR_Upper_Saline_Watershed_Lidar_14/AR_UpperSaline_2014,6.0,0.0,0.0,,
https://prd-tnm.s3.amazonaws.com/index.html?prefix=StagedProducts/Elevation/metadata/AZ_BrawleyRillito_2018_D19/AZ_BrawleyRillito_FEMA_2018,8.0,0.0,0.0,,
https://prd-tnm.s3.amazonaws.com/index.html?prefix=StagedProducts/Elevation/metadata/AZ_BrawleyRillito_2018_D19/AZ_BrawleyRillito_NRCS_2018,8.0,0.0,0.0,,
https://prd-tnm.s3.amazonaws.com/index.html?prefix=StagedProducts/Elevation/metadata/Colorado_River_Basin_LiDAR_QL1_Minute_319/AZ_CORiverBasin-L1_2014,6.0,0.0,0.0,,
https://prd-tnm.s3.amazonaws.com/index.html?prefix=StagedProducts/Elevation/metadata/Colorado_River_Basin_LiDAR_QL1_Minute_319/AZ_ColoradoRiverLot2_2014,8.0,0.0,0.0,,
https://prd-tnm.s3.amazonaws.com/index.html?prefix=StagedProducts/Elevation/metadata/AZ_Fredonia_Safford_LiDAR_2016_D16/AZ_Fredonia-QL1_2016,8.0,0.0,0.0,,
https://prd-tnm.s3.amazonaws.com/index.html?prefix=StagedProducts/Elevation/metadata/Lower_Colorado_River_Multi_Species_Conservation_Pr/AZ_LowerColoradoRiver_2015,7.0,7.0,0.0,off,Lower_Colorado_River_MSCP_LIDAR_DEM_IMG.xml: ...AS swath data. Ground conditions: Water at normal levels; no unusual inundation; no snow; leaf off. The purpose of this project is for lidar mapping services ...
https://prd-tnm.s3.amazonaws.com/index.html?prefix=StagedProducts/Elevation/metadata/AZ_VerdeKaibab_2018_B18/AZ_VerdeKaibab_B1_2018,4.0,0.0,1.0,on,AZ_VerdeKaibab_2018_B18_Block1.xml: ...file of the restricted Camp Navajo area will be provided. This task order requests summer leaf-on 2018 lidar surveys to be collected over three (3) distinct ...
https://prd-tnm.s3.amazonaws.com/index.html?prefix=StagedProducts/Elevation/metadata/AZ_VerdeKaibab_2018_B18/AZ_VerdeKaibab_B1_TL_2018,4.0,0.0,1.0,on,AZ_VerdeKaibab_2018_B18_Block1.xml: ...file of the restricted Camp Navajo area will be provided. This task order requests summer leaf-on 2018 lidar surveys to be collected over three (3) distinct ...
https://prd-tnm.s3.amazonaws.com/index.html?prefix=StagedProducts/Elevation/metadata/AZ_VerdeKaibab_2018_B18/AZ_VerdeKaibab_B2_2018,3.0,0.0,0.0,,
https://prd-tnm.s3.amazonaws.com/index.html?prefix=StagedProducts/Elevation/metadata/AZ_VerdeKaibab_2018_B18/AZ_VerdeKaibab_B2_TL_2018,3.0,0.0,0.0,,
https://prd-tnm.s3.amazonaws.com/index.html?prefix=StagedProducts/Elevation/metadata/AZ_WalnutGulch_2015/AZ_WalnutGulch_2015,8.0,0.0,8.0,on,FY15_ARS_USDA_AZ_Walnut_Gulch_QL1_Lidar_LAS1.4.xml: ...AS swath data. Ground conditions: Water at normal levels; no unusual inundation; no snow; leaf on. USGS NGP Base Specifications v1.2 Leica ALS70 4 0.35 8 0.3...
https://prd-tnm.s3.amazonaws.com/index.html?prefix=StagedProducts/Elevation/metadata/CA_Central_Valley_LiDAR_2016_D16/CA_Central_Valley_2017,4.0,0.0,0.0,,
https://prd-tnm.s3.amazonaws.com/index.html?prefix=StagedProducts/Elevation/metadata/CA_Eastern_San_Diego_Co_Lidar_2016_B16/CA_E-SanDiegoCo_2016,7.0,0.0,0.0,,
https://prd-tnm.s3.amazonaws.com/index.html?prefix=StagedProducts/Elevation/metadata/CA_FEMA_R9_Lidar_2016_D17/CA_FEMA_R9_Alpine_2017,0.0,0.0,0.0,,
https://prd-tnm.s3.amazonaws.com/index.html?prefix=StagedProducts/Elevation/metadata/CA_FEMA_R9_Lidar_2016_D17/CA_FEMA-R9-Cow-Creek_2017,8.0,0.0,0.0,,
https://prd-tnm.s3.amazonaws.com/index.html?prefix=StagedProducts/Elevation/metadata/CA_FEMA_R9_Lidar_2016_D17/CA_FEMA-R9-Keefer_2017,8.0,0.0,0.0,,
https://prd-tnm.s3.amazonaws.com/index.html?prefix=StagedProducts/Elevation/metadata/CA_FEMA_R9_Lidar_2016_D17/CA_FEMA_R9_Mendocino_HF_2017,8.0,0.0,0.0,,
https://prd-tnm.s3.amazonaws.com/index.html?prefix=StagedProducts/Elevation/metadata/CA_FEMA_R9_Lidar_2016_D17/CA_FEMA_R9_Russian_2017,8.0,0.0,0.0,,
https://prd-tnm.s3.amazonaws.com/index.html?prefix=StagedProducts/Elevation/metadata/CA_FEMA_R9_Lidar_2016_D17/CA_FEMA_R9_Upper_Pit_2017,8.0,0.0,0.0,,
https://prd-tnm.s3.amazonaws.com/index.html?prefix=StagedProducts/Elevation/metadata/CA_LakeCounty_C16/CA_LakeCounty_2015,6.0,0.0,0.0,,
https://prd-tnm.s3.amazonaws.com/index.html?prefix=StagedProducts/Elevation/metadata/CA_Long_Valley_Caldera_Lidar_2017_D17/CA_LongValleyCaldera_2017,5.0,0.0,0.0,,
https://prd-tnm.s3.amazonaws.com/index.html?prefix=StagedProducts/Elevation/metadata/Los_Angeles_County_Lidar/CA_LosAngeles_2016,7.0,0.0,0.0,,
https://prd-tnm.s3.amazonaws.com/index.html?prefix=StagedProducts/Elevation/metadata/CA_NoCAL_3DEP_Supp_Funding_2018_D18/CA_NoCAL_Wildfires_B1_2018,3.0,0.0,0.0,,
https://prd-tnm.s3.amazonaws.com/index.html?prefix=StagedProducts/Elevation/metadata/CA_NoCAL_3DEP_Supp_Funding_2018_D18/CA_NoCAL_Wildfires_B2_2018,3.0,0.0,0.0,,
https://prd-tnm.s3.amazonaws.com/index.html?prefix=StagedProducts/Elevation/metadata/CA_NoCAL_3DEP_Supp_Funding_2018_D18/CA_NoCAL_Wildfires_B3_2018,6.0,0.0,0.0,,
https://prd-tnm.s3.amazonaws.com/index.html?prefix=StagedProducts/Elevation/metadata/CA_NoCAL_3DEP_Supp_Funding_2018_D18/CA_NoCAL_Wildfires_B4_2018,3.0,0.0,0.0,,
https://prd-tnm.s3.amazonaws.com/index.html?prefix=StagedProducts/Elevation/metadata/CA_NoCAL_3DEP_Supp_Funding_2018_D18/CA_NoCAL_Wildfires_B5a_2018,6.0,0.0,0.0,,
https://prd-tnm.s3.amazonaws.com/index.html?prefix=StagedProducts/Elevation/metadata/CA_NoCAL_3DEP_Supp_Funding_2018_D18/CA_NoCAL_Wildfires_B5b_2018,3.0,0.0,0.0,,
https://prd-tnm.s3.amazonaws.com/index.html?prefix=StagedProducts/Elevation/metadata/CA_NoCAL_3DEP_Supp_Funding_2018_D18/CA_NoCAL_Wildfires_PlumasNF_B1_2018,6.0,0.0,0.0,,
https://prd-tnm.s3.amazonaws.com/index.html?prefix=StagedProducts/Elevation/metadata/CA_NoCAL_3DEP_Supp_Funding_2018_D18/CA_NoCal_Wildfires_B5b_QL1_2018,3.0,0.0,0.0,,
https://prd-tnm.s3.amazonaws.com/index.html?prefix=StagedProducts/Elevation/metadata/CA_NoCAL_3DEP_Supp_Funding_2018_D18/CA_NoCal_Wildfires_CampFire_2018,3.0,0.0,0.0,,
https://prd-tnm.s3.amazonaws.com/index.html?prefix=StagedProducts/Elevation/metadata/CA_NoCAL_3DEP_Supp_Funding_2018_D18/CA_NoCal_Wildfires_GMEG_2018,3.0,0.0,0.0,,
https://prd-tnm.s3.amazonaws.com/index.html?prefix=StagedProducts/Elevation/metadata/CA_Riverside_2019_B19/CA_Riverside_B1_2019,7.0,1.0,0.0,off,CA_Riverside_QL1_Classified_LAS.xml: ...s of the AOIs. Ground Conditions: water at normal levels; no unusual inundation; no snow; leaf off. How the Withheld Points are Identified: Withheld (ignore) ...
https://prd-tnm.s3.amazonaws.com/index.html?prefix=StagedProducts/Elevation/metadata/CA_Riverside_2019_B19/CA_Riverside_B2_2019,8.0,2.0,0.0,off,CA_Riverside_QL2_Classified_LAS.xml: ...s of the AOIs. Ground Conditions: water at normal levels; no unusual inundation; no snow; leaf off. How the Withheld Points are Identified: Withheld (ignore) ...
https://prd-tnm.s3.amazonaws.com/index.html?prefix=StagedProducts/Elevation/metadata/San_Bernadino_County_Flood_Control_Lidar/CA_SanBernardinoCo_AreaA_2013,0.0,0.0,0.0,,
https://prd-tnm.s3.amazonaws.com/index.html?prefix=StagedProducts/Elevation/metadata/San_Bernadino_County_Flood_Control_Lidar/CA_SanBernardinoCo_AreaB_2013,0.0,0.0,0.0,,
https://prd-tnm.s3.amazonaws.com/index.html?prefix=StagedProducts/Elevation/metadata/San_Diego_CA_2014_LiDAR/CA_SanDiegoQL1_2014,7.0,0.0,0.0,,
https://prd-tnm.s3.amazonaws.com/index.html?prefix=StagedProducts/Elevation/metadata/CA_SoCAL_Wildfires_2018_D18/CA_SoCAL_Wildfires_TL_2018,3.0,0.0,0.0,,
https://prd-tnm.s3.amazonaws.com/index.html?prefix=StagedProducts/Elevation/metadata/CA_SoCAL_Wildfires_2018_D18/CA_SoCal_Wildfires_B1_2018,3.0,0.0,0.0,,
https://prd-tnm.s3.amazonaws.com/index.html?prefix=StagedProducts/Elevation/metadata/CA_SoCAL_Wildfires_2018_D18/CA_SoCal_Wildfires_B2_2018,3.0,0.0,0.0,,
https://prd-tnm.s3.amazonaws.com/index.html?prefix=StagedProducts/Elevation/metadata/CA_SoCAL_Wildfires_2018_D18/CA_SoCal_Wildfires_B3_2018,3.0,0.0,0.0,,
https://prd-tnm.s3.amazonaws.com/index.html?prefix=StagedProducts/Elevation/metadata/CA_SoCAL_Wildfires_2018_D18/CA_SoCal_Wildfires_B4_2018,3.0,0.0,0.0,,
https://prd-tnm.s3.amazonaws.com/index.html?prefix=StagedProducts/Elevation/metadata/Sonoma_County_CA_Lidar/CA_Sonoma_2013,8.0,0.0,0.0,,
https://prd-tnm.s3.amazonaws.com/index.html?prefix=StagedProducts/Elevation/metadata/Sonoma_County_CA_Lidar/CA_Sonoma-A2_2013,8.0,0.0,0.0,,
https://prd-tnm.s3.amazonaws.com/index.html?prefix=StagedProducts/Elevation/metadata/Sonoma_County_CA_Lidar/CA_Sonoma-A3_2013,8.0,0.0,0.0,,
https://prd-tnm.s3.amazonaws.com/index.html?prefix=StagedProducts/Elevation/metadata/Sonoma_County_CA_Lidar/CA_Sonoma-A4_2013,8.0,0.0,0.0,,
https://prd-tnm.s3.amazonaws.com/index.html?prefix=StagedProducts/Elevation/metadata/CA_West_Coast_LiDAR_2016_B16/CA_WestCoastElNinoUTM10_2016,8.0,0.0,0.0,,
https://prd-tnm.s3.amazonaws.com/index.html?prefix=StagedProducts/Elevation/metadata/CA_West_Coast_LiDAR_2016_B16/CA_WestCoastElNinoUTM11_2016,8.0,0.0,0.0,,
https://prd-tnm.s3.amazonaws.com/index.html?prefix=StagedProducts/Elevation/metadata/CO_Central_and_WesternCO_2016_A16/CO_Central-Western_2016,5.0,0.0,0.0,,
https://prd-tnm.s3.amazonaws.com/index.html?prefix=StagedProducts/Elevation/metadata/CO_MesaCounty_2015/CO_MesaCo-QL1_2016,6.0,6.0,0.0,off,Mesa County CO QL2_Swath_LAS.xml: ...verable in .xml format. Ground conditions: Water at normal levels; no unusual inundation; leaf off. USGS NGP Base Specifications v1.2 LeicaALS80 infinite 0.35...
https://prd-tnm.s3.amazonaws.com/index.html?prefix=StagedProducts/Elevation/metadata/CO_MesaCounty_2015/CO_MesaCo-QL2_2015,6.0,6.0,0.0,off,Mesa County CO QL2_Swath_LAS.xml: ...verable in .xml format. Ground conditions: Water at normal levels; no unusual inundation; leaf off. USGS NGP Base Specifications v1.2 LeicaALS80 infinite 0.35...
https://prd-tnm.s3.amazonaws.com/index.html?prefix=StagedProducts/Elevation/metadata/CO_MesaCounty_2015/CO_MesaCo-QL2-UTM13_2015,5.0,5.0,0.0,off,utm13_Mesa_County_CO_QL2_Lidar_DEM_IMG.xml: ...verable in .xml format. Ground conditions: Water at normal levels; no unusual inundation; leaf off. USGS NGP Base Specifications v1.2 LeicaALS80 infinite 0.70...
https://prd-tnm.s3.amazonaws.com/index.html?prefix=StagedProducts/Elevation/metadata/CO_San_Juan_2017_D17/CO_SanJuan_NF_2017,0.0,0.0,0.0,,
https://prd-tnm.s3.amazonaws.com/index.html?prefix=StagedProducts/Elevation/metadata/South_Platte_River_Flood_LiDAR/CO_SoPlatteRiver-Lot1_2013,0.0,0.0,0.0,,
https://prd-tnm.s3.amazonaws.com/index.html?prefix=StagedProducts/Elevation/metadata/South_Platte_River_Flood_LiDAR/CO_SoPlatteRiver-Lot2a_2013,1.0,0.0,0.0,,
https://prd-tnm.s3.amazonaws.com/index.html?prefix=StagedProducts/Elevation/metadata/South_Platte_River_Flood_LiDAR/CO_SoPlatteRiver-Lot5_2013,8.0,0.0,0.0,,
https://prd-tnm.s3.amazonaws.com/index.html?prefix=StagedProducts/Elevation/metadata/South_Platte_River_Flood_LiDAR/CO_SoPlatte-Lot3_2013,8.0,0.0,0.0,,
https://prd-tnm.s3.amazonaws.com/index.html?prefix=StagedProducts/Elevation/metadata/Connecticut_SANDY_LiDAR/CT_Sandy_2014,8.0,0.0,0.0,,
https://prd-tnm.s3.amazonaws.com/index.html?prefix=StagedProducts/Elevation/metadata/CT_Statewide_C16/CT_Statewide_B8_2016,8.0,0.0,0.0,,
https://prd-tnm.s3.amazonaws.com/index.html?prefix=StagedProducts/Elevation/metadata/Delaware_Valley_High_Density_QL2_LiDAR_BAA/DE_DelawareValleyHD-5A_2015,4.0,0.0,0.0,,
https://prd-tnm.s3.amazonaws.com/index.html?prefix=StagedProducts/Elevation/metadata/Delaware_Valley_High_Density_QL2_LiDAR_BAA/DE_DelawareValley-HD_2015,4.0,0.0,0.0,,
https://prd-tnm.s3.amazonaws.com/index.html?prefix=StagedProducts/Elevation/metadata/Sandy_Supplemental_DE_and_MD_QL2_LiDAR/DE_Snds_2013,4.0,0.0,0.0,,
https://prd-tnm.s3.amazonaws.com/index.html?prefix=StagedProducts/Elevation/metadata/FL_LeonCountyProcessing_2018_D18/FL_LeonCo_2018,3.0,0.0,0.0,,
https://prd-tnm.s3.amazonaws.com/index.html?prefix=StagedProducts/Elevation/metadata/FL_Lower_Choctawhatchee_NWFWMD_Lidar_2017_B17/FL_Lower_Choctawhatchee_TL_2017,8.0,0.0,0.0,,
https://prd-tnm.s3.amazonaws.com/index.html?prefix=StagedProducts/Elevation/metadata/Martin_Co_Lidar/FL_MartinCo_2015,8.0,4.0,0.0,off,Martin_County_FL_LAS_1.4.xml: ...islands as donut-holes. Ground conditions: Water at normal levels; no unusual inundation; leaf off. USGS NGP Base Specifications v1.2 Leica ALS80 infinite 0.7...
https://prd-tnm.s3.amazonaws.com/index.html?prefix=StagedProducts/Elevation/metadata/FL_Palm_Beach_County_LiDAR_2016_B16/FL_PalmBeachCo_2016,8.0,0.0,0.0,,
https://prd-tnm.s3.amazonaws.com/index.html?prefix=StagedProducts/Elevation/metadata/FL_Panhandle_2018_B18/FL_Panhandle_B1_2018,6.0,0.0,0.0,,
https://prd-tnm.s3.amazonaws.com/index.html?prefix=StagedProducts/Elevation/metadata/FL_Panhandle_2018_B18/FL_Panhandle_B2_2018,3.0,0.0,0.0,,
https://prd-tnm.s3.amazonaws.com/index.html?prefix=StagedProducts/Elevation/metadata/FL_Panhandle_2018_B18/FL_Panhandle_B3_2018,3.0,0.0,0.0,,
https://prd-tnm.s3.amazonaws.com/index.html?prefix=StagedProducts/Elevation/metadata/FL_PeaceRiver_2014_C17/FL_PeaceRiver_2014,8.0,0.0,0.0,,
https://prd-tnm.s3.amazonaws.com/index.html?prefix=StagedProducts/Elevation/metadata/FL_Southeast_2018_D18_SUPPLEMENTAL/FL_Southeast_B1_2018,4.0,0.0,0.0,,
https://prd-tnm.s3.amazonaws.com/index.html?prefix=StagedProducts/Elevation/metadata/FL_Southeast_2018_D18_SUPPLEMENTAL/FL_Southeast_B2_2018,5.0,0.0,0.0,,
https://prd-tnm.s3.amazonaws.com/index.html?prefix=StagedProducts/Elevation/metadata/FL_Southeast_2018_D18_SUPPLEMENTAL/FL_Southeast_TL_2018,4.0,0.0,0.0,,
https://prd-tnm.s3.amazonaws.com/index.html?prefix=StagedProducts/Elevation/metadata/FL_Southwest_2018_D18_SUPPLEMENTAL/FL_Southwest_A_2018,7.0,1.0,0.0,off,FL_SW_Classified_LAS.xml: ...s of the AOIs. Ground Conditions: water at normal levels; no unusual inundation; no snow; leaf off. How the Withheld Points are Identified: Withheld (ignore) ...
https://prd-tnm.s3.amazonaws.com/index.html?prefix=StagedProducts/Elevation/metadata/FL_Southwest_2018_D18_SUPPLEMENTAL/FL_Southwest_B_2018,8.0,1.0,0.0,off,FL_SW_Classified_LAS.xml: ...s of the AOIs. Ground Conditions: water at normal levels; no unusual inundation; no snow; leaf off. How the Withheld Points are Identified: Withheld (ignore) ...
https://prd-tnm.s3.amazonaws.com/index.html?prefix=StagedProducts/Elevation/metadata/FL_Southwest_2018_D18_SUPPLEMENTAL/FL_Southwest_B_TL_2018,8.0,1.0,0.0,off,FL_SW_Classified_LAS.xml: ...s of the AOIs. Ground Conditions: water at normal levels; no unusual inundation; no snow; leaf off. How the Withheld Points are Identified: Withheld (ignore) ...
https://prd-tnm.s3.amazonaws.com/index.html?prefix=StagedProducts/Elevation/metadata/FL_Suwannee_River_Lidar__2016_B16/FL_SuwanneeRiver_2017,8.0,0.0,0.0,,
https://prd-tnm.s3.amazonaws.com/index.html?prefix=StagedProducts/Elevation/metadata/FL_Suwannee_River_FL_QL2_LiDAR_(FY14)_14/FL_Suwannee_NCentral_2014,6.0,0.0,0.0,,
https://prd-tnm.s3.amazonaws.com/index.html?prefix=StagedProducts/Elevation/metadata/FL_Upper_Saint_Johns_Lidar_2017_B17/FL_Upper_Saint_Johns_2017,5.0,0.0,0.0,,
https://prd-tnm.s3.amazonaws.com/index.html?prefix=StagedProducts/Elevation/metadata/GA_Georgia_Lidar_2016_D16/GA_Georgia_A1_2016,0.0,0.0,0.0,,
https://prd-tnm.s3.amazonaws.com/index.html?prefix=StagedProducts/Elevation/metadata/GA_Georgia_Lidar_2016_D16/GA_Georgia-A2_2016,8.0,0.0,0.0,,
https://prd-tnm.s3.amazonaws.com/index.html?prefix=StagedProducts/Elevation/metadata/GA_Georgia_Lidar_2016_D16/GA_Georgia-A3_2016,1.0,0.0,0.0,,
"https://prd-tnm.s3.amazonaws.com/index.html?prefix=StagedProducts/Elevation/metadata/Oahu,_HI_1.0m_NPS_LiDAR/HI_Oahu_2012",4.0,0.0,0.0,,
https://prd-tnm.s3.amazonaws.com/index.html?prefix=StagedProducts/Elevation/metadata/Clearwater_NF_USFS_LiDAR/ID_Clearwater-d1_2010,1.0,0.0,0.0,,
https://prd-tnm.s3.amazonaws.com/index.html?prefix=StagedProducts/Elevation/metadata/Clearwater_NF_USFS_LiDAR/ID_EmeraldCreek_2004,1.0,0.0,0.0,,
https://prd-tnm.s3.amazonaws.com/index.html?prefix=StagedProducts/Elevation/metadata/ID_FEMAHQ_2018_D18/ID_FEMAHQ_2018,3.0,0.0,0.0,,
https://prd-tnm.s3.amazonaws.com/index.html?prefix=StagedProducts/Elevation/metadata/ID_Franklin_Bear_Lidar_2017_D17/ID_Franklin_Bear_2017,4.0,0.0,0.0,,
https://prd-tnm.s3.amazonaws.com/index.html?prefix=StagedProducts/Elevation/metadata/Clearwater_NF_USFS_LiDAR/ID_Jackwaite_2007,1.0,0.0,0.0,,
https://prd-tnm.s3.amazonaws.com/index.html?prefix=StagedProducts/Elevation/metadata/Clearwater_NF_USFS_LiDAR/ID_MoscowMountain_2003,4.0,0.0,0.0,,
https://prd-tnm.s3.amazonaws.com/index.html?prefix=StagedProducts/Elevation/metadata/ID_Nez_Perce_LiDAR_2016_B16/ID_NezPerce_QL1_2016,8.0,0.0,0.0,,
https://prd-tnm.s3.amazonaws.com/index.html?prefix=StagedProducts/Elevation/metadata/ID_Nez_Perce_LiDAR_2016_B16/ID_NezPerce_QL2_2016,8.0,0.0,0.0,,
https://prd-tnm.s3.amazonaws.com/index.html?prefix=StagedProducts/Elevation/metadata/ID_Nez_Perce_LiDAR_2016_B16/ID_Nez_Perce_QL1_TL_2016,8.0,0.0,0.0,,
https://prd-tnm.s3.amazonaws.com/index.html?prefix=StagedProducts/Elevation/metadata/ID_Nez_Perce_LiDAR_2016_B16/ID_Nez_Perce_QL2_TL_2016,8.0,0.0,0.0,,
https://prd-tnm.s3.amazonaws.com/index.html?prefix=StagedProducts/Elevation/metadata/ID_Payette_NF_QL1_Lidar_2017_D17/ID_Payette_NF_QL2_2017,5.0,0.0,5.0,on,"USGS_Payette_Project_Metadata.xml: ...es of rivers and lakes within the study area. Ground Conditions: Data was acquired during leaf-on conditions during the summer season, with no snow on the gr..."
https://prd-tnm.s3.amazonaws.com/index.html?prefix=StagedProducts/Elevation/metadata/Clearwater_NF_USFS_LiDAR/ID_SaintJoe_2003,4.0,0.0,0.0,,
https://prd-tnm.s3.amazonaws.com/index.html?prefix=StagedProducts/Elevation/metadata/Clearwater_NF_USFS_LiDAR/ID_SlateLolo_2006,2.0,0.0,0.0,,
https://prd-tnm.s3.amazonaws.com/index.html?prefix=StagedProducts/Elevation/metadata/Illinois_Twelve_Counties_LiDAR_Processing_and_Hydro_Flattened_DEMs/IL_12-County-KaneCo_2008,0.0,0.0,0.0,,
https://prd-tnm.s3.amazonaws.com/index.html?prefix=StagedProducts/Elevation/metadata/Illinois_Twelve_Counties_LiDAR_Processing_and_Hydro_Flattened_DEMs/IL_12-County-CarollCo_2009,0.0,0.0,0.0,,
https://prd-tnm.s3.amazonaws.com/index.html?prefix=StagedProducts/Elevation/metadata/Illinois_Twelve_Counties_LiDAR_Processing_and_Hydro_Flattened_DEMs/IL_12-County-ChampaignCo_2008,5.0,0.0,0.0,,
https://prd-tnm.s3.amazonaws.com/index.html?prefix=StagedProducts/Elevation/metadata/Illinois_Twelve_Counties_LiDAR_Processing_and_Hydro_Flattened_DEMs/IL_12-County-GrundyCo_2008,5.0,0.0,0.0,,
https://prd-tnm.s3.amazonaws.com/index.html?prefix=StagedProducts/Elevation/metadata/Illinois_Twelve_Counties_LiDAR_Processing_and_Hydro_Flattened_DEMs/IL_12-County-HenryCo_2009,5.0,0.0,0.0,,
https://prd-tnm.s3.amazonaws.com/index.html?prefix=StagedProducts/Elevation/metadata/Illinois_Twelve_Counties_LiDAR_Processing_and_Hydro_Flattened_DEMs/IL_12-County-OgleCo_2008,5.0,0.0,0.0,,
https://prd-tnm.s3.amazonaws.com/index.html?prefix=StagedProducts/Elevation/metadata/Illinois_Twelve_Counties_LiDAR_Processing_and_Hydro_Flattened_DEMs/IL_12_County_Stephenson_Co_2009,0.0,0.0,0.0,,
https://prd-tnm.s3.amazonaws.com/index.html?prefix=StagedProducts/Elevation/metadata/IL_4_County_QL1_LiDAR__2016_B16/IL_4County_Cook_2017,3.0,0.0,0.0,,
https://prd-tnm.s3.amazonaws.com/index.html?prefix=StagedProducts/Elevation/metadata/IL_4_County_QL1_LiDAR__2016_B16/IL_4County_Kane_2018,0.0,0.0,0.0,,
https://prd-tnm.s3.amazonaws.com/index.html?prefix=StagedProducts/Elevation/metadata/IL_4_County_QL1_LiDAR__2016_B16/IL_4County_Lake_2016,3.0,0.0,0.0,,
https://prd-tnm.s3.amazonaws.com/index.html?prefix=StagedProducts/Elevation/metadata/IL_4_County_QL1_LiDAR__2016_B16/IL_4County_McHenry_2018,3.0,0.0,0.0,,
https://prd-tnm.s3.amazonaws.com/index.html?prefix=StagedProducts/Elevation/metadata/IL_5_County_2014_15/IL_5County_KankakeeCo_2014,2.0,0.0,0.0,,
https://prd-tnm.s3.amazonaws.com/index.html?prefix=StagedProducts/Elevation/metadata/IL_5_County_2014_15/IL_5County-WillCo_2014,2.0,0.0,0.0,,
https://prd-tnm.s3.amazonaws.com/index.html?prefix=StagedProducts/Elevation/metadata/IL_5_County_2014_15/IL_5county_MarionCo_2015,5.0,0.0,0.0,,
https://prd-tnm.s3.amazonaws.com/index.html?prefix=StagedProducts/Elevation/metadata/Illinois_Contributed_3County_QL3_15/IL_BondCo_2015,5.0,0.0,0.0,,
https://prd-tnm.s3.amazonaws.com/index.html?prefix=StagedProducts/Elevation/metadata/IL_BooneWinnebago_2018_C19/IL_Boone_2018,4.0,0.0,0.0,,
https://prd-tnm.s3.amazonaws.com/index.html?prefix=StagedProducts/Elevation/metadata/IL_BureauCty_2015_C16/IL_BureauCo_2015,5.0,0.0,0.0,,
https://prd-tnm.s3.amazonaws.com/index.html?prefix=StagedProducts/Elevation/metadata/NRCS_Christian_County_IL_4ppsm_LiDAR/IL_ChristianCo_2014,6.0,0.0,0.0,,
https://prd-tnm.s3.amazonaws.com/index.html?prefix=StagedProducts/Elevation/metadata/IL_5_County_2014_15/IL_ClintonCo_2015,6.0,0.0,0.0,,
https://prd-tnm.s3.amazonaws.com/index.html?prefix=StagedProducts/Elevation/metadata/Contributed_ILDOT_District_5_QL3/IL_DOT-District5-DewittCo_2012,1.0,0.0,0.0,,
https://prd-tnm.s3.amazonaws.com/index.html?prefix=StagedProducts/Elevation/metadata/Contributed_ILDOT_District_5_QL3/IL_DOT-District5-EdgarCo_2012,3.0,0.0,0.0,,
https://prd-tnm.s3.amazonaws.com/index.html?prefix=StagedProducts/Elevation/metadata/Contributed_ILDOT_District_5_QL3/IL_DOT-District5-McleanCo_2012,1.0,0.0,0.0,,
https://prd-tnm.s3.amazonaws.com/index.html?prefix=StagedProducts/Elevation/metadata/Contributed_ILDOT_District_5_QL3/IL_DOT-District5-PiattCo_2012,0.0,0.0,0.0,,
https://prd-tnm.s3.amazonaws.com/index.html?prefix=StagedProducts/Elevation/metadata/Contributed_ILDOT_District_5_QL3/IL_DOT-District5-VermilionCo_2012,3.0,0.0,0.0,,
https://prd-tnm.s3.amazonaws.com/index.html?prefix=StagedProducts/Elevation/metadata/Contributed_ILDOT_District_7_QL3/IL_DOT_District_7_LiDAR,4.0,0.0,0.0,,
https://prd-tnm.s3.amazonaws.com/index.html?prefix=StagedProducts/Elevation/metadata/Contributed_ILDOT_District_4_QL3/IL_District4-Fulton_2014,1.0,0.0,0.0,,
https://prd-tnm.s3.amazonaws.com/index.html?prefix=StagedProducts/Elevation/metadata/Contributed_ILDOT_District_4_QL3/IL_District4-Henderson_2014,1.0,0.0,0.0,,
https://prd-tnm.s3.amazonaws.com/index.html?prefix=StagedProducts/Elevation/metadata/Contributed_ILDOT_District_4_QL3/IL_District4-Knox_2014,2.0,0.0,0.0,,
https://prd-tnm.s3.amazonaws.com/index.html?prefix=StagedProducts/Elevation/metadata/Contributed_ILDOT_District_4_QL3/IL_District4-Marshal_2014,1.0,0.0,0.0,,
https://prd-tnm.s3.amazonaws.com/index.html?prefix=StagedProducts/Elevation/metadata/Contributed_ILDOT_District_4_QL3/IL_District4-McDonough_2014,2.0,0.0,0.0,,
https://prd-tnm.s3.amazonaws.com/index.html?prefix=StagedProducts/Elevation/metadata/Contributed_ILDOT_District_4_QL3/IL_District4-Mercer_2014,1.0,0.0,0.0,,
https://prd-tnm.s3.amazonaws.com/index.html?prefix=StagedProducts/Elevation/metadata/Contributed_ILDOT_District_4_QL3/IL_District4-Peoria_2014,1.0,0.0,0.0,,
https://prd-tnm.s3.amazonaws.com/index.html?prefix=StagedProducts/Elevation/metadata/Contributed_ILDOT_District_4_QL3/IL_District4-Putnam_2014,1.0,0.0,0.0,,
https://prd-tnm.s3.amazonaws.com/index.html?prefix=StagedProducts/Elevation/metadata/Contributed_ILDOT_District_4_QL3/IL_District4-Stark_2014,2.0,0.0,0.0,,
https://prd-tnm.s3.amazonaws.com/index.html?prefix=StagedProducts/Elevation/metadata/Contributed_ILDOT_District_4_QL3/IL_District4-Tazewell_2014,1.0,0.0,0.0,,
https://prd-tnm.s3.amazonaws.com/index.html?prefix=StagedProducts/Elevation/metadata/Contributed_ILDOT_District_4_QL3/IL_District4-Warren_2014,8.0,0.0,0.0,,
https://prd-tnm.s3.amazonaws.com/index.html?prefix=StagedProducts/Elevation/metadata/Contributed_ILDOT_District_4_QL3/IL_District4-Woodford_2014,1.0,0.0,0.0,,
https://prd-tnm.s3.amazonaws.com/index.html?prefix=StagedProducts/Elevation/metadata/Contributed_ILDOT_District_5_QL3/IL_District5-DouglasCo_2012,2.0,0.0,0.0,,
https://prd-tnm.s3.amazonaws.com/index.html?prefix=StagedProducts/Elevation/metadata/Contributed_ILDOT_District_7_QL3/IL_District7-Clark_2014,0.0,0.0,0.0,,
https://prd-tnm.s3.amazonaws.com/index.html?prefix=StagedProducts/Elevation/metadata/Contributed_ILDOT_District_7_QL3/IL_District7-Crawford_2014,4.0,0.0,0.0,,
https://prd-tnm.s3.amazonaws.com/index.html?prefix=StagedProducts/Elevation/metadata/Contributed_ILDOT_District_7_QL3/IL_District7-Cumberland_2014,6.0,0.0,0.0,,
https://prd-tnm.s3.amazonaws.com/index.html?prefix=StagedProducts/Elevation/metadata/Contributed_ILDOT_District_7_QL3/IL_District7-Edwards_2014,8.0,0.0,0.0,,
https://prd-tnm.s3.amazonaws.com/index.html?prefix=StagedProducts/Elevation/metadata/Contributed_ILDOT_District_7_QL3/IL_District7-Effingham_2014,4.0,0.0,0.0,,
https://prd-tnm.s3.amazonaws.com/index.html?prefix=StagedProducts/Elevation/metadata/Contributed_ILDOT_District_7_QL3/IL_District7-Fayette_2014,5.0,0.0,0.0,,
https://prd-tnm.s3.amazonaws.com/index.html?prefix=StagedProducts/Elevation/metadata/Contributed_ILDOT_District_7_QL3/IL_District7-Macon_2014,6.0,0.0,0.0,,
https://prd-tnm.s3.amazonaws.com/index.html?prefix=StagedProducts/Elevation/metadata/Contributed_ILDOT_District_7_QL3/IL_District7-Moultrie_2014,4.0,0.0,0.0,,
https://prd-tnm.s3.amazonaws.com/index.html?prefix=StagedProducts/Elevation/metadata/Contributed_ILDOT_District_7_QL3/IL_District7-Richland_2014,2.0,0.0,0.0,,
https://prd-tnm.s3.amazonaws.com/index.html?prefix=StagedProducts/Elevation/metadata/Contributed_ILDOT_District_7_QL3/IL_District7-Shelby_2014,4.0,0.0,0.0,,
https://prd-tnm.s3.amazonaws.com/index.html?prefix=StagedProducts/Elevation/metadata/Contributed_ILDOT_District_7_QL3/IL_District7-Wabash_2014,4.0,0.0,0.0,,
https://prd-tnm.s3.amazonaws.com/index.html?prefix=StagedProducts/Elevation/metadata/Contributed_ILDOT_District_7_QL3/IL_District7-Wayne_2014,3.0,0.0,0.0,,
https://prd-tnm.s3.amazonaws.com/index.html?prefix=StagedProducts/Elevation/metadata/IL_FordIroqouisLivingston_2015_C16/IL_FordIroquoisLivingston-L3_2014,6.0,0.0,0.0,,
https://prd-tnm.s3.amazonaws.com/index.html?prefix=StagedProducts/Elevation/metadata/Contributed_IL_Franklin_Jackson_Perry_Counties_QL3/IL_FranklinCo_2014,1.0,0.0,0.0,,
https://prd-tnm.s3.amazonaws.com/index.html?prefix=StagedProducts/Elevation/metadata/IL_GreenMacoupinMont_2017_C18/IL_GrnMacMont_2017,3.0,0.0,0.0,,
https://prd-tnm.s3.amazonaws.com/index.html?prefix=StagedProducts/Elevation/metadata/IL_HancockCounty_2017_C18/IL_HancockCo_2017,5.0,0.0,0.0,,
https://prd-tnm.s3.amazonaws.com/index.html?prefix=StagedProducts/Elevation/metadata/Hardin_and_Pope_Counties_Contributed_Lidar/IL_Hardin_2014,8.0,0.0,0.0,,
https://prd-tnm.s3.amazonaws.com/index.html?prefix=StagedProducts/Elevation/metadata/Contributed_IL_Franklin_Jackson_Perry_Counties_QL3/IL_JacksonCo_2015,1.0,0.0,0.0,,
https://prd-tnm.s3.amazonaws.com/index.html?prefix=StagedProducts/Elevation/metadata/Contributed_ILDOT_District_7_QL3/IL_Jasper_2014,5.0,0.0,0.0,,
https://prd-tnm.s3.amazonaws.com/index.html?prefix=StagedProducts/Elevation/metadata/Illinois_Contributed_3County_QL3_15/IL_JeffersonCo_2015,7.0,0.0,0.0,,
https://prd-tnm.s3.amazonaws.com/index.html?prefix=StagedProducts/Elevation/metadata/Illinois_Twelve_Counties_LiDAR_Processing_and_Hydro_Flattened_DEMs/IL_JoDaviessCo_2008,5.0,0.0,0.0,,
https://prd-tnm.s3.amazonaws.com/index.html?prefix=StagedProducts/Elevation/metadata/IL_LaSalle_County_QL2_Plus_Lidar_2017_B17/IL_LaSalle_B1_2017,4.0,0.0,0.0,,
https://prd-tnm.s3.amazonaws.com/index.html?prefix=StagedProducts/Elevation/metadata/IL_LaSalle_County_QL2_Plus_Lidar_2017_B17/IL_LaSalle_B2_2017,5.0,0.0,0.0,,
https://prd-tnm.s3.amazonaws.com/index.html?prefix=StagedProducts/Elevation/metadata/Illinois_Twelve_Counties_LiDAR_Processing_and_Hydro_Flattened_DEMs/IL_LeeCo_2008,5.0,0.0,0.0,,
https://prd-tnm.s3.amazonaws.com/index.html?prefix=StagedProducts/Elevation/metadata/IL_NRCS_Logan_4ppsm_Lidar_Task_14/IL_LoganCo_2013,0.0,0.0,0.0,,
https://prd-tnm.s3.amazonaws.com/index.html?prefix=StagedProducts/Elevation/metadata/IL_5_County_2014_15/IL_MadisonCo_2014,8.0,0.0,0.0,,
https://prd-tnm.s3.amazonaws.com/index.html?prefix=StagedProducts/Elevation/metadata/Contributed_IL_Franklin_Jackson_Perry_Counties_QL3/IL_PerryCo_2015,1.0,0.0,0.0,,
https://prd-tnm.s3.amazonaws.com/index.html?prefix=StagedProducts/Elevation/metadata/IL_Pike-Scott_2015/IL_Pike-ScottCo_2015,7.0,0.0,0.0,,
https://prd-tnm.s3.amazonaws.com/index.html?prefix=StagedProducts/Elevation/metadata/Hardin_and_Pope_Counties_Contributed_Lidar/IL_Pope_2014,8.0,0.0,0.0,,
https://prd-tnm.s3.amazonaws.com/index.html?prefix=StagedProducts/Elevation/metadata/Illinois_Twelve_Counties_LiDAR_Processing_and_Hydro_Flattened_DEMs/IL_Twelve_Counties_McHenry,0.0,0.0,0.0,,
https://prd-tnm.s3.amazonaws.com/index.html?prefix=StagedProducts/Elevation/metadata/Illinois_Contributed_3County_QL3_15/IL_WashingtonCo_2015,5.0,0.0,0.0,,
https://prd-tnm.s3.amazonaws.com/index.html?prefix=StagedProducts/Elevation/metadata/IL_West_Central_Lidar_2017_D17/IL_WestCentral_2017,6.0,0.0,0.0,,
https://prd-tnm.s3.amazonaws.com/index.html?prefix=StagedProducts/Elevation/metadata/Illinois_Twelve_Counties_LiDAR_Processing_and_Hydro_Flattened_DEMs/IL_WhitesideCO_2009,8.0,0.0,0.0,,
https://prd-tnm.s3.amazonaws.com/index.html?prefix=StagedProducts/Elevation/metadata/IN_Central_3_County_2016_A16/IN_Central_Hamilton_2017,5.0,0.0,0.0,,
https://prd-tnm.s3.amazonaws.com/index.html?prefix=StagedProducts/Elevation/metadata/IN_Central_3_County_2016_A16/IN_Central-MarionCo_2016,8.0,0.0,0.0,,
https://prd-tnm.s3.amazonaws.com/index.html?prefix=StagedProducts/Elevation/metadata/IN_Central_3_County_2016_A16/IN_Central_Wayne_2016,5.0,4.0,0.0,off,"Swaths_Wayne_ngtoc.xml: ... included in the swaths. No data has been removed. Ground conditions: Data collected with leaf off and no snow. All data will be in NAD83(HARN)/NAVD88, GEOID ..."
https://prd-tnm.s3.amazonaws.com/index.html?prefix=StagedProducts/Elevation/metadata/Eastern_Indiana_QL3_Lidar/IN_ET-B5-Allen_2012,4.0,0.0,0.0,,
https://prd-tnm.s3.amazonaws.com/index.html?prefix=StagedProducts/Elevation/metadata/Eastern_Indiana_QL3_Lidar/IN_ET-B5-Dekalb_2012,4.0,0.0,0.0,,
https://prd-tnm.s3.amazonaws.com/index.html?prefix=StagedProducts/Elevation/metadata/Eastern_Indiana_QL3_Lidar/IN_ET-B5-LaGrange_2012,4.0,0.0,0.0,,
https://prd-tnm.s3.amazonaws.com/index.html?prefix=StagedProducts/Elevation/metadata/Eastern_Indiana_QL3_Lidar/IN_ET-B5-Noble_2012,4.0,0.0,0.0,,
https://prd-tnm.s3.amazonaws.com/index.html?prefix=StagedProducts/Elevation/metadata/Eastern_Indiana_QL3_Lidar/IN_ET-B5-Steuben_2012,5.0,0.0,0.0,,
https://prd-tnm.s3.amazonaws.com/index.html?prefix=StagedProducts/Elevation/metadata/Eastern_Indiana_QL3_Lidar/IN_ET-B5-Whitley_2012,4.0,0.0,0.0,,
https://prd-tnm.s3.amazonaws.com/index.html?prefix=StagedProducts/Elevation/metadata/Eastern_Indiana_QL3_Lidar/IN_ET-B6-Adams_2012,4.0,0.0,0.0,,
https://prd-tnm.s3.amazonaws.com/index.html?prefix=StagedProducts/Elevation/metadata/Eastern_Indiana_QL3_Lidar/IN_ET-B6-Blackford_2012,4.0,0.0,0.0,,
https://prd-tnm.s3.amazonaws.com/index.html?prefix=StagedProducts/Elevation/metadata/Eastern_Indiana_QL3_Lidar/IN_ET-B6-Delaware_2012,4.0,0.0,0.0,,
https://prd-tnm.s3.amazonaws.com/index.html?prefix=StagedProducts/Elevation/metadata/Eastern_Indiana_QL3_Lidar/IN_ET-B6-Grant_2012,4.0,0.0,0.0,,
https://prd-tnm.s3.amazonaws.com/index.html?prefix=StagedProducts/Elevation/metadata/Eastern_Indiana_QL3_Lidar/IN_ET-B6-Hamilton_2012,4.0,0.0,0.0,,
https://prd-tnm.s3.amazonaws.com/index.html?prefix=StagedProducts/Elevation/metadata/Eastern_Indiana_QL3_Lidar/IN_ET-B6-Huntington_2012,4.0,0.0,0.0,,
https://prd-tnm.s3.amazonaws.com/index.html?prefix=StagedProducts/Elevation/metadata/Eastern_Indiana_QL3_Lidar/IN_ET-B6-Jay_2012,4.0,0.0,0.0,,
https://prd-tnm.s3.amazonaws.com/index.html?prefix=StagedProducts/Elevation/metadata/Eastern_Indiana_QL3_Lidar/IN_ET-B6-Madison_2012,4.0,0.0,0.0,,
https://prd-tnm.s3.amazonaws.com/index.html?prefix=StagedProducts/Elevation/metadata/Eastern_Indiana_QL3_Lidar/IN_ET-B6-Randolph_2012,4.0,0.0,0.0,,
https://prd-tnm.s3.amazonaws.com/index.html?prefix=StagedProducts/Elevation/metadata/Eastern_Indiana_QL3_Lidar/IN_ET-B7-Decatur_2012,3.0,0.0,0.0,,
https://prd-tnm.s3.amazonaws.com/index.html?prefix=StagedProducts/Elevation/metadata/Eastern_Indiana_QL3_Lidar/IN_ET-B7-Fayette_2012,3.0,0.0,0.0,,
https://prd-tnm.s3.amazonaws.com/index.html?prefix=StagedProducts/Elevation/metadata/Eastern_Indiana_QL3_Lidar/IN_ET-B7-Franklin_2012,1.0,0.0,0.0,,
https://prd-tnm.s3.amazonaws.com/index.html?prefix=StagedProducts/Elevation/metadata/Eastern_Indiana_QL3_Lidar/IN_ET-B7-Hancock_2012,0.0,0.0,0.0,,
https://prd-tnm.s3.amazonaws.com/index.html?prefix=StagedProducts/Elevation/metadata/Eastern_Indiana_QL3_Lidar/IN_ET-B7-Henry_2012,1.0,0.0,0.0,,
https://prd-tnm.s3.amazonaws.com/index.html?prefix=StagedProducts/Elevation/metadata/Eastern_Indiana_QL3_Lidar/IN_ET-B7-Rush_2012,1.0,0.0,0.0,,
https://prd-tnm.s3.amazonaws.com/index.html?prefix=StagedProducts/Elevation/metadata/Eastern_Indiana_QL3_Lidar/IN_ET-B7-Shelby_2012,1.0,0.0,0.0,,
https://prd-tnm.s3.amazonaws.com/index.html?prefix=StagedProducts/Elevation/metadata/Eastern_Indiana_QL3_Lidar/IN_ET-B7-Union_2012,1.0,0.0,0.0,,
https://prd-tnm.s3.amazonaws.com/index.html?prefix=StagedProducts/Elevation/metadata/Eastern_Indiana_QL3_Lidar/IN_ET-B8-Clark_2012,1.0,0.0,0.0,,
https://prd-tnm.s3.amazonaws.com/index.html?prefix=StagedProducts/Elevation/metadata/Eastern_Indiana_QL3_Lidar/IN_ET-B8-Dearborn_2012,1.0,0.0,0.0,,
https://prd-tnm.s3.amazonaws.com/index.html?prefix=StagedProducts/Elevation/metadata/Eastern_Indiana_QL3_Lidar/IN_ET-B8-Floyd_2011,1.0,0.0,0.0,,
https://prd-tnm.s3.amazonaws.com/index.html?prefix=StagedProducts/Elevation/metadata/Eastern_Indiana_QL3_Lidar/IN_ET-B8-Jefferson_2012,2.0,0.0,0.0,,
https://prd-tnm.s3.amazonaws.com/index.html?prefix=StagedProducts/Elevation/metadata/Eastern_Indiana_QL3_Lidar/IN_ET-B8-Jennings_2012,3.0,0.0,0.0,,
https://prd-tnm.s3.amazonaws.com/index.html?prefix=StagedProducts/Elevation/metadata/Eastern_Indiana_QL3_Lidar/IN_ET-B8-Ohio_2012,3.0,0.0,0.0,,
https://prd-tnm.s3.amazonaws.com/index.html?prefix=StagedProducts/Elevation/metadata/Eastern_Indiana_QL3_Lidar/IN_ET-B8-RipleyCo_2012,2.0,0.0,0.0,,
https://prd-tnm.s3.amazonaws.com/index.html?prefix=StagedProducts/Elevation/metadata/Eastern_Indiana_QL3_Lidar/IN_ET-B8-Scott_2012,1.0,0.0,0.0,,
https://prd-tnm.s3.amazonaws.com/index.html?prefix=StagedProducts/Elevation/metadata/Eastern_Indiana_QL3_Lidar/IN_ET-B8-Switzerland_2012,1.0,0.0,0.0,,
https://prd-tnm.s3.amazonaws.com/index.html?prefix=StagedProducts/Elevation/metadata/Central_Indiana_LiDAR/IN_HendricksCo_2011,5.0,0.0,0.0,,
https://prd-tnm.s3.amazonaws.com/index.html?prefix=StagedProducts/Elevation/metadata/Central_Indiana_LiDAR/IN_JohnsonCo_2011,5.0,0.0,0.0,,
https://prd-tnm.s3.amazonaws.com/index.html?prefix=StagedProducts/Elevation/metadata/Central_Indiana_LiDAR/IN_MarionCo_2011,5.0,0.0,0.0,,
https://prd-tnm.s3.amazonaws.com/index.html?prefix=StagedProducts/Elevation/metadata/Central_Indiana_LiDAR/IN_Monroe_2011,6.0,0.0,0.0,,
https://prd-tnm.s3.amazonaws.com/index.html?prefix=StagedProducts/Elevation/metadata/Central_Indiana_LiDAR/IN_Morgan_2011,6.0,0.0,0.0,,
https://prd-tnm.s3.amazonaws.com/index.html?prefix=StagedProducts/Elevation/metadata/Western_Indiana_LiDAR/IN_WT-B10-Benton_2013,1.0,0.0,0.0,,
https://prd-tnm.s3.amazonaws.com/index.html?prefix=StagedProducts/Elevation/metadata/Western_Indiana_LiDAR/IN_WT-B10-Fountain_2013,1.0,0.0,0.0,,
https://prd-tnm.s3.amazonaws.com/index.html?prefix=StagedProducts/Elevation/metadata/Western_Indiana_LiDAR/IN_WT-B10-Montgomery_2013,1.0,0.0,0.0,,
https://prd-tnm.s3.amazonaws.com/index.html?prefix=StagedProducts/Elevation/metadata/Western_Indiana_LiDAR/IN_WT-B10-Tippecanoe_2013,1.0,0.0,0.0,,
https://prd-tnm.s3.amazonaws.com/index.html?prefix=StagedProducts/Elevation/metadata/Western_Indiana_LiDAR/IN_WT-B10-Warren_2013,1.0,0.0,0.0,,
https://prd-tnm.s3.amazonaws.com/index.html?prefix=StagedProducts/Elevation/metadata/Western_Indiana_LiDAR/IN_WT-B10-White_2013,1.0,0.0,0.0,,
https://prd-tnm.s3.amazonaws.com/index.html?prefix=StagedProducts/Elevation/metadata/Western_Indiana_LiDAR/IN_WT-B11-Clay_2013,8.0,0.0,0.0,,
https://prd-tnm.s3.amazonaws.com/index.html?prefix=StagedProducts/Elevation/metadata/Western_Indiana_LiDAR/IN_WT-B11-Greene_2013,8.0,0.0,0.0,,
https://prd-tnm.s3.amazonaws.com/index.html?prefix=StagedProducts/Elevation/metadata/Western_Indiana_LiDAR/IN_WT-B11-Owen_2013,8.0,0.0,0.0,,
https://prd-tnm.s3.amazonaws.com/index.html?prefix=StagedProducts/Elevation/metadata/Western_Indiana_LiDAR/IN_WT-B11-Parke_2013,8.0,0.0,0.0,,
https://prd-tnm.s3.amazonaws.com/index.html?prefix=StagedProducts/Elevation/metadata/Western_Indiana_LiDAR/IN_WT-B11-Putnam_2013,8.0,0.0,0.0,,
https://prd-tnm.s3.amazonaws.com/index.html?prefix=StagedProducts/Elevation/metadata/Western_Indiana_LiDAR/IN_WT-B11-Sullivan_2013,8.0,0.0,0.0,,
https://prd-tnm.s3.amazonaws.com/index.html?prefix=StagedProducts/Elevation/metadata/Western_Indiana_LiDAR/IN_WT-B11-Vermillion_2013,8.0,0.0,0.0,,
https://prd-tnm.s3.amazonaws.com/index.html?prefix=StagedProducts/Elevation/metadata/Western_Indiana_LiDAR/IN_WT-B11-Vigo_2013,8.0,0.0,0.0,,
https://prd-tnm.s3.amazonaws.com/index.html?prefix=StagedProducts/Elevation/metadata/Western_Indiana_LiDAR/IN_WT-B12-Daviess_2013,8.0,0.0,0.0,,
https://prd-tnm.s3.amazonaws.com/index.html?prefix=StagedProducts/Elevation/metadata/Western_Indiana_LiDAR/IN_WT-B12-Dubois_2013,8.0,0.0,0.0,,
https://prd-tnm.s3.amazonaws.com/index.html?prefix=StagedProducts/Elevation/metadata/Western_Indiana_LiDAR/IN_WT-B12-Gibson_2013,8.0,0.0,0.0,,
https://prd-tnm.s3.amazonaws.com/index.html?prefix=StagedProducts/Elevation/metadata/Western_Indiana_LiDAR/IN_WT-B12-Knox_2013,8.0,0.0,0.0,,
https://prd-tnm.s3.amazonaws.com/index.html?prefix=StagedProducts/Elevation/metadata/Western_Indiana_LiDAR/IN_WT-B12-Martin_2013,8.0,0.0,0.0,,
https://prd-tnm.s3.amazonaws.com/index.html?prefix=StagedProducts/Elevation/metadata/Western_Indiana_LiDAR/IN_WT-B12-Perry_2013,8.0,0.0,0.0,,
https://prd-tnm.s3.amazonaws.com/index.html?prefix=StagedProducts/Elevation/metadata/Western_Indiana_LiDAR/IN_WT-B12-Pike_2013,8.0,0.0,0.0,,
https://prd-tnm.s3.amazonaws.com/index.html?prefix=StagedProducts/Elevation/metadata/Western_Indiana_LiDAR/IN_WT-B12-Posey_2013,8.0,0.0,0.0,,
https://prd-tnm.s3.amazonaws.com/index.html?prefix=StagedProducts/Elevation/metadata/Western_Indiana_LiDAR/IN_WT-B12-Spencer_2013,8.0,0.0,0.0,,
https://prd-tnm.s3.amazonaws.com/index.html?prefix=StagedProducts/Elevation/metadata/Western_Indiana_LiDAR/IN_WT-B12-Vanderburgh_2013,8.0,0.0,0.0,,
https://prd-tnm.s3.amazonaws.com/index.html?prefix=StagedProducts/Elevation/metadata/Western_Indiana_LiDAR/IN_WT-B12-Warrick_2013,8.0,0.0,0.0,,
https://prd-tnm.s3.amazonaws.com/index.html?prefix=StagedProducts/Elevation/metadata/Western_Indiana_LiDAR/IN_WT-B9-Jasper_2013,8.0,0.0,0.0,,
https://prd-tnm.s3.amazonaws.com/index.html?prefix=StagedProducts/Elevation/metadata/Western_Indiana_LiDAR/IN-WT-B9-Lake_2013,8.0,0.0,0.0,,
https://prd-tnm.s3.amazonaws.com/index.html?prefix=StagedProducts/Elevation/metadata/Western_Indiana_LiDAR/IN_WT-B9-Laporte_2013,8.0,0.0,0.0,,
https://prd-tnm.s3.amazonaws.com/index.html?prefix=StagedProducts/Elevation/metadata/Western_Indiana_LiDAR/IN_WT-B9-Newton_2013,8.0,0.0,0.0,,
https://prd-tnm.s3.amazonaws.com/index.html?prefix=StagedProducts/Elevation/metadata/Western_Indiana_LiDAR/IN_WT-B9-Porter_2013,8.0,0.0,0.0,,
https://prd-tnm.s3.amazonaws.com/index.html?prefix=StagedProducts/Elevation/metadata/Illinois_Twelve_Counties_LiDAR_Processing_and_Hydro_Flattened_DEMs/Il_12Counties_Rock_IslandCo,0.0,0.0,0.0,,
https://prd-tnm.s3.amazonaws.com/index.html?prefix=StagedProducts/Elevation/metadata/KS_15_County_LiDAR_2015_C16/KS_15CoNorth-A1_2015,8.0,6.0,0.0,off,"Check_Points.xml: ...ay 12th, 2016. Ground Conditions: water at normal levels; no unusual inundation; no snow; leaf off USGS-NGP Base LiDAR Specification v1.2. A survey was perfor..."
https://prd-tnm.s3.amazonaws.com/index.html?prefix=StagedProducts/Elevation/metadata/KS_15_County_LiDAR_2015_C16/KS_15CoNorth-A2_2015,8.0,6.0,0.0,off,"Check_Points.xml: ...ay 12th, 2016. Ground Conditions: water at normal levels; no unusual inundation; no snow; leaf off USGS-NGP Base LiDAR Specification v1.2. A survey was perfor..."
https://prd-tnm.s3.amazonaws.com/index.html?prefix=StagedProducts/Elevation/metadata/KS_15_County_LiDAR_2015_C16/KS_15CoNorth-A3_2015,8.0,6.0,0.0,off,"Check_Points.xml: ...ay 12th, 2016. Ground Conditions: water at normal levels; no unusual inundation; no snow; leaf off USGS-NGP Base LiDAR Specification v1.2. A survey was perfor..."
https://prd-tnm.s3.amazonaws.com/index.html?prefix=StagedProducts/Elevation/metadata/KS_15_County_LiDAR_2015_C16/KS_15Co-Cheney_2015,8.0,5.0,0.0,off,"Check_Points.xml: ...May 11th, 2016 Ground Conditions: water at normal levels; no unusual inundation; no snow; leaf off USGS-NGP Base LiDAR Specification v1.2. A survey was perfor..."
https://prd-tnm.s3.amazonaws.com/index.html?prefix=StagedProducts/Elevation/metadata/KS_15_County_LiDAR_2015_C16/KS_15Co-South_2015,8.0,6.0,0.0,off,Check_Points.xml: ...d May 3rd 2016 Ground Conditions: water at normal levels; no unusual inundation; no snow; leaf off USGS-NGP Base LiDAR Specification v1.2. A survey was perfor...
https://prd-tnm.s3.amazonaws.com/index.html?prefix=StagedProducts/Elevation/metadata/KS_Six_County_Kansas_Lidar_15/KS_Area1_2014,8.0,0.0,0.0,,
https://prd-tnm.s3.amazonaws.com/index.html?prefix=StagedProducts/Elevation/metadata/KS_Six_County_Kansas_Lidar_15/KS_Area2_2014,8.0,0.0,0.0,,
https://prd-tnm.s3.amazonaws.com/index.html?prefix=StagedProducts/Elevation/metadata/KS_25_COUNTIES_LiDAR/KS_Area2-B1_2012,8.0,0.0,0.0,,
https://prd-tnm.s3.amazonaws.com/index.html?prefix=StagedProducts/Elevation/metadata/KS_25_COUNTIES_LiDAR/KS_Area2-B2_2012,7.0,0.0,0.0,,
https://prd-tnm.s3.amazonaws.com/index.html?prefix=StagedProducts/Elevation/metadata/KS_25_COUNTIES_LiDAR/KS_Area2-B3_2012,8.0,0.0,0.0,,
https://prd-tnm.s3.amazonaws.com/index.html?prefix=StagedProducts/Elevation/metadata/KS_25_COUNTIES_LiDAR/KS_Area2-B4_2012,7.0,0.0,0.0,,
https://prd-tnm.s3.amazonaws.com/index.html?prefix=StagedProducts/Elevation/metadata/KS_25_COUNTIES_LiDAR/KS_Area2-B5_2012,8.0,0.0,0.0,,
https://prd-tnm.s3.amazonaws.com/index.html?prefix=StagedProducts/Elevation/metadata/KS_25_COUNTIES_LiDAR/KS_Area2-B6_2012,8.0,0.0,0.0,,
https://prd-tnm.s3.amazonaws.com/index.html?prefix=StagedProducts/Elevation/metadata/Kansas_2013_LiDAR/KS_Lidar-1-B1_2013,8.0,0.0,0.0,,
https://prd-tnm.s3.amazonaws.com/index.html?prefix=StagedProducts/Elevation/metadata/Kansas_2013_LiDAR/KS_Lidar-1-B2_2013,7.0,0.0,0.0,,
https://prd-tnm.s3.amazonaws.com/index.html?prefix=StagedProducts/Elevation/metadata/Kansas_2013_LiDAR/KS_Lidar-1-B3_2013,8.0,0.0,0.0,,
https://prd-tnm.s3.amazonaws.com/index.html?prefix=StagedProducts/Elevation/metadata/Kansas_2013_LiDAR/KS_Lidar-1-B4_2013,8.0,0.0,0.0,,
https://prd-tnm.s3.amazonaws.com/index.html?prefix=StagedProducts/Elevation/metadata/Kansas_2013_LiDAR/KS-Lidar-1-B5_2013,8.0,0.0,0.0,,
https://prd-tnm.s3.amazonaws.com/index.html?prefix=StagedProducts/Elevation/metadata/Kansas_2013_LiDAR/KS-Lidar-1-B6_2013,8.0,0.0,0.0,,
https://prd-tnm.s3.amazonaws.com/index.html?prefix=StagedProducts/Elevation/metadata/NRCS_NorthForkNinnescahSubbasin/KS_NF-Nin-Sub_2011,3.0,3.0,0.0,off,"NRCS_Kansas_Project_Metadata.xml: ...a, Pratt, Stafford, Reno, Kingman and Sedgwick Counties, Kansas. Data was acquired during leaf-off conditions while no snow was on the ground and rivers were ..."
https://prd-tnm.s3.amazonaws.com/index.html?prefix=StagedProducts/Elevation/metadata/S_Central_NE_NW_Kansas_Lidar/KS_SCentral-L1_2015,8.0,4.0,0.0,off,Kansas_AOI_1_Check_Points.xml: ... QL2 products. Ground Conditions: water at normal levels; no unusual inundation; no snow; leaf off USGS-NGP Base LiDAR Specification v1.2. A survey was perfor...
https://prd-tnm.s3.amazonaws.com/index.html?prefix=StagedProducts/Elevation/metadata/S_Central_NE_NW_Kansas_Lidar/KS_SCentral-L2_2015,8.0,5.0,0.0,off,Manhattan_Kansas_Check_Points.xml: ... square miles. Ground Conditions: water at normal levels; no unusual inundation; no snow; leaf off USGS-NGP Base LiDAR Specification v1.2. A survey was perfor...
https://prd-tnm.s3.amazonaws.com/index.html?prefix=StagedProducts/Elevation/metadata/S_Central_NE_NW_Kansas_Lidar/KS_SCentral-L3_2015,8.0,4.0,0.0,off,Intensity_Images.xml: ...wath of LiDAR. Ground Conditions: water at normal levels; no unusual inundation; no snow; leaf off The Kansas Department of Agriculture and Kansas Data Access...
https://prd-tnm.s3.amazonaws.com/index.html?prefix=StagedProducts/Elevation/metadata/S_Central_NE_NW_Kansas_Lidar/KS_SCentral-L4_2015,8.0,5.0,0.0,off,Intensity_Images.xml: ...R Point Cloud. Ground Conditions: water at normal levels; no unusual inundation; no snow; leaf off The Kansas Department of Agriculture and Kansas Data Access...
https://prd-tnm.s3.amazonaws.com/index.html?prefix=StagedProducts/Elevation/metadata/KY_STATEWIDE_LiDAR/KY_KYAPED-Area2_2012,4.0,0.0,0.0,,
https://prd-tnm.s3.amazonaws.com/index.html?prefix=StagedProducts/Elevation/metadata/NRCS_Lower_and_MiddleGreenPondRough/KY_NRCS-Watersheds_2011,3.0,3.0,0.0,off,"NRCS_Kentucky_Project_Metadata.xml: ...enberg, Hopkins, Christian, Todd and Logan Counties in Kentucky. Data was acquired during leaf-off conditions while no snow was on the ground and rivers were ..."
https://prd-tnm.s3.amazonaws.com/index.html?prefix=StagedProducts/Elevation/metadata/LA_Amite_2018_C19/LA_Amite_2018,3.0,0.0,0.0,,
https://prd-tnm.s3.amazonaws.com/index.html?prefix=StagedProducts/Elevation/metadata/Barataria_and_Jean_Lafitte_LiDAR/LA_Barataria_2013,3.0,0.0,0.0,,
https://prd-tnm.s3.amazonaws.com/index.html?prefix=StagedProducts/Elevation/metadata/LA_Bayou_Nezpique_2018_D18/LA_Bayou_Nezpique_B1_2018,4.0,0.0,0.0,,
https://prd-tnm.s3.amazonaws.com/index.html?prefix=StagedProducts/Elevation/metadata/LA_Bayou_Nezpique_2018_D18/LA_Bayou_Nezpique_B2_2018,4.0,0.0,0.0,,
https://prd-tnm.s3.amazonaws.com/index.html?prefix=StagedProducts/Elevation/metadata/LA_Bayou_Nezpique_2018_D18/LA_Bayou_Nezpique_B3_2018,4.0,0.0,0.0,,
https://prd-tnm.s3.amazonaws.com/index.html?prefix=StagedProducts/Elevation/metadata/LA_Bayou_Nezpique_2018_D18/LA_Bayou_Nezpique_B6_2018,4.0,0.0,0.0,,
https://prd-tnm.s3.amazonaws.com/index.html?prefix=StagedProducts/Elevation/metadata/LA_Chenier_Plain_Lidar_2017_B16/LA_Chenier_Plain_2017,8.0,0.0,0.0,,
https://prd-tnm.s3.amazonaws.com/index.html?prefix=StagedProducts/Elevation/metadata/South_Terrebonne_and_Gulf_Islands_LiDAR/LA_SoTerrebonne-GI_2015,8.0,5.0,0.0,off,Intensity_Images.xml: ...R Point Cloud. Ground Conditions: water at normal levels; no unusual inundation; no snow; leaf off. USGS-NGP Base Lidar Specification v1.0 Leica ALS70-HP Unli...
https://prd-tnm.s3.amazonaws.com/index.html?prefix=StagedProducts/Elevation/metadata/Maine_and_Massachusetts_QL1_and_QL2_LiDAR_BAA/MA_ME-MA-QL1-UTM18-L1_2015,8.0,0.0,0.0,,
https://prd-tnm.s3.amazonaws.com/index.html?prefix=StagedProducts/Elevation/metadata/Maine_and_Massachusetts_QL1_and_QL2_LiDAR_BAA/MA_ME-MA-QL2-UTM18-L1_2015,7.0,0.0,0.0,,
https://prd-tnm.s3.amazonaws.com/index.html?prefix=StagedProducts/Elevation/metadata/Maine_and_Massachusetts_QL1_and_QL2_LiDAR_BAA/MA_ME-MA-QL2-UTM18-L2_2015,0.0,0.0,0.0,,
https://prd-tnm.s3.amazonaws.com/index.html?prefix=StagedProducts/Elevation/metadata/Maine_and_Massachusetts_QL1_and_QL2_LiDAR_BAA/MA_ME-MA-QL2-UTM19-L1_2015,8.0,0.0,0.0,,
https://prd-tnm.s3.amazonaws.com/index.html?prefix=StagedProducts/Elevation/metadata/New_England_CMGP_SANDY_LiDAR/MA_NE_CMGP_Sandy_Z18_2013,8.0,8.0,0.0,off,USGS_New_England_CMGP_Sandy_Lidar_DEM_IMG.xml: ... be found in the processing description section of this file. Ground conditions: No snow; Leaf off. The tide window requirements for the lidar data acquisitio...
https://prd-tnm.s3.amazonaws.com/index.html?prefix=StagedProducts/Elevation/metadata/New_England_CMGP_SANDY_LiDAR/MA_NE-CMGP-Sandy-Z19-A2_2015,8.0,8.0,0.0,off,USGS_New_England_CMGP_Sandy_Lidar_DEM_IMG.xml: ... be found in the processing description section of this file. Ground conditions: No snow; Leaf off. The tide window requirements for the lidar data acquisitio...
https://prd-tnm.s3.amazonaws.com/index.html?prefix=StagedProducts/Elevation/metadata/Garrett_County_MD_QL2_LiDAR/MD_Garret-Co_2014,7.0,0.0,0.0,,
https://prd-tnm.s3.amazonaws.com/index.html?prefix=StagedProducts/Elevation/metadata/MD_Hurricane_Joaquin_Lidar_2016_D16/MD_HurricaneJoaquin_2015,6.0,0.0,0.0,,
https://prd-tnm.s3.amazonaws.com/index.html?prefix=StagedProducts/Elevation/metadata/Sandy_Supplemental_MD_PA_QL2_LiDAR/MD-PA_SandySupp_2014,7.0,7.0,0.0,off,MD_PA_Sandy_Lidar_DEM_IMG.xml: ...AS swath data. Ground conditions: Water at normal levels; no unusual inundation; no snow; leaf off. Coastal tiles 18SVH065720 and 8SVH095690 contain no lidar ...
https://prd-tnm.s3.amazonaws.com/index.html?prefix=StagedProducts/Elevation/metadata/Sandy_Supplemental_NCR_VA_MD_DC_QL2_LiDAR/MD-VA_Sandy-NCR_2014,5.0,0.0,0.0,,
https://prd-tnm.s3.amazonaws.com/index.html?prefix=StagedProducts/Elevation/metadata/ME_Maine_LiDAR_NRCS_14/ME_NRCS_Lot4_2013,8.0,8.0,0.0,off,NRCS_Maine_DEM_IMG.xml: ...less than 2GB. Ground conditions: Water at normal levels; no unusual inundation; no snow; leaf off. This task order consists of LiDAR data acquisition and pro...
https://prd-tnm.s3.amazonaws.com/index.html?prefix=StagedProducts/Elevation/metadata/Maine_Midcoast_LiDAR/ME_SouthernAreas_2012,6.0,0.0,0.0,,
https://prd-tnm.s3.amazonaws.com/index.html?prefix=StagedProducts/Elevation/metadata/NH_Umbagog_LiDAR_2016_D16/ME_Umbagog_2016,8.0,0.0,0.0,,
https://prd-tnm.s3.amazonaws.com/index.html?prefix=StagedProducts/Elevation/metadata/MI_13County_2015_C16/MI_13Co-BerrienCO_2015,8.0,0.0,0.0,,
https://prd-tnm.s3.amazonaws.com/index.html?prefix=StagedProducts/Elevation/metadata/MI_13County_2015_C16/MI_13Co-VanBurrenCo_2015,8.0,0.0,0.0,,
https://prd-tnm.s3.amazonaws.com/index.html?prefix=StagedProducts/Elevation/metadata/MI_16CountiesFEMA2015_C16/MI_16Co-Clare_2015,6.0,0.0,0.0,,
https://prd-tnm.s3.amazonaws.com/index.html?prefix=StagedProducts/Elevation/metadata/MI_16CountiesFEMA2015_C16/MI_16Co-Lapeer_2015,6.0,0.0,0.0,,
https://prd-tnm.s3.amazonaws.com/index.html?prefix=StagedProducts/Elevation/metadata/MI_16CountiesFEMA2015_C16/MI_16Co-Mecosta_2015,7.0,0.0,0.0,,
https://prd-tnm.s3.amazonaws.com/index.html?prefix=StagedProducts/Elevation/metadata/MI_16CountiesFEMA2015_C16/MI_16Co-Newaygo_2015,7.0,0.0,0.0,,
https://prd-tnm.s3.amazonaws.com/index.html?prefix=StagedProducts/Elevation/metadata/MI_16CountiesFEMA2015_C16/MI_16Co-Osceola_2015,7.0,0.0,0.0,,
https://prd-tnm.s3.amazonaws.com/index.html?prefix=StagedProducts/Elevation/metadata/MI_16CountiesFEMA2015_C16/MI_16Co-Roscommon_2015,6.0,0.0,0.0,,
https://prd-tnm.s3.amazonaws.com/index.html?prefix=StagedProducts/Elevation/metadata/MI_16CountiesFEMA2015_C16/MI_16Co-Shiawassee_2015,6.0,0.0,0.0,,
https://prd-tnm.s3.amazonaws.com/index.html?prefix=StagedProducts/Elevation/metadata/MI_16CountiesFEMA2015_C16/MI_16Co-StJoseph_2015,6.0,0.0,0.0,,
https://prd-tnm.s3.amazonaws.com/index.html?prefix=StagedProducts/Elevation/metadata/MI_31County_2016_A16/MI_31Co_Arenac_2016,6.0,0.0,0.0,,
https://prd-tnm.s3.amazonaws.com/index.html?prefix=StagedProducts/Elevation/metadata/MI_31County_2016_A16/MI_31Co_Arenac_TL_2016,6.0,0.0,0.0,,
https://prd-tnm.s3.amazonaws.com/index.html?prefix=StagedProducts/Elevation/metadata/MI_31County_2016_A16/MI_31Co_Bay_2016,1.0,0.0,0.0,,
https://prd-tnm.s3.amazonaws.com/index.html?prefix=StagedProducts/Elevation/metadata/MI_31County_2016_A16/MI_31Co_Chippewa_2017,6.0,0.0,0.0,,
https://prd-tnm.s3.amazonaws.com/index.html?prefix=StagedProducts/Elevation/metadata/MI_31County_2016_A16/MI_31Co_Clinton_2017,6.0,0.0,0.0,,
https://prd-tnm.s3.amazonaws.com/index.html?prefix=StagedProducts/Elevation/metadata/MI_31County_2016_A16/MI_31Co_Eaton_2016,6.0,0.0,0.0,,
https://prd-tnm.s3.amazonaws.com/index.html?prefix=StagedProducts/Elevation/metadata/MI_31County_2016_A16/MI_31Co_Gladwin_2016,6.0,0.0,0.0,,
https://prd-tnm.s3.amazonaws.com/index.html?prefix=StagedProducts/Elevation/metadata/MI_31County_2016_A16/MI_31Co_Hillsdale_2016,6.0,0.0,0.0,,
https://prd-tnm.s3.amazonaws.com/index.html?prefix=StagedProducts/Elevation/metadata/MI_31County_2016_A16/MI_31Co_Huron_2016,6.0,0.0,0.0,,
https://prd-tnm.s3.amazonaws.com/index.html?prefix=StagedProducts/Elevation/metadata/MI_31County_2016_A16/MI_31Co_Ingham_2017,6.0,0.0,0.0,,
https://prd-tnm.s3.amazonaws.com/index.html?prefix=StagedProducts/Elevation/metadata/MI_31County_2016_A16/MI_31Co_Ionia_2016,6.0,0.0,0.0,,
https://prd-tnm.s3.amazonaws.com/index.html?prefix=StagedProducts/Elevation/metadata/MI_31County_2016_A16/MI_31Co_Iosco_2016,6.0,0.0,0.0,,
https://prd-tnm.s3.amazonaws.com/index.html?prefix=StagedProducts/Elevation/metadata/MI_31County_2016_A16/MI_31Co_Isabella_2016,6.0,0.0,0.0,,
https://prd-tnm.s3.amazonaws.com/index.html?prefix=StagedProducts/Elevation/metadata/MI_31County_2016_A16/MI_31Co_Isabella_TL_2016,6.0,0.0,0.0,,
https://prd-tnm.s3.amazonaws.com/index.html?prefix=StagedProducts/Elevation/metadata/MI_31County_2016_A16/MI_31Co_Jackson_2016,6.0,0.0,0.0,,
https://prd-tnm.s3.amazonaws.com/index.html?prefix=StagedProducts/Elevation/metadata/MI_31County_2016_A16/MI_31Co_Kent_2016,6.0,0.0,0.0,,
https://prd-tnm.s3.amazonaws.com/index.html?prefix=StagedProducts/Elevation/metadata/MI_31County_2016_A16/MI_31Co_Lenawee_2017,6.0,0.0,0.0,,
https://prd-tnm.s3.amazonaws.com/index.html?prefix=StagedProducts/Elevation/metadata/MI_31County_2016_A16/MI_31Co_Livingston_2018,6.0,0.0,0.0,,
https://prd-tnm.s3.amazonaws.com/index.html?prefix=StagedProducts/Elevation/metadata/MI_31County_2016_A16/MI_31Co_Macomb_2016,6.0,0.0,0.0,,
https://prd-tnm.s3.amazonaws.com/index.html?prefix=StagedProducts/Elevation/metadata/MI_31County_2016_A16/MI_31Co-Mason_2017,1.0,0.0,0.0,,
https://prd-tnm.s3.amazonaws.com/index.html?prefix=StagedProducts/Elevation/metadata/MI_31County_2016_A16/MI_31Co_Midland_2016,6.0,0.0,0.0,,
https://prd-tnm.s3.amazonaws.com/index.html?prefix=StagedProducts/Elevation/metadata/MI_31County_2016_A16/MI_31Co_Monroe_2016,6.0,0.0,0.0,,
https://prd-tnm.s3.amazonaws.com/index.html?prefix=StagedProducts/Elevation/metadata/MI_31County_2016_A16/MI_31Co_Oakland_2016,6.0,0.0,0.0,,
https://prd-tnm.s3.amazonaws.com/index.html?prefix=StagedProducts/Elevation/metadata/MI_31County_2016_A16/MI_31Co-Oceana_2016,6.0,0.0,0.0,,
https://prd-tnm.s3.amazonaws.com/index.html?prefix=StagedProducts/Elevation/metadata/MI_31County_2016_A16/MI_31Co_Ottawa_2016,6.0,0.0,0.0,,
https://prd-tnm.s3.amazonaws.com/index.html?prefix=StagedProducts/Elevation/metadata/MI_31County_2016_A16/MI_31Co_Saginaw_2016,8.0,0.0,0.0,,
https://prd-tnm.s3.amazonaws.com/index.html?prefix=StagedProducts/Elevation/metadata/MI_31County_2016_A16/MI_31Co_Sanilac_2017,6.0,0.0,0.0,,
https://prd-tnm.s3.amazonaws.com/index.html?prefix=StagedProducts/Elevation/metadata/MI_31County_2016_A16/MI_31Co_StClair_2016,6.0,0.0,0.0,,
https://prd-tnm.s3.amazonaws.com/index.html?prefix=StagedProducts/Elevation/metadata/MI_31County_2016_A16/MI_31Co_Tuscola_2016,6.0,0.0,0.0,,
https://prd-tnm.s3.amazonaws.com/index.html?prefix=StagedProducts/Elevation/metadata/MI_31County_2016_A16/MI_31Co_Washtenaw_2016,6.0,0.0,0.0,,
https://prd-tnm.s3.amazonaws.com/index.html?prefix=StagedProducts/Elevation/metadata/MI_13County_2015_C16/MI_AlgerCo_2015,6.0,0.0,0.0,,
https://prd-tnm.s3.amazonaws.com/index.html?prefix=StagedProducts/Elevation/metadata/MI_13County_2015_C16/MI_BenzieCo_2015,6.0,0.0,0.0,,
https://prd-tnm.s3.amazonaws.com/index.html?prefix=StagedProducts/Elevation/metadata/MI_Branch-Calhoun_2017/MI_BranchCo_2017,4.0,4.0,0.0,off,"260813_Terrain_metadata.xml: ... possible in order to cover in its entirety. Due to the timing constraints of weather and leaf off conditions requirement, and the high quality of the CORS ne..."
https://prd-tnm.s3.amazonaws.com/index.html?prefix=StagedProducts/Elevation/metadata/MI_16CountiesFEMA2015_C16/MI_Cass_2015,6.0,0.0,0.0,,
https://prd-tnm.s3.amazonaws.com/index.html?prefix=StagedProducts/Elevation/metadata/MI_CharlevoixCounty_2018_A18/MI_Charlevoix_2018,6.0,0.0,0.0,,
https://prd-tnm.s3.amazonaws.com/index.html?prefix=StagedProducts/Elevation/metadata/MI_CharlevoixCounty_2018_A18/MI_Charlevoix_Islands_2016,5.0,0.0,0.0,,
https://prd-tnm.s3.amazonaws.com/index.html?prefix=StagedProducts/Elevation/metadata/MI_FEMAHQ_2018_D18/MI_FEMAHQ_2018,4.0,0.0,0.0,,
https://prd-tnm.s3.amazonaws.com/index.html?prefix=StagedProducts/Elevation/metadata/MI_16CountiesFEMA2015_C16/MI_GenesseeCo_2015,6.0,0.0,0.0,,
https://prd-tnm.s3.amazonaws.com/index.html?prefix=StagedProducts/Elevation/metadata/MI_13County_2015_C16/MI_GrandTraverseCO_2015,6.0,0.0,0.0,,
https://prd-tnm.s3.amazonaws.com/index.html?prefix=StagedProducts/Elevation/metadata/MI_Hiawatha_NF_2018_D18/MI_HiawathaNF_QL1_2018,4.0,0.0,0.0,,
https://prd-tnm.s3.amazonaws.com/index.html?prefix=StagedProducts/Elevation/metadata/MI_Hiawatha_NF_2018_D18/MI_HiawathaNF_QL2_2018,4.0,0.0,0.0,,
https://prd-tnm.s3.amazonaws.com/index.html?prefix=StagedProducts/Elevation/metadata/MI_16CountiesFEMA2015_C16/MI_Kalamazoo_2015,6.0,0.0,0.0,,
https://prd-tnm.s3.amazonaws.com/index.html?prefix=StagedProducts/Elevation/metadata/MI_16CountiesFEMA2015_C16/MI_Lake_2016,8.0,0.0,0.0,,
https://prd-tnm.s3.amazonaws.com/index.html?prefix=StagedProducts/Elevation/metadata/MI_13County_2015_C16/MI_LeelanauCo_2015,6.0,0.0,0.0,,
https://prd-tnm.s3.amazonaws.com/index.html?prefix=StagedProducts/Elevation/metadata/MI_13County_2015_C16/MI_MackinacCo_2015,6.0,0.0,0.0,,
https://prd-tnm.s3.amazonaws.com/index.html?prefix=StagedProducts/Elevation/metadata/MI_13County_2015_C16/MI_ManisteeCo_2015,6.0,0.0,0.0,,
https://prd-tnm.s3.amazonaws.com/index.html?prefix=StagedProducts/Elevation/metadata/MI_16CountiesFEMA2015_C16/MI_Missaukee_2016,7.0,0.0,0.0,,
https://prd-tnm.s3.amazonaws.com/index.html?prefix=StagedProducts/Elevation/metadata/MI_16CountiesFEMA2015_C16/MI_Montcalm_2015,7.0,0.0,0.0,,
https://prd-tnm.s3.amazonaws.com/index.html?prefix=StagedProducts/Elevation/metadata/MI_16CountiesFEMA2015_C16/MI_Muskegon_2015,8.0,0.0,0.0,,
https://prd-tnm.s3.amazonaws.com/index.html?prefix=StagedProducts/Elevation/metadata/MI_Olga_Lake_Lidar_2016_D16/MI_Olga-Lake-Lot5_2016,8.0,0.0,0.0,,
https://prd-tnm.s3.amazonaws.com/index.html?prefix=StagedProducts/Elevation/metadata/MI_Ottawa_NF_2017_D17/MI_Ottawa_NF_2017,7.0,0.0,0.0,,
https://prd-tnm.s3.amazonaws.com/index.html?prefix=StagedProducts/Elevation/metadata/MI_Ottawa_NF_2017_D17/MI_Ottawa_NF_TL_2017,7.0,0.0,0.0,,
https://prd-tnm.s3.amazonaws.com/index.html?prefix=StagedProducts/Elevation/metadata/MI_WayneCounty_2017_A17/MI_WayneCo_2017,6.0,0.0,0.0,,
https://prd-tnm.s3.amazonaws.com/index.html?prefix=StagedProducts/Elevation/metadata/MI_16CountiesFEMA2015_C16/MI_Wexford_2016,7.0,0.0,0.0,,
https://prd-tnm.s3.amazonaws.com/index.html?prefix=StagedProducts/Elevation/metadata/Eastern_MN_State_LiDAR_Phases_3_4_and_5/MN_Arrowhead-B1_2011,1.0,0.0,0.0,,
https://prd-tnm.s3.amazonaws.com/index.html?prefix=StagedProducts/Elevation/metadata/Eastern_MN_State_LiDAR_Phases_3_4_and_5/MN_Arrowhead-B2_2011,1.0,0.0,0.0,,
https://prd-tnm.s3.amazonaws.com/index.html?prefix=StagedProducts/Elevation/metadata/Eastern_MN_State_LiDAR_Phases_3_4_and_5/MN_Arrowhead-B3_2011,1.0,0.0,0.0,,
https://prd-tnm.s3.amazonaws.com/index.html?prefix=StagedProducts/Elevation/metadata/Eastern_MN_State_LiDAR_Phases_3_4_and_5/MN_Arrowhead-B4_2011,1.0,0.0,0.0,,
https://prd-tnm.s3.amazonaws.com/index.html?prefix=StagedProducts/Elevation/metadata/Eastern_MN_State_LiDAR_Phases_3_4_and_5/MN_Arrowhead-B5_2011,1.0,0.0,0.0,,
https://prd-tnm.s3.amazonaws.com/index.html?prefix=StagedProducts/Elevation/metadata/MN_BlueEarth_2011/MN_BlueEarth_2011,0.0,0.0,0.0,,
https://prd-tnm.s3.amazonaws.com/index.html?prefix=StagedProducts/Elevation/metadata/Eastern_MN_State_LiDAR_Phases_3_4_and_5/MN_CentralLakes-Block1_2012,1.0,0.0,0.0,,
https://prd-tnm.s3.amazonaws.com/index.html?prefix=StagedProducts/Elevation/metadata/Eastern_MN_State_LiDAR_Phases_3_4_and_5/MN_CentralLakes-Block2_2012,1.0,0.0,0.0,,
https://prd-tnm.s3.amazonaws.com/index.html?prefix=StagedProducts/Elevation/metadata/Eastern_MN_State_LiDAR_Phases_3_4_and_5/MN_CentralLakes-Block3_2012,1.0,0.0,0.0,,
https://prd-tnm.s3.amazonaws.com/index.html?prefix=StagedProducts/Elevation/metadata/Eastern_MN_State_LiDAR_Phases_3_4_and_5/MN_CentralLakes-Block4_2012,0.0,0.0,0.0,,
https://prd-tnm.s3.amazonaws.com/index.html?prefix=StagedProducts/Elevation/metadata/Eastern_MN_State_LiDAR_Phases_3_4_and_5/MN_CentralLakes-Block5_2012,0.0,0.0,0.0,,
https://prd-tnm.s3.amazonaws.com/index.html?prefix=StagedProducts/Elevation/metadata/Minnesota_River_Basin_LiDAR/MN_Phase1-BrownCO_2010,4.0,0.0,0.0,,
https://prd-tnm.s3.amazonaws.com/index.html?prefix=StagedProducts/Elevation/metadata/Minnesota_River_Basin_LiDAR/MN_Phase1-DouglasCO_2010,4.0,0.0,0.0,,
https://prd-tnm.s3.amazonaws.com/index.html?prefix=StagedProducts/Elevation/metadata/Minnesota_River_Basin_LiDAR/MN_Phase1_FairbaultCO_2010,0.0,0.0,0.0,,
https://prd-tnm.s3.amazonaws.com/index.html?prefix=StagedProducts/Elevation/metadata/Minnesota_River_Basin_LiDAR/MN_Phase1-LacQuiParleCo_2010,4.0,0.0,0.0,,
https://prd-tnm.s3.amazonaws.com/index.html?prefix=StagedProducts/Elevation/metadata/Minnesota_River_Basin_LiDAR/MN_Phase1-LeSueurCO_2010,4.0,0.0,0.0,,
https://prd-tnm.s3.amazonaws.com/index.html?prefix=StagedProducts/Elevation/metadata/Minnesota_River_Basin_LiDAR/MN_Phase1-LincolnCo_2010,4.0,0.0,0.0,,
https://prd-tnm.s3.amazonaws.com/index.html?prefix=StagedProducts/Elevation/metadata/Minnesota_River_Basin_LiDAR/MN_Phase1-LyonCO_2010,4.0,0.0,0.0,,
https://prd-tnm.s3.amazonaws.com/index.html?prefix=StagedProducts/Elevation/metadata/Minnesota_River_Basin_LiDAR/MN_Phase1-MartinCO_2010,4.0,0.0,0.0,,
https://prd-tnm.s3.amazonaws.com/index.html?prefix=StagedProducts/Elevation/metadata/Minnesota_River_Basin_LiDAR/MN_Phase1-NicolletCO_2010,4.0,0.0,0.0,,
https://prd-tnm.s3.amazonaws.com/index.html?prefix=StagedProducts/Elevation/metadata/Minnesota_River_Basin_LiDAR/MN_Phase1-Nobles_2010,4.0,0.0,0.0,,
https://prd-tnm.s3.amazonaws.com/index.html?prefix=StagedProducts/Elevation/metadata/Minnesota_River_Basin_LiDAR/MN_Phase1-PipestoneCO_2010,4.0,0.0,0.0,,
https://prd-tnm.s3.amazonaws.com/index.html?prefix=StagedProducts/Elevation/metadata/Minnesota_River_Basin_LiDAR/MN_Phase1-PopeCO_2011,5.0,0.0,0.0,,
https://prd-tnm.s3.amazonaws.com/index.html?prefix=StagedProducts/Elevation/metadata/Minnesota_River_Basin_LiDAR/MN_Phase1-RedwoodCO_2010,4.0,0.0,0.0,,
https://prd-tnm.s3.amazonaws.com/index.html?prefix=StagedProducts/Elevation/metadata/Minnesota_River_Basin_LiDAR/MN_Phase1-WatonwanCO_2010,4.0,0.0,0.0,,
https://prd-tnm.s3.amazonaws.com/index.html?prefix=StagedProducts/Elevation/metadata/Minnesota_River_Basin_LiDAR/MN_Phase1-YellowMedicineCO_2010,4.0,0.0,0.0,,
https://prd-tnm.s3.amazonaws.com/index.html?prefix=StagedProducts/Elevation/metadata/Eastern_MN_State_LiDAR_Phases_3_4_and_5/MN_Phase4-Metro-D_2011,3.0,0.0,0.0,,
https://prd-tnm.s3.amazonaws.com/index.html?prefix=StagedProducts/Elevation/metadata/Eastern_MN_State_LiDAR_Phases_3_4_and_5/MN_Phase4-Metro-Dakota_2011,4.0,0.0,0.0,,
https://prd-tnm.s3.amazonaws.com/index.html?prefix=StagedProducts/Elevation/metadata/Eastern_MN_State_LiDAR_Phases_3_4_and_5/MN_Phase4-Metro-E_2011,5.0,0.0,0.0,,
https://prd-tnm.s3.amazonaws.com/index.html?prefix=StagedProducts/Elevation/metadata/Eastern_MN_State_LiDAR_Phases_3_4_and_5/MN_Phase4-Metro-F_2011,4.0,0.0,0.0,,
https://prd-tnm.s3.amazonaws.com/index.html?prefix=StagedProducts/Elevation/metadata/Eastern_MN_State_LiDAR_Phases_3_4_and_5/MN_Phase4-Metro-G_2011,4.0,0.0,0.0,,
https://prd-tnm.s3.amazonaws.com/index.html?prefix=StagedProducts/Elevation/metadata/Eastern_MN_State_LiDAR_Phases_3_4_and_5/MN_Phase4-Metro-H_2011,4.0,0.0,0.0,,
https://prd-tnm.s3.amazonaws.com/index.html?prefix=StagedProducts/Elevation/metadata/Eastern_MN_State_LiDAR_Phases_3_4_and_5/MN_Phase4-Metro-MapleGrove_2011,4.0,0.0,0.0,,
https://prd-tnm.s3.amazonaws.com/index.html?prefix=StagedProducts/Elevation/metadata/Minnesota_River_Basin_LiDAR/MN_Phase-JacksonCO_2011,4.0,0.0,0.0,,
https://prd-tnm.s3.amazonaws.com/index.html?prefix=StagedProducts/Elevation/metadata/MO_AR_2014_Lidar/MO-AR_Atchison-Holt-Andrew_2013,0.0,0.0,0.0,,
https://prd-tnm.s3.amazonaws.com/index.html?prefix=StagedProducts/Elevation/metadata/MO_AR_2014_Lidar/MO-AR_Clark-Lewis_2014,7.0,0.0,0.0,,
https://prd-tnm.s3.amazonaws.com/index.html?prefix=StagedProducts/Elevation/metadata/MO_AR_2014_Lidar/MO-AR_CrittendenCross_UTM15_2014,5.0,0.0,0.0,,
https://prd-tnm.s3.amazonaws.com/index.html?prefix=StagedProducts/Elevation/metadata/MO_AR_2014_Lidar/MO-AR_CrittendenCross_UTM16_2014,4.0,0.0,0.0,,
https://prd-tnm.s3.amazonaws.com/index.html?prefix=StagedProducts/Elevation/metadata/MO_AR_2014_Lidar/MO-AR_Game-Fish-WMA_2014,5.0,0.0,0.0,,
https://prd-tnm.s3.amazonaws.com/index.html?prefix=StagedProducts/Elevation/metadata/MO_AR_2014_Lidar/MO-AR_Knox-Shelby_2014,7.0,0.0,0.0,,
https://prd-tnm.s3.amazonaws.com/index.html?prefix=StagedProducts/Elevation/metadata/MO_AR_2014_Lidar/MO-AR_Marion-Ralls_2013,8.0,0.0,0.0,,
https://prd-tnm.s3.amazonaws.com/index.html?prefix=StagedProducts/Elevation/metadata/MO_AR_2014_Lidar/MO-AR_Mercer-Grundy_2014,5.0,0.0,0.0,,
https://prd-tnm.s3.amazonaws.com/index.html?prefix=StagedProducts/Elevation/metadata/MO_AR_2014_Lidar/MO-AR_Miss-Laud-UTM15_2014,5.0,0.0,0.0,,
https://prd-tnm.s3.amazonaws.com/index.html?prefix=StagedProducts/Elevation/metadata/MO_AR_2014_Lidar/MO-AR_Miss-Laud-UTM16_2014,5.0,0.0,0.0,,
https://prd-tnm.s3.amazonaws.com/index.html?prefix=StagedProducts/Elevation/metadata/MO_AR_2014_Lidar/MO-AR_Miss-Stoddard_UTM15_2014,6.0,0.0,0.0,,
https://prd-tnm.s3.amazonaws.com/index.html?prefix=StagedProducts/Elevation/metadata/MO_AR_2014_Lidar/MO-AR_Miss-Stoddard_UTM16_2014,6.0,0.0,0.0,,
https://prd-tnm.s3.amazonaws.com/index.html?prefix=StagedProducts/Elevation/metadata/MO_AR_2014_Lidar/MO-AR_Monroe-Lee-Phillips_2014,6.0,0.0,0.0,,
https://prd-tnm.s3.amazonaws.com/index.html?prefix=StagedProducts/Elevation/metadata/MO_AR_2014_Lidar/MO-AR_NewMadrid-Pemiscot_2014,8.0,0.0,0.0,,
https://prd-tnm.s3.amazonaws.com/index.html?prefix=StagedProducts/Elevation/metadata/MO_AR_2014_Lidar/MO-AR_Nodaway_2013,8.0,0.0,0.0,,
https://prd-tnm.s3.amazonaws.com/index.html?prefix=StagedProducts/Elevation/metadata/MO_AR_2014_Lidar/MO-AR_PhillipsDesha_2014,5.0,0.0,0.0,,
https://prd-tnm.s3.amazonaws.com/index.html?prefix=StagedProducts/Elevation/metadata/MO_AR_2014_Lidar/MO-AR_Pike_2014,8.0,0.0,0.0,,
https://prd-tnm.s3.amazonaws.com/index.html?prefix=StagedProducts/Elevation/metadata/MO_AR_2014_Lidar/MO-AR_Po-Cr-Gr_2014,5.0,0.0,0.0,,
https://prd-tnm.s3.amazonaws.com/index.html?prefix=StagedProducts/Elevation/metadata/MO_AR_2014_Lidar/MO-AR_Ray_2014,6.0,0.0,0.0,,
https://prd-tnm.s3.amazonaws.com/index.html?prefix=StagedProducts/Elevation/metadata/MO_AR_2014_Lidar/MO-AR_Schuyler-Scott_2014,7.0,0.0,0.0,,
https://prd-tnm.s3.amazonaws.com/index.html?prefix=StagedProducts/Elevation/metadata/MO_AR_2014_Lidar/MO-AR_ShannonCo_2014,6.0,0.0,0.0,,
https://prd-tnm.s3.amazonaws.com/index.html?prefix=StagedProducts/Elevation/metadata/MO_AR_2014_Lidar/MO-AR_StFrancis-Lee_2014,6.0,0.0,0.0,,
https://prd-tnm.s3.amazonaws.com/index.html?prefix=StagedProducts/Elevation/metadata/MO_AR_2014_Lidar/MO-AR_StGenevieveCo_2013,6.0,0.0,0.0,,
https://prd-tnm.s3.amazonaws.com/index.html?prefix=StagedProducts/Elevation/metadata/MO_AR_2014_Lidar/MO-AR_Vernon-Barton_2014,4.0,0.0,0.0,,
https://prd-tnm.s3.amazonaws.com/index.html?prefix=StagedProducts/Elevation/metadata/Boone_County_Lidar/MO_BooneCo_2015,5.0,0.0,0.0,,
https://prd-tnm.s3.amazonaws.com/index.html?prefix=StagedProducts/Elevation/metadata/MO_AR_2014_Lidar/MO_Buch-Deklb-ClntnCo_2013,8.0,0.0,0.0,,
https://prd-tnm.s3.amazonaws.com/index.html?prefix=StagedProducts/Elevation/metadata/MO_FEMA_R7_North_2017_D18/MO_FEMAR7_North_A1_2017,7.0,0.0,0.0,,
https://prd-tnm.s3.amazonaws.com/index.html?prefix=StagedProducts/Elevation/metadata/MO_FEMA_R7_North_2017_D18/MO_FEMAR7_North_A2_2017,6.0,0.0,0.0,,
https://prd-tnm.s3.amazonaws.com/index.html?prefix=StagedProducts/Elevation/metadata/MO_FEMA_R7_North_2017_D18/MO_FEMAR7_North_A3_2017,7.0,0.0,0.0,,
https://prd-tnm.s3.amazonaws.com/index.html?prefix=StagedProducts/Elevation/metadata/MO_FEMA_R7_North_2017_D18/MO_FEMAR7_North_A4_2017,7.0,0.0,0.0,,
https://prd-tnm.s3.amazonaws.com/index.html?prefix=StagedProducts/Elevation/metadata/MO_FEMA_R7_North_2017_D18/MO_FEMAR7_North_A5_QL1_2017,0.0,0.0,0.0,,
https://prd-tnm.s3.amazonaws.com/index.html?prefix=StagedProducts/Elevation/metadata/MO_FEMA_R7_South_2017_D18/MO_FEMA_R7_South_B1_2017,8.0,6.0,0.0,off,Project_Level.xml: ...wath of LiDAR. Ground Conditions: water at normal levels; no unusual inundation; no snow; leaf off How the Withheld Points are Identified: Withheld (ignore) p...
https://prd-tnm.s3.amazonaws.com/index.html?prefix=StagedProducts/Elevation/metadata/MO_FEMA_R7_South_2017_D18/MO_FEMA_R7_South_B2_2017,8.0,6.0,0.0,off,Project_Level.xml: ...wath of LiDAR. Ground Conditions: water at normal levels; no unusual inundation; no snow; leaf off How the Withheld Points are Identified: Withheld (ignore) p...
https://prd-tnm.s3.amazonaws.com/index.html?prefix=StagedProducts/Elevation/metadata/MO_FEMA_R7_South_2017_D18/MO_FEMA_R7_South_TL_2017,8.0,6.0,0.0,off,Project_Level.xml: ...wath of LiDAR. Ground Conditions: water at normal levels; no unusual inundation; no snow; leaf off How the Withheld Points are Identified: Withheld (ignore) p...
https://prd-tnm.s3.amazonaws.com/index.html?prefix=StagedProducts/Elevation/metadata/Fork_Salt_River_NRCS/MO_Fork-Salt-River_2011,3.0,3.0,0.0,off,"NRCS_Missouri_Project_Metadata.xml: ...Callaway, Macon, Monroe, Randolph and Shelby Counties, Missouri. Data was acquired during leaf-off conditions while no snow was on the ground and rivers were ..."
https://prd-tnm.s3.amazonaws.com/index.html?prefix=StagedProducts/Elevation/metadata/MO__Saint_Louis_Lidar_2017_B17/MO_StLouis_2017,0.0,0.0,0.0,,
https://prd-tnm.s3.amazonaws.com/index.html?prefix=StagedProducts/Elevation/metadata/MS_Coastal_QL2_LiDAR_with_3DEP_Extension/MS_Coastal-3DEPExt-Coastal-AOI_2015,7.0,7.0,0.0,off,USGS_Coastal QL2 Lidar with 3DEP Extension_DEM_IMG.xml: ...AS swath data. Ground conditions: Water at normal levels; no unusual inundation; no snow; leaf off. The purpose of this project is for lidar mapping services ...
https://prd-tnm.s3.amazonaws.com/index.html?prefix=StagedProducts/Elevation/metadata/MS_Coastal_QL2_LiDAR_with_3DEP_Extension/MS_Coastal-3DEP-Extension-UTM16_2015,5.0,5.0,0.0,off,USGS_Coastal QL2 Lidar with 3DEP Extension_DEM_IMG.xml: ...AS swath data. Ground conditions: Water at normal levels; no unusual inundation; no snow; leaf off. The purpose of this project is for lidar mapping services ...
https://prd-tnm.s3.amazonaws.com/index.html?prefix=StagedProducts/Elevation/metadata/MS_Coastal_QL2_LiDAR_with_3DEP_Extension/MS_Coastal-Z15_2015,7.0,7.0,0.0,off,USGS_Coastal QL2 Lidar with 3DEP Extension_DEM_IMG.xml: ...AS swath data. Ground conditions: Water at normal levels; no unusual inundation; no snow; leaf off. The purpose of this project is for lidar mapping services ...
https://prd-tnm.s3.amazonaws.com/index.html?prefix=StagedProducts/Elevation/metadata/NRCS_Laurel_MS_07M_NPS_LiDAR/MS_Laurel_2014,8.0,8.0,0.0,off,USGS_Laurel_MS_Lidar_DEM_IMG.xml: ...less than 2GB. Ground conditions: Water at normal levels; no unusual inundation; no snow; leaf off. The purpose of this project is for lidar mapping services ...
https://prd-tnm.s3.amazonaws.com/index.html?prefix=StagedProducts/Elevation/metadata/Madison-Yazoo/MS_Madison-Yazoo_2012,2.0,0.0,0.0,,
https://prd-tnm.s3.amazonaws.com/index.html?prefix=StagedProducts/Elevation/metadata/MS_Natchez_Trace_LiDAR_2016_B16/MS_NatchezTrace_2016,7.0,0.0,0.0,,
https://prd-tnm.s3.amazonaws.com/index.html?prefix=StagedProducts/Elevation/metadata/Rankin_Simpson_Co_MS_QL3_Lidar/MS_RankinSimpson_2013,8.0,0.0,0.0,,
https://prd-tnm.s3.amazonaws.com/index.html?prefix=StagedProducts/Elevation/metadata/MS_Tishomingo_LiDAR_2016_B16/MS_Tishomingo-North_2016,8.0,0.0,0.0,,
https://prd-tnm.s3.amazonaws.com/index.html?prefix=StagedProducts/Elevation/metadata/MS_Tishomingo_LiDAR_2016_B16/MS_Tishomingo-South_2016,8.0,0.0,0.0,,
"https://prd-tnm.s3.amazonaws.com/index.html?prefix=StagedProducts/Elevation/metadata/NRCS_Tupelo,_MS_1.0m_NPS_LiDAR/MS_Tupelo_QL3_Rp_2012",4.0,4.0,0.0,off,Tupelo_QL3_DEM.xml: ...n .xml format. Ground conditions: Water at normal levels; no unusual inundation; no snow; leaf off. The purpose of this project is for lidar mapping services ...
https://prd-tnm.s3.amazonaws.com/index.html?prefix=StagedProducts/Elevation/metadata/Mississippi_QL2_LiDAR_Collection_and_Tupelo_Area_QL3_Processing_Only/MS_Tupelo-UTM15_2015,5.0,5.0,0.0,off,Mississippi_QL2_and_Tupelo_QL3_Lidar_UTM15_LAS1.2.xml: ...AS swath data. Ground conditions: Water at normal levels; no unusual inundation; no snow; leaf off. USGS NGP Base Specifications v1 Leica ALS70 4 0.7 0.7 2 2 ...
https://prd-tnm.s3.amazonaws.com/index.html?prefix=StagedProducts/Elevation/metadata/Mississippi_QL2_LiDAR_Collection_and_Tupelo_Area_QL3_Processing_Only/MS_Tupelo-UTM16_2015,5.0,5.0,0.0,off,Mississippi_QL2_and_Tupelo_QL3_Lidar_UTM16_LAS1.2.xml: ...AS swath data. Ground conditions: Water at normal levels; no unusual inundation; no snow; leaf off. USGS NGP Base Specifications v1 Leica ALS70 4 0.7 0.7 2 2 ...
https://prd-tnm.s3.amazonaws.com/index.html?prefix=StagedProducts/Elevation/metadata/MT_Benton_Lake_NWR_LiDAR_15/MT_BentonLake_2014,8.0,6.0,0.0,off,USGS_Benton_Lake_MT_NWR_Lidar_DEM_IMG.xml: ...k order size requirement remaining during the dry season; no unusual inundation; no snow; leaf off. Due to a high density of low to medium height vegetation w...
https://prd-tnm.s3.amazonaws.com/index.html?prefix=StagedProducts/Elevation/metadata/Montana_USFS_Region_1_LiDAR/MT_BitterrootNF_2010,0.0,0.0,0.0,,
https://prd-tnm.s3.amazonaws.com/index.html?prefix=StagedProducts/Elevation/metadata/MT_Glacier_NP_LiDAR_2016_D16/MT_GlacierNP_2016,5.0,1.0,0.0,off,Project_Level_Glacier_National_Park_QL1_Lidar.xml: ...n Esri format. Ground conditions: Water at normal levels; no unusual inundation; no snow; leaf off. USGS NGP Base Specifications v1.2 Leica Dual-Head DragonEy...
https://prd-tnm.s3.amazonaws.com/index.html?prefix=StagedProducts/Elevation/metadata/MT_Little_Bighorn_Battlefield_National_Monument_LiDAR_15/MT_LittleBigHorn_2014,7.0,7.0,0.0,off,USGS_Little_Big_Horn_Lidar_DEM_IMG.xml: ...less than 2GB. Ground conditions: Water at normal levels; no unusual inundation; no snow; leaf off. The purpose of this project is for lidar mapping services ...
https://prd-tnm.s3.amazonaws.com/index.html?prefix=StagedProducts/Elevation/metadata/MT_Stillwater_Complex_LiDAR_2016_D16/MT_Stillwater_2016,7.0,0.0,0.0,,
https://prd-tnm.s3.amazonaws.com/index.html?prefix=StagedProducts/Elevation/metadata/NC_Phase4_2017_A17/NC_Phase4_Alexander_2017,4.0,4.0,0.0,off,"NCEM_Phase4_DEM_10_foot_Metadata.xml: ...h, Alexander, Catawba, Iredell, Davie, Rowan, and Davidson. All data was collected during leaf-off conditions. Ground survey support for the project included ..."
https://prd-tnm.s3.amazonaws.com/index.html?prefix=StagedProducts/Elevation/metadata/NC_Phase_4_CentralWestNC_GEIGER_A16/NC_Phase4_Alleghany_2016,4.0,4.0,0.0,off,"NCEM_Phase4_DEM_10_foot_Metadata.xml: ...h, Alexander, Catawba, Iredell, Davie, Rowan, and Davidson. All data was collected during leaf-off conditions. Ground survey support for the project included ..."
https://prd-tnm.s3.amazonaws.com/index.html?prefix=StagedProducts/Elevation/metadata/NC_Phase_4_CentralWestNC_GEIGER_A16/NC_Phase4_Anson_2016,4.0,4.0,0.0,off,"NCEM_Phase4_DEM_10_foot_Metadata.xml: ...h, Alexander, Catawba, Iredell, Davie, Rowan, and Davidson. All data was collected during leaf-off conditions. Ground survey support for the project included ..."
https://prd-tnm.s3.amazonaws.com/index.html?prefix=StagedProducts/Elevation/metadata/NC_Phase4_2017_A17/NC_Phase4_Catawba_2017,4.0,4.0,0.0,off,"NCEM_Phase4_DEM_10_foot_Metadata.xml: ...h, Alexander, Catawba, Iredell, Davie, Rowan, and Davidson. All data was collected during leaf-off conditions. Ground survey support for the project included ..."
https://prd-tnm.s3.amazonaws.com/index.html?prefix=StagedProducts/Elevation/metadata/NC_Phase_4_CentralWestNC_GEIGER_A16/NC_Phase4_Cleveland_2016,4.0,4.0,0.0,off,"NCEM_Phase4_DEM_10_foot_Metadata.xml: ...h, Alexander, Catawba, Iredell, Davie, Rowan, and Davidson. All data was collected during leaf-off conditions. Ground survey support for the project included ..."
https://prd-tnm.s3.amazonaws.com/index.html?prefix=StagedProducts/Elevation/metadata/NC_Phase4_2017_A17/NC_Phase4_Davidson_2017,4.0,4.0,0.0,off,"NCEM_Phase4_DEM_10_foot_Metadata.xml: ...h, Alexander, Catawba, Iredell, Davie, Rowan, and Davidson. All data was collected during leaf-off conditions. Ground survey support for the project included ..."
https://prd-tnm.s3.amazonaws.com/index.html?prefix=StagedProducts/Elevation/metadata/NC_Phase4_2017_A17/NC_Phase4_Davie_2017,4.0,4.0,0.0,off,"NCEM_Phase4_DEM_10_foot_Metadata.xml: ...h, Alexander, Catawba, Iredell, Davie, Rowan, and Davidson. All data was collected during leaf-off conditions. Ground survey support for the project included ..."
https://prd-tnm.s3.amazonaws.com/index.html?prefix=StagedProducts/Elevation/metadata/NC_Phase4_2017_A17/NC_Phase4_Forsyth_2017,4.0,4.0,0.0,off,"NCEM_Phase4_DEM_10_foot_Metadata.xml: ...h, Alexander, Catawba, Iredell, Davie, Rowan, and Davidson. All data was collected during leaf-off conditions. Ground survey support for the project included ..."
https://prd-tnm.s3.amazonaws.com/index.html?prefix=StagedProducts/Elevation/metadata/NC_Phase_4_CentralWestNC_GEIGER_A16/NC_Phase4_Gaston_2016,4.0,4.0,0.0,off,"NCEM_Phase4_DEM_10_foot_Metadata.xml: ...h, Alexander, Catawba, Iredell, Davie, Rowan, and Davidson. All data was collected during leaf-off conditions. Ground survey support for the project included ..."
https://prd-tnm.s3.amazonaws.com/index.html?prefix=StagedProducts/Elevation/metadata/NC_Phase4_2017_A17/NC_Phase4_Iredell_2017,4.0,4.0,0.0,off,"NCEM_Phase4_DEM_10_foot_Metadata.xml: ...h, Alexander, Catawba, Iredell, Davie, Rowan, and Davidson. All data was collected during leaf-off conditions. Ground survey support for the project included ..."
https://prd-tnm.s3.amazonaws.com/index.html?prefix=StagedProducts/Elevation/metadata/NC_Phase_4_CentralWestNC_GEIGER_A16/NC_Phase4_Mecklenburg_2016,4.0,4.0,0.0,off,"NCEM_Phase4_DEM_10_foot_Metadata.xml: ...h, Alexander, Catawba, Iredell, Davie, Rowan, and Davidson. All data was collected during leaf-off conditions. Ground survey support for the project included ..."
https://prd-tnm.s3.amazonaws.com/index.html?prefix=StagedProducts/Elevation/metadata/NC_Phase4_2017_A17/NC_Phase4_Rowan_2017,4.0,4.0,0.0,off,"NCEM_Phase4_DEM_10_foot_Metadata.xml: ...h, Alexander, Catawba, Iredell, Davie, Rowan, and Davidson. All data was collected during leaf-off conditions. Ground survey support for the project included ..."
https://prd-tnm.s3.amazonaws.com/index.html?prefix=StagedProducts/Elevation/metadata/NC_Phase_4_CentralWestNC_GEIGER_A16/NC_Phase4_Stokes_2016,4.0,4.0,0.0,off,"NCEM_Phase4_DEM_10_foot_Metadata.xml: ...h, Alexander, Catawba, Iredell, Davie, Rowan, and Davidson. All data was collected during leaf-off conditions. Ground survey support for the project included ..."
https://prd-tnm.s3.amazonaws.com/index.html?prefix=StagedProducts/Elevation/metadata/NC_Phase_4_CentralWestNC_GEIGER_A16/NC_Phase4_Surry_2016,4.0,4.0,0.0,off,"NCEM_Phase4_DEM_10_foot_Metadata.xml: ...h, Alexander, Catawba, Iredell, Davie, Rowan, and Davidson. All data was collected during leaf-off conditions. Ground survey support for the project included ..."
https://prd-tnm.s3.amazonaws.com/index.html?prefix=StagedProducts/Elevation/metadata/NC_Phase_4_CentralWestNC_GEIGER_A16/NC_Phase4_Union_2016,5.0,4.0,0.0,off,"NCEM_Phase4_DEM_10_foot_Metadata.xml: ...h, Alexander, Catawba, Iredell, Davie, Rowan, and Davidson. All data was collected during leaf-off conditions. Ground survey support for the project included ..."
https://prd-tnm.s3.amazonaws.com/index.html?prefix=StagedProducts/Elevation/metadata/NC_Phase4_2017_A17/NC_Phase4_Wilkes_2017,4.0,4.0,0.0,off,"NCEM_Phase4_DEM_10_foot_Metadata.xml: ...h, Alexander, Catawba, Iredell, Davie, Rowan, and Davidson. All data was collected during leaf-off conditions. Ground survey support for the project included ..."
https://prd-tnm.s3.amazonaws.com/index.html?prefix=StagedProducts/Elevation/metadata/NC_Phase4_2017_A17/NC_Phase4_Yadkin_2017,4.0,4.0,0.0,off,"NCEM_Phase4_DEM_10_foot_Metadata.xml: ...h, Alexander, Catawba, Iredell, Davie, Rowan, and Davidson. All data was collected during leaf-off conditions. Ground survey support for the project included ..."
https://prd-tnm.s3.amazonaws.com/index.html?prefix=StagedProducts/Elevation/metadata/North_Carolina_SANDY_LiDAR/NC_SandyLot9_2014,8.0,0.0,0.0,,
https://prd-tnm.s3.amazonaws.com/index.html?prefix=StagedProducts/Elevation/metadata/North_Carolina_SANDY_LiDAR/NC_Sandy-L12_2014,8.0,0.0,0.0,,
https://prd-tnm.s3.amazonaws.com/index.html?prefix=StagedProducts/Elevation/metadata/North_Carolina_SANDY_LiDAR/NC_Sandy_L13_2014,0.0,0.0,0.0,,
https://prd-tnm.s3.amazonaws.com/index.html?prefix=StagedProducts/Elevation/metadata/North_Carolina_SANDY_LiDAR/NC_Sandy_L14_2014,0.0,0.0,0.0,,
https://prd-tnm.s3.amazonaws.com/index.html?prefix=StagedProducts/Elevation/metadata/North_Carolina_SANDY_LiDAR/NC_Sandy_L15_2014,0.0,0.0,0.0,,
https://prd-tnm.s3.amazonaws.com/index.html?prefix=StagedProducts/Elevation/metadata/North_Carolina_SANDY_LiDAR/NC_Sandy-L6_2014,8.0,0.0,0.0,,
https://prd-tnm.s3.amazonaws.com/index.html?prefix=StagedProducts/Elevation/metadata/North_Carolina_SANDY_LiDAR/NC_Sandy_Lot10_2014,0.0,0.0,0.0,,
https://prd-tnm.s3.amazonaws.com/index.html?prefix=StagedProducts/Elevation/metadata/North_Carolina_SANDY_LiDAR/NC_Sandy_Lot8_2014,0.0,0.0,0.0,,
https://prd-tnm.s3.amazonaws.com/index.html?prefix=StagedProducts/Elevation/metadata/Kidder_County_North_Dakota_LiDAR/ND_KidderCO_2014,4.0,4.0,0.0,off,"Kidder Co ND LiDAR Metadata Project.xml: ...tween the aircraft and ground, 2) Snow free, 3) No unusual flooding or inundation, and 4) Leaf off. The collection for the entire project area was accomplishe..."
https://prd-tnm.s3.amazonaws.com/index.html?prefix=StagedProducts/Elevation/metadata/McKenzie_County_2014_QL2_Lidar/ND_McKenzieCo_2014,7.0,0.0,0.0,,
https://prd-tnm.s3.amazonaws.com/index.html?prefix=StagedProducts/Elevation/metadata/NE_Eastern_Nebraska_UA_LiDAR_2016_B16/NE_Eastern-UA_2016,6.0,0.0,0.0,,
https://prd-tnm.s3.amazonaws.com/index.html?prefix=StagedProducts/Elevation/metadata/NE_Hat_Creek_White_River_LiDAR__2016_D16/NE_Hat_White_Cherry_UTM13_2016,8.0,0.0,0.0,,
https://prd-tnm.s3.amazonaws.com/index.html?prefix=StagedProducts/Elevation/metadata/NE_Hat_Creek_White_River_LiDAR__2016_D16/NE_Hat_White_Cherry_UTM14_2016,8.0,0.0,0.0,,
https://prd-tnm.s3.amazonaws.com/index.html?prefix=StagedProducts/Elevation/metadata/NE_Hat_Creek_White_River_LiDAR__2016_D16/NE_Hat_White_Holt_2016,8.0,0.0,0.0,,
https://prd-tnm.s3.amazonaws.com/index.html?prefix=StagedProducts/Elevation/metadata/Nebraska_Missouri_Elkhorn_River/NE_MO-Elkhorn_2011,1.0,0.0,0.0,,
https://prd-tnm.s3.amazonaws.com/index.html?prefix=StagedProducts/Elevation/metadata/NE_NRCS_OrthoLidar_2017_D18/NE_NRCS_OrthoLidar_B1_UTM14_2017,8.0,0.0,0.0,,
https://prd-tnm.s3.amazonaws.com/index.html?prefix=StagedProducts/Elevation/metadata/NE_NRCS_OrthoLidar_2017_D18/NE_NRCS_OrthoLidar_B1_UTM15_2017,8.0,0.0,0.0,,
https://prd-tnm.s3.amazonaws.com/index.html?prefix=StagedProducts/Elevation/metadata/NE_NRCS_OrthoLidar_2017_D18/NE_NRCS_OrthoLidar_B1_UTM15_TL_2017,8.0,0.0,0.0,,
https://prd-tnm.s3.amazonaws.com/index.html?prefix=StagedProducts/Elevation/metadata/NE_NRCS_OrthoLidar_2017_D18/NE_NRCS_OrthoLidar_B4_2017,8.0,0.0,0.0,,
https://prd-tnm.s3.amazonaws.com/index.html?prefix=StagedProducts/Elevation/metadata/NE_Sandhills_LiDAR_2016_D17/NE_Sandhills-B1_2016,8.0,0.0,0.0,,
https://prd-tnm.s3.amazonaws.com/index.html?prefix=StagedProducts/Elevation/metadata/NE_Sandhills_LiDAR_2016_D17/NE_Sandhills-B2-UTM13_2016,8.0,0.0,0.0,,
https://prd-tnm.s3.amazonaws.com/index.html?prefix=StagedProducts/Elevation/metadata/NE_Sandhills_LiDAR_2016_D17/NE_Sandhills-B2-UTM14_2016,8.0,0.0,0.0,,
https://prd-tnm.s3.amazonaws.com/index.html?prefix=StagedProducts/Elevation/metadata/NE_Sandhills_LiDAR_2016_D17/NE_Sandhills-B3_2016,8.0,0.0,0.0,,
https://prd-tnm.s3.amazonaws.com/index.html?prefix=StagedProducts/Elevation/metadata/NE_Sandhills_LiDAR_2016_D17/NE_Sandhills_B4_UTM13_2016,8.0,0.0,0.0,,
https://prd-tnm.s3.amazonaws.com/index.html?prefix=StagedProducts/Elevation/metadata/NE_Sandhills_LiDAR_2016_D17/NE_Sandhills_B4_UTM14_2016,8.0,0.0,0.0,,
https://prd-tnm.s3.amazonaws.com/index.html?prefix=StagedProducts/Elevation/metadata/NE_Sandhills_LiDAR_2016_D17/NE_Sandhills-B5_2016,7.0,0.0,0.0,,
https://prd-tnm.s3.amazonaws.com/index.html?prefix=StagedProducts/Elevation/metadata/NE_Sandhills_LiDAR_2016_D17/NE_Sandhills-B6_2016,7.0,0.0,0.0,,
https://prd-tnm.s3.amazonaws.com/index.html?prefix=StagedProducts/Elevation/metadata/NH_Umbagog_LiDAR_2016_D16/NH_Umbagog_QL1_2016,3.0,0.0,0.0,,
https://prd-tnm.s3.amazonaws.com/index.html?prefix=StagedProducts/Elevation/metadata/Animas_NM_QL2_LiDAR_2ppsm/NM_Animas_2014,7.0,7.0,0.0,off,USGS_Animas_NM_UTM13_DEM_IMG.xml: ...AS swath data. Ground conditions: Water at normal levels; no unusual inundation; no snow; leaf off. USGS NGP Base Specifications v1 Leica ALS70 4 0.7 2 1981 1...
https://prd-tnm.s3.amazonaws.com/index.html?prefix=StagedProducts/Elevation/metadata/NM-CO_SouthernSanLuis_2015/NM_CO_SouthernSanLuis_2015,8.0,1.0,0.0,off,Project_Level_Southern_SanLuis_Basin_QL2_Lidar.xml: ...n Esri format. Ground conditions: Water at normal levels; no unusual inundation; no snow; leaf off. This project will support important USGS hazards studies a...
https://prd-tnm.s3.amazonaws.com/index.html?prefix=StagedProducts/Elevation/metadata/NM-CO_SouthernSanLuis_2015/NM_CO_Southern_San_Luis_TL_2015,8.0,1.0,0.0,off,Project_Level_Southern_SanLuis_Basin_QL2_Lidar.xml: ...n Esri format. Ground conditions: Water at normal levels; no unusual inundation; no snow; leaf off. This project will support important USGS hazards studies a...
https://prd-tnm.s3.amazonaws.com/index.html?prefix=StagedProducts/Elevation/metadata/NM_NRCS_Central_2017_D18/NM_NRCS_Central_A1_2017,4.0,0.0,0.0,,
https://prd-tnm.s3.amazonaws.com/index.html?prefix=StagedProducts/Elevation/metadata/NM_NRCS_Central_2017_D18/NM_NRCS_Central_A2_2017,4.0,0.0,0.0,,
https://prd-tnm.s3.amazonaws.com/index.html?prefix=StagedProducts/Elevation/metadata/NM_North_Central_FEMA_R6_Lidar_2016_D17/NM_NorthCentral_B3_2017,8.0,1.0,0.0,off,Project_Level_NM_North_Central_FEMA_R6_Lidar_2016_D17.xml: ...n Esri format. Ground conditions: Water at normal levels; no unusual inundation; no snow; leaf off. The NM_North Central FEMA R6 Lidar _2016_D17 task order sh...
https://prd-tnm.s3.amazonaws.com/index.html?prefix=StagedProducts/Elevation/metadata/NM_North_Central_FEMA_R6_Lidar_2016_D17/NM_NorthCentral_B4_2016,8.0,1.0,0.0,off,Project_Level_NM_North_Central_FEMA_R6_Lidar_2016_D17.xml: ...n Esri format. Ground conditions: Water at normal levels; no unusual inundation; no snow; leaf off. The NM_North Central FEMA R6 Lidar _2016_D17 task order sh...
https://prd-tnm.s3.amazonaws.com/index.html?prefix=StagedProducts/Elevation/metadata/Rio_Hondo_NM_QL2_LiDAR_2_ppsm/NM_RioHondo_2014,6.0,6.0,0.0,off,USGS_Rio_Hondo_NM_DEM_IMG.xml: ...AS swath data. Ground conditions: Water at normal levels; no unusual inundation; no snow; leaf off. USGS NGP Base Specifications v1 Leica ALS70 4 0.7 2 1981 1...
https://prd-tnm.s3.amazonaws.com/index.html?prefix=StagedProducts/Elevation/metadata/NM_Rio_San_Jose_FEMA_R6_Lidar_2016_D17/NM_RioSanJose_2016,8.0,0.0,0.0,,
https://prd-tnm.s3.amazonaws.com/index.html?prefix=StagedProducts/Elevation/metadata/NM_Roosevelt-Curry_2015/NM_Roosevelt-Curry_2015,8.0,4.0,0.0,off,Intensity_Images.xml: ...R Point Cloud. Ground Conditions: water at normal levels; no unusual inundation; no snow; leaf off. USGS-NGP Base Lidar Specification v1.2 Leica ALS80 SN# 823...
https://prd-tnm.s3.amazonaws.com/index.html?prefix=StagedProducts/Elevation/metadata/NM_White_Sands_QL0_LiDAR/NM_WhiteSands_2015,8.0,8.0,0.0,off,USGS_White_Sands_NM_Swath.xml: ...AS swath data. Ground conditions: Water at normal levels; no unusual inundation; no snow; leaf off. USGS NGP Base Specifications v1 Leica ALS70 4 0.25 2 0.25 ...
https://prd-tnm.s3.amazonaws.com/index.html?prefix=StagedProducts/Elevation/metadata/NV_Las_Vegas_Region_2016_A16/NV_LasVegas-QL1_2016,7.0,0.0,0.0,,
https://prd-tnm.s3.amazonaws.com/index.html?prefix=StagedProducts/Elevation/metadata/NV_Las_Vegas_Region_2016_A16/NV_LasVegas_QL2_2016,8.0,0.0,0.0,,
https://prd-tnm.s3.amazonaws.com/index.html?prefix=StagedProducts/Elevation/metadata/NV_Reno_Carson_Urban_Lidar_2017_B17/NV_Reno_Carson_QL1_2017,8.0,4.0,0.0,off,NV_QL1_LiDAR_Project.xml: ... and QL2 AOIs. Ground Conditions: water at normal levels; no unusual inundation; no snow; leaf off How the Withheld Points are Identified: Withheld (ignore) p...
https://prd-tnm.s3.amazonaws.com/index.html?prefix=StagedProducts/Elevation/metadata/NV_Reno_Carson_Urban_Lidar_2017_B17/NV_Reno_Carson_QL2_2017,8.0,4.0,0.0,off,NV_QL1_LiDAR_Project.xml: ... and QL2 AOIs. Ground Conditions: water at normal levels; no unusual inundation; no snow; leaf off How the Withheld Points are Identified: Withheld (ignore) p...
https://prd-tnm.s3.amazonaws.com/index.html?prefix=StagedProducts/Elevation/metadata/NV_UpperHumboldt_2016_C17/NV_UpperHumboldt_2016,7.0,5.0,0.0,off,Elko_NV_Day12316.xml: ...verable in .xml format. Ground conditions: Water at normal levels; no unusual inundation; leaf off. Some trace amounts of snow was observed in piles located i...
https://prd-tnm.s3.amazonaws.com/index.html?prefix=StagedProducts/Elevation/metadata/NY_CayugaOswegoCounties_2018_A18/NY_CayugaOswego_2018,4.0,0.0,0.0,,
https://prd-tnm.s3.amazonaws.com/index.html?prefix=StagedProducts/Elevation/metadata/NY_CayugaOswegoCounties_2018_A18/NY_CayugaOswego_TL_2018,4.0,0.0,0.0,,
https://prd-tnm.s3.amazonaws.com/index.html?prefix=StagedProducts/Elevation/metadata/FEMA_Region_2_NY_Great_Lakes_Area_QL2_LiDAR/NY_FEMA-R2L1-ChautauquaCo_2014,8.0,0.0,0.0,,
https://prd-tnm.s3.amazonaws.com/index.html?prefix=StagedProducts/Elevation/metadata/FEMA_Region_2_NY_Great_Lakes_Area_QL2_LiDAR/NY_FEMA-R2L2-OrleansCo_2014,8.0,0.0,0.0,,
https://prd-tnm.s3.amazonaws.com/index.html?prefix=StagedProducts/Elevation/metadata/NY_FEMA_R2_LiDAR_2016_D17/NY_FEMA-R2-B1_2016,7.0,0.0,0.0,,
https://prd-tnm.s3.amazonaws.com/index.html?prefix=StagedProducts/Elevation/metadata/NY_FEMA_R2_LiDAR_2016_D17/NY_FEMA-R2-B2_2016,7.0,0.0,0.0,,
https://prd-tnm.s3.amazonaws.com/index.html?prefix=StagedProducts/Elevation/metadata/NY_FEMA_R2_Northeast_2017_D18/NY_FEMA_R2_Northeast_2017,8.0,0.0,0.0,,
https://prd-tnm.s3.amazonaws.com/index.html?prefix=StagedProducts/Elevation/metadata/FEMA_Region_2_FY12_LiDAR/NY_FEMA_R2_Seneca_2012,3.0,0.0,0.0,,
https://prd-tnm.s3.amazonaws.com/index.html?prefix=StagedProducts/Elevation/metadata/Long_Island_NY_SANDY_LiDAR/NY_LongIsland-Z18_2014,7.0,7.0,0.0,off,USGS_Long_Island_Sandy_Lidar_Data_Extent.xml: ...less than 2GB. Ground conditions: Water at normal levels; no unusual inundation; no snow; leaf off. The tide window requirements for the lidar data acquisitio...
https://prd-tnm.s3.amazonaws.com/index.html?prefix=StagedProducts/Elevation/metadata/Central_NY_Madison_Otsego_Counties_Lidar/NY_MadisonOtsegoCo_2015,4.0,0.0,0.0,,
https://prd-tnm.s3.amazonaws.com/index.html?prefix=StagedProducts/Elevation/metadata/Ulster_Dutchess_Orange_Counties_NY_SANDY_LiDAR/NY_Sandy-Ul-Du-Or_2013,8.0,0.0,0.0,,
https://prd-tnm.s3.amazonaws.com/index.html?prefix=StagedProducts/Elevation/metadata/Schoharie_Creek_Watershed_Expansion_QL2_LiDAR/NY_Schoharie_2014,8.0,0.0,0.0,,
https://prd-tnm.s3.amazonaws.com/index.html?prefix=StagedProducts/Elevation/metadata/NY_Southwest_2_County_2016_A16/NY_Southwest-2-CO_2016,7.0,0.0,0.0,,
https://prd-tnm.s3.amazonaws.com/index.html?prefix=StagedProducts/Elevation/metadata/NY_SouthwestNY_2017_A17/NY_Southwest_B2_TL_2017,7.0,0.0,0.0,,
https://prd-tnm.s3.amazonaws.com/index.html?prefix=StagedProducts/Elevation/metadata/NY_SouthwestNY_2017_A17/NY_Southwest-East_2017,4.0,0.0,0.0,,
https://prd-tnm.s3.amazonaws.com/index.html?prefix=StagedProducts/Elevation/metadata/OH_ClintonDelaware_2018_B18/OH_Clinton_2018,3.0,0.0,0.0,,
https://prd-tnm.s3.amazonaws.com/index.html?prefix=StagedProducts/Elevation/metadata/OH_Columbus_2019_B19/OH_Columbus_2019,4.0,0.0,0.0,,
https://prd-tnm.s3.amazonaws.com/index.html?prefix=StagedProducts/Elevation/metadata/OH_ClintonDelaware_2018_B18/OH_Delaware_2018,3.0,0.0,0.0,,
https://prd-tnm.s3.amazonaws.com/index.html?prefix=StagedProducts/Elevation/metadata/OH_Lower_Maumee_LiDAR_2016_B16/OH_LowerMaumee-B16_2016,5.0,1.0,0.0,off,"Project_Level_Lower_Maumee2016_Lidar.xml: ...n Esri format. Ground conditions: Water at normal levels; no unusual inundation; no snow; leaf off. An occluded area exists at Sunoco Logistics Refinery, due ..."
https://prd-tnm.s3.amazonaws.com/index.html?prefix=StagedProducts/Elevation/metadata/OK_3_County_FEMAR6_2017_D18/OK_3County_2017,5.0,0.0,0.0,,
https://prd-tnm.s3.amazonaws.com/index.html?prefix=StagedProducts/Elevation/metadata/NRCS_Dam_Rehab_Assessment/OK_Area1-1A_2011,0.0,0.0,0.0,,
https://prd-tnm.s3.amazonaws.com/index.html?prefix=StagedProducts/Elevation/metadata/NRCS_Dam_Rehab_Assessment/OK_Area1-1B_2011,8.0,0.0,0.0,,
https://prd-tnm.s3.amazonaws.com/index.html?prefix=StagedProducts/Elevation/metadata/NRCS_Dam_Rehab_Assessment/OK_Area1-1D_2011,8.0,0.0,0.0,,
https://prd-tnm.s3.amazonaws.com/index.html?prefix=StagedProducts/Elevation/metadata/NRCS_Dam_Rehab_Assessment/OK_Area2_2011,8.0,0.0,0.0,,
https://prd-tnm.s3.amazonaws.com/index.html?prefix=StagedProducts/Elevation/metadata/NRCS_Dam_Rehab_Assessment/OK_Area4_2011,8.0,0.0,0.0,,
https://prd-tnm.s3.amazonaws.com/index.html?prefix=StagedProducts/Elevation/metadata/Cache_OK_QL2_LiDAR_2ppsm/OK_Cache-L5_2014,8.0,0.0,0.0,,
https://prd-tnm.s3.amazonaws.com/index.html?prefix=StagedProducts/Elevation/metadata/FEMA_R6_OK_Craig_Nowata_QL2_Lidar/OK_Craig-Nowata_2015,5.0,5.0,0.0,off,"USGS_CraigNowataOK_Lidar_Metadata_Swath.xml: ...tween the aircraft and ground, 2) Snow free, 3) No unusual flooding or inundation, and 4) Leaf off. The collection for the Craig Nowata AOI was accomplished o..."
https://prd-tnm.s3.amazonaws.com/index.html?prefix=StagedProducts/Elevation/metadata/NRCS_Dam_Rehab_Assessment/OK_DamRehab3_7_2011,8.0,0.0,0.0,,
https://prd-tnm.s3.amazonaws.com/index.html?prefix=StagedProducts/Elevation/metadata/NRCS_Dam_Rehab_Assessment/OK_NRCS-Area1C_2012,8.0,0.0,0.0,,
https://prd-tnm.s3.amazonaws.com/index.html?prefix=StagedProducts/Elevation/metadata/NRCS_Dam_Rehab_Assessment/OK_NRCS-Area1E_2012,8.0,0.0,0.0,,
https://prd-tnm.s3.amazonaws.com/index.html?prefix=StagedProducts/Elevation/metadata/AR_North_Corridor_FEMA_R6_Lidar_2016_D17/OK_North-Corridor-B4_2017,7.0,0.0,0.0,,
https://prd-tnm.s3.amazonaws.com/index.html?prefix=StagedProducts/Elevation/metadata/OK__Woodward_FEMA_R6_Lidar_2016_D17/OK_Woodward_UTM14_B1_2016,6.0,0.0,0.0,,
https://prd-tnm.s3.amazonaws.com/index.html?prefix=StagedProducts/Elevation/metadata/OK__Woodward_FEMA_R6_Lidar_2016_D17/OK_Woodward_UTM14_B2_2016,6.0,0.0,0.0,,
https://prd-tnm.s3.amazonaws.com/index.html?prefix=StagedProducts/Elevation/metadata/OK__Woodward_FEMA_R6_Lidar_2016_D17/OK_Woodward_UTM15_B3_2016_,6.0,0.0,0.0,,
https://prd-tnm.s3.amazonaws.com/index.html?prefix=StagedProducts/Elevation/metadata/OK__Woodward_FEMA_R6_Lidar_2016_D17/OK_Woodward_UTM15_B4_2016_,6.0,0.0,0.0,,
https://prd-tnm.s3.amazonaws.com/index.html?prefix=StagedProducts/Elevation/metadata/OK__Woodward_FEMA_R6_Lidar_2016_D17/OK_Woodward_UTM15_B5_2016_,6.0,0.0,0.0,,
https://prd-tnm.s3.amazonaws.com/index.html?prefix=StagedProducts/Elevation/metadata/OK__Woodward_FEMA_R6_Lidar_2016_D17/OK_Woodward_UTM15_B6_2016,6.0,0.0,0.0,,
https://prd-tnm.s3.amazonaws.com/index.html?prefix=StagedProducts/Elevation/metadata/OR_HarneyCounty_2018_A18/OR_HarneyCounty_2018,8.0,0.0,0.0,,
https://prd-tnm.s3.amazonaws.com/index.html?prefix=StagedProducts/Elevation/metadata/OR_HarneyCounty_2018_A18/OR_HarneyCounty_TL_2018,8.0,0.0,0.0,,
https://prd-tnm.s3.amazonaws.com/index.html?prefix=StagedProducts/Elevation/metadata/Wallowa_Coos_Umpqua_Rogue_Lidar/OR_OLC-Wallowa_2015,5.0,0.0,0.0,,
https://prd-tnm.s3.amazonaws.com/index.html?prefix=StagedProducts/Elevation/metadata/PA_Allentown_Ortho_Acq_LiDAR_2016_D16/PA_Allentown_2016,7.0,0.0,0.0,,
https://prd-tnm.s3.amazonaws.com/index.html?prefix=StagedProducts/Elevation/metadata/PA_Dauphin_County_LiDAR_2016_B16/PA_Dauphin_2016,8.0,0.0,0.0,,
https://prd-tnm.s3.amazonaws.com/index.html?prefix=StagedProducts/Elevation/metadata/PA_South_Central_2017_D17/PA_South_Central_B1_2017,8.0,0.0,0.0,,
https://prd-tnm.s3.amazonaws.com/index.html?prefix=StagedProducts/Elevation/metadata/PA_South_Central_2017_D17/PA_South_Central_B2_2017,8.0,0.0,0.0,,
https://prd-tnm.s3.amazonaws.com/index.html?prefix=StagedProducts/Elevation/metadata/PR_PuertoRico_VirginIslands_2018_D18/PR_PRVI_A_2018,8.0,0.0,0.0,,
https://prd-tnm.s3.amazonaws.com/index.html?prefix=StagedProducts/Elevation/metadata/PR_PuertoRico_VirginIslands_2018_D18/PR_PRVI_C_2018,6.0,0.0,0.0,,
https://prd-tnm.s3.amazonaws.com/index.html?prefix=StagedProducts/Elevation/metadata/PR_PuertoRico_VirginIslands_2018_D18/PR_PRVI_D_2018,8.0,0.0,0.0,,
https://prd-tnm.s3.amazonaws.com/index.html?prefix=StagedProducts/Elevation/metadata/PR_PuertoRico_VirginIslands_2018_D18/PR_PRVI_E_2018,8.0,0.0,0.0,,
https://prd-tnm.s3.amazonaws.com/index.html?prefix=StagedProducts/Elevation/metadata/PR_PuertoRico_VirginIslands_2018_D18/PR_PRVI_F_2018,8.0,0.0,0.0,,
https://prd-tnm.s3.amazonaws.com/index.html?prefix=StagedProducts/Elevation/metadata/PR_PuertoRico_VirginIslands_2018_D18/PR_PRVI_G_2018,8.0,0.0,0.0,,
https://prd-tnm.s3.amazonaws.com/index.html?prefix=StagedProducts/Elevation/metadata/PR_PuertoRico_VirginIslands_2018_D18/PR_PRVI_H_2018,8.0,0.0,0.0,,
https://prd-tnm.s3.amazonaws.com/index.html?prefix=StagedProducts/Elevation/metadata/PR_PuertoRico_VirginIslands_2018_D18/PR_PRVI_VI_B1_2018,8.0,0.0,0.0,,
https://prd-tnm.s3.amazonaws.com/index.html?prefix=StagedProducts/Elevation/metadata/PR_PuertoRico_VirginIslands_2018_D18/PR_PRVI_VI_B2_2018,8.0,0.0,0.0,,
https://prd-tnm.s3.amazonaws.com/index.html?prefix=StagedProducts/Elevation/metadata/PR_PuertoRico_2015/PR_PuertoRico_2015,8.0,0.0,0.0,,
https://prd-tnm.s3.amazonaws.com/index.html?prefix=StagedProducts/Elevation/metadata/Six_County_SC_LiDAR_Quality_Assurance/SC_6County-Abbeville_2012,8.0,0.0,0.0,,
https://prd-tnm.s3.amazonaws.com/index.html?prefix=StagedProducts/Elevation/metadata/Six_County_SC_LiDAR_Quality_Assurance/SC_6County-Aiken_2012,8.0,0.0,0.0,,
https://prd-tnm.s3.amazonaws.com/index.html?prefix=StagedProducts/Elevation/metadata/Six_County_SC_LiDAR_Quality_Assurance/SC_6County-Barnwell_2012,8.0,0.0,0.0,,
https://prd-tnm.s3.amazonaws.com/index.html?prefix=StagedProducts/Elevation/metadata/Six_County_SC_LiDAR_Quality_Assurance/SC_6County-Calhoun_2012,8.0,0.0,0.0,,
https://prd-tnm.s3.amazonaws.com/index.html?prefix=StagedProducts/Elevation/metadata/Six_County_SC_LiDAR_Quality_Assurance/SC_6County-Edgefield_2012,8.0,0.0,0.0,,
https://prd-tnm.s3.amazonaws.com/index.html?prefix=StagedProducts/Elevation/metadata/Six_County_SC_LiDAR_Quality_Assurance/SC_6County-McCormick_2012,8.0,0.0,0.0,,
https://prd-tnm.s3.amazonaws.com/index.html?prefix=StagedProducts/Elevation/metadata/SC_CoastalCounties_2017_A17/SC_Charleston_2016,8.0,0.0,0.0,,
https://prd-tnm.s3.amazonaws.com/index.html?prefix=StagedProducts/Elevation/metadata/SC_East_Central_2017_D18/SC_East_Central_2017,8.0,1.0,0.0,off,ALBERS_SC_East_Central_Classified_LAS.xml: ...s of the AOIs. Ground Conditions: water at normal levels; no unusual inundation; no snow; leaf off How the Withheld Points are Identified: Withheld (ignore) p...
https://prd-tnm.s3.amazonaws.com/index.html?prefix=StagedProducts/Elevation/metadata/SC_East_Central_2017_D18/SC_East_Central_TL_2018,8.0,1.0,0.0,off,ALBERS_SC_East_Central_Classified_LAS.xml: ...s of the AOIs. Ground Conditions: water at normal levels; no unusual inundation; no snow; leaf off How the Withheld Points are Identified: Withheld (ignore) p...
https://prd-tnm.s3.amazonaws.com/index.html?prefix=StagedProducts/Elevation/metadata/Georgetown_County_SC_QL2_Lidar/SC_Georgetown_2016,8.0,0.0,0.0,,
https://prd-tnm.s3.amazonaws.com/index.html?prefix=StagedProducts/Elevation/metadata/SC_CoastalCounties_2017_A17/SC_Williamsburg_2016,8.0,0.0,0.0,,
https://prd-tnm.s3.amazonaws.com/index.html?prefix=StagedProducts/Elevation/metadata/SD_Missouri_River_LiDAR_Woolpert_2016_D16/SD_MORiver_Woolpert_B1_2016,8.0,1.0,0.0,off,SD Missouri River Lidar D16 Project Level.xml: ...n Esri format. Ground conditions: Water at normal levels; no unusual inundation; no snow; leaf off. To further support the delivery of the Conservation Techni...
https://prd-tnm.s3.amazonaws.com/index.html?prefix=StagedProducts/Elevation/metadata/SD_Missouri_River_LiDAR_Woolpert_2016_D16/SD_MORiver_Woolpert_B2_2016,8.0,1.0,0.0,off,SD Missouri River Lidar D16 Project Level.xml: ...n Esri format. Ground conditions: Water at normal levels; no unusual inundation; no snow; leaf off. To further support the delivery of the Conservation Techni...
https://prd-tnm.s3.amazonaws.com/index.html?prefix=StagedProducts/Elevation/metadata/SD_FY17_NRCS_Lidar_DAS_2017_D17/SD_NRCS_DAS_2017,8.0,4.0,0.0,off,South_Dakota_LiDAR_Project.xml: ... square miles. Ground Conditions: water at normal levels; no unusual inundation; no snow; leaf off How the Withheld Points are Identified: Withheld (ignore) p...
https://prd-tnm.s3.amazonaws.com/index.html?prefix=StagedProducts/Elevation/metadata/SD_FY17_NRCS_Lidar_FUGRO_2017_D17/SD_NRCS_Fugro_B1_2017,6.0,4.0,0.0,off,"SD_Lidar_Fall2017_Metadata_Project.xml: ...tween the aircraft and ground, 2) Snow free, 3) No unusual flooding or inundation, and 4) Leaf off. The fall 2017 collection for the SD_FY17 NRCS Lidar FUGRO_..."
https://prd-tnm.s3.amazonaws.com/index.html?prefix=StagedProducts/Elevation/metadata/SD_FY17_NRCS_Lidar_FUGRO_2017_D17/SD_NRCS_Fugro_B1_TL_2017,6.0,4.0,0.0,off,"SD_Lidar_Fall2017_Metadata_Project.xml: ...tween the aircraft and ground, 2) Snow free, 3) No unusual flooding or inundation, and 4) Leaf off. The fall 2017 collection for the SD_FY17 NRCS Lidar FUGRO_..."
https://prd-tnm.s3.amazonaws.com/index.html?prefix=StagedProducts/Elevation/metadata/SD_FY17_NRCS_Lidar_FUGRO_2017_D17/SD_NRCS_Fugro_B2_2017,5.0,4.0,0.0,off,"SD_FY17_Lidar_Spring2018_Metadata_Project.xml: ...tween the aircraft and ground, 2) Snow free, 3) No unusual flooding or inundation, and 4) Leaf off. The fall 2017 collection for the SD_FY17 NRCS Lidar FUGRO_..."
https://prd-tnm.s3.amazonaws.com/index.html?prefix=StagedProducts/Elevation/metadata/SD_FY17_NRCS_Lidar_PAR_2017_D17/SD_NRCS_PAR_2017,4.0,0.0,0.0,,
https://prd-tnm.s3.amazonaws.com/index.html?prefix=StagedProducts/Elevation/metadata/TN_27_County_QL2_LiDAR_Cumberland_Plateau_BAA/TN_27County_blk1_2015,8.0,4.0,0.0,off,TN_27_County_Lidar_2015_DEM_IMG.xml: ...AS swath data. Ground conditions: Water at normal levels; no unusual inundation; no snow; leaf off. USGS NGP Base Specifications v1.2 LeicaALS80/LeicaALS70(Qu...
https://prd-tnm.s3.amazonaws.com/index.html?prefix=StagedProducts/Elevation/metadata/TN_27_County_QL2_LiDAR_Cumberland_Plateau_BAA/TN_27County_blk2_2015,8.0,6.0,0.0,off,TN_27_County_Lidar_2015_DEM_IMG.xml: ...AS swath data. Ground conditions: Water at normal levels; no unusual inundation; no snow; leaf off. USGS NGP Base Specifications v1.2 LeicaALS80/LeicaALS70(Qu...
https://prd-tnm.s3.amazonaws.com/index.html?prefix=StagedProducts/Elevation/metadata/TN_27_County_QL2_LiDAR_Cumberland_Plateau_BAA/TN_27County_blk3_2015,8.0,6.0,0.0,off,TN_27_County_Lidar_2015_DEM_IMG.xml: ...AS swath data. Ground conditions: Water at normal levels; no unusual inundation; no snow; leaf off. USGS NGP Base Specifications v1.2 LeicaALS80/LeicaALS70(Qu...
https://prd-tnm.s3.amazonaws.com/index.html?prefix=StagedProducts/Elevation/metadata/TN_27_County_QL2_LiDAR_Cumberland_Plateau_BAA/TN_27County_blk4_2015,8.0,5.0,0.0,off,TN_27_County_Lidar_2015_DEM_IMG.xml: ...AS swath data. Ground conditions: Water at normal levels; no unusual inundation; no snow; leaf off. USGS NGP Base Specifications v1.2 LeicaALS80/LeicaALS70(Qu...
https://prd-tnm.s3.amazonaws.com/index.html?prefix=StagedProducts/Elevation/metadata/TN_3_County_QL2_LiDAR/TN_3County_2015,6.0,6.0,0.0,off,"TN_3County_Lidar_DEM_IMG.xml: ...s 5,634 tiles. Ground conditions: Water at normal levels; no unusual inundation; no snow; leaf off. The purpose of this project is for lidar mapping services ..."
https://prd-tnm.s3.amazonaws.com/index.html?prefix=StagedProducts/Elevation/metadata/TN_Blount_County_QL2_LiDAR/TN_BlountCo_2015,8.0,7.0,0.0,off,Contours.xml: ...wath of LiDAR. Ground Conditions: water at normal levels; no unusual inundation; no snow; leaf off USGS-NGP Base LiDAR Specification v1.2 The purpose of this ...
https://prd-tnm.s3.amazonaws.com/index.html?prefix=StagedProducts/Elevation/metadata/TN_Eastern_TN_LiDAR_2016_B16/TN_Eastern-2-16-B16-Del2_2016,8.0,1.0,0.0,off,Project_Level_East_TennesseeFY16_Lidar.xml: ...n Esri format. Ground conditions: Water at normal levels; no unusual inundation; no snow; leaf off. The East Tennessee FY16 Lidar project shares a border with...
https://prd-tnm.s3.amazonaws.com/index.html?prefix=StagedProducts/Elevation/metadata/TN_Eastern_TN_LiDAR_2016_B16/TN_Eastern-2-16-B16-Del3_2016,8.0,0.0,0.0,,
https://prd-tnm.s3.amazonaws.com/index.html?prefix=StagedProducts/Elevation/metadata/TN_Eastern_TN_LiDAR_2016_B16/TN_Eastern-2-16-B16-Del4_2016,8.0,1.0,0.0,off,Project_Level_East_TennesseeFY16_Lidar.xml: ...n Esri format. Ground conditions: Water at normal levels; no unusual inundation; no snow; leaf off. The East Tennessee FY16 Lidar project shares a border with...
https://prd-tnm.s3.amazonaws.com/index.html?prefix=StagedProducts/Elevation/metadata/TN_Middle_TN_Lidar_2018_B18/TN_Middle_B1_2018,5.0,0.0,0.0,,
https://prd-tnm.s3.amazonaws.com/index.html?prefix=StagedProducts/Elevation/metadata/TN_Middle_TN_Lidar_2018_B18/TN_Middle_B2_2018,5.0,0.0,0.0,,
https://prd-tnm.s3.amazonaws.com/index.html?prefix=StagedProducts/Elevation/metadata/TN_Middle_TN_Lidar_2018_B18/TN_Middle_B3_2018,5.0,0.0,0.0,,
https://prd-tnm.s3.amazonaws.com/index.html?prefix=StagedProducts/Elevation/metadata/West_TN_NRCS_Lidar_QL2/TN_NRCS_L1_2011-12,0.0,0.0,0.0,,
https://prd-tnm.s3.amazonaws.com/index.html?prefix=StagedProducts/Elevation/metadata/West_TN_NRCS_Lidar_QL2/TN_NRCS_L2_2011-12,0.0,0.0,0.0,,
https://prd-tnm.s3.amazonaws.com/index.html?prefix=StagedProducts/Elevation/metadata/TN_ShelbyCounty_2017_A17/TN_ShelbyCo_2017,8.0,7.0,0.0,off,Area_Of_Interest.xml: ...wath of LiDAR. Ground Conditions: water at normal levels; no unusual inundation; no snow; leaf off How the Withheld Points are Identified: Withheld (ignore) p...
https://prd-tnm.s3.amazonaws.com/index.html?prefix=StagedProducts/Elevation/metadata/TN_West_Central_Lidar_2017_B17/TN_WestCentral_B1_2017,7.0,0.0,0.0,,
https://prd-tnm.s3.amazonaws.com/index.html?prefix=StagedProducts/Elevation/metadata/TN_West_Central_Lidar_2017_B17/TN_WestCentral_B2_2017,7.0,0.0,0.0,,
https://prd-tnm.s3.amazonaws.com/index.html?prefix=StagedProducts/Elevation/metadata/FEMA_Region_6_Archer_and_Jack_Counties_TX_QL2_LiDAR/TX_Archer-Jack_2014,8.0,0.0,0.0,,
https://prd-tnm.s3.amazonaws.com/index.html?prefix=StagedProducts/Elevation/metadata/TX_CentralTexas_2017_A17/TX_Central_B1_2017,2.0,0.0,0.0,,
https://prd-tnm.s3.amazonaws.com/index.html?prefix=StagedProducts/Elevation/metadata/TX_CentralTexas_2017_A17/TX_Central_B2_2017,2.0,0.0,0.0,,
https://prd-tnm.s3.amazonaws.com/index.html?prefix=StagedProducts/Elevation/metadata/TX_EastTexas_2017_A17/TX_East-UTM14_2017,6.0,6.0,0.0,off,EastTX_Sulphur_UTM14_Hydro_Metadata.xml: ...n elevation data and associated products from airborne lidar systems during the 2016-2017 leaf-off season. The StratMap Program promotes inter-governmental co...
https://prd-tnm.s3.amazonaws.com/index.html?prefix=StagedProducts/Elevation/metadata/TX_EastTexas_2017_A17/TX_East-UTM15_2017,8.0,8.0,0.0,off,EastTX_SanJacinto_Hydro_Metadata.xml: ...n elevation data and associated products from airborne lidar systems during the 2016-2017 leaf-off season. The StratMap Program promotes inter-governmental co...
https://prd-tnm.s3.amazonaws.com/index.html?prefix=StagedProducts/Elevation/metadata/TX_Eastern_Texas_2018_D18/TX_Eastern_B2_Z14_2018,6.0,1.0,0.0,off,UTM14N_EASTERN_TX_Classified_LAS.xml: ...s of the AOIs. Ground Conditions: water at normal levels; no unusual inundation; no snow; leaf off How the Withheld Points are Identified: Withheld (ignore) p...
https://prd-tnm.s3.amazonaws.com/index.html?prefix=StagedProducts/Elevation/metadata/TX_Eastern_Texas_2018_D18/TX_Eastern_B2_Z15_2018,6.0,1.0,0.0,off,UTM15N_EASTERN_TX_Classified_LAS.xml: ...s of the AOIs. Ground Conditions: water at normal levels; no unusual inundation; no snow; leaf off How the Withheld Points are Identified: Withheld (ignore) p...
https://prd-tnm.s3.amazonaws.com/index.html?prefix=StagedProducts/Elevation/metadata/TX_Eastern_Texas_2018_D18/TX_Eastern_B3_2018,6.0,1.0,0.0,off,UTM15N_EASTERN_TX_Classified_LAS.xml: ...s of the AOIs. Ground Conditions: water at normal levels; no unusual inundation; no snow; leaf off How the Withheld Points are Identified: Withheld (ignore) p...
https://prd-tnm.s3.amazonaws.com/index.html?prefix=StagedProducts/Elevation/metadata/TX_Lower_CO_San_Bernard_2017_D18/TX_Lower_SanBernard_B1_2017,5.0,0.0,0.0,,
https://prd-tnm.s3.amazonaws.com/index.html?prefix=StagedProducts/Elevation/metadata/TX_Lower_CO_San_Bernard_2017_D18/TX_Lower_SanBernard_B2_2017,4.0,0.0,0.0,,
https://prd-tnm.s3.amazonaws.com/index.html?prefix=StagedProducts/Elevation/metadata/TX_Lower_CO_San_Bernard_2017_D18/TX_Lower_SanBernard_B4_2017,4.0,0.0,0.0,,
https://prd-tnm.s3.amazonaws.com/index.html?prefix=StagedProducts/Elevation/metadata/TX_Lower_CO_San_Bernard_2017_D18/TX_Lower_SanBernard_B5_2017,4.0,0.0,0.0,,
https://prd-tnm.s3.amazonaws.com/index.html?prefix=StagedProducts/Elevation/metadata/TX_Lower_CO_San_Bernard_2017_D18/TX_Lower_SanBernard_B6_2017,4.0,0.0,0.0,,
https://prd-tnm.s3.amazonaws.com/index.html?prefix=StagedProducts/Elevation/metadata/TX_Matagorda_Bay_2018_B18/TX_MatagordaBay_B1_2018,4.0,4.0,0.0,off,"TX_Matagorda Bay_2018_D18__Metadata_DEM_UTM14N.xml: ...tween the aircraft and ground, 2) Snow free, 3) No unusual flooding or inundation, and 4) Leaf off. The collection for the TX_Matagorda Bay_2018_D18 AOI was a..."
https://prd-tnm.s3.amazonaws.com/index.html?prefix=StagedProducts/Elevation/metadata/TX_Matagorda_Bay_2018_B18/TX_MatagordaBay_B2_2018,4.0,4.0,0.0,off,"TX_Matagorda Bay_2018_D18__Metadata_DEM_UTM15N.xml: ...tween the aircraft and ground, 2) Snow free, 3) No unusual flooding or inundation, and 4) Leaf off. The collection for the TX_Matagorda Bay_2018_D18 AOI was a..."
https://prd-tnm.s3.amazonaws.com/index.html?prefix=StagedProducts/Elevation/metadata/Middle_Brazos_Lake_Whitney_TX_QL2_Lidar_FY15/TX_MiddleBrazos_2016,8.0,5.0,0.0,off,TX_LiDAR_Project.xml: ...wath of LiDAR. Ground Conditions: water at normal levels; no unusual inundation; no snow; leaf off How the Withheld Points are Identified: Withheld (ignore) p...
https://prd-tnm.s3.amazonaws.com/index.html?prefix=StagedProducts/Elevation/metadata/TX_FEMA_R6_Neches_Basin_LiDAR_2016_D16/TX_Neches-B1_2016,8.0,0.0,0.0,,
https://prd-tnm.s3.amazonaws.com/index.html?prefix=StagedProducts/Elevation/metadata/TX_FEMA_R6_Neches_Basin_LiDAR_2016_D16/TX_Neches-B2_2016,8.0,0.0,0.0,,
https://prd-tnm.s3.amazonaws.com/index.html?prefix=StagedProducts/Elevation/metadata/TX_FEMA_R6_Neches_Basin_LiDAR_2016_D16/TX_Neches-B3_2016,8.0,0.0,0.0,,
https://prd-tnm.s3.amazonaws.com/index.html?prefix=StagedProducts/Elevation/metadata/TX_FEMA_R6_Neches_Basin_LiDAR_2016_D16/TX_Neches-B4_2016,8.0,0.0,0.0,,
https://prd-tnm.s3.amazonaws.com/index.html?prefix=StagedProducts/Elevation/metadata/TX_FEMA_R6_Neches_Basin_LiDAR_2016_D16/TX_Neches-B5_2016,8.0,0.0,0.0,,
https://prd-tnm.s3.amazonaws.com/index.html?prefix=StagedProducts/Elevation/metadata/TX_Panhandle_2017_D18/TX_Panhandle_B10_2017,4.0,0.0,0.0,,
https://prd-tnm.s3.amazonaws.com/index.html?prefix=StagedProducts/Elevation/metadata/TX_Panhandle_2017_D18/TX_Panhandle_B10_TL_2017,0.0,0.0,0.0,,
https://prd-tnm.s3.amazonaws.com/index.html?prefix=StagedProducts/Elevation/metadata/TX_Panhandle_2017_D18/TX_Panhandle_B11_2017,4.0,0.0,0.0,,
https://prd-tnm.s3.amazonaws.com/index.html?prefix=StagedProducts/Elevation/metadata/TX_Panhandle_2017_D18/TX_Panhandle_B11_TL_2017,4.0,0.0,0.0,,
https://prd-tnm.s3.amazonaws.com/index.html?prefix=StagedProducts/Elevation/metadata/TX_Panhandle_2017_D18/TX_Panhandle_B1_2017,4.0,0.0,0.0,,
https://prd-tnm.s3.amazonaws.com/index.html?prefix=StagedProducts/Elevation/metadata/TX_Panhandle_2017_D18/TX_Panhandle_B1_TL_2018,0.0,0.0,0.0,,
https://prd-tnm.s3.amazonaws.com/index.html?prefix=StagedProducts/Elevation/metadata/TX_Panhandle_2017_D18/TX_Panhandle_B2_2017,4.0,0.0,0.0,,
https://prd-tnm.s3.amazonaws.com/index.html?prefix=StagedProducts/Elevation/metadata/TX_Panhandle_2017_D18/TX_Panhandle_B3_2017,4.0,0.0,0.0,,
https://prd-tnm.s3.amazonaws.com/index.html?prefix=StagedProducts/Elevation/metadata/TX_Panhandle_2017_D18/TX_Panhandle_B4_2017,4.0,0.0,0.0,,
https://prd-tnm.s3.amazonaws.com/index.html?prefix=StagedProducts/Elevation/metadata/TX_Panhandle_2017_D18/TX_Panhandle_B5_2017,4.0,0.0,0.0,,
https://prd-tnm.s3.amazonaws.com/index.html?prefix=StagedProducts/Elevation/metadata/TX_Panhandle_2017_D18/TX_Panhandle_B6_2017,4.0,0.0,0.0,,
https://prd-tnm.s3.amazonaws.com/index.html?prefix=StagedProducts/Elevation/metadata/TX_Panhandle_2017_D18/TX_Panhandle_B7_2017,4.0,0.0,0.0,,
https://prd-tnm.s3.amazonaws.com/index.html?prefix=StagedProducts/Elevation/metadata/TX_Panhandle_2017_D18/TX_Panhandle_B8_2017,4.0,0.0,0.0,,
https://prd-tnm.s3.amazonaws.com/index.html?prefix=StagedProducts/Elevation/metadata/TX_Panhandle_2017_D18/TX_Panhandle_B9_2017,4.0,0.0,0.0,,
https://prd-tnm.s3.amazonaws.com/index.html?prefix=StagedProducts/Elevation/metadata/TX_Red_River_FEMA_R6_Lidar_2016_D17/TX_RedRiver_3Area_B1_2018,0.0,0.0,0.0,,
https://prd-tnm.s3.amazonaws.com/index.html?prefix=StagedProducts/Elevation/metadata/TX_Red_River_FEMA_R6_Lidar_2016_D17/TX_RedRiver_3Area_B2_2018,0.0,0.0,0.0,,
https://prd-tnm.s3.amazonaws.com/index.html?prefix=StagedProducts/Elevation/metadata/TX_Red_River_FEMA_R6_Lidar_2016_D17/TX_RedRiver_Atacosa_B1_2018,7.0,0.0,0.0,,
https://prd-tnm.s3.amazonaws.com/index.html?prefix=StagedProducts/Elevation/metadata/TX_Red_River_FEMA_R6_Lidar_2016_D17/TX_RedRiver_Atacosa_B2_2018,8.0,0.0,0.0,,
https://prd-tnm.s3.amazonaws.com/index.html?prefix=StagedProducts/Elevation/metadata/TX_Red_River_FEMA_R6_Lidar_2016_D17/TX_RedRiver_B1_2017,8.0,0.0,0.0,,
https://prd-tnm.s3.amazonaws.com/index.html?prefix=StagedProducts/Elevation/metadata/TX_Red_River_FEMA_R6_Lidar_2016_D17/TX_RedRiver_B2_2017,8.0,0.0,0.0,,
https://prd-tnm.s3.amazonaws.com/index.html?prefix=StagedProducts/Elevation/metadata/TX_Red_River_FEMA_R6_Lidar_2016_D17/TX_RedRiver_B2_TL_2017,8.0,0.0,0.0,,
https://prd-tnm.s3.amazonaws.com/index.html?prefix=StagedProducts/Elevation/metadata/TX_Red_River_FEMA_R6_Lidar_2016_D17/TX_RedRiver_B3_2017,8.0,0.0,0.0,,
https://prd-tnm.s3.amazonaws.com/index.html?prefix=StagedProducts/Elevation/metadata/TX_Red_River_FEMA_R6_Lidar_2016_D17/TX_RedRiver_BrazosBasin_B1_2017,4.0,0.0,0.0,,
https://prd-tnm.s3.amazonaws.com/index.html?prefix=StagedProducts/Elevation/metadata/TX_Red_River_FEMA_R6_Lidar_2016_D17/TX_RedRiver_BrazosBasin_B2_2017,4.0,0.0,0.0,,
https://prd-tnm.s3.amazonaws.com/index.html?prefix=StagedProducts/Elevation/metadata/TX_Red_River_FEMA_R6_Lidar_2016_D17/TX_RedRiver_BrazosBasin_B3_2017,4.0,0.0,0.0,,
https://prd-tnm.s3.amazonaws.com/index.html?prefix=StagedProducts/Elevation/metadata/TX_Red_River_FEMA_R6_Lidar_2016_D17/TX_RedRiver_BrazosBasin_B4_2017,7.0,0.0,0.0,,
https://prd-tnm.s3.amazonaws.com/index.html?prefix=StagedProducts/Elevation/metadata/TX_Red_River_FEMA_R6_Lidar_2016_D17/TX_RedRiver_BrazosBasin_B5_2017,7.0,0.0,0.0,,
https://prd-tnm.s3.amazonaws.com/index.html?prefix=StagedProducts/Elevation/metadata/TX_Red_River_FEMA_R6_Lidar_2016_D17/TX_RedRiver_Lavaca_Wharton_2018,7.0,0.0,0.0,,
https://prd-tnm.s3.amazonaws.com/index.html?prefix=StagedProducts/Elevation/metadata/FEMA_Region_6_TX_Rio_Grande_and_Fort_Whitman_Watershed_QL2_LiDAR/TX_RioGrand-FTWhit_2014,6.0,0.0,0.0,,
https://prd-tnm.s3.amazonaws.com/index.html?prefix=StagedProducts/Elevation/metadata/TX_South_Texas_2018_D18/TX_South_B1_2018,7.0,0.0,0.0,,
https://prd-tnm.s3.amazonaws.com/index.html?prefix=StagedProducts/Elevation/metadata/TX_South_Texas_2018_D18/TX_South_B2_2018,7.0,0.0,0.0,,
https://prd-tnm.s3.amazonaws.com/index.html?prefix=StagedProducts/Elevation/metadata/TX_South_Texas_2018_D18/TX_South_B3_2018,7.0,0.0,0.0,,
https://prd-tnm.s3.amazonaws.com/index.html?prefix=StagedProducts/Elevation/metadata/TX_South_Texas_2018_D18/TX_South_B4_2018,7.0,0.0,0.0,,
https://prd-tnm.s3.amazonaws.com/index.html?prefix=StagedProducts/Elevation/metadata/TX_South_Texas_2018_D18/TX_South_B5_2018,0.0,0.0,0.0,,
https://prd-tnm.s3.amazonaws.com/index.html?prefix=StagedProducts/Elevation/metadata/TX_South_Texas_2018_D18/TX_South_B6_2018,7.0,0.0,0.0,,
https://prd-tnm.s3.amazonaws.com/index.html?prefix=StagedProducts/Elevation/metadata/TX_South_Texas_2018_D18/TX_South_B7_2018,7.0,0.0,0.0,,
https://prd-tnm.s3.amazonaws.com/index.html?prefix=StagedProducts/Elevation/metadata/TX_South_Texas_2018_D18/TX_South_B8_2018,7.0,0.0,0.0,,
https://prd-tnm.s3.amazonaws.com/index.html?prefix=StagedProducts/Elevation/metadata/FEMA_Region_6_Upper_Clear_Fork_Brazos_TX_QL2_LiDAR/TX_UpClCrkBrazos_2015,8.0,0.0,0.0,,
https://prd-tnm.s3.amazonaws.com/index.html?prefix=StagedProducts/Elevation/metadata/TX_West_Central_2017_D18/TX_West_Central_B10_2018,3.0,0.0,0.0,,
https://prd-tnm.s3.amazonaws.com/index.html?prefix=StagedProducts/Elevation/metadata/TX_West_Central_2017_D18/TX_West_Central_B11_2018,7.0,0.0,0.0,,
https://prd-tnm.s3.amazonaws.com/index.html?prefix=StagedProducts/Elevation/metadata/TX_West_Central_2017_D18/TX_West_Central_B12_2018,6.0,0.0,0.0,,
https://prd-tnm.s3.amazonaws.com/index.html?prefix=StagedProducts/Elevation/metadata/TX_West_Central_2017_D18/TX_West_Central_B13_2018,3.0,0.0,0.0,,
https://prd-tnm.s3.amazonaws.com/index.html?prefix=StagedProducts/Elevation/metadata/TX_West_Central_2017_D18/TX_West_Central_B14_2018,3.0,0.0,0.0,,
https://prd-tnm.s3.amazonaws.com/index.html?prefix=StagedProducts/Elevation/metadata/TX_West_Central_2017_D18/TX_West_Central_B15a_2018,3.0,0.0,0.0,,
https://prd-tnm.s3.amazonaws.com/index.html?prefix=StagedProducts/Elevation/metadata/TX_West_Central_2017_D18/TX_West_Central_B15b_2018,3.0,0.0,0.0,,
https://prd-tnm.s3.amazonaws.com/index.html?prefix=StagedProducts/Elevation/metadata/TX_West_Central_2017_D18/TX_West_Central_B1_2018,3.0,0.0,0.0,,
https://prd-tnm.s3.amazonaws.com/index.html?prefix=StagedProducts/Elevation/metadata/TX_West_Central_2017_D18/TX_West_Central_B2_2018,3.0,0.0,0.0,,
https://prd-tnm.s3.amazonaws.com/index.html?prefix=StagedProducts/Elevation/metadata/TX_West_Central_2017_D18/TX_West_Central_B3_2018,3.0,0.0,0.0,,
https://prd-tnm.s3.amazonaws.com/index.html?prefix=StagedProducts/Elevation/metadata/TX_West_Central_2017_D18/TX_West_Central_B4_2018,4.0,0.0,0.0,,
https://prd-tnm.s3.amazonaws.com/index.html?prefix=StagedProducts/Elevation/metadata/TX_West_Central_2017_D18/TX_West_Central_B5_2018,3.0,0.0,0.0,,
https://prd-tnm.s3.amazonaws.com/index.html?prefix=StagedProducts/Elevation/metadata/TX_West_Central_2017_D18/TX_West_Central_B6_2018,6.0,0.0,0.0,,
https://prd-tnm.s3.amazonaws.com/index.html?prefix=StagedProducts/Elevation/metadata/TX_West_Central_2017_D18/TX_West_Central_B7_2018,4.0,0.0,0.0,,
https://prd-tnm.s3.amazonaws.com/index.html?prefix=StagedProducts/Elevation/metadata/TX_West_Central_2017_D18/TX_West_Central_B8_2018,6.0,0.0,0.0,,
https://prd-tnm.s3.amazonaws.com/index.html?prefix=StagedProducts/Elevation/metadata/TX_West_Central_2017_D18/TX_West_Central_B9_2018,3.0,0.0,0.0,,
https://prd-tnm.s3.amazonaws.com/index.html?prefix=StagedProducts/Elevation/metadata/TX_West_Central_2017_D18/TX_West_Central_UTM14_TL_2018,3.0,0.0,0.0,,
https://prd-tnm.s3.amazonaws.com/index.html?prefix=StagedProducts/Elevation/metadata/TX_West_Central_2017_D18/TX_West_Central_UTM15_TL_2018,3.0,0.0,0.0,,
https://prd-tnm.s3.amazonaws.com/index.html?prefix=StagedProducts/Elevation/metadata/UT_CentralUT_Southern_ID_2016_A16/UT_BearLake-Cache_2016,8.0,0.0,0.0,,
https://prd-tnm.s3.amazonaws.com/index.html?prefix=StagedProducts/Elevation/metadata/UT_StateWide_2018_A18/UT_BoxElder_2018,5.0,0.0,0.0,,
https://prd-tnm.s3.amazonaws.com/index.html?prefix=StagedProducts/Elevation/metadata/UT_StateWide_2018_A18/UT_BoxElder_TL_2018,5.0,0.0,0.0,,
https://prd-tnm.s3.amazonaws.com/index.html?prefix=StagedProducts/Elevation/metadata/UT_StateWide_2018_A18/UT_Central_QL1_B1_2018,8.0,0.0,0.0,,
https://prd-tnm.s3.amazonaws.com/index.html?prefix=StagedProducts/Elevation/metadata/UT_StateWide_2018_A18/UT_Central_QL1_B2_2018,8.0,0.0,0.0,,
https://prd-tnm.s3.amazonaws.com/index.html?prefix=StagedProducts/Elevation/metadata/UT_StateWide_2018_A18/UT_Central_Ql2_TL_2018,8.0,0.0,0.0,,
https://prd-tnm.s3.amazonaws.com/index.html?prefix=StagedProducts/Elevation/metadata/UT_FEMAHQ_2018_D18/UT_FEMAHQ_B2_2018,3.0,0.0,0.0,,
https://prd-tnm.s3.amazonaws.com/index.html?prefix=StagedProducts/Elevation/metadata/UT_FEMAHQ_2018_D18/UT_FEMAHQ_B2_QL1_2018,3.0,0.0,0.0,,
https://prd-tnm.s3.amazonaws.com/index.html?prefix=StagedProducts/Elevation/metadata/UT_FEMAHQ_2018_D18/UT_FemaHQ_B1_TL_2018,3.0,0.0,0.0,,
https://prd-tnm.s3.amazonaws.com/index.html?prefix=StagedProducts/Elevation/metadata/UT_FEMAHQ_2018_D18/UT_FemaHQ_B2_TL_2018,3.0,0.0,0.0,,
https://prd-tnm.s3.amazonaws.com/index.html?prefix=StagedProducts/Elevation/metadata/UT_MillsiteReservoir_2018_C18/UT_MillsiteReservoir_2017,8.0,0.0,0.0,,
https://prd-tnm.s3.amazonaws.com/index.html?prefix=StagedProducts/Elevation/metadata/UT_CentralUT_Southern_ID_2016_A16/UT_MonroeMoutain_2016,8.0,0.0,0.0,,
https://prd-tnm.s3.amazonaws.com/index.html?prefix=StagedProducts/Elevation/metadata/UT_CentralUT_Southern_ID_2016_A16/UT_NorthEscalanteDesert_2016,8.0,0.0,0.0,,
https://prd-tnm.s3.amazonaws.com/index.html?prefix=StagedProducts/Elevation/metadata/UT_StateWide_2018_A18/UT_Northern_QL1_2018,7.0,0.0,0.0,,
https://prd-tnm.s3.amazonaws.com/index.html?prefix=StagedProducts/Elevation/metadata/UT_StateWide_2018_A18/UT_Northern_QL2_2018,7.0,0.0,0.0,,
https://prd-tnm.s3.amazonaws.com/index.html?prefix=StagedProducts/Elevation/metadata/UT_StateWide_2018_A18/UT_Sanpete_2018,4.0,0.0,0.0,,
https://prd-tnm.s3.amazonaws.com/index.html?prefix=StagedProducts/Elevation/metadata/UT_StateWide_2018_A18/UT_Southern_B1_2018,8.0,0.0,0.0,,
https://prd-tnm.s3.amazonaws.com/index.html?prefix=StagedProducts/Elevation/metadata/UT_StateWide_2018_A18/UT_Southern_B1_TL_2018,8.0,0.0,0.0,,
https://prd-tnm.s3.amazonaws.com/index.html?prefix=StagedProducts/Elevation/metadata/UT_StateWide_2018_A18/UT_Southern_B2_2018,8.0,0.0,0.0,,
https://prd-tnm.s3.amazonaws.com/index.html?prefix=StagedProducts/Elevation/metadata/UT_StateWide_2018_A18/UT_Southern_QL1_2018,8.0,0.0,0.0,,
https://prd-tnm.s3.amazonaws.com/index.html?prefix=StagedProducts/Elevation/metadata/Wasatch_Fault_UT_LiDAR/UT_WasatchFault-L3_2013,8.0,7.0,0.0,off,"Utah_LiDAR_Area_3_SBET_UTM12_2011.xml: ...GS National Geospatial Technical Operations Center (NGTOC) have contracted with WSI for a leaf-off, no-snow, remote sensing survey for LiDAR data along the Wa..."
https://prd-tnm.s3.amazonaws.com/index.html?prefix=StagedProducts/Elevation/metadata/Wasatch_Fault_UT_LiDAR/UT_Wasatch-L4_2013,8.0,6.0,0.0,off,"UTAH_NORTH_SLC_GCP_UTM12_2011.xml: ...GS National Geospatial Technical Operations Center (NGTOC) have contracted with WSI for a leaf-off, no-snow, remote sensing survey for LiDAR data along the Wa..."
https://prd-tnm.s3.amazonaws.com/index.html?prefix=StagedProducts/Elevation/metadata/Wasatch_Fault_UT_LiDAR/UT_Wasatch-L5_2014,8.0,7.0,0.0,off,"UTAH_SOUTH_DEL5_GCP_UTM12_2011.xml: ...GS National Geospatial Technical Operations Center (NGTOC) have contracted with WSI for a leaf-off, no-snow, remote sensing survey for LiDAR data along the Wa..."
https://prd-tnm.s3.amazonaws.com/index.html?prefix=StagedProducts/Elevation/metadata/UT_WashakieWhitesValley_2017_C17/UT_Washakie-Whites-Valley_2017,8.0,0.0,0.0,,
https://prd-tnm.s3.amazonaws.com/index.html?prefix=StagedProducts/Elevation/metadata/UT_CentralUT_Southern_ID_2016_A16/UT_WashingtonCo_2016,8.0,0.0,0.0,,
https://prd-tnm.s3.amazonaws.com/index.html?prefix=StagedProducts/Elevation/metadata/VA_Central_Virginia_Seismic_LiDAR_2013_14/VA_Central_Seismic_2013,5.0,0.0,0.0,,
https://prd-tnm.s3.amazonaws.com/index.html?prefix=StagedProducts/Elevation/metadata/VA_ChesapeakeBay_2015/VA_ChesapeakeBayNorth_2015,8.0,0.0,0.0,,
https://prd-tnm.s3.amazonaws.com/index.html?prefix=StagedProducts/Elevation/metadata/Eastern_Shore_Virginia_QL2_LiDAR_BAA/VA_Eastern-ShoreBAA_2015,8.0,0.0,0.0,,
https://prd-tnm.s3.amazonaws.com/index.html?prefix=StagedProducts/Elevation/metadata/VA__FEMA_R3_SW_Lidar_2016_D16/VA_FEMA_R3_Northeast_2016,8.0,0.0,0.0,,
https://prd-tnm.s3.amazonaws.com/index.html?prefix=StagedProducts/Elevation/metadata/VA__FEMA_R3_SW_Lidar_2016_D16/VA_FEMA_R3_Southwest_A_2016,8.0,0.0,0.0,,
https://prd-tnm.s3.amazonaws.com/index.html?prefix=StagedProducts/Elevation/metadata/VA__FEMA_R3_SW_Lidar_2016_D16/VA_FEMA_R3_Southwest_B_2016,8.0,0.0,0.0,,
https://prd-tnm.s3.amazonaws.com/index.html?prefix=StagedProducts/Elevation/metadata/VA_Fairfax_County_2018_D18/VA_Fairfax_County_2018,3.0,0.0,0.0,,
"https://prd-tnm.s3.amazonaws.com/index.html?prefix=StagedProducts/Elevation/metadata/Norfolk,_VA_LiDAR/VA_Norfolk_2013",8.0,6.0,0.0,off,"USGS_NORFOLK_VA_TIDAL.xml: ... exist below the sensor that will affect the collection of data. These conditions include leaf-off for hardwoods, no snow, rain, fog, smoke, mist and low clou..."
https://prd-tnm.s3.amazonaws.com/index.html?prefix=StagedProducts/Elevation/metadata/Virginia_SANDY_QL2_LiDAR/VA_Sandy_2014,6.0,0.0,0.0,,
https://prd-tnm.s3.amazonaws.com/index.html?prefix=StagedProducts/Elevation/metadata/Multi_Hazards_Shenandoah_VA_LiDAR_2013/VA_Shen_Multi_Haz_2014,8.0,0.0,0.0,,
https://prd-tnm.s3.amazonaws.com/index.html?prefix=StagedProducts/Elevation/metadata/VT_Connecticut_River_Basin_LiDAR_2016_B16/VT_Connecticut-River_2016,7.0,0.0,0.0,,
https://prd-tnm.s3.amazonaws.com/index.html?prefix=StagedProducts/Elevation/metadata/Eastern_Vermont_LiDAR_FY2014/VT_E-Vermont-L2_2014,8.0,0.0,0.0,,
https://prd-tnm.s3.amazonaws.com/index.html?prefix=StagedProducts/Elevation/metadata/Eastern_Vermont_LiDAR_FY2014/VT_EasternVermont-L1_2014,8.0,0.0,0.0,,
https://prd-tnm.s3.amazonaws.com/index.html?prefix=StagedProducts/Elevation/metadata/Rutland_VT_LiDAR/VT_RutlandCo-Lot6_2013,8.0,0.0,0.0,,
https://prd-tnm.s3.amazonaws.com/index.html?prefix=StagedProducts/Elevation/metadata/Rutland_VT_LiDAR/VT_Rutland-Lot7_2014,8.0,0.0,0.0,,
https://prd-tnm.s3.amazonaws.com/index.html?prefix=StagedProducts/Elevation/metadata/Rutland_VT_LiDAR/VT_Rutland-Lot8_2013,7.0,0.0,0.0,,
https://prd-tnm.s3.amazonaws.com/index.html?prefix=StagedProducts/Elevation/metadata/VT_Western_Vermont_Lidar_2017_B17/VT_Western_2017,8.0,0.0,0.0,,
https://prd-tnm.s3.amazonaws.com/index.html?prefix=StagedProducts/Elevation/metadata/VT_Windham_2015/VT_Windham-CO_2015,8.0,0.0,0.0,,
https://prd-tnm.s3.amazonaws.com/index.html?prefix=StagedProducts/Elevation/metadata/WA_3_County_Lidar_2017_B17/WA_3_County_QL2_2017,5.0,0.0,0.0,,
https://prd-tnm.s3.amazonaws.com/index.html?prefix=StagedProducts/Elevation/metadata/Elwha_River_WA_LiDAR/WA_ElwhaRiver_2014,7.0,7.0,0.0,off,USGS_ElwhaRiver_Lidar_2014w_Modification_DEM_IMG.xml: ...ning and representing as much ground surface as possible; no unusual inundation; no snow; leaf off. The purpose of this project is for lidar mapping services ...
https://prd-tnm.s3.amazonaws.com/index.html?prefix=StagedProducts/Elevation/metadata/WA_ElwhaRiver_2015/WA_Elwha-TB_2015,8.0,0.0,0.0,,
https://prd-tnm.s3.amazonaws.com/index.html?prefix=StagedProducts/Elevation/metadata/Glacier_Peak_WA_QL1_LiDAR/WA_GlacierPeak_2014,7.0,0.0,0.0,,
https://prd-tnm.s3.amazonaws.com/index.html?prefix=StagedProducts/Elevation/metadata/WA_MtBaker_2015/WA_MtBaker_2015,6.0,0.0,0.0,,
https://prd-tnm.s3.amazonaws.com/index.html?prefix=StagedProducts/Elevation/metadata/Olympic_Peninsula_WA_QL_1_LiDAR/WA_Olympic-Peninsula_2013,7.0,7.0,0.0,off,USGS_Olympic_Peninsula_WA_DEM_IMG.xml: ...less than 2GB. Ground conditions: Water at normal levels; no unusual inundation; no snow; leaf off. This task order consists of LiDAR data acquisition and pro...
https://prd-tnm.s3.amazonaws.com/index.html?prefix=StagedProducts/Elevation/metadata/WI_Statewide_2016_A16/WI_Bayfield_2016,5.0,5.0,0.0,off,"Bayfield_County_DEM_Metadata.xml: ...5 to November 08, 2015, and the second phase on April 15, 2016. Acquisition occurred with leaves absent from deciduous trees, when no snow was present on the groun..."
https://prd-tnm.s3.amazonaws.com/index.html?prefix=StagedProducts/Elevation/metadata/WI_Statewide_2016_A16/WI_Buffalo_2016,4.0,4.0,0.0,off,"Buffalo_County_DEM_Metadata.xml: ...n Optech H300 sensor from March 21st, 2016 to March 22nd, 2016. Acquisition occurred with leaves absent from deciduous trees, when no snow was present on the groun..."
https://prd-tnm.s3.amazonaws.com/index.html?prefix=StagedProducts/Elevation/metadata/WI_Dodge_County_Lidar_2017_B17/WI_DodgeCo_2017,7.0,0.0,0.0,,
https://prd-tnm.s3.amazonaws.com/index.html?prefix=StagedProducts/Elevation/metadata/WI_FEMAHQ_2018_D18/WI_FEMAHQ_2018,3.0,0.0,0.0,,
https://prd-tnm.s3.amazonaws.com/index.html?prefix=StagedProducts/Elevation/metadata/WI_FEMAHQ_2018_D18/WI_FEMAHQ_TL_2018,3.0,0.0,0.0,,
https://prd-tnm.s3.amazonaws.com/index.html?prefix=StagedProducts/Elevation/metadata/WI_Statewide_2016_A16/WI_Forest_2016,4.0,4.0,0.0,off,"Forest County_DEM.xml: ...rom April 22, 2017 through April 25, 2017 in seven total lifts. Acquisition occurred with leaves absent from deciduous trees, when no snow was present on the groun..."
https://prd-tnm.s3.amazonaws.com/index.html?prefix=StagedProducts/Elevation/metadata/WI_Statewide_2016_A16/WI_Forest_TL_2016,4.0,4.0,0.0,off,"Forest County_DEM.xml: ...rom April 22, 2017 through April 25, 2017 in seven total lifts. Acquisition occurred with leaves absent from deciduous trees, when no snow was present on the groun..."
https://prd-tnm.s3.amazonaws.com/index.html?prefix=StagedProducts/Elevation/metadata/WI_Kenosha_Racine_Counties_SEWI_Lidar_2017_B17/WI_Kenosha_2017,3.0,0.0,0.0,,
https://prd-tnm.s3.amazonaws.com/index.html?prefix=StagedProducts/Elevation/metadata/WI_4CountyStatewide_2017_A17/WI_LaCrosse_2017,5.0,4.0,0.0,off,"La Crosse County_DEM.xml: ...rom March 10, 2017 through March 11, 2017 in three total lifts. Acquisition occurred with leaves absent from deciduous trees, when no snow was present on the groun..."
https://prd-tnm.s3.amazonaws.com/index.html?prefix=StagedProducts/Elevation/metadata/WI_4CountyStatewide_2017_A17/WI_Langlade_2017,4.0,4.0,0.0,off,"Langlade County_DEM.xml: ...from April 16, 2017 through April 29, 2017 in nine total lifts. Acquisition occurred with leaves absent from deciduous trees, when no snow was present on the groun..."
https://prd-tnm.s3.amazonaws.com/index.html?prefix=StagedProducts/Elevation/metadata/WI_4CountyStatewide_2017_A17/WI_Langlade_TL_2017,4.0,4.0,0.0,off,"Langlade County_DEM.xml: ...from April 16, 2017 through April 29, 2017 in nine total lifts. Acquisition occurred with leaves absent from deciduous trees, when no snow was present on the groun..."
https://prd-tnm.s3.amazonaws.com/index.html?prefix=StagedProducts/Elevation/metadata/Lincoln_County_WI_QL2_LiDAR_BAA/WI_LincolnCo_2015,8.0,0.0,0.0,,
https://prd-tnm.s3.amazonaws.com/index.html?prefix=StagedProducts/Elevation/metadata/Wisconsin_2_County_Lidar/WI_ManitowocCo_2015,6.0,0.0,0.0,,
https://prd-tnm.s3.amazonaws.com/index.html?prefix=StagedProducts/Elevation/metadata/Oneida_and_Vilas_Counties_QL2_Lidar/WI_OneidaCo_2013,8.0,0.0,0.0,,
https://prd-tnm.s3.amazonaws.com/index.html?prefix=StagedProducts/Elevation/metadata/Oneida_and_Vilas_Counties_QL2_Lidar/WI_OneidaCo_TL_2013,8.0,0.0,0.0,,
https://prd-tnm.s3.amazonaws.com/index.html?prefix=StagedProducts/Elevation/metadata/WI_Statewide_2016_A16/WI_Portage_2016,4.0,4.0,0.0,off,"Portage_County_DEM_Metadata.xml: ...ensor from April 5, 2016 to April 14, 2016 in five total lifts. Acquisition occurred with leaves absent from deciduous trees, when no snow was present on the groun..."
https://prd-tnm.s3.amazonaws.com/index.html?prefix=StagedProducts/Elevation/metadata/WI_Kenosha_Racine_Counties_SEWI_Lidar_2017_B17/WI_Racine_2017,3.0,0.0,0.0,,
https://prd-tnm.s3.amazonaws.com/index.html?prefix=StagedProducts/Elevation/metadata/WI_SEWRP5Counties_2017_A17/WI_SEWRPC_2017,3.0,0.0,0.0,,
https://prd-tnm.s3.amazonaws.com/index.html?prefix=StagedProducts/Elevation/metadata/WI_4CountyStatewide_2017_A17/WI_Sawyer_2017,5.0,4.0,0.0,off,"Sawyer County_DEM.xml: ...rom April 21, 2017 through April 22, 2017 in seven total lifts. Acquisition occurred with leaves absent from deciduous trees, when no snow was present on the groun..."
https://prd-tnm.s3.amazonaws.com/index.html?prefix=StagedProducts/Elevation/metadata/WI_4CountyStatewide_2017_A17/WI_Sawyer_TL_2017,5.0,4.0,0.0,off,"Sawyer County_DEM.xml: ...rom April 21, 2017 through April 22, 2017 in seven total lifts. Acquisition occurred with leaves absent from deciduous trees, when no snow was present on the groun..."
https://prd-tnm.s3.amazonaws.com/index.html?prefix=StagedProducts/Elevation/metadata/WI_Shawano_2015/WI_Shawano_2015,6.0,0.0,0.0,,
https://prd-tnm.s3.amazonaws.com/index.html?prefix=StagedProducts/Elevation/metadata/WI_Statewide_2016_A16/WI_Taylor_2016,5.0,4.0,0.0,off,"Taylor_County_DEM_Metadata.xml: ...nsor from April 14, 2016 to April 16, 2016 in five total lifts. Acquisition occurred with leaves absent from deciduous trees, when no snow was present on the groun..."
https://prd-tnm.s3.amazonaws.com/index.html?prefix=StagedProducts/Elevation/metadata/Oneida_and_Vilas_Counties_QL2_Lidar/WI_VilasCo_2013,8.0,0.0,0.0,,
https://prd-tnm.s3.amazonaws.com/index.html?prefix=StagedProducts/Elevation/metadata/Oneida_and_Vilas_Counties_QL2_Lidar/WI_VilasCo_TL_2013,8.0,0.0,0.0,,
https://prd-tnm.s3.amazonaws.com/index.html?prefix=StagedProducts/Elevation/metadata/WI_Statewide_2016_A16/WI_Washburn_2016,5.0,4.0,0.0,off,"Washburn_County_DEM_Metadata.xml: ...from April 12, 2016 through April 14, 2016 in four total lifts. Acquisition occurred with leaves absent from deciduous trees, when no snow was present on the groun..."
https://prd-tnm.s3.amazonaws.com/index.html?prefix=StagedProducts/Elevation/metadata/WI_Statewide_2016_A16/WI_Washburn_TL_2016,5.0,4.0,0.0,off,"Washburn_County_DEM_Metadata.xml: ...from April 12, 2016 through April 14, 2016 in four total lifts. Acquisition occurred with leaves absent from deciduous trees, when no snow was present on the groun..."
https://prd-tnm.s3.amazonaws.com/index.html?prefix=StagedProducts/Elevation/metadata/WI_Waushara_2017_C19/WI_Waushara_2017,3.0,3.0,0.0,off,"55137_Waushara_Co_WI_Lidar_Project.xml: ...in the Fall of 2017, with no snow, water at normal levels without unusual inundation, and leaf off conditions. In order to post process the LiDAR data to meet..."
https://prd-tnm.s3.amazonaws.com/index.html?prefix=StagedProducts/Elevation/metadata/WI_Winnebago_County_2014_A16/WI_Winnebago_2014,6.0,0.0,0.0,,
https://prd-tnm.s3.amazonaws.com/index.html?prefix=StagedProducts/Elevation/metadata/WI_Winnebago_County_2014_A16/WI_Winnebago_TL_2014,6.0,0.0,0.0,,
https://prd-tnm.s3.amazonaws.com/index.html?prefix=StagedProducts/Elevation/metadata/WV_FEMA_R3_East_Lidar_2016_D16/WV_FEMA-R3-East_2016,7.0,0.0,0.0,,
https://prd-tnm.s3.amazonaws.com/index.html?prefix=StagedProducts/Elevation/metadata/WY_Carbon_2015/WY_Carbon_2015,5.0,0.0,0.0,,
https://prd-tnm.s3.amazonaws.com/index.html?prefix=StagedProducts/Elevation/metadata/WY_Casper-Natrona/WY_Casper-Natrona_2015,8.0,0.0,0.0,,
https://prd-tnm.s3.amazonaws.com/index.html?prefix=StagedProducts/Elevation/metadata/WY_Grand_Teton_and_National_Elk_Refuge_LiDAR_15/WY_GrandTetonElkRefuge_2014,0.0,0.0,0.0,,
https://prd-tnm.s3.amazonaws.com/index.html?prefix=StagedProducts/Elevation/metadata/Contributed_ILDOT_District_7_QL3/IL_District7_Lawrence_2014,0.0,0.0,0.0,,
https://prd-tnm.s3.amazonaws.com/index.html?prefix=StagedProducts/Elevation/metadata/Contributed_ILDOT_District_7_QL3/IL_District7-Coles_2014,5.0,0.0,0.0,,
https://prd-tnm.s3.amazonaws.com/index.html?prefix=StagedProducts/Elevation/metadata/NJ_New_Jersey_SANDY_LiDAR_15/NJ_SdL5_2014,8.0,8.0,0.0,off,USGS_NJ_Sandy_Recovery_Lidar_DEM_IMG.xml: ...less than 2GB. Ground conditions: Water at normal levels; no unusual inundation; no snow; leaf off. The tide window requirements for the lidar data acquisitio...
https://prd-tnm.s3.amazonaws.com/index.html?prefix=StagedProducts/Elevation/metadata/Long_Island_NY_SANDY_LiDAR/NY_LI19_2014/,0.0,0.0,0.0,,
https://prd-tnm.s3.amazonaws.com/index.html?prefix=StagedProducts/Elevation/metadata/legacy/US_MEXICANBORDER_UTM13_2007,3.0,0.0,0.0,,
https://prd-tnm.s3.amazonaws.com/index.html?prefix=StagedProducts/Elevation/metadata/legacy/US_MEXICANBORDER_UTM14_2007,3.0,0.0,0.0,,
https://prd-tnm.s3.amazonaws.com/index.html?prefix=StagedProducts/Elevation/metadata/UT_StateWide_2018_A18/UT_Brianhead_2018,8.0,0.0,0.0,,
https://prd-tnm.s3.amazonaws.com/index.html?prefix=StagedProducts/Elevation/metadata/UT_FishSprings_TB_D22/UT_FishSprings_Topobathymetric_D22,8.0,0.0,0.0,,
https://prd-tnm.s3.amazonaws.com/index.html?prefix=StagedProducts/Elevation/metadata/UT_FEMA_FS_FlamingGorge_2020_B20/UT_FlamingGorge_1_2020,5.0,0.0,0.0,,
https://prd-tnm.s3.amazonaws.com/index.html?prefix=StagedProducts/Elevation/metadata/UT_FEMA_FS_FlamingGorge_2020_B20/UT_FlamingGorge_2_2020,8.0,0.0,0.0,,
https://prd-tnm.s3.amazonaws.com/index.html?prefix=StagedProducts/Elevation/metadata/UT_FEMA_FS_FlamingGorge_2020_B20/UT_FlamingGorge_3_2020,4.0,0.0,0.0,,
https://prd-tnm.s3.amazonaws.com/index.html?prefix=StagedProducts/Elevation/metadata/UT_FEMA_FS_FlamingGorge_2020_B20/UT_FlamingGorge_4_2020,8.0,0.0,0.0,,
https://prd-tnm.s3.amazonaws.com/index.html?prefix=StagedProducts/Elevation/metadata/UT_FEMA_FS_FlamingGorge_2020_B20/UT_FlamingGorge_5_2020,5.0,0.0,0.0,,
https://prd-tnm.s3.amazonaws.com/index.html?prefix=StagedProducts/Elevation/metadata/UT_StatewideKane_2020_A20/UT_KaneCo_2019,8.0,0.0,0.0,,
https://prd-tnm.s3.amazonaws.com/index.html?prefix=StagedProducts/Elevation/metadata/legacy/UT_OGDEN-FEMA_2011,1.0,0.0,0.0,,
https://prd-tnm.s3.amazonaws.com/index.html?prefix=StagedProducts/Elevation/metadata/UT_StatewideCenSouth_2020_A20/UT_StatewideCenSouth_1_2020,8.0,0.0,0.0,,
https://prd-tnm.s3.amazonaws.com/index.html?prefix=StagedProducts/Elevation/metadata/UT_StatewideCenSouth_2020_A20/UT_StatewideCenSouth_2_2020,7.0,0.0,0.0,,
https://prd-tnm.s3.amazonaws.com/index.html?prefix=StagedProducts/Elevation/metadata/UT_StatewideCenSouth_2020_A20/UT_StatewideCenSouth_3_2020,4.0,0.0,0.0,,
https://prd-tnm.s3.amazonaws.com/index.html?prefix=StagedProducts/Elevation/metadata/UT_StatewideNCentral_2020_A20/UT_StatewideNCentral_1_2020,8.0,0.0,0.0,,
https://prd-tnm.s3.amazonaws.com/index.html?prefix=StagedProducts/Elevation/metadata/UT_StatewideNCentral_2020_A20/UT_StatewideNCentral_3_2020,8.0,0.0,0.0,,
https://prd-tnm.s3.amazonaws.com/index.html?prefix=StagedProducts/Elevation/metadata/UT_StatewideNCentral_2020_A20/UT_StatewideNCentral_4_2020,7.0,0.0,0.0,,
https://prd-tnm.s3.amazonaws.com/index.html?prefix=StagedProducts/Elevation/metadata/UT_StatewideSouth_2020_A20/UT_StatewideSouth_1_2020,8.0,0.0,0.0,,
https://prd-tnm.s3.amazonaws.com/index.html?prefix=StagedProducts/Elevation/metadata/UT_StatewideSouth_2020_A20/UT_StatewideSouth_2_2020,8.0,0.0,0.0,,
https://prd-tnm.s3.amazonaws.com/index.html?prefix=StagedProducts/Elevation/metadata/UT_StatewideSouth_2020_A20/UT_StatewideSouth_3_2020,8.0,0.0,0.0,,
https://prd-tnm.s3.amazonaws.com/index.html?prefix=StagedProducts/Elevation/metadata/UT_WestEast_B22/UT_WestEast_2_B22,4.0,0.0,0.0,,
https://prd-tnm.s3.amazonaws.com/index.html?prefix=StagedProducts/Elevation/metadata/UT_WestEast_B22/UT_WestEast_4_B22,6.0,0.0,0.0,,
https://prd-tnm.s3.amazonaws.com/index.html?prefix=StagedProducts/Elevation/metadata/UT_WestEast_B22/UT_WestEast_5_B22,4.0,0.0,0.0,,
https://prd-tnm.s3.amazonaws.com/index.html?prefix=StagedProducts/Elevation/metadata/UT_WestEast_B22/UT_WestEast_6_B22,4.0,0.0,0.0,,
https://prd-tnm.s3.amazonaws.com/index.html?prefix=StagedProducts/Elevation/metadata/UT_WestEast_B22/UT_WestEast_7_B22,4.0,0.0,0.0,,
https://prd-tnm.s3.amazonaws.com/index.html?prefix=StagedProducts/Elevation/metadata/UT_WestEast_B22/UT_WestEast_8_B22,6.0,0.0,0.0,,
https://prd-tnm.s3.amazonaws.com/index.html?prefix=StagedProducts/Elevation/metadata/legacy/VA-WV-MD_FEMA_REGION3_UTM17_2012,3.0,0.0,0.0,,
https://prd-tnm.s3.amazonaws.com/index.html?prefix=StagedProducts/Elevation/metadata/legacy/VA-WV-MD_FEMA_REGION3_UTM18_2012,2.0,0.0,0.0,,
https://prd-tnm.s3.amazonaws.com/index.html?prefix=StagedProducts/Elevation/metadata/legacy/VA-WV_SHENANDOAHVALLEY_2011,5.0,0.0,0.0,,
https://prd-tnm.s3.amazonaws.com/index.html?prefix=StagedProducts/Elevation/metadata/VA_ChesapeakeBay_2015/VA_ChesapeakeBaySouth_2015,8.0,0.0,0.0,,
https://prd-tnm.s3.amazonaws.com/index.html?prefix=StagedProducts/Elevation/metadata/legacy/VA_EASTERNSHORE_2010,3.0,0.0,0.0,,
https://prd-tnm.s3.amazonaws.com/index.html?prefix=StagedProducts/Elevation/metadata/legacy/VA_FEMA_KINGWILLIAMCO_2011,6.0,0.0,0.0,,
https://prd-tnm.s3.amazonaws.com/index.html?prefix=StagedProducts/Elevation/metadata/legacy/VA_FEMA_MIDDLECOUNTIES_2011,2.0,0.0,0.0,,
https://prd-tnm.s3.amazonaws.com/index.html?prefix=StagedProducts/Elevation/metadata/legacy/VA_FEMA_NORTHCOUNTIES_2011,5.0,0.0,0.0,,
https://prd-tnm.s3.amazonaws.com/index.html?prefix=StagedProducts/Elevation/metadata/legacy/VA_FEMA_SOUTHCOUNTIES_2011,3.0,0.0,0.0,,
https://prd-tnm.s3.amazonaws.com/index.html?prefix=StagedProducts/Elevation/metadata/legacy/VA_FEMA_SOUTHAMPTONCO_2012,5.0,0.0,0.0,,
https://prd-tnm.s3.amazonaws.com/index.html?prefix=StagedProducts/Elevation/metadata/FEMA_Virginia_LiDAR/VA_FEMA_SOUTHERNCITIES_2011,7.0,0.0,0.0,,
https://prd-tnm.s3.amazonaws.com/index.html?prefix=StagedProducts/Elevation/metadata/legacy/VA_LOUDOUNCO_2012,3.0,0.0,0.0,,
https://prd-tnm.s3.amazonaws.com/index.html?prefix=StagedProducts/Elevation/metadata/legacy/VA_LOUISACO_2012,4.0,0.0,0.0,,
https://prd-tnm.s3.amazonaws.com/index.html?prefix=StagedProducts/Elevation/metadata/legacy/VA_NRCS-LOT2_2011,3.0,0.0,0.0,,
https://prd-tnm.s3.amazonaws.com/index.html?prefix=StagedProducts/Elevation/metadata/VA_NorthernShenandoah_2020_D20/VA_NShenandoah_1_2020,6.0,3.0,0.0,off,"VA_NorthernShenandoah_2020_D20_DEM_XML_Metadata_UTM.xml: ...e between the aircraft and ground, 2) Snow free, 3) No unusual flooding or inundation, 4) Leaf off. Terrasurv, Inc. 20210629 USGS Shenandoah control report Ve..."
https://prd-tnm.s3.amazonaws.com/index.html?prefix=StagedProducts/Elevation/metadata/VA_NorthernVA_B22/VA_NorthernVA_1_B22,6.0,0.0,0.0,,
https://prd-tnm.s3.amazonaws.com/index.html?prefix=StagedProducts/Elevation/metadata/VA_NorthernVA_B22/VA_NorthernVA_2_B22,5.0,0.0,0.0,,
https://prd-tnm.s3.amazonaws.com/index.html?prefix=StagedProducts/Elevation/metadata/VA_NorthernVA_B22/VA_NorthernVA_3_B22,7.0,0.0,0.0,,
https://prd-tnm.s3.amazonaws.com/index.html?prefix=StagedProducts/Elevation/metadata/VA_FEMA-NRCS_SouthCentral_2017_D17/VA_South_Central_B1_2017,8.0,0.0,0.0,,
https://prd-tnm.s3.amazonaws.com/index.html?prefix=StagedProducts/Elevation/metadata/VA_FEMA-NRCS_SouthCentral_2017_D17/VA_South_Central_B2_2017,6.0,0.0,0.0,,
https://prd-tnm.s3.amazonaws.com/index.html?prefix=StagedProducts/Elevation/metadata/VA_FEMA-NRCS_SouthCentral_2017_D17/VA_South_Central_B3_2017,3.0,0.0,0.0,,
https://prd-tnm.s3.amazonaws.com/index.html?prefix=StagedProducts/Elevation/metadata/VA_SouthamptonHenricoWMBG_2019_B19/VA_SouthamptonHenricoWMBG_1_2019,8.0,3.0,0.0,off,"VA_SouthamptonHenricoWMBG_2019_B19_DEM_XML_Metadata_UTM17.xml: ...tween the aircraft and ground, 2) Snow free, 3) No unusual flooding or inundation, and 4) Leaf off. The lidar collection for the VA_SouthamptonHenricoWMBG_201..."
https://prd-tnm.s3.amazonaws.com/index.html?prefix=StagedProducts/Elevation/metadata/VA_UpperMiddleNeck_2018_D18/VA_UpperMiddleNeckQL1_B1_2018,7.0,3.0,0.0,off,"VA_UpperMiddleNeck_2018_D18_DEM_XML_Metadata_Albers.xml: ...e between the aircraft and ground, 2) Snow free, 3) No unusual flooding or inundation, 4) Leaf off, and 5) Tidally impacted waters collected at MLW +/- 2 hour..."
https://prd-tnm.s3.amazonaws.com/index.html?prefix=StagedProducts/Elevation/metadata/VA_UpperMiddleNeck_2018_D18/VA_UpperMiddleNeckQL2_B2_2018,8.0,0.0,0.0,,
https://prd-tnm.s3.amazonaws.com/index.html?prefix=StagedProducts/Elevation/metadata/VA_UpperMiddleNeck_2018_D18/VA_UpperMiddleNeck_Mod_2018,8.0,3.0,0.0,off,"VA_UpperMiddleNeck_2018_D18_DEM_XML_Metadata_UTM18_QL2.xml: ...e between the aircraft and ground, 2) Snow free, 3) No unusual flooding or inundation, 4) Leaf off, and 5) Tidally impacted waters collected at MLW +/- 2 hour..."
https://prd-tnm.s3.amazonaws.com/index.html?prefix=StagedProducts/Elevation/metadata/VA_West_Chesapeake_Bay_Watershed_Lidar_2017_B17/VA_West_Chesapeake_B1_2017,7.0,0.0,0.0,,
https://prd-tnm.s3.amazonaws.com/index.html?prefix=StagedProducts/Elevation/metadata/VA_West_Chesapeake_Bay_Watershed_Lidar_2017_B17/VA_West_Chesapeake_B2_2017,8.0,0.0,0.0,,
https://prd-tnm.s3.amazonaws.com/index.html?prefix=StagedProducts/Elevation/metadata/legacy/VT_MISSISQUOI_2010,3.0,0.0,0.0,,
https://prd-tnm.s3.amazonaws.com/index.html?prefix=StagedProducts/Elevation/metadata/legacy/VT_ROCKRIVER_2008,3.0,0.0,0.0,,
https://prd-tnm.s3.amazonaws.com/index.html?prefix=StagedProducts/Elevation/metadata/VT_Statewide_A23/VT_Statewide_1_A23,8.0,0.0,0.0,,
https://prd-tnm.s3.amazonaws.com/index.html?prefix=StagedProducts/Elevation/metadata/VT_Statewide_A23/VT_Statewide_2_A23,4.0,0.0,0.0,,
https://prd-tnm.s3.amazonaws.com/index.html?prefix=StagedProducts/Elevation/metadata/WA_CentralWildfire_D22/WA_CentralWildfire_1_D22,8.0,0.0,0.0,,
https://prd-tnm.s3.amazonaws.com/index.html?prefix=StagedProducts/Elevation/metadata/WA_CentralWildfire_D22/WA_CentralWildfire_2_D22,6.0,0.0,0.0,,
https://prd-tnm.s3.amazonaws.com/index.html?prefix=StagedProducts/Elevation/metadata/WA_ChehalisRiverTB_D23/WA_ChehalisRiverTB_Topobathy_1_D23,8.0,0.0,0.0,,
https://prd-tnm.s3.amazonaws.com/index.html?prefix=StagedProducts/Elevation/metadata/WA_ColumbiaValley_2018_D19/WA_ColumbiaValley_1_2018,5.0,0.0,0.0,,
https://prd-tnm.s3.amazonaws.com/index.html?prefix=StagedProducts/Elevation/metadata/WA_ColumbiaValley_2018_D19/WA_ColumbiaValley_2_2018,6.0,0.0,0.0,,
https://prd-tnm.s3.amazonaws.com/index.html?prefix=StagedProducts/Elevation/metadata/WA_ColumbiaValley_2018_D19/WA_ColumbiaValley_3_2018,5.0,0.0,0.0,,
https://prd-tnm.s3.amazonaws.com/index.html?prefix=StagedProducts/Elevation/metadata/WA_DNR_3DEP_Processing_2019_D20/WA_DNR_3DEP_Processing_1_2019,8.0,0.0,0.0,,
https://prd-tnm.s3.amazonaws.com/index.html?prefix=StagedProducts/Elevation/metadata/WA_EasternCascades_2019_B19/WA_EasternCascades_1_2019,5.0,0.0,0.0,,
https://prd-tnm.s3.amazonaws.com/index.html?prefix=StagedProducts/Elevation/metadata/WA_EasternCascades_2019_B19/WA_EasternCascades_2_2019,6.0,0.0,0.0,,
https://prd-tnm.s3.amazonaws.com/index.html?prefix=StagedProducts/Elevation/metadata/WA_EasternCascades_2019_B19/WA_EasternCascades_3_2019,5.0,0.0,0.0,,
https://prd-tnm.s3.amazonaws.com/index.html?prefix=StagedProducts/Elevation/metadata/WA_EasternCascades_2019_B19/WA_EasternCascades_4_2019,6.0,0.0,0.0,,
https://prd-tnm.s3.amazonaws.com/index.html?prefix=StagedProducts/Elevation/metadata/WA_EasternCascades_2019_B19/WA_EasternCascades_5_2019,5.0,0.0,0.0,,
https://prd-tnm.s3.amazonaws.com/index.html?prefix=StagedProducts/Elevation/metadata/WA_EasternCascades_2019_B19/WA_EasternCascades_6_2019,5.0,0.0,0.0,,
https://prd-tnm.s3.amazonaws.com/index.html?prefix=StagedProducts/Elevation/metadata/legacy/WA_ELWHARIVER_2012,5.0,0.0,0.0,,
https://prd-tnm.s3.amazonaws.com/index.html?prefix=StagedProducts/Elevation/metadata/WA_FEMAHQ_2018_D18/WA_FEMAHQ_B1_QL1_2018,2.0,0.0,0.0,,
https://prd-tnm.s3.amazonaws.com/index.html?prefix=StagedProducts/Elevation/metadata/WA_FEMAHQ_2018_D18/WA_FEMAHQ_B1_QL2_2018,8.0,0.0,0.0,,
https://prd-tnm.s3.amazonaws.com/index.html?prefix=StagedProducts/Elevation/metadata/WA_FEMAHQ_2018_D18/WA_FEMAHQ_B2B_2018,8.0,0.0,0.0,,
https://prd-tnm.s3.amazonaws.com/index.html?prefix=StagedProducts/Elevation/metadata/WA_FEMAHQ_2018_D18/WA_FEMAHQ_B2C_2018,6.0,0.0,0.0,,
https://prd-tnm.s3.amazonaws.com/index.html?prefix=StagedProducts/Elevation/metadata/WA_KingCounty_2021_B21/WA_KingCo_1_2021,7.0,0.0,0.0,,
https://prd-tnm.s3.amazonaws.com/index.html?prefix=StagedProducts/Elevation/metadata/legacy/WA_KITTITASCOUNTY_2011,4.0,0.0,0.0,,
https://prd-tnm.s3.amazonaws.com/index.html?prefix=StagedProducts/Elevation/metadata/WA_Nisqually_TopoBathy_2020_D20/WA_Nisqually_Bathymetric_2020,8.0,0.0,0.0,,
https://prd-tnm.s3.amazonaws.com/index.html?prefix=StagedProducts/Elevation/metadata/WA_Nisqually_TopoBathy_2020_D20/WA_Nisqually_TopoBathy_1_2020,8.0,0.0,0.0,,
https://prd-tnm.s3.amazonaws.com/index.html?prefix=StagedProducts/Elevation/metadata/WA_NorthCentral_2021_B21/WA_NorthCentral_1_2021,5.0,0.0,0.0,,
https://prd-tnm.s3.amazonaws.com/index.html?prefix=StagedProducts/Elevation/metadata/WA_NorthCentral_2021_B21/WA_NorthCentral_2_2021,5.0,0.0,0.0,,
https://prd-tnm.s3.amazonaws.com/index.html?prefix=StagedProducts/Elevation/metadata/WA_NorthCentral_2021_B21/WA_NorthCentral_3_2021,5.0,0.0,0.0,,
https://prd-tnm.s3.amazonaws.com/index.html?prefix=StagedProducts/Elevation/metadata/WA_NorthEast_B22/WA_NorthEast_1_B22,6.0,0.0,0.0,,
https://prd-tnm.s3.amazonaws.com/index.html?prefix=StagedProducts/Elevation/metadata/WA_NorthEast_B22/WA_NorthEast_2_B22,5.0,0.0,0.0,,
https://prd-tnm.s3.amazonaws.com/index.html?prefix=StagedProducts/Elevation/metadata/WA_Pasco_2020_D20/WA_Pasco_1_2020,6.0,0.0,0.0,,
https://prd-tnm.s3.amazonaws.com/index.html?prefix=StagedProducts/Elevation/metadata/WA_PierceCounty_2020_A20/WA_PierceCounty_1_2020,7.0,0.0,0.0,,
https://prd-tnm.s3.amazonaws.com/index.html?prefix=StagedProducts/Elevation/metadata/WA_ThurstonCounty_2021_B21/WA_ThurstonCo_1_2021,8.0,0.0,0.0,,
https://prd-tnm.s3.amazonaws.com/index.html?prefix=StagedProducts/Elevation/metadata/WI_12County_B22/WI_12County_10_B22,6.0,0.0,0.0,,
https://prd-tnm.s3.amazonaws.com/index.html?prefix=StagedProducts/Elevation/metadata/WI_12County_B22/WI_12County_11_B22,5.0,0.0,0.0,,
https://prd-tnm.s3.amazonaws.com/index.html?prefix=StagedProducts/Elevation/metadata/WI_12County_B22/WI_12County_12_B22,5.0,0.0,0.0,,
https://prd-tnm.s3.amazonaws.com/index.html?prefix=StagedProducts/Elevation/metadata/WI_12County_B22/WI_12County_1_B22,6.0,0.0,0.0,,
https://prd-tnm.s3.amazonaws.com/index.html?prefix=StagedProducts/Elevation/metadata/WI_12County_B22/WI_12County_2_B22,6.0,0.0,0.0,,
https://prd-tnm.s3.amazonaws.com/index.html?prefix=StagedProducts/Elevation/metadata/WI_12County_B22/WI_12County_3_B22,6.0,0.0,0.0,,
https://prd-tnm.s3.amazonaws.com/index.html?prefix=StagedProducts/Elevation/metadata/WI_12County_B22/WI_12County_4_B22,5.0,0.0,0.0,,
https://prd-tnm.s3.amazonaws.com/index.html?prefix=StagedProducts/Elevation/metadata/WI_12County_B22/WI_12County_5_B22,5.0,0.0,0.0,,
https://prd-tnm.s3.amazonaws.com/index.html?prefix=StagedProducts/Elevation/metadata/WI_12County_B22/WI_12County_6_B22,6.0,0.0,0.0,,
https://prd-tnm.s3.amazonaws.com/index.html?prefix=StagedProducts/Elevation/metadata/WI_12County_B22/WI_12County_7_B22,6.0,0.0,0.0,,
https://prd-tnm.s3.amazonaws.com/index.html?prefix=StagedProducts/Elevation/metadata/WI_12County_B22/WI_12County_8_B22,7.0,0.0,0.0,,
https://prd-tnm.s3.amazonaws.com/index.html?prefix=StagedProducts/Elevation/metadata/WI_12County_B22/WI_12County_9_B22,5.0,0.0,0.0,,
https://prd-tnm.s3.amazonaws.com/index.html?prefix=StagedProducts/Elevation/metadata/WI_2County_B23/WI_2County_1_B23,6.0,0.0,0.0,,
https://prd-tnm.s3.amazonaws.com/index.html?prefix=StagedProducts/Elevation/metadata/WI_2County_B23/WI_2County_2_B23,5.0,0.0,0.0,,
https://prd-tnm.s3.amazonaws.com/index.html?prefix=StagedProducts/Elevation/metadata/WI_8County_2020_A20/WI_8County_Chippewa_2020,4.0,2.0,0.0,off,"Chippewa_Co_WI_DEM.xml: ...and SN1264 from April 30, 2020 to May 7, 2020 in 4 total lifts. Acquisition occurred with leaves absent from deciduous trees, when no snow was present on the groun..."
https://prd-tnm.s3.amazonaws.com/index.html?prefix=StagedProducts/Elevation/metadata/WI_8County_2020_A20/WI_8County_Columbia_2020,4.0,2.0,0.0,off,"Columbia_Co_WI_DEM.xml: ... SN1264 from April 11, 2020 to April 18, 2020 in 2 total lifts. Acquisition occurred with leaves absent from deciduous trees, when no snow was present on the groun..."
https://prd-tnm.s3.amazonaws.com/index.html?prefix=StagedProducts/Elevation/metadata/WI_8County_2020_A20/WI_8County_EauClaire_2020,4.0,2.0,0.0,off,"Eau_Claire_Co_WI_DEM.xml: ...and SN1264 from April 30, 2020 to May 7, 2020 in 4 total lifts. Acquisition occurred with leaves absent from deciduous trees, when no snow was present on the groun..."
https://prd-tnm.s3.amazonaws.com/index.html?prefix=StagedProducts/Elevation/metadata/WI_8County_2020_A20/WI_8County_Grant_2020,8.0,2.0,0.0,off,"Grant_Co_WI_DEM.xml: ... SN1264 from April 19, 2020 to April 30, 2020 in 5 total lifts. Acquisition occurred with leaves absent from deciduous trees, when no snow was present on the groun..."
https://prd-tnm.s3.amazonaws.com/index.html?prefix=StagedProducts/Elevation/metadata/WI_8County_2020_A20/WI_8County_Menominee_2020,7.0,2.0,0.0,off,"Menominee_Co_WI_DEM.xml: ... SN8239 from April 25, 2020 to April 30, 2020 in 2 total lifts. Acquisition occurred with leaves absent from deciduous trees, when no snow was present on the groun..."
https://prd-tnm.s3.amazonaws.com/index.html?prefix=StagedProducts/Elevation/metadata/WI_8County_2020_A20/WI_8County_Rock_2020,4.0,2.0,0.0,off,"Rock_Co_WI_DEM.xml: ...er 4040 from April 16, 2020 to April 26, 2020 in 5 total lifts. Acquisition occurred with leaves absent from deciduous trees, when no snow was present on the groun..."
https://prd-tnm.s3.amazonaws.com/index.html?prefix=StagedProducts/Elevation/metadata/WI_8County_2020_A20/WI_8County_Sauk_2020,6.0,2.0,0.0,off,"Sauk_Co_WI_DEM.xml: ... SN1264 from April 11, 2020 to April 21, 2020 in 3 total lifts. Acquisition occurred with leaves absent from deciduous trees, when no snow was present on the groun..."
https://prd-tnm.s3.amazonaws.com/index.html?prefix=StagedProducts/Elevation/metadata/WI_8County_2020_A20/WI_8County_Vernon_2020,4.0,2.0,0.0,off,"Vernon_Co_WI_DEM.xml: ... SN4040 from April 18, 2020 to April 21, 2020 in 3 total lifts. Acquisition occurred with leaves absent from deciduous trees, when no snow was present on the groun..."
https://prd-tnm.s3.amazonaws.com/index.html?prefix=StagedProducts/Elevation/metadata/WI_Statewide_2019_A19/WI_Adams_2019,4.0,2.0,0.0,off,"Adams_Co_WI_DEM.xml: ...SN 8146 from April 21, 2019 to April 23, 2019 in 3 total lifts. Acquisition occurred with leaves absent from deciduous trees, when no snow was present on the groun..."
https://prd-tnm.s3.amazonaws.com/index.html?prefix=StagedProducts/Elevation/metadata/WI_AshlandIronFlorence_2019_D19/WI_Ashland_1_2019,6.0,0.0,0.0,,
https://prd-tnm.s3.amazonaws.com/index.html?prefix=StagedProducts/Elevation/metadata/WI_AshlandIronFlorence_2019_D19/WI_Ashland_4_2019,6.0,0.0,0.0,,
https://prd-tnm.s3.amazonaws.com/index.html?prefix=StagedProducts/Elevation/metadata/WI_BrownRusk_2020_B20/WI_Brown_2_2020,5.0,0.0,0.0,,
https://prd-tnm.s3.amazonaws.com/index.html?prefix=StagedProducts/Elevation/metadata/WI_Statewide_2018_A18/WI_Calumet_2018,8.0,2.0,0.0,off,"CalumetCo_WI_DEM.xml: ...sor from May 13, 2018 through May 16, 2018 in four total lifts. Acquisition occurred with leaves absent from deciduous trees, when no snow was present on the groun..."
https://prd-tnm.s3.amazonaws.com/index.html?prefix=StagedProducts/Elevation/metadata/WI_Statewide_2018_A18/WI_Clark_2018,2.0,2.0,0.0,off,"ClarkCo_WI_DEM.xml: ...nsor from May 5, 2018 through May 12, 2018 in nine total lifts. Acquisition occurred with leaves absent from deciduous trees, when no snow was present on the groun..."
https://prd-tnm.s3.amazonaws.com/index.html?prefix=StagedProducts/Elevation/metadata/WI_Statewide_2018_A18/WI_Clark_TL_2018,2.0,2.0,0.0,off,"ClarkCo_WI_DEM.xml: ...nsor from May 5, 2018 through May 12, 2018 in nine total lifts. Acquisition occurred with leaves absent from deciduous trees, when no snow was present on the groun..."
https://prd-tnm.s3.amazonaws.com/index.html?prefix=StagedProducts/Elevation/metadata/WI_4CountyStatewide_2017_A17/WI_DaneCo_2017,8.0,4.0,0.0,off,"Dane County_DEM.xml: ...rom March 21, 2017 through March 22, 2017 in seven total lifts. Acquisition occurred with leaves absent from deciduous trees, when no snow was present on the groun..."
https://prd-tnm.s3.amazonaws.com/index.html?prefix=StagedProducts/Elevation/metadata/WI_AshlandIronFlorence_2019_D19/WI_Florence_3_2019,6.0,0.0,0.0,,
https://prd-tnm.s3.amazonaws.com/index.html?prefix=StagedProducts/Elevation/metadata/WI_AshlandIronFlorence_2019_D19/WI_Florence_6_2019,6.0,0.0,0.0,,
https://prd-tnm.s3.amazonaws.com/index.html?prefix=StagedProducts/Elevation/metadata/WI_Statewide_2018_A18/WI_FondduLac_2018,5.0,2.0,0.0,off,"FDLCo_WI_DEM.xml: ...nsor from May 5, 2018 through May 7, 2018 in seven total lifts. Acquisition occurred with leaves absent from deciduous trees, when no snow was present on the groun..."
https://prd-tnm.s3.amazonaws.com/index.html?prefix=StagedProducts/Elevation/metadata/WI_Statewide_2018_A18/WI_GreenLake_2018,5.0,2.0,0.0,off,"GreenLakeCo_WI_DEM.xml: ...from April 28, 2017 through April 30, 2017 in five total lifts. Acquisition occurred with leaves absent from deciduous trees, when no snow was present on the groun..."
https://prd-tnm.s3.amazonaws.com/index.html?prefix=StagedProducts/Elevation/metadata/WI_AshlandIronFlorence_2019_D19/WI_Iron_2_2019,7.0,0.0,0.0,,
https://prd-tnm.s3.amazonaws.com/index.html?prefix=StagedProducts/Elevation/metadata/WI_AshlandIronFlorence_2019_D19/WI_Iron_5_2019,5.0,0.0,0.0,,
https://prd-tnm.s3.amazonaws.com/index.html?prefix=StagedProducts/Elevation/metadata/WI_Statewide_2019_A19/WI_Jefferson_2019,4.0,2.0,0.0,off,"Jefferson_Co_WI_DEM.xml: ...d SN061 from April 20, 2019 to April 21, 2019 in 2 total lifts. Acquisition occurred with leaves absent from deciduous trees, when no snow was present on the groun..."
https://prd-tnm.s3.amazonaws.com/index.html?prefix=StagedProducts/Elevation/metadata/WI_Statewide_2019_A19/WI_Lafayette_2019,4.0,2.0,0.0,off,"Lafayette_Co_WI_DEM.xml: ... Riegl VQ 1560i SN061 Sensor on April 8, 2019 in 2 total lifts. Acquisition occurred with leaves absent from deciduous trees, when no snow was present on the groun..."
https://prd-tnm.s3.amazonaws.com/index.html?prefix=StagedProducts/Elevation/metadata/WI_Statewide_2019_A19/WI_Monroe_2019,4.0,2.0,0.0,off,"Monroe_Co_WI_DEM.xml: ...from April 9, 2019 through April 28, 2019 in three total lifts. Acquisition occurred with leaves absent from deciduous trees, when no snow was present on the groun..."
https://prd-tnm.s3.amazonaws.com/index.html?prefix=StagedProducts/Elevation/metadata/WI_Oshkosh_3Rivers_2018_D19/WI_Oshkosh_3Rivers_B1_2018,6.0,0.0,0.0,,
https://prd-tnm.s3.amazonaws.com/index.html?prefix=StagedProducts/Elevation/metadata/WI_Oshkosh_3Rivers_2018_D19/WI_Oshkosh_3Rivers_B2_2018,8.0,0.0,0.0,,
https://prd-tnm.s3.amazonaws.com/index.html?prefix=StagedProducts/Elevation/metadata/WI_Oshkosh_3Rivers_2018_D19/WI_Oshkosh_3Rivers_FondDuLac_TL_2018,7.0,0.0,0.0,,
https://prd-tnm.s3.amazonaws.com/index.html?prefix=StagedProducts/Elevation/metadata/WI_Oshkosh_3Rivers_2018_D19/WI_Oshkosh_3Rivers_ForestCountyPotawatomi_TL_2018,7.0,0.0,0.0,,
https://prd-tnm.s3.amazonaws.com/index.html?prefix=StagedProducts/Elevation/metadata/WI_Oshkosh_3Rivers_2018_D19/WI_Oshkosh_3Rivers_Menominee_TL_2018,8.0,0.0,0.0,,
https://prd-tnm.s3.amazonaws.com/index.html?prefix=StagedProducts/Elevation/metadata/WI_Oshkosh_3Rivers_2018_D19/WI_Oshkosh_3Rivers_MilleLacs_TL_2018,0.0,0.0,0.0,,
https://prd-tnm.s3.amazonaws.com/index.html?prefix=StagedProducts/Elevation/metadata/WI_Oshkosh_3Rivers_2018_D19/WI_Oshkosh_3Rivers_StCroix_TL_2018,8.0,0.0,0.0,,
https://prd-tnm.s3.amazonaws.com/index.html?prefix=StagedProducts/Elevation/metadata/WI_Statewide_2019_A19/WI_Pepin_2019,5.0,2.0,0.0,off,"Pepin_Co_WI_DEM.xml: ...the Riegl VQ 1560i SN061 Sensor on May 4, 2019 in 1 total lift. Acquisition occurred with leaves absent from deciduous trees, when no snow was present on the groun..."
https://prd-tnm.s3.amazonaws.com/index.html?prefix=StagedProducts/Elevation/metadata/WI_Statewide_2018_A18/WI_Price_2018,5.0,2.0,0.0,off,"PriceCo_WI_DEM.xml: ...sor from May 11, 2018 through May 17, 2018 in nine total lifts. Acquisition occurred with leaves absent from deciduous trees, when no snow was present on the groun..."
https://prd-tnm.s3.amazonaws.com/index.html?prefix=StagedProducts/Elevation/metadata/WI_BrownRusk_2020_B20/WI_Rusk_1_2020,5.0,0.0,0.0,,
https://prd-tnm.s3.amazonaws.com/index.html?prefix=StagedProducts/Elevation/metadata/WI_Statewide_2021_B21/WI_StWide_1_Marinette_2021,5.0,0.0,0.0,,
https://prd-tnm.s3.amazonaws.com/index.html?prefix=StagedProducts/Elevation/metadata/WI_Statewide_2021_B21/WI_StWide_2_Pierce_2021,7.0,0.0,0.0,,
https://prd-tnm.s3.amazonaws.com/index.html?prefix=StagedProducts/Elevation/metadata/WI_Statewide_2021_B21/WI_StWide_3_Richland_2021,5.0,0.0,0.0,,
https://prd-tnm.s3.amazonaws.com/index.html?prefix=StagedProducts/Elevation/metadata/WI_Statewide_2021_B21/WI_StWide_4_StCroix_2021,5.0,0.0,0.0,,
https://prd-tnm.s3.amazonaws.com/index.html?prefix=StagedProducts/Elevation/metadata/WI_Statewide_2021_B21/WI_StWide_5_Crawford_2021,7.0,0.0,0.0,,
https://prd-tnm.s3.amazonaws.com/index.html?prefix=StagedProducts/Elevation/metadata/WI_Statewide_2021_B21/WI_StWide_6_Juneau_2021,6.0,0.0,0.0,,
https://prd-tnm.s3.amazonaws.com/index.html?prefix=StagedProducts/Elevation/metadata/WI_Statewide_2021_B21/WI_StWide_7_Kewaunee_2021,6.0,0.0,0.0,,
https://prd-tnm.s3.amazonaws.com/index.html?prefix=StagedProducts/Elevation/metadata/WI_Statewide_2021_B21/WI_StWide_8_Marathon_2021,4.0,0.0,0.0,,
https://prd-tnm.s3.amazonaws.com/index.html?prefix=StagedProducts/Elevation/metadata/legacy/WI_WASHINGTONCO_2006,0.0,0.0,0.0,,
https://prd-tnm.s3.amazonaws.com/index.html?prefix=StagedProducts/Elevation/metadata/WI_Statewide_2018_A18/WI_Waupaca_2018,8.0,2.0,0.0,off,"WaupacaCo_WI_DEM.xml: ...ensor from May 8, 2018 through May 13, 2018 in six total lifts. Acquisition occurred with leaves absent from deciduous trees, when no snow was present on the groun..."
https://prd-tnm.s3.amazonaws.com/index.html?prefix=StagedProducts/Elevation/metadata/WV_FEMAHQ_2018_D18/WV_FEMAHQ_B1_2018,5.0,0.0,0.0,,
https://prd-tnm.s3.amazonaws.com/index.html?prefix=StagedProducts/Elevation/metadata/WV_FEMAHQ_2018_D18/WV_FEMAHQ_B2_2018,6.0,0.0,0.0,,
https://prd-tnm.s3.amazonaws.com/index.html?prefix=StagedProducts/Elevation/metadata/WV_FEMAHQ_2018_D18/WV_FEMAHQ_B3_2018,5.0,0.0,0.0,,
https://prd-tnm.s3.amazonaws.com/index.html?prefix=StagedProducts/Elevation/metadata/WV_FEMAR3_Southcentral_2018_D19/WV_FEMAR3_Southcentral_B1_2018,8.0,0.0,0.0,,
https://prd-tnm.s3.amazonaws.com/index.html?prefix=StagedProducts/Elevation/metadata/WV_FEMAR3_Southcentral_2018_D19/WV_FEMAR3_Southcentral_B2_2018,8.0,0.0,0.0,,
https://prd-tnm.s3.amazonaws.com/index.html?prefix=StagedProducts/Elevation/metadata/WV_FEMAR3_Southcentral_2018_D19/WV_FEMAR3_Southcentral_B3_2018,5.0,0.0,0.0,,
https://prd-tnm.s3.amazonaws.com/index.html?prefix=StagedProducts/Elevation/metadata/WV_FEMAR3_Southcentral_2018_D19/WV_FEMAR3_Southcentral_B4_2018,7.0,0.0,0.0,,
https://prd-tnm.s3.amazonaws.com/index.html?prefix=StagedProducts/Elevation/metadata/WY_FEMA_East_2019_D19/WY_FEMA_East_B1_2019,6.0,0.0,0.0,,
https://prd-tnm.s3.amazonaws.com/index.html?prefix=StagedProducts/Elevation/metadata/WY_FEMA_East_2019_D19/WY_FEMA_East_B2_2019,7.0,0.0,0.0,,
https://prd-tnm.s3.amazonaws.com/index.html?prefix=StagedProducts/Elevation/metadata/WY_FEMA_East_2019_D19/WY_FEMA_East_B3_2019,7.0,0.0,0.0,,
https://prd-tnm.s3.amazonaws.com/index.html?prefix=StagedProducts/Elevation/metadata/WY_FEMA_East_2019_D19/WY_FEMA_East_B4_2019,7.0,0.0,0.0,,
https://prd-tnm.s3.amazonaws.com/index.html?prefix=StagedProducts/Elevation/LPC/Projects/WY_FEMA_East_2019_D19/WY_FEMA_East_B5_2019/metadata/,1.0,0.0,0.0,,
https://prd-tnm.s3.amazonaws.com/index.html?prefix=StagedProducts/Elevation/metadata/WY_FEMA_East_2019_D19/WY_FEMA_East_B6_2019,4.0,0.0,0.0,,
https://prd-tnm.s3.amazonaws.com/index.html?prefix=StagedProducts/Elevation/metadata/WY_FEMA_East_2019_D19/WY_FEMA_East_B7_2019,8.0,0.0,0.0,,
https://prd-tnm.s3.amazonaws.com/index.html?prefix=StagedProducts/Elevation/metadata/WY_FEMA_East_2019_D19/WY_FEMA_East_B8_2019,8.0,0.0,0.0,,
https://prd-tnm.s3.amazonaws.com/index.html?prefix=StagedProducts/Elevation/metadata/WY_FEMA_East_2019_D19/WY_FEMA_East_B9_2019,7.0,0.0,0.0,,
https://prd-tnm.s3.amazonaws.com/index.html?prefix=StagedProducts/Elevation/metadata/WY_GoshenCounty_2017_C20/WY_GoshenCounty_B1_2017,8.0,0.0,0.0,,
https://prd-tnm.s3.amazonaws.com/index.html?prefix=StagedProducts/Elevation/metadata/WY_GrandTetonNP_D22/WY_GrandTetonNP_1_D22,8.0,0.0,0.0,,
https://prd-tnm.s3.amazonaws.com/index.html?prefix=StagedProducts/Elevation/metadata/WY_GrandTetonNP_D22/WY_GrandTetonNP_2_D22,8.0,0.0,0.0,,
https://prd-tnm.s3.amazonaws.com/index.html?prefix=StagedProducts/Elevation/metadata/WY_GrandTetonNP_D22/WY_GrandTetonNP_3_D22,8.0,0.0,0.0,,
https://prd-tnm.s3.amazonaws.com/index.html?prefix=StagedProducts/Elevation/metadata/WY_LaramieLidar_2021_D21/WY_Laramie_1_2021,5.0,0.0,0.0,,
https://prd-tnm.s3.amazonaws.com/index.html?prefix=StagedProducts/Elevation/metadata/WY_North_Converse_2020_D20/WY_NConverse_1_2020,5.0,0.0,0.0,,
https://prd-tnm.s3.amazonaws.com/index.html?prefix=StagedProducts/Elevation/metadata/WY_North_Converse_2020_D20/WY_NConverse_2_2020,5.0,0.0,0.0,,
https://prd-tnm.s3.amazonaws.com/index.html?prefix=StagedProducts/Elevation/metadata/WY_North_Converse_2020_D20/WY_NConverse_3_2020,5.0,0.0,0.0,,
https://prd-tnm.s3.amazonaws.com/index.html?prefix=StagedProducts/Elevation/metadata/WY_North_Converse_2020_D20/WY_NConverse_4_2020,5.0,0.0,0.0,,
https://prd-tnm.s3.amazonaws.com/index.html?prefix=StagedProducts/Elevation/metadata/WY_North_Converse_2020_D20/WY_NConverse_5_2020,4.0,0.0,0.0,,
https://prd-tnm.s3.amazonaws.com/index.html?prefix=StagedProducts/Elevation/metadata/WY_North_Converse_2020_D20/WY_NConverse_6_2020,5.0,0.0,0.0,,
https://prd-tnm.s3.amazonaws.com/index.html?prefix=StagedProducts/Elevation/metadata/WY_North_Converse_2020_D20/WY_NConverse_7_2020,5.0,0.0,0.0,,
https://prd-tnm.s3.amazonaws.com/index.html?prefix=StagedProducts/Elevation/metadata/WY_Sheridan_2020_D20/WY_Sheridan_1_2020,8.0,0.0,0.0,,
https://prd-tnm.s3.amazonaws.com/index.html?prefix=StagedProducts/Elevation/metadata/WY_Sheridan_2020_D20/WY_Sheridan_2_2020,7.0,0.0,0.0,,
https://prd-tnm.s3.amazonaws.com/index.html?prefix=StagedProducts/Elevation/metadata/WY_SouthCentral_2020_D20/WY_SouthCentral_1_2020,7.0,0.0,0.0,,
https://prd-tnm.s3.amazonaws.com/index.html?prefix=StagedProducts/Elevation/metadata/WY_SouthCentral_2020_D20/WY_SouthCentral_2_2020,7.0,0.0,0.0,,
https://prd-tnm.s3.amazonaws.com/index.html?prefix=StagedProducts/Elevation/metadata/WY_SouthCentral_2020_D20/WY_SouthCentral_3_2020,7.0,0.0,0.0,,
https://prd-tnm.s3.amazonaws.com/index.html?prefix=StagedProducts/Elevation/metadata/WY_SouthCentral_2020_D20/WY_SouthCentral_4_2020,5.0,0.0,0.0,,
https://prd-tnm.s3.amazonaws.com/index.html?prefix=StagedProducts/Elevation/metadata/WY_SouthCentral_2020_D20/WY_SouthCentral_5_2020,4.0,0.0,0.0,,
https://prd-tnm.s3.amazonaws.com/index.html?prefix=StagedProducts/Elevation/metadata/WY_Southwest_2020_D20/WY_Southwest_1_2020,5.0,0.0,0.0,,
https://prd-tnm.s3.amazonaws.com/index.html?prefix=StagedProducts/Elevation/metadata/WY_Southwest_2020_D20/WY_Southwest_2_2020,7.0,0.0,0.0,,
https://prd-tnm.s3.amazonaws.com/index.html?prefix=StagedProducts/Elevation/metadata/WY_Southwest_2020_D20/WY_Southwest_3_2020,5.0,0.0,0.0,,
https://prd-tnm.s3.amazonaws.com/index.html?prefix=StagedProducts/Elevation/metadata/WY_Southwest_2020_D20/WY_Southwest_4_2020,8.0,0.0,0.0,,
https://prd-tnm.s3.amazonaws.com/index.html?prefix=StagedProducts/Elevation/metadata/WY_YellowstoneNP_2020_D20/WY_YellowstoneNP_1RF_2020,4.0,0.0,0.0,,
https://prd-tnm.s3.amazonaws.com/index.html?prefix=StagedProducts/Elevation/metadata/WY_YellowstoneNP_2020_D20/WY_YellowstoneNP_1_2020,6.0,0.0,0.0,,
https://prd-tnm.s3.amazonaws.com/index.html?prefix=StagedProducts/Elevation/metadata/WY_YellowstoneNP_2020_D20/WY_YellowstoneNP_2RF_2020,5.0,0.0,0.0,,
https://prd-tnm.s3.amazonaws.com/index.html?prefix=StagedProducts/Elevation/metadata/WY_YellowstoneNP_2020_D20/WY_YellowstoneNP_2_2020,7.0,0.0,0.0,,
https://prd-tnm.s3.amazonaws.com/index.html?prefix=StagedProducts/Elevation/metadata/WY_YellowstoneNP_2020_D20/WY_YellowstoneNP_3_2020,5.0,0.0,0.0,,
