url,result,bytes,dir,file_name
https://irma.nps.gov/DataStore/DownloadFile/733243,cached,162999,ABLI_2314392,ABLI_sp_cov.csv
https://irma.nps.gov/DataStore/DownloadFile/733244,cached,98528,ABLI_2314392,ABLI_sp_cov2.csv
https://irma.nps.gov/DataStore/DownloadFile/733245,cached,5701,ABLI_2314392,ABLI_tAA.csv
https://irma.nps.gov/DataStore/DownloadFile/733246,cached,15405,ABLI_2314392,ABLI_tAAEvents.csv
https://irma.nps.gov/DataStore/DownloadFile/733247,cached,21,ABLI_2314392,ABLI_tConnect.csv
https://irma.nps.gov/DataStore/DownloadFile/733248,cached,567,ABLI_2314392,ABLI_tGlobal.csv
https://irma.nps.gov/DataStore/DownloadFile/733249,cached,108,ABLI_2314392,ABLI_tPhotos.csv
https://irma.nps.gov/DataStore/DownloadFile/733250,cached,13284,ABLI_2314392,ABLI_tPlotEvents.csv
https://irma.nps.gov/DataStore/DownloadFile/733251,cached,62256,ABLI_2314392,ABLI_tPlotEventSpecies.csv
https://irma.nps.gov/DataStore/DownloadFile/733252,cached,15648,ABLI_2314392,ABLI_tPlots.csv
https://irma.nps.gov/DataStore/DownloadFile/733253,cached,3427,ABLI_2314392,ABLI_tProjectMetadata.csv
https://irma.nps.gov/DataStore/DownloadFile/733254,cached,36696,ABLI_2314392,ABLI_tSpecies.csv
https://irma.nps.gov/DataStore/DownloadFile/733255,cached,14896,ABLI_2314392,ABLI_xConcept_Reference_lu.csv
https://irma.nps.gov/DataStore/DownloadFile/733256,cached,160,ABLI_2314392,ABLI_xCoverClass_lu.csv
https://irma.nps.gov/DataStore/DownloadFile/733257,cached,136,ABLI_2314392,ABLI_xHeight_Class_lu.csv
https://irma.nps.gov/DataStore/DownloadFile/733258,cached,1169,ABLI_2314392,ABLI_xHydro_Regime_lu.csv
https://irma.nps.gov/DataStore/DownloadFile/733259,cached,18432,ABLI_2314392,ABLI_xLandform_lu.csv
https://irma.nps.gov/DataStore/DownloadFile/733260,cached,178,ABLI_2314392,ABLI_xLeaf_Phenology_lu.csv
https://irma.nps.gov/DataStore/DownloadFile/733261,cached,152,ABLI_2314392,ABLI_xLeaf_Type_lu.csv
https://irma.nps.gov/DataStore/DownloadFile/733262,cached,639,ABLI_2314392,ABLI_xMapUnit_lu.csv
https://irma.nps.gov/DataStore/DownloadFile/733263,cached,98,ABLI_2314392,ABLI_xParks_lu.csv
https://irma.nps.gov/DataStore/DownloadFile/733264,cached,474,ABLI_2314392,ABLI_xPhysio_Class_lu.csv
https://irma.nps.gov/DataStore/DownloadFile/733266,cached,148,ABLI_2314392,ABLI_xSoil_Drainage_lu.csv
https://irma.nps.gov/DataStore/DownloadFile/733267,cached,115,ABLI_2314392,ABLI_xSoil_Texture_lu.csv
https://irma.nps.gov/DataStore/DownloadFile/733268,cached,948,ABLI_2314392,ABLI_xState_lu.csv
https://irma.nps.gov/DataStore/DownloadFile/733269,cached,282,ABLI_2314392,ABLI_xStratum_lu.csv
https://irma.nps.gov/DataStore/DownloadFile/733270,cached,1172,ABLI_2314392,ABLI_xSurficial_Geology_lu.csv
https://irma.nps.gov/DataStore/DownloadFile/733271,cached,225,ABLI_2314392,ABLI_xTopo_Position_lu.csv
https://irma.nps.gov/DataStore/DownloadFile/733272,cached,1622,ABLI_2314392,ABLI_xVegAssociation_lu.csv
https://irma.nps.gov/DataStore/DownloadFile/733274,cached,517973,ACAD_2314393,ACAD_AA_Observations.csv
https://irma.nps.gov/DataStore/DownloadFile/733275,cached,1784,ACAD_2314393,ACAD_Geology_Classes.csv
https://irma.nps.gov/DataStore/DownloadFile/733276,cached,697,ACAD_2314393,ACAD_Jurisdictions.csv
https://irma.nps.gov/DataStore/DownloadFile/733277,cached,9119,ACAD_2314393,ACAD_Locations.csv
https://irma.nps.gov/DataStore/DownloadFile/733280,cached,686590,ACAD_2314393,ACAD_Plots-Species.csv
https://irma.nps.gov/DataStore/DownloadFile/733281,cached,187785,ACAD_2314393,ACAD_Plots.csv
https://irma.nps.gov/DataStore/DownloadFile/733285,cached,94494,AGFO_2314394,AGFO_sp_cov.csv
https://irma.nps.gov/DataStore/DownloadFile/733286,cached,22108,AGFO_2314394,AGFO_tAA.csv
https://irma.nps.gov/DataStore/DownloadFile/733287,cached,36475,AGFO_2314394,AGFO_tAAEvents.csv
https://irma.nps.gov/DataStore/DownloadFile/733288,cached,21,AGFO_2314394,AGFO_tConnect.csv
https://irma.nps.gov/DataStore/DownloadFile/733289,cached,567,AGFO_2314394,AGFO_tGlobal.csv
https://irma.nps.gov/DataStore/DownloadFile/733290,cached,108,AGFO_2314394,AGFO_tPhotos.csv
https://irma.nps.gov/DataStore/DownloadFile/733291,cached,16773,AGFO_2314394,AGFO_tPlotEvents.csv
https://irma.nps.gov/DataStore/DownloadFile/733292,cached,34443,AGFO_2314394,AGFO_tPlotEventSpecies.csv
https://irma.nps.gov/DataStore/DownloadFile/733293,cached,10828,AGFO_2314394,AGFO_tPlots.csv
https://irma.nps.gov/DataStore/DownloadFile/733294,cached,2253,AGFO_2314394,AGFO_tProjectMetadata.csv
https://irma.nps.gov/DataStore/DownloadFile/733295,cached,15086,AGFO_2314394,AGFO_tSpecies.csv
https://irma.nps.gov/DataStore/DownloadFile/733296,cached,14896,AGFO_2314394,AGFO_xConcept_Reference_lu.csv
https://irma.nps.gov/DataStore/DownloadFile/733297,cached,105,AGFO_2314394,AGFO_xCoverClass_lu.csv
https://irma.nps.gov/DataStore/DownloadFile/733298,cached,186,AGFO_2314394,AGFO_xHeight_Class_lu.csv
https://irma.nps.gov/DataStore/DownloadFile/733299,cached,1180,AGFO_2314394,AGFO_xHydro_Regime_lu.csv
https://irma.nps.gov/DataStore/DownloadFile/733300,cached,18442,AGFO_2314394,AGFO_xLandform_lu.csv
https://irma.nps.gov/DataStore/DownloadFile/733301,cached,178,AGFO_2314394,AGFO_xLeaf_Phenology_lu.csv
https://irma.nps.gov/DataStore/DownloadFile/733302,cached,152,AGFO_2314394,AGFO_xLeaf_Type_lu.csv
https://irma.nps.gov/DataStore/DownloadFile/733303,cached,941,AGFO_2314394,AGFO_xMapUnit_lu.csv
https://irma.nps.gov/DataStore/DownloadFile/733304,cached,11897,AGFO_2314394,AGFO_xParks_lu.csv
https://irma.nps.gov/DataStore/DownloadFile/733305,cached,474,AGFO_2314394,AGFO_xPhysio_Class_lu.csv
https://irma.nps.gov/DataStore/DownloadFile/733307,cached,148,AGFO_2314394,AGFO_xSoil_Drainage_lu.csv
https://irma.nps.gov/DataStore/DownloadFile/733308,cached,115,AGFO_2314394,AGFO_xSoil_Texture_lu.csv
https://irma.nps.gov/DataStore/DownloadFile/733309,cached,948,AGFO_2314394,AGFO_xState_lu.csv
https://irma.nps.gov/DataStore/DownloadFile/733310,cached,282,AGFO_2314394,AGFO_xStratum_lu.csv
https://irma.nps.gov/DataStore/DownloadFile/733311,cached,1209,AGFO_2314394,AGFO_xSurficial_Geology_lu.csv
https://irma.nps.gov/DataStore/DownloadFile/733312,cached,225,AGFO_2314394,AGFO_xTopo_Position_lu.csv
https://irma.nps.gov/DataStore/DownloadFile/733313,cached,1088,AGFO_2314394,AGFO_xVegAssociation_lu.csv
https://irma.nps.gov/DataStore/DownloadFile/733332,cached,25477,AKR_2314397,ALAG_ALAG2010garmins.csv
https://irma.nps.gov/DataStore/DownloadFile/733333,cached,29880,AKR_2314397,ALAG_ALAG2010trimbles.csv
https://irma.nps.gov/DataStore/DownloadFile/733336,cached,27712,AKR_2314397,ALAG_PHOTOs_tbl_image.csv
https://irma.nps.gov/DataStore/DownloadFile/733337,cached,1755780,AKR_2314397,ALAG_REF_AKspecies.csv
https://irma.nps.gov/DataStore/DownloadFile/733338,cached,15157,AKR_2314397,ALAG_REF_ALAGwKATMLC.csv
https://irma.nps.gov/DataStore/DownloadFile/733339,cached,224,AKR_2314397,ALAG_REF_AreaSize.csv
https://irma.nps.gov/DataStore/DownloadFile/733340,cached,122,AKR_2314397,ALAG_REF_BoundaryDistinctness.csv
https://irma.nps.gov/DataStore/DownloadFile/733341,cached,174,AKR_2314397,ALAG_REF_BoundaryTopography.csv
https://irma.nps.gov/DataStore/DownloadFile/733342,cached,57,AKR_2314397,ALAG_REF_Camera.csv
https://irma.nps.gov/DataStore/DownloadFile/733343,cached,443,AKR_2314397,ALAG_REF_DatasheetLC.csv
https://irma.nps.gov/DataStore/DownloadFile/733344,cached,539,AKR_2314397,ALAG_REF_Horizons.csv
https://irma.nps.gov/DataStore/DownloadFile/733345,cached,63,AKR_2314397,ALAG_REF_Hydrologic.csv
https://irma.nps.gov/DataStore/DownloadFile/733346,cached,4203,AKR_2314397,ALAG_REF_KATM_PlantAs.csv
https://irma.nps.gov/DataStore/DownloadFile/733347,cached,1456,AKR_2314397,ALAG_REF_KATMLCclass.csv
https://irma.nps.gov/DataStore/DownloadFile/733348,cached,1074,AKR_2314397,ALAG_REF_LandformsFeatures.csv
https://irma.nps.gov/DataStore/DownloadFile/733349,cached,371,AKR_2314397,ALAG_REF_LCgen.csv
https://irma.nps.gov/DataStore/DownloadFile/733350,cached,97,AKR_2314397,ALAG_REF_MottlesQuantity.csv
https://irma.nps.gov/DataStore/DownloadFile/733351,cached,124,AKR_2314397,ALAG_REF_MottlesSize.csv
https://irma.nps.gov/DataStore/DownloadFile/733352,cached,530,AKR_2314397,ALAG_REF_ParentMaterial.csv
https://irma.nps.gov/DataStore/DownloadFile/733353,cached,224,AKR_2314397,ALAG_REF_PAsize.csv
https://irma.nps.gov/DataStore/DownloadFile/733354,cached,179,AKR_2314397,ALAG_REF_Physiography.csv
https://irma.nps.gov/DataStore/DownloadFile/733355,cached,117,AKR_2314397,ALAG_REF_PlotType.csv
https://irma.nps.gov/DataStore/DownloadFile/733356,cached,75,AKR_2314397,ALAG_REF_RootAbundance.csv
https://irma.nps.gov/DataStore/DownloadFile/733357,cached,100,AKR_2314397,ALAG_REF_RootSize.csv
https://irma.nps.gov/DataStore/DownloadFile/733358,cached,322,AKR_2314397,ALAG_REF_Soil_Colour.csv
https://irma.nps.gov/DataStore/DownloadFile/733359,cached,63,AKR_2314397,ALAG_REF_SoilMoisture.csv
https://irma.nps.gov/DataStore/DownloadFile/733360,cached,50,AKR_2314397,ALAG_REF_SurfaceWater.csv
https://irma.nps.gov/DataStore/DownloadFile/733361,cached,301,AKR_2314397,ALAG_REF_TextureClasses.csv
https://irma.nps.gov/DataStore/DownloadFile/733362,cached,6686,AKR_2314397,ALAG_REF_Viereck.csv
https://irma.nps.gov/DataStore/DownloadFile/733363,cached,3298,AKR_2314397,ALAG_Reminders.csv
https://irma.nps.gov/DataStore/DownloadFile/733364,cached,15425,AKR_2314397,ALAG_TBL_Cov_GRID.csv
https://irma.nps.gov/DataStore/DownloadFile/733365,cached,51031,AKR_2314397,ALAG_tbl_image.csv
https://irma.nps.gov/DataStore/DownloadFile/733366,cached,189,AKR_2314397,ALAG_tbl_image_location.csv
https://irma.nps.gov/DataStore/DownloadFile/733367,cached,1230,AKR_2314397,ALAG_tbl_image_software.csv
https://irma.nps.gov/DataStore/DownloadFile/733368,cached,81,AKR_2314397,ALAG_tbl_parent.csv
https://irma.nps.gov/DataStore/DownloadFile/733369,cached,50209,AKR_2314397,ALAG_TBL_SITE.csv
https://irma.nps.gov/DataStore/DownloadFile/733370,cached,16799,AKR_2314397,ALAG_TBL_SoilProfile.csv
https://irma.nps.gov/DataStore/DownloadFile/733371,cached,20685,AKR_2314397,ALAG_TBL_SoilSITE.csv
https://irma.nps.gov/DataStore/DownloadFile/733372,cached,1231,AKR_2314397,ALAG_TBL_Tree_Core.csv
https://irma.nps.gov/DataStore/DownloadFile/733373,cached,70775,AKR_2314397,ALAG_TBL_VegCover.csv
https://irma.nps.gov/DataStore/DownloadFile/733374,cached,12132,AKR_2314397,ALAG_xref_image_parent.csv
https://irma.nps.gov/DataStore/DownloadFile/738135,cached,175774,ALFL_2314608,LAMR_ALFL_plots.csv
https://irma.nps.gov/DataStore/DownloadFile/738136,cached,433593,ALFL_2314608,LAMR_ALFL_sp_cov.csv
https://irma.nps.gov/DataStore/DownloadFile/738137,cached,306936,ALFL_2314608,LAMR_ALFL_sp_cov2.csv
https://irma.nps.gov/DataStore/DownloadFile/738138,cached,22837,ALFL_2314608,LAMR_ALFL_tAA.csv
https://irma.nps.gov/DataStore/DownloadFile/738139,cached,52692,ALFL_2314608,LAMR_ALFL_tAAEvents.csv
https://irma.nps.gov/DataStore/DownloadFile/738140,cached,21,ALFL_2314608,LAMR_ALFL_tConnect.csv
https://irma.nps.gov/DataStore/DownloadFile/738141,cached,220,ALFL_2314608,LAMR_ALFL_tGlobal.csv
https://irma.nps.gov/DataStore/DownloadFile/738142,cached,218,ALFL_2314608,LAMR_ALFL_tPhotos.csv
https://irma.nps.gov/DataStore/DownloadFile/738143,cached,108795,ALFL_2314608,LAMR_ALFL_tPlotEvents.csv
https://irma.nps.gov/DataStore/DownloadFile/738144,cached,216007,ALFL_2314608,LAMR_ALFL_tPlotEventSpecies.csv
https://irma.nps.gov/DataStore/DownloadFile/738145,cached,81185,ALFL_2314608,LAMR_ALFL_tPlots.csv
https://irma.nps.gov/DataStore/DownloadFile/738146,cached,2306,ALFL_2314608,LAMR_ALFL_tProjectMetadata.csv
https://irma.nps.gov/DataStore/DownloadFile/738147,cached,9908,ALFL_2314608,LAMR_ALFL_tSpecies.csv
https://irma.nps.gov/DataStore/DownloadFile/738148,cached,14897,ALFL_2314608,LAMR_ALFL_xConcept_Reference_lu.csv
https://irma.nps.gov/DataStore/DownloadFile/738149,cached,185,ALFL_2314608,LAMR_ALFL_xCoverClass_lu.csv
https://irma.nps.gov/DataStore/DownloadFile/738150,cached,160,ALFL_2314608,LAMR_ALFL_xHeight_Class_lu.csv
https://irma.nps.gov/DataStore/DownloadFile/738151,cached,1169,ALFL_2314608,LAMR_ALFL_xHydro_Regime_lu.csv
https://irma.nps.gov/DataStore/DownloadFile/738152,cached,18432,ALFL_2314608,LAMR_ALFL_xLandform_lu.csv
https://irma.nps.gov/DataStore/DownloadFile/738153,cached,178,ALFL_2314608,LAMR_ALFL_xLeaf_Phenology_lu.csv
https://irma.nps.gov/DataStore/DownloadFile/738154,cached,163,ALFL_2314608,LAMR_ALFL_xLeaf_Type_lu.csv
https://irma.nps.gov/DataStore/DownloadFile/738155,cached,1220,ALFL_2314608,LAMR_ALFL_xMapUnit_lu.csv
https://irma.nps.gov/DataStore/DownloadFile/738156,cached,11897,ALFL_2314608,LAMR_ALFL_xParks_lu.csv
https://irma.nps.gov/DataStore/DownloadFile/738157,cached,474,ALFL_2314608,LAMR_ALFL_xPhysio_Class_lu.csv
https://irma.nps.gov/DataStore/DownloadFile/738159,cached,148,ALFL_2314608,LAMR_ALFL_xSoil_Drainage_lu.csv
https://irma.nps.gov/DataStore/DownloadFile/738160,cached,115,ALFL_2314608,LAMR_ALFL_xSoil_Texture_lu.csv
https://irma.nps.gov/DataStore/DownloadFile/738161,cached,948,ALFL_2314608,LAMR_ALFL_xState_lu.csv
https://irma.nps.gov/DataStore/DownloadFile/738162,cached,281,ALFL_2314608,LAMR_ALFL_xStratum_lu.csv
https://irma.nps.gov/DataStore/DownloadFile/738163,cached,1735,ALFL_2314608,LAMR_ALFL_xSurficial_Geology_lu.csv
https://irma.nps.gov/DataStore/DownloadFile/738164,cached,225,ALFL_2314608,LAMR_ALFL_xTopo_Position_lu.csv
https://irma.nps.gov/DataStore/DownloadFile/738165,cached,8545,ALFL_2314608,LAMR_ALFL_xVegAssociation_lu.csv
https://irma.nps.gov/DataStore/DownloadFile/733378,cached,216764,ALPO_2314398,ALPO_sp_cov.csv
https://irma.nps.gov/DataStore/DownloadFile/733379,cached,10838,ALPO_2314398,ALPO_tAA.csv
https://irma.nps.gov/DataStore/DownloadFile/733380,cached,37886,ALPO_2314398,ALPO_tAAEvents.csv
https://irma.nps.gov/DataStore/DownloadFile/733381,cached,79055,ALPO_2314398,ALPO_tAAEventSpecies.csv
https://irma.nps.gov/DataStore/DownloadFile/733382,cached,21,ALPO_2314398,ALPO_tConnect.csv
https://irma.nps.gov/DataStore/DownloadFile/733383,cached,779,ALPO_2314398,ALPO_tGlobal.csv
https://irma.nps.gov/DataStore/DownloadFile/733384,cached,108,ALPO_2314398,ALPO_tPhotos.csv
https://irma.nps.gov/DataStore/DownloadFile/733385,cached,49117,ALPO_2314398,ALPO_tPlotEvents.csv
https://irma.nps.gov/DataStore/DownloadFile/733386,cached,121897,ALPO_2314398,ALPO_tPlotEventSpecies.csv
https://irma.nps.gov/DataStore/DownloadFile/733387,cached,14235,ALPO_2314398,ALPO_tPlots.csv
https://irma.nps.gov/DataStore/DownloadFile/733388,cached,1903,ALPO_2314398,ALPO_tProjectMetadata.csv
https://irma.nps.gov/DataStore/DownloadFile/733389,cached,22867,ALPO_2314398,ALPO_tSpecies.csv
https://irma.nps.gov/DataStore/DownloadFile/733390,cached,14896,ALPO_2314398,ALPO_xConcept_Reference_lu.csv
https://irma.nps.gov/DataStore/DownloadFile/733391,cached,160,ALPO_2314398,ALPO_xCoverClass_lu.csv
https://irma.nps.gov/DataStore/DownloadFile/733392,cached,172,ALPO_2314398,ALPO_xHeight_Class_lu.csv
https://irma.nps.gov/DataStore/DownloadFile/733393,cached,1169,ALPO_2314398,ALPO_xHydro_Regime_lu.csv
https://irma.nps.gov/DataStore/DownloadFile/733394,cached,18432,ALPO_2314398,ALPO_xLandform_lu.csv
https://irma.nps.gov/DataStore/DownloadFile/733395,cached,178,ALPO_2314398,ALPO_xLeaf_Phenology_lu.csv
https://irma.nps.gov/DataStore/DownloadFile/733396,cached,152,ALPO_2314398,ALPO_xLeaf_Type_lu.csv
https://irma.nps.gov/DataStore/DownloadFile/733397,cached,1510,ALPO_2314398,ALPO_xMapUnit_lu.csv
https://irma.nps.gov/DataStore/DownloadFile/733398,cached,11897,ALPO_2314398,ALPO_xParks_lu.csv
https://irma.nps.gov/DataStore/DownloadFile/733399,cached,474,ALPO_2314398,ALPO_xPhysio_Class_lu.csv
https://irma.nps.gov/DataStore/DownloadFile/733401,cached,148,ALPO_2314398,ALPO_xSoil_Drainage_lu.csv
https://irma.nps.gov/DataStore/DownloadFile/733402,cached,115,ALPO_2314398,ALPO_xSoil_Texture_lu.csv
https://irma.nps.gov/DataStore/DownloadFile/733403,cached,948,ALPO_2314398,ALPO_xState_lu.csv
https://irma.nps.gov/DataStore/DownloadFile/733404,cached,282,ALPO_2314398,ALPO_xStratum_lu.csv
https://irma.nps.gov/DataStore/DownloadFile/733405,cached,1172,ALPO_2314398,ALPO_xSurficial_Geology_lu.csv
https://irma.nps.gov/DataStore/DownloadFile/733406,cached,225,ALPO_2314398,ALPO_xTopo_Position_lu.csv
https://irma.nps.gov/DataStore/DownloadFile/733407,cached,1504,ALPO_2314398,ALPO_xVegAssociation_lu.csv
https://irma.nps.gov/DataStore/DownloadFile/733454,cached,1034,AMME_2314400,AMME_qry_All_map_codes.csv
https://irma.nps.gov/DataStore/DownloadFile/733455,cached,829,AMME_2314400,AMME_qry_Classified_map_codes.csv
https://irma.nps.gov/DataStore/DownloadFile/733456,cached,3906,AMME_2314400,AMME_qry_plots.csv
https://irma.nps.gov/DataStore/DownloadFile/733457,cached,857,AMME_2314400,AMME_qry_Primary_map_codes.csv
https://irma.nps.gov/DataStore/DownloadFile/733458,cached,332,AMME_2314400,AMME_qry_Secondary_map_codes.csv
https://irma.nps.gov/DataStore/DownloadFile/733459,cached,14963,AMME_2314400,AMME_qry_sp_cov.csv
https://irma.nps.gov/DataStore/DownloadFile/733460,cached,15675,AMME_2314400,AMME_sp_cov.csv
https://irma.nps.gov/DataStore/DownloadFile/733461,cached,13085,AMME_2314400,AMME_tAA.csv
https://irma.nps.gov/DataStore/DownloadFile/733462,cached,21298,AMME_2314400,AMME_tAAEvents.csv
https://irma.nps.gov/DataStore/DownloadFile/733463,cached,13946,AMME_2314400,AMME_tAAPhotos.csv
https://irma.nps.gov/DataStore/DownloadFile/733464,cached,11902,AMME_2314400,AMME_tAAStratum.csv
https://irma.nps.gov/DataStore/DownloadFile/733465,cached,7188,AMME_2314400,AMME_tAAVegetation.csv
https://irma.nps.gov/DataStore/DownloadFile/733466,cached,28092,AMME_2314400,AMME_tAAVegetationDetails.csv
https://irma.nps.gov/DataStore/DownloadFile/733467,cached,21,AMME_2314400,AMME_tConnect.csv
https://irma.nps.gov/DataStore/DownloadFile/733468,cached,46,AMME_2314400,AMME_tGlobal.csv
https://irma.nps.gov/DataStore/DownloadFile/733469,cached,10523,AMME_2314400,AMME_tPhotos.csv
https://irma.nps.gov/DataStore/DownloadFile/733470,cached,9571,AMME_2314400,AMME_tPlotEvents.csv
https://irma.nps.gov/DataStore/DownloadFile/733471,cached,11618,AMME_2314400,AMME_tPlotEventSpecies.csv
https://irma.nps.gov/DataStore/DownloadFile/733472,cached,4682,AMME_2314400,AMME_tPlots.csv
https://irma.nps.gov/DataStore/DownloadFile/733473,cached,491,AMME_2314400,AMME_tProjectMetadata.csv
https://irma.nps.gov/DataStore/DownloadFile/733474,cached,5663,AMME_2314400,AMME_tSpecies.csv
https://irma.nps.gov/DataStore/DownloadFile/733475,cached,14896,AMME_2314400,AMME_xConcept_Reference_lu.csv
https://irma.nps.gov/DataStore/DownloadFile/733476,cached,295,AMME_2314400,AMME_xCoverClass_lu.csv
https://irma.nps.gov/DataStore/DownloadFile/733477,cached,72,AMME_2314400,AMME_xCoverClassObs_lu.csv
https://irma.nps.gov/DataStore/DownloadFile/733478,cached,220,AMME_2314400,AMME_xHeight_Class_lu.csv
https://irma.nps.gov/DataStore/DownloadFile/733479,cached,1169,AMME_2314400,AMME_xHydro_Regime_lu.csv
https://irma.nps.gov/DataStore/DownloadFile/733480,cached,1083,AMME_2314400,AMME_xLandform_lu.csv
https://irma.nps.gov/DataStore/DownloadFile/733481,cached,136,AMME_2314400,AMME_xLeaf_Phenology_lu.csv
https://irma.nps.gov/DataStore/DownloadFile/733482,cached,108,AMME_2314400,AMME_xLeaf_Type_lu.csv
https://irma.nps.gov/DataStore/DownloadFile/733483,cached,2575,AMME_2314400,AMME_xMapUnit_lu.csv
https://irma.nps.gov/DataStore/DownloadFile/733484,cached,11896,AMME_2314400,AMME_xParks_lu.csv
https://irma.nps.gov/DataStore/DownloadFile/733485,cached,544,AMME_2314400,AMME_xPhysio_Class_lu.csv
https://irma.nps.gov/DataStore/DownloadFile/733487,cached,148,AMME_2314400,AMME_xSoil_Drainage_lu.csv
https://irma.nps.gov/DataStore/DownloadFile/733488,cached,182,AMME_2314400,AMME_xSoil_Texture_lu.csv
https://irma.nps.gov/DataStore/DownloadFile/733489,cached,948,AMME_2314400,AMME_xState_lu.csv
https://irma.nps.gov/DataStore/DownloadFile/733490,cached,369,AMME_2314400,AMME_xStratum_lu.csv
https://irma.nps.gov/DataStore/DownloadFile/733491,cached,192,AMME_2314400,AMME_xSurficial_Geology_lu.csv
https://irma.nps.gov/DataStore/DownloadFile/733492,cached,255,AMME_2314400,AMME_xTopo_Position_lu.csv
https://irma.nps.gov/DataStore/DownloadFile/733493,cached,1199,AMME_2314400,AMME_xVegAssociation_lu.csv
https://irma.nps.gov/DataStore/DownloadFile/733411,cached,1179721,AMIS_2314399,AMIS_PLOTS_v4_BE_AMIS_QA_01_spcov.csv
https://irma.nps.gov/DataStore/DownloadFile/733412,cached,341168,AMIS_2314399,AMIS_PLOTS_v4_BE_AMIS_QA_02_plots.csv
https://irma.nps.gov/DataStore/DownloadFile/733413,cached,119,AMIS_2314399,AMIS_PLOTS_v4_BE_AMIS_QA_03_duplicates_in_01.csv
https://irma.nps.gov/DataStore/DownloadFile/733414,cached,79,AMIS_2314399,AMIS_PLOTS_v4_BE_AMIS_QA_04_duplicates_in_02.csv
https://irma.nps.gov/DataStore/DownloadFile/733415,cached,29,AMIS_2314399,AMIS_PLOTS_v4_BE_AMIS_QA_05_Plots_without_Species.csv
https://irma.nps.gov/DataStore/DownloadFile/733416,cached,82,AMIS_2314399,AMIS_PLOTS_v4_BE_AMIS_QA_06_Spp_without_Plots.csv
https://irma.nps.gov/DataStore/DownloadFile/733417,cached,21,AMIS_2314399,AMIS_PLOTS_v4_BE_AMIS_tConnect.csv
https://irma.nps.gov/DataStore/DownloadFile/733418,cached,4609,AMIS_2314399,AMIS_PLOTS_v4_BE_AMIS_tGlobal.csv
https://irma.nps.gov/DataStore/DownloadFile/733419,cached,239313,AMIS_2314399,AMIS_PLOTS_v4_BE_AMIS_tPhotos.csv
https://irma.nps.gov/DataStore/DownloadFile/733420,cached,217603,AMIS_2314399,AMIS_PLOTS_v4_BE_AMIS_tPlotEvents.csv
https://irma.nps.gov/DataStore/DownloadFile/733421,cached,449550,AMIS_2314399,AMIS_PLOTS_v4_BE_AMIS_tPlotEvents_Query.csv
https://irma.nps.gov/DataStore/DownloadFile/733422,cached,520197,AMIS_2314399,AMIS_PLOTS_v4_BE_AMIS_tPlotEventSpecies.csv
https://irma.nps.gov/DataStore/DownloadFile/733423,cached,74913,AMIS_2314399,AMIS_PLOTS_v4_BE_AMIS_tPlots.csv
https://irma.nps.gov/DataStore/DownloadFile/733424,cached,85,AMIS_2314399,AMIS_PLOTS_v4_BE_AMIS_tProcessSteps.csv
https://irma.nps.gov/DataStore/DownloadFile/733425,cached,1264,AMIS_2314399,AMIS_PLOTS_v4_BE_AMIS_tProjectMetadata.csv
https://irma.nps.gov/DataStore/DownloadFile/733426,cached,97784,AMIS_2314399,AMIS_PLOTS_v4_BE_AMIS_tSpecies.csv
https://irma.nps.gov/DataStore/DownloadFile/733427,cached,798287,AMIS_2314399,AMIS_PLOTS_v4_BE_AMIS_tSpecies_Query.csv
https://irma.nps.gov/DataStore/DownloadFile/733428,cached,21964,AMIS_2314399,AMIS_PLOTS_v4_BE_AMIS_tSpecies_Query1.csv
https://irma.nps.gov/DataStore/DownloadFile/733429,cached,2323,AMIS_2314399,AMIS_PLOTS_v4_BE_AMIS_xConcept_Reference_lu.csv
https://irma.nps.gov/DataStore/DownloadFile/733430,cached,160,AMIS_2314399,AMIS_PLOTS_v4_BE_AMIS_xCoverClass_lu.csv
https://irma.nps.gov/DataStore/DownloadFile/733431,cached,136,AMIS_2314399,AMIS_PLOTS_v4_BE_AMIS_xHeight_Class_lu.csv
https://irma.nps.gov/DataStore/DownloadFile/733432,cached,1169,AMIS_2314399,AMIS_PLOTS_v4_BE_AMIS_xHydro_Regime_lu.csv
https://irma.nps.gov/DataStore/DownloadFile/733433,cached,18432,AMIS_2314399,AMIS_PLOTS_v4_BE_AMIS_xLandform_lu.csv
https://irma.nps.gov/DataStore/DownloadFile/733434,cached,178,AMIS_2314399,AMIS_PLOTS_v4_BE_AMIS_xLeaf_Phenology_lu.csv
https://irma.nps.gov/DataStore/DownloadFile/733435,cached,152,AMIS_2314399,AMIS_PLOTS_v4_BE_AMIS_xLeaf_Type_lu.csv
https://irma.nps.gov/DataStore/DownloadFile/733436,cached,21,AMIS_2314399,AMIS_PLOTS_v4_BE_AMIS_xMapUnit_lu.csv
https://irma.nps.gov/DataStore/DownloadFile/733437,cached,159,AMIS_2314399,AMIS_PLOTS_v4_BE_AMIS_xParks_lu.csv
https://irma.nps.gov/DataStore/DownloadFile/733438,cached,474,AMIS_2314399,AMIS_PLOTS_v4_BE_AMIS_xPhysio_Class_lu.csv
https://irma.nps.gov/DataStore/DownloadFile/733440,cached,148,AMIS_2314399,AMIS_PLOTS_v4_BE_AMIS_xSoil_Drainage_lu.csv
https://irma.nps.gov/DataStore/DownloadFile/733441,cached,115,AMIS_2314399,AMIS_PLOTS_v4_BE_AMIS_xSoil_Texture_lu.csv
https://irma.nps.gov/DataStore/DownloadFile/733442,cached,948,AMIS_2314399,AMIS_PLOTS_v4_BE_AMIS_xState_lu.csv
https://irma.nps.gov/DataStore/DownloadFile/733443,cached,282,AMIS_2314399,AMIS_PLOTS_v4_BE_AMIS_xStratum_lu.csv
https://irma.nps.gov/DataStore/DownloadFile/733444,cached,1172,AMIS_2314399,AMIS_PLOTS_v4_BE_AMIS_xSurficial_Geology_lu.csv
https://irma.nps.gov/DataStore/DownloadFile/733445,cached,225,AMIS_2314399,AMIS_PLOTS_v4_BE_AMIS_xTopo_Position_lu.csv
https://irma.nps.gov/DataStore/DownloadFile/733446,cached,2939,AMIS_2314399,AMIS_PLOTS_v4_BE_AMIS_xVegAssociation_lu.csv
https://irma.nps.gov/DataStore/DownloadFile/733447,cached,1164681,AMIS_2314399,AMIS_PLOTS_v4_BE_AMIS_xVegAssociation_lu_Query.csv
https://irma.nps.gov/DataStore/DownloadFile/733502,cached,52908,AKR_2314402,ANIA__Garmins_2009.csv
https://irma.nps.gov/DataStore/DownloadFile/733503,cached,64972,AKR_2314402,ANIA__Trimbles_2009.csv
https://irma.nps.gov/DataStore/DownloadFile/733504,cached,972765,AKR_2314402,ANIA_ANIA2010APR5_spcoded.csv
https://irma.nps.gov/DataStore/DownloadFile/733505,cached,1967,AKR_2314402,ANIA_crust_samples_sent_for_id.csv
https://irma.nps.gov/DataStore/DownloadFile/733506,cached,11342,AKR_2314402,ANIA_Find_duplicates_2_for_sppList_2010.csv
https://irma.nps.gov/DataStore/DownloadFile/733507,cached,8242,AKR_2314402,ANIA_Find_duplicates_for_sppList_2010.csv
https://irma.nps.gov/DataStore/DownloadFile/733510,cached,1754942,AKR_2314402,ANIA_REF_AKspecies.csv
https://irma.nps.gov/DataStore/DownloadFile/733511,cached,1113,AKR_2314402,ANIA_REF_ANIA_vat.csv
https://irma.nps.gov/DataStore/DownloadFile/733512,cached,122,AKR_2314402,ANIA_REF_BoundaryDistinctness.csv
https://irma.nps.gov/DataStore/DownloadFile/733513,cached,174,AKR_2314402,ANIA_REF_BoundaryTopography.csv
https://irma.nps.gov/DataStore/DownloadFile/733514,cached,70,AKR_2314402,ANIA_REF_Camera.csv
https://irma.nps.gov/DataStore/DownloadFile/733515,cached,6071,AKR_2314402,ANIA_REF_Feature.csv
https://irma.nps.gov/DataStore/DownloadFile/733516,cached,896,AKR_2314402,ANIA_REF_GNIS.csv
https://irma.nps.gov/DataStore/DownloadFile/733517,cached,80,AKR_2314402,ANIA_REF_Habit.csv
https://irma.nps.gov/DataStore/DownloadFile/733518,cached,539,AKR_2314402,ANIA_REF_Horizons.csv
https://irma.nps.gov/DataStore/DownloadFile/733519,cached,183,AKR_2314402,ANIA_REF_Hydrologic.csv
https://irma.nps.gov/DataStore/DownloadFile/733520,cached,1147,AKR_2314402,ANIA_REF_Landforms.csv
https://irma.nps.gov/DataStore/DownloadFile/733521,cached,97,AKR_2314402,ANIA_REF_MottlesQuantity.csv
https://irma.nps.gov/DataStore/DownloadFile/733522,cached,124,AKR_2314402,ANIA_REF_MottlesSize.csv
https://irma.nps.gov/DataStore/DownloadFile/733523,cached,841,AKR_2314402,ANIA_REF_ParentMaterial.csv
https://irma.nps.gov/DataStore/DownloadFile/733524,cached,224,AKR_2314402,ANIA_REF_PAsize.csv
https://irma.nps.gov/DataStore/DownloadFile/733525,cached,96,AKR_2314402,ANIA_REF_Physiography.csv
https://irma.nps.gov/DataStore/DownloadFile/733526,cached,75,AKR_2314402,ANIA_REF_RootAbundance.csv
https://irma.nps.gov/DataStore/DownloadFile/733527,cached,100,AKR_2314402,ANIA_REF_RootSize.csv
https://irma.nps.gov/DataStore/DownloadFile/733528,cached,322,AKR_2314402,ANIA_REF_Soil_Colour.csv
https://irma.nps.gov/DataStore/DownloadFile/733529,cached,50,AKR_2314402,ANIA_REF_SoilMoisture.csv
https://irma.nps.gov/DataStore/DownloadFile/733530,cached,56,AKR_2314402,ANIA_REF_SurfaceWater.csv
https://irma.nps.gov/DataStore/DownloadFile/733531,cached,301,AKR_2314402,ANIA_REF_TextureClasses.csv
https://irma.nps.gov/DataStore/DownloadFile/733532,cached,6686,AKR_2314402,ANIA_REF_Viereck.csv
https://irma.nps.gov/DataStore/DownloadFile/733533,cached,1517,AKR_2314402,ANIA_Reminders.csv
https://irma.nps.gov/DataStore/DownloadFile/733534,cached,138989,AKR_2314402,ANIA_sppList_2010.csv
https://irma.nps.gov/DataStore/DownloadFile/733535,cached,83763,AKR_2314402,ANIA_TBL_ENV.csv
https://irma.nps.gov/DataStore/DownloadFile/733536,cached,139622,AKR_2314402,ANIA_tbl_image.csv
https://irma.nps.gov/DataStore/DownloadFile/733537,cached,189,AKR_2314402,ANIA_tbl_image_location.csv
https://irma.nps.gov/DataStore/DownloadFile/733538,cached,1194,AKR_2314402,ANIA_tbl_image_software.csv
https://irma.nps.gov/DataStore/DownloadFile/733539,cached,56,AKR_2314402,ANIA_tbl_parent.csv
https://irma.nps.gov/DataStore/DownloadFile/733540,cached,172015,AKR_2314402,ANIA_TBL_SITE.csv
https://irma.nps.gov/DataStore/DownloadFile/733541,cached,60747,AKR_2314402,ANIA_TBL_SoilProfile.csv
https://irma.nps.gov/DataStore/DownloadFile/733542,cached,125,AKR_2314402,ANIA_TBL_Tree_Core.csv
https://irma.nps.gov/DataStore/DownloadFile/733543,cached,255728,AKR_2314402,ANIA_TBL_VegCover.csv
https://irma.nps.gov/DataStore/DownloadFile/733544,cached,238657,AKR_2314402,ANIA_VegCover_AKRefQuery.csv
https://irma.nps.gov/DataStore/DownloadFile/733545,cached,44050,AKR_2314402,ANIA_xref_image_parent.csv
https://irma.nps.gov/DataStore/DownloadFile/733666,cached,1126189,APIS_2314426,APIS_AA-Species.csv
https://irma.nps.gov/DataStore/DownloadFile/733667,cached,653165,APIS_2314426,APIS_AA_Observations.csv
https://irma.nps.gov/DataStore/DownloadFile/733668,cached,1784,APIS_2314426,APIS_Geology_Classes.csv
https://irma.nps.gov/DataStore/DownloadFile/733669,cached,733,APIS_2314426,APIS_Jurisdictions.csv
https://irma.nps.gov/DataStore/DownloadFile/733670,cached,9119,APIS_2314426,APIS_Locations.csv
https://irma.nps.gov/DataStore/DownloadFile/733673,cached,501846,APIS_2314426,APIS_Plots-Species.csv
https://irma.nps.gov/DataStore/DownloadFile/733674,cached,171692,APIS_2314426,APIS_Plots.csv
https://irma.nps.gov/DataStore/DownloadFile/733675,cached,396,APIS_2314426,APIS_Project_Metadata.csv
https://irma.nps.gov/DataStore/DownloadFile/733676,cached,34907,APIS_2314426,APIS_Species_List.csv
https://irma.nps.gov/DataStore/DownloadFile/733690,cached,6271882,APPA_2314433,APPA_AA_SPP.csv
https://irma.nps.gov/DataStore/DownloadFile/733693,cached,6253835,APPA_2314433,APPA_QA_01_spcov.csv
https://irma.nps.gov/DataStore/DownloadFile/733694,cached,119,APPA_2314433,APPA_QA_03_duplicates_in_01.csv
https://irma.nps.gov/DataStore/DownloadFile/733695,cached,1172,APPA_2314433,APPA_QA_05_Plots_without_Species.csv
https://irma.nps.gov/DataStore/DownloadFile/733696,cached,82,APPA_2314433,APPA_QA_06_Spp_without_Plots.csv
https://irma.nps.gov/DataStore/DownloadFile/733697,cached,463099,APPA_2314433,APPA_tAA.csv
https://irma.nps.gov/DataStore/DownloadFile/733698,cached,2015468,APPA_2314433,APPA_tAAEvents.csv
https://irma.nps.gov/DataStore/DownloadFile/733699,cached,5369214,APPA_2314433,APPA_tAAEventSpecies.csv
https://irma.nps.gov/DataStore/DownloadFile/733700,cached,25,APPA_2314433,APPA_tAAEventSpecies_SensitiveSpecies.csv
https://irma.nps.gov/DataStore/DownloadFile/733701,cached,6271882,APPA_2314433,APPA_tAAEventsSpp_List.csv
https://irma.nps.gov/DataStore/DownloadFile/733702,cached,21,APPA_2314433,APPA_tConnect.csv
https://irma.nps.gov/DataStore/DownloadFile/733703,cached,174,APPA_2314433,APPA_tGlobal.csv
https://irma.nps.gov/DataStore/DownloadFile/733704,cached,214991,APPA_2314433,APPA_tPhotos.csv
https://irma.nps.gov/DataStore/DownloadFile/733705,cached,839230,APPA_2314433,APPA_tPlotEvents.csv
https://irma.nps.gov/DataStore/DownloadFile/733706,cached,2726915,APPA_2314433,APPA_tPlotEventSpecies.csv
https://irma.nps.gov/DataStore/DownloadFile/733707,cached,3215579,APPA_2314433,APPA_tPlotEventSpp_List.csv
https://irma.nps.gov/DataStore/DownloadFile/733708,cached,305295,APPA_2314433,APPA_tPlots.csv
https://irma.nps.gov/DataStore/DownloadFile/733709,cached,200,APPA_2314433,APPA_tProcessSteps.csv
https://irma.nps.gov/DataStore/DownloadFile/733710,cached,850,APPA_2314433,APPA_tProjectMetadata.csv
https://irma.nps.gov/DataStore/DownloadFile/733711,cached,134688,APPA_2314433,APPA_tSpecies.csv
https://irma.nps.gov/DataStore/DownloadFile/733712,cached,185375,APPA_2314433,APPA_tValidationEvents.csv
https://irma.nps.gov/DataStore/DownloadFile/733713,cached,101918,APPA_2314433,APPA_tVerificationEvents.csv
https://irma.nps.gov/DataStore/DownloadFile/733714,cached,3215584,APPA_2314433,APPA_VP_SPP.csv
https://irma.nps.gov/DataStore/DownloadFile/733715,cached,14896,APPA_2314433,APPA_xConcept_Reference_lu.csv
https://irma.nps.gov/DataStore/DownloadFile/733716,cached,158,APPA_2314433,APPA_xCoverClass_lu.csv
https://irma.nps.gov/DataStore/DownloadFile/733717,cached,136,APPA_2314433,APPA_xHeight_Class_lu.csv
https://irma.nps.gov/DataStore/DownloadFile/733718,cached,1169,APPA_2314433,APPA_xHydro_Regime_lu.csv
https://irma.nps.gov/DataStore/DownloadFile/733719,cached,18432,APPA_2314433,APPA_xLandform_lu.csv
https://irma.nps.gov/DataStore/DownloadFile/733720,cached,178,APPA_2314433,APPA_xLeaf_Phenology_lu.csv
https://irma.nps.gov/DataStore/DownloadFile/733721,cached,152,APPA_2314433,APPA_xLeaf_Type_lu.csv
https://irma.nps.gov/DataStore/DownloadFile/733722,cached,21,APPA_2314433,APPA_xMapUnit_lu.csv
https://irma.nps.gov/DataStore/DownloadFile/733723,cached,11897,APPA_2314433,APPA_xParks_lu.csv
https://irma.nps.gov/DataStore/DownloadFile/733724,cached,474,APPA_2314433,APPA_xPhysio_Class_lu.csv
https://irma.nps.gov/DataStore/DownloadFile/733726,cached,148,APPA_2314433,APPA_xSoil_Drainage_lu.csv
https://irma.nps.gov/DataStore/DownloadFile/733727,cached,115,APPA_2314433,APPA_xSoil_Texture_lu.csv
https://irma.nps.gov/DataStore/DownloadFile/733728,cached,948,APPA_2314433,APPA_xState_lu.csv
https://irma.nps.gov/DataStore/DownloadFile/733729,cached,282,APPA_2314433,APPA_xStratum_lu.csv
https://irma.nps.gov/DataStore/DownloadFile/733730,cached,1172,APPA_2314433,APPA_xSurficial_Geology_lu.csv
https://irma.nps.gov/DataStore/DownloadFile/733731,cached,225,APPA_2314433,APPA_xTopo_Position_lu.csv
https://irma.nps.gov/DataStore/DownloadFile/733732,cached,652773,APPA_2314433,APPA_xVegAssociation_lu.csv
https://irma.nps.gov/DataStore/DownloadFile/733550,cached,81751,APCO_2314403,APCO_sp_cov.csv
https://irma.nps.gov/DataStore/DownloadFile/733551,cached,5864,APCO_2314403,APCO_tAA.csv
https://irma.nps.gov/DataStore/DownloadFile/733552,cached,10720,APCO_2314403,APCO_tAAEvents.csv
https://irma.nps.gov/DataStore/DownloadFile/733553,cached,21,APCO_2314403,APCO_tConnect.csv
https://irma.nps.gov/DataStore/DownloadFile/733554,cached,254,APCO_2314403,APCO_tGlobal.csv
https://irma.nps.gov/DataStore/DownloadFile/733555,cached,108,APCO_2314403,APCO_tPhotos.csv
https://irma.nps.gov/DataStore/DownloadFile/733556,cached,14835,APCO_2314403,APCO_tPlotEvents.csv
https://irma.nps.gov/DataStore/DownloadFile/733557,cached,51161,APCO_2314403,APCO_tPlotEventSpecies.csv
https://irma.nps.gov/DataStore/DownloadFile/733558,cached,8335,APCO_2314403,APCO_tPlots.csv
https://irma.nps.gov/DataStore/DownloadFile/733559,cached,3609,APCO_2314403,APCO_tProjectMetadata.csv
https://irma.nps.gov/DataStore/DownloadFile/733560,cached,16780,APCO_2314403,APCO_tSpecies.csv
https://irma.nps.gov/DataStore/DownloadFile/733561,cached,14896,APCO_2314403,APCO_xConcept_Reference_lu.csv
https://irma.nps.gov/DataStore/DownloadFile/733562,cached,182,APCO_2314403,APCO_xCoverClass_lu.csv
https://irma.nps.gov/DataStore/DownloadFile/733563,cached,127,APCO_2314403,APCO_xHeight_Class_lu.csv
https://irma.nps.gov/DataStore/DownloadFile/733564,cached,1169,APCO_2314403,APCO_xHydro_Regime_lu.csv
https://irma.nps.gov/DataStore/DownloadFile/733565,cached,18432,APCO_2314403,APCO_xLandform_lu.csv
https://irma.nps.gov/DataStore/DownloadFile/733566,cached,178,APCO_2314403,APCO_xLeaf_Phenology_lu.csv
https://irma.nps.gov/DataStore/DownloadFile/733567,cached,163,APCO_2314403,APCO_xLeaf_Type_lu.csv
https://irma.nps.gov/DataStore/DownloadFile/733568,cached,452,APCO_2314403,APCO_xMapUnit_lu.csv
https://irma.nps.gov/DataStore/DownloadFile/733569,cached,11897,APCO_2314403,APCO_xParks_lu.csv
https://irma.nps.gov/DataStore/DownloadFile/733570,cached,474,APCO_2314403,APCO_xPhysio_Class_lu.csv
https://irma.nps.gov/DataStore/DownloadFile/733572,cached,148,APCO_2314403,APCO_xSoil_Drainage_lu.csv
https://irma.nps.gov/DataStore/DownloadFile/733573,cached,115,APCO_2314403,APCO_xSoil_Texture_lu.csv
https://irma.nps.gov/DataStore/DownloadFile/733574,cached,948,APCO_2314403,APCO_xState_lu.csv
https://irma.nps.gov/DataStore/DownloadFile/733575,cached,282,APCO_2314403,APCO_xStratum_lu.csv
https://irma.nps.gov/DataStore/DownloadFile/733576,cached,1292,APCO_2314403,APCO_xSurficial_Geology_lu.csv
https://irma.nps.gov/DataStore/DownloadFile/733577,cached,225,APCO_2314403,APCO_xTopo_Position_lu.csv
https://irma.nps.gov/DataStore/DownloadFile/733578,cached,1169,APCO_2314403,APCO_xVegAssociation_lu.csv
https://irma.nps.gov/DataStore/DownloadFile/733736,cached,3626693,ARCH_2314435,ARCH_c_slgI.csv
https://irma.nps.gov/DataStore/DownloadFile/733737,cached,3626693,ARCH_2314435,ARCH_h_piii_remoteclass_slgi.csv
https://irma.nps.gov/DataStore/DownloadFile/733740,cached,56909,ARCH_2314435,ARCH_Qry_GIS_veg.csv
https://irma.nps.gov/DataStore/DownloadFile/733741,cached,29151,ARCH_2314435,ARCH_qryTallyPlantSpecies.csv
https://irma.nps.gov/DataStore/DownloadFile/733742,cached,3626693,ARCH_2314435,ARCH_slgI.csv
https://irma.nps.gov/DataStore/DownloadFile/733743,cached,3039700,ARCH_2314435,ARCH_slgII.csv
https://irma.nps.gov/DataStore/DownloadFile/733744,cached,27938,ARCH_2314435,ARCH_slgnames.csv
https://irma.nps.gov/DataStore/DownloadFile/733745,cached,29752,ARCH_2314435,ARCH_tbl_Final_Classification.csv
https://irma.nps.gov/DataStore/DownloadFile/733746,cached,49875,ARCH_2314435,ARCH_tblAADetails.csv
https://irma.nps.gov/DataStore/DownloadFile/733747,cached,204210,ARCH_2314435,ARCH_tblAAEnvironment.csv
https://irma.nps.gov/DataStore/DownloadFile/733748,cached,15219,ARCH_2314435,ARCH_tblAAEnvironmentDetails.csv
https://irma.nps.gov/DataStore/DownloadFile/733749,cached,275495,ARCH_2314435,ARCH_tblAALocation.csv
https://irma.nps.gov/DataStore/DownloadFile/733750,cached,87509,ARCH_2314435,ARCH_tblAAPhotos.csv
https://irma.nps.gov/DataStore/DownloadFile/733751,cached,42731,ARCH_2314435,ARCH_tblAAVegAssociation.csv
https://irma.nps.gov/DataStore/DownloadFile/733752,cached,123849,ARCH_2314435,ARCH_tblAAVegetation.csv
https://irma.nps.gov/DataStore/DownloadFile/733753,cached,186010,ARCH_2314435,ARCH_tblAAVegetationDetails.csv
https://irma.nps.gov/DataStore/DownloadFile/733754,cached,10611,ARCH_2314435,ARCH_tblDataMgmtLog.csv
https://irma.nps.gov/DataStore/DownloadFile/733755,cached,339331,ARCH_2314435,ARCH_tblEnvironment.csv
https://irma.nps.gov/DataStore/DownloadFile/733756,cached,11321,ARCH_2314435,ARCH_tblEnvironmentDetails.csv
https://irma.nps.gov/DataStore/DownloadFile/733757,cached,118887,ARCH_2314435,ARCH_tblFinalAssociationNamesAA.csv
https://irma.nps.gov/DataStore/DownloadFile/733758,cached,45891,ARCH_2314435,ARCH_tblFinalAssociationNamesPlots.csv
https://irma.nps.gov/DataStore/DownloadFile/733759,cached,18719,ARCH_2314435,ARCH_tblFuels.csv
https://irma.nps.gov/DataStore/DownloadFile/733760,cached,20472,ARCH_2314435,ARCH_tblFuelsDetails.csv
https://irma.nps.gov/DataStore/DownloadFile/733761,cached,169,ARCH_2314435,ARCH_tblGeneralPhotos.csv
https://irma.nps.gov/DataStore/DownloadFile/733762,cached,10196,ARCH_2314435,ARCH_tblGeneralSpecimens.csv
https://irma.nps.gov/DataStore/DownloadFile/733763,cached,636857,ARCH_2314435,ARCH_tblNCPNPlants.csv
https://irma.nps.gov/DataStore/DownloadFile/733764,cached,105099,ARCH_2314435,ARCH_tblPhotos.csv
https://irma.nps.gov/DataStore/DownloadFile/733765,cached,85274,ARCH_2314435,ARCH_tblPlotDetails.csv
https://irma.nps.gov/DataStore/DownloadFile/733766,cached,128489,ARCH_2314435,ARCH_tblPlotLocation.csv
https://irma.nps.gov/DataStore/DownloadFile/733767,cached,186251,ARCH_2314435,ARCH_tblVegetation.csv
https://irma.nps.gov/DataStore/DownloadFile/733768,cached,471672,ARCH_2314435,ARCH_tblVegetationDetails.csv
https://irma.nps.gov/DataStore/DownloadFile/733769,cached,10291,ARCH_2314435,ARCH_tlkpAAVegAssociation.csv
https://irma.nps.gov/DataStore/DownloadFile/733770,cached,40,ARCH_2314435,ARCH_tlkpAAVegAssocRanks.csv
https://irma.nps.gov/DataStore/DownloadFile/733771,cached,2159,ARCH_2314435,ARCH_tlkpAlliances.csv
https://irma.nps.gov/DataStore/DownloadFile/733772,cached,3789,ARCH_2314435,ARCH_tlkpAssociations.csv
https://irma.nps.gov/DataStore/DownloadFile/733773,cached,76,ARCH_2314435,ARCH_tlkpCamera.csv
https://irma.nps.gov/DataStore/DownloadFile/733774,cached,130,ARCH_2314435,ARCH_tlkpCover.csv
https://irma.nps.gov/DataStore/DownloadFile/733775,cached,54,ARCH_2314435,ARCH_tlkpCoverAA.csv
https://irma.nps.gov/DataStore/DownloadFile/733776,cached,53,ARCH_2314435,ARCH_tlkpCowardin.csv
https://irma.nps.gov/DataStore/DownloadFile/733777,cached,652,ARCH_2314435,ARCH_tlkpGeology.csv
https://irma.nps.gov/DataStore/DownloadFile/733778,cached,109,ARCH_2314435,ARCH_tlkpHeightClass.csv
https://irma.nps.gov/DataStore/DownloadFile/733779,cached,134,ARCH_2314435,ARCH_tlkpHydrology.csv
https://irma.nps.gov/DataStore/DownloadFile/733780,cached,1143,ARCH_2314435,ARCH_tlkpLandform.csv
https://irma.nps.gov/DataStore/DownloadFile/733781,cached,111,ARCH_2314435,ARCH_tlkpLeafPhen.csv
https://irma.nps.gov/DataStore/DownloadFile/733782,cached,108,ARCH_2314435,ARCH_tlkpLeafType.csv
https://irma.nps.gov/DataStore/DownloadFile/733783,cached,348,ARCH_2314435,ARCH_tlkpParks.csv
https://irma.nps.gov/DataStore/DownloadFile/733784,cached,116,ARCH_2314435,ARCH_tlkpPhotoComments.csv
https://irma.nps.gov/DataStore/DownloadFile/733785,cached,89,ARCH_2314435,ARCH_tlkpPhotographer.csv
https://irma.nps.gov/DataStore/DownloadFile/733786,cached,56,ARCH_2314435,ARCH_tlkpPhotoTypes.csv
https://irma.nps.gov/DataStore/DownloadFile/733787,cached,147,ARCH_2314435,ARCH_tlkpPhysiogClass.csv
https://irma.nps.gov/DataStore/DownloadFile/733788,cached,636,ARCH_2314435,ARCH_tlkpPJAge.csv
https://irma.nps.gov/DataStore/DownloadFile/733789,cached,101,ARCH_2314435,ARCH_tlkpPlotShapes.csv
https://irma.nps.gov/DataStore/DownloadFile/733790,cached,125,ARCH_2314435,ARCH_tlkpSoilDrainage.csv
https://irma.nps.gov/DataStore/DownloadFile/733791,cached,181,ARCH_2314435,ARCH_tlkpSoilTexture.csv
https://irma.nps.gov/DataStore/DownloadFile/733792,cached,684,ARCH_2314435,ARCH_tlkpStates.csv
https://irma.nps.gov/DataStore/DownloadFile/733793,cached,186,ARCH_2314435,ARCH_tlkpStrata.csv
https://irma.nps.gov/DataStore/DownloadFile/733794,cached,60,ARCH_2314435,ARCH_tlkpStructureStages.csv
https://irma.nps.gov/DataStore/DownloadFile/733795,cached,226,ARCH_2314435,ARCH_tlkpSurveyors.csv
https://irma.nps.gov/DataStore/DownloadFile/733796,cached,324,ARCH_2314435,ARCH_tlkpTopography.csv
https://irma.nps.gov/DataStore/DownloadFile/733797,cached,738,ARCH_2314435,ARCH_tlkpUSGS_Quad.csv
https://irma.nps.gov/DataStore/DownloadFile/733798,cached,11,ARCH_2314435,ARCH_tlkpUTMZone.csv
https://irma.nps.gov/DataStore/DownloadFile/733799,cached,275,ARCH_2314435,ARCH_zFieldWidths.csv
https://irma.nps.gov/DataStore/DownloadFile/733800,cached,1808,ARCH_2314435,ARCH_zLookupFields.csv
https://irma.nps.gov/DataStore/DownloadFile/733801,cached,3105,ARCH_2314435,ARCH_zLookupTables.csv
https://irma.nps.gov/DataStore/DownloadFile/733806,cached,3016,ARPO_2314437,ARPO_tAA.csv
https://irma.nps.gov/DataStore/DownloadFile/733807,cached,24452,ARPO_2314437,ARPO_tAA_tPlots.csv
https://irma.nps.gov/DataStore/DownloadFile/733808,cached,10822,ARPO_2314437,ARPO_tAAEvents.csv
https://irma.nps.gov/DataStore/DownloadFile/733809,cached,21,ARPO_2314437,ARPO_tConnect.csv
https://irma.nps.gov/DataStore/DownloadFile/733810,cached,6604,ARPO_2314437,ARPO_tGlobal.csv
https://irma.nps.gov/DataStore/DownloadFile/733811,cached,12931,ARPO_2314437,ARPO_tPhotos.csv
https://irma.nps.gov/DataStore/DownloadFile/733812,cached,28491,ARPO_2314437,ARPO_tPlotEvents.csv
https://irma.nps.gov/DataStore/DownloadFile/733813,cached,87689,ARPO_2314437,ARPO_tPlotEventSpecies.csv
https://irma.nps.gov/DataStore/DownloadFile/733814,cached,17856,ARPO_2314437,ARPO_tPlots.csv
https://irma.nps.gov/DataStore/DownloadFile/733815,cached,426,ARPO_2314437,ARPO_tProjectMetadata.csv
https://irma.nps.gov/DataStore/DownloadFile/733816,cached,16318,ARPO_2314437,ARPO_tSpecies.csv
https://irma.nps.gov/DataStore/DownloadFile/733817,cached,14897,ARPO_2314437,ARPO_xConcept_Reference_lu.csv
https://irma.nps.gov/DataStore/DownloadFile/733818,cached,120,ARPO_2314437,ARPO_xCoverClass_lu.csv
https://irma.nps.gov/DataStore/DownloadFile/733819,cached,160,ARPO_2314437,ARPO_xHeight_Class_lu.csv
https://irma.nps.gov/DataStore/DownloadFile/733820,cached,1169,ARPO_2314437,ARPO_xHydro_Regime_lu.csv
https://irma.nps.gov/DataStore/DownloadFile/733821,cached,18432,ARPO_2314437,ARPO_xLandform_lu.csv
https://irma.nps.gov/DataStore/DownloadFile/733822,cached,154,ARPO_2314437,ARPO_xLeaf_Phenology_lu.csv
https://irma.nps.gov/DataStore/DownloadFile/733823,cached,102,ARPO_2314437,ARPO_xLeaf_Type_lu.csv
https://irma.nps.gov/DataStore/DownloadFile/733824,cached,531,ARPO_2314437,ARPO_xMapUnit_lu.csv
https://irma.nps.gov/DataStore/DownloadFile/733825,cached,11897,ARPO_2314437,ARPO_xParks_lu.csv
https://irma.nps.gov/DataStore/DownloadFile/733826,cached,359,ARPO_2314437,ARPO_xPhysio_Class_lu.csv
https://irma.nps.gov/DataStore/DownloadFile/733828,cached,148,ARPO_2314437,ARPO_xSoil_Drainage_lu.csv
https://irma.nps.gov/DataStore/DownloadFile/733829,cached,115,ARPO_2314437,ARPO_xSoil_Texture_lu.csv
https://irma.nps.gov/DataStore/DownloadFile/733830,cached,948,ARPO_2314437,ARPO_xState_lu.csv
https://irma.nps.gov/DataStore/DownloadFile/733831,cached,281,ARPO_2314437,ARPO_xStratum_lu.csv
https://irma.nps.gov/DataStore/DownloadFile/733832,cached,1172,ARPO_2314437,ARPO_xSurficial_Geology_lu.csv
https://irma.nps.gov/DataStore/DownloadFile/733833,cached,225,ARPO_2314437,ARPO_xTopo_Position_lu.csv
https://irma.nps.gov/DataStore/DownloadFile/733834,cached,709418,ARPO_2314437,ARPO_xVegAssociation_lu.csv
https://irma.nps.gov/DataStore/DownloadFile/733868,cached,43530,ASIS_2314461,ASIS_~TMPCLP464031.csv
https://irma.nps.gov/DataStore/DownloadFile/733869,cached,34141,ASIS_2314461,ASIS_~TMPCLP465641.csv
https://irma.nps.gov/DataStore/DownloadFile/733870,cached,2930971,ASIS_2314461,ASIS_1993veg_map_nps_FROM_FH_POINTS.csv
https://irma.nps.gov/DataStore/DownloadFile/733871,cached,231594,ASIS_2314461,ASIS_AA_Observations.csv
https://irma.nps.gov/DataStore/DownloadFile/733872,cached,34209,ASIS_2314461,ASIS_AA_Observations_Coordinates.csv
https://irma.nps.gov/DataStore/DownloadFile/733873,cached,338039,ASIS_2314461,ASIS_AA_Species.csv
https://irma.nps.gov/DataStore/DownloadFile/733874,cached,4004,ASIS_2314461,ASIS_ASIS_positional_AA_pts.csv
https://irma.nps.gov/DataStore/DownloadFile/733875,cached,69984,ASIS_2314461,ASIS_ASIS_veg_AA_2009.csv
https://irma.nps.gov/DataStore/DownloadFile/733876,cached,8619,ASIS_2314461,ASIS_ASIS_veg_plots_1994.csv
https://irma.nps.gov/DataStore/DownloadFile/733877,cached,29,ASIS_2314461,ASIS_Find_duplicates_for_1993veg_map_nps_FROM_FH_POINTS.csv
https://irma.nps.gov/DataStore/DownloadFile/733878,cached,57,ASIS_2314461,ASIS_Find_duplicates_for_AA_Observations__GPS.csv
https://irma.nps.gov/DataStore/DownloadFile/733879,cached,28,ASIS_2314461,ASIS_Find_duplicates_for_ASIS_positional_AA_pts.csv
https://irma.nps.gov/DataStore/DownloadFile/733880,cached,25,ASIS_2314461,ASIS_Find_duplicates_for_ASIS_veg_AA_2009.csv
https://irma.nps.gov/DataStore/DownloadFile/733881,cached,36,ASIS_2314461,ASIS_Find_duplicates_for_Plot_Code.csv
https://irma.nps.gov/DataStore/DownloadFile/733882,cached,1784,ASIS_2314461,ASIS_Geology_Classes.csv
https://irma.nps.gov/DataStore/DownloadFile/733883,cached,733,ASIS_2314461,ASIS_Jurisdictions.csv
https://irma.nps.gov/DataStore/DownloadFile/733884,cached,9117,ASIS_2314461,ASIS_Locations.csv
https://irma.nps.gov/DataStore/DownloadFile/733888,cached,137003,ASIS_2314461,ASIS_Plots-Species.csv
https://irma.nps.gov/DataStore/DownloadFile/733889,cached,95281,ASIS_2314461,ASIS_Plots-Species_-_old.csv
https://irma.nps.gov/DataStore/DownloadFile/733890,cached,110157,ASIS_2314461,ASIS_Plots.csv
https://irma.nps.gov/DataStore/DownloadFile/733891,cached,49,ASIS_2314461,ASIS_Plots_ExportErrors.csv
https://irma.nps.gov/DataStore/DownloadFile/733892,cached,1379,ASIS_2314461,ASIS_Project_Metadata.csv
https://irma.nps.gov/DataStore/DownloadFile/733893,cached,6171,ASIS_2314461,ASIS_QRY_CommonName_missing.csv
https://irma.nps.gov/DataStore/DownloadFile/733899,cached,14730,AZRU_2314464,AZRU_sp_cov.csv
https://irma.nps.gov/DataStore/DownloadFile/733900,cached,8419,AZRU_2314464,AZRU_sp_cov2.csv
https://irma.nps.gov/DataStore/DownloadFile/733901,cached,688,AZRU_2314464,AZRU_tblDominants.csv
https://irma.nps.gov/DataStore/DownloadFile/733902,cached,3787,AZRU_2314464,AZRU_tblEnvironment.csv
https://irma.nps.gov/DataStore/DownloadFile/733903,cached,1616,AZRU_2314464,AZRU_tblPhotos.csv
https://irma.nps.gov/DataStore/DownloadFile/733904,cached,1871,AZRU_2314464,AZRU_tblPlotDetails.csv
https://irma.nps.gov/DataStore/DownloadFile/733905,cached,1485,AZRU_2314464,AZRU_tblPlotLocation.csv
https://irma.nps.gov/DataStore/DownloadFile/733906,cached,2769,AZRU_2314464,AZRU_tblSpecies.csv
https://irma.nps.gov/DataStore/DownloadFile/733907,cached,4540,AZRU_2314464,AZRU_tblVegetation.csv
https://irma.nps.gov/DataStore/DownloadFile/733908,cached,7878,AZRU_2314464,AZRU_tblVegetationDetails.csv
https://irma.nps.gov/DataStore/DownloadFile/733909,cached,6960,AZRU_2314464,AZRU_tlkp_PLANTS.csv
https://irma.nps.gov/DataStore/DownloadFile/733910,cached,507,AZRU_2314464,AZRU_tlkpAssociation.csv
https://irma.nps.gov/DataStore/DownloadFile/733911,cached,176,AZRU_2314464,AZRU_tlkpCover.csv
https://irma.nps.gov/DataStore/DownloadFile/733912,cached,68,AZRU_2314464,AZRU_tlkpCowardin.csv
https://irma.nps.gov/DataStore/DownloadFile/733913,cached,620,AZRU_2314464,AZRU_tlkpGeology.csv
https://irma.nps.gov/DataStore/DownloadFile/733914,cached,62,AZRU_2314464,AZRU_tlkpGPSUnit.csv
https://irma.nps.gov/DataStore/DownloadFile/733915,cached,112,AZRU_2314464,AZRU_tlkpHeightClass.csv
https://irma.nps.gov/DataStore/DownloadFile/733916,cached,158,AZRU_2314464,AZRU_tlkpHydrology.csv
https://irma.nps.gov/DataStore/DownloadFile/733917,cached,1095,AZRU_2314464,AZRU_tlkpLandform.csv
https://irma.nps.gov/DataStore/DownloadFile/733918,cached,29,AZRU_2314464,AZRU_tlkpLandowner.csv
https://irma.nps.gov/DataStore/DownloadFile/733919,cached,720,AZRU_2314464,AZRU_tlkpParks.csv
https://irma.nps.gov/DataStore/DownloadFile/733920,cached,2129,AZRU_2314464,AZRU_tlkpSoilDrainage.csv
https://irma.nps.gov/DataStore/DownloadFile/733921,cached,155,AZRU_2314464,AZRU_tlkpSoilTexture.csv
https://irma.nps.gov/DataStore/DownloadFile/733922,cached,65,AZRU_2314464,AZRU_tlkpStates.csv
https://irma.nps.gov/DataStore/DownloadFile/733923,cached,238,AZRU_2314464,AZRU_tlkpSurveyors.csv
https://irma.nps.gov/DataStore/DownloadFile/733924,cached,1331,AZRU_2314464,AZRU_tlkpTopography.csv
https://irma.nps.gov/DataStore/DownloadFile/733926,cached,46,AZRU_2314464,AZRU_tlkpUSGS_Quad.csv
https://irma.nps.gov/DataStore/DownloadFile/733927,cached,17,AZRU_2314464,AZRU_tlkpUTMZone.csv
https://irma.nps.gov/DataStore/DownloadFile/733932,cached,207222,BADL_2314465,BADL_sp_cov.csv
https://irma.nps.gov/DataStore/DownloadFile/733933,cached,34464,BADL_2314465,BADL_tAA.csv
https://irma.nps.gov/DataStore/DownloadFile/733934,cached,156537,BADL_2314465,BADL_tAAEvents.csv
https://irma.nps.gov/DataStore/DownloadFile/733935,cached,21,BADL_2314465,BADL_tConnect.csv
https://irma.nps.gov/DataStore/DownloadFile/733936,cached,410,BADL_2314465,BADL_tGlobal.csv
https://irma.nps.gov/DataStore/DownloadFile/733937,cached,108,BADL_2314465,BADL_tPhotos.csv
https://irma.nps.gov/DataStore/DownloadFile/733938,cached,139106,BADL_2314465,BADL_tPlotEvents.csv
https://irma.nps.gov/DataStore/DownloadFile/733939,cached,119698,BADL_2314465,BADL_tPlotEventSpecies.csv
https://irma.nps.gov/DataStore/DownloadFile/733940,cached,49990,BADL_2314465,BADL_tPlots.csv
https://irma.nps.gov/DataStore/DownloadFile/733941,cached,3726,BADL_2314465,BADL_tProjectMetadata.csv
https://irma.nps.gov/DataStore/DownloadFile/733942,cached,18473,BADL_2314465,BADL_tSpecies.csv
https://irma.nps.gov/DataStore/DownloadFile/733943,cached,14896,BADL_2314465,BADL_xConcept_Reference_lu.csv
https://irma.nps.gov/DataStore/DownloadFile/733944,cached,104,BADL_2314465,BADL_xCoverClass_lu.csv
https://irma.nps.gov/DataStore/DownloadFile/733945,cached,184,BADL_2314465,BADL_xHeight_Class_lu.csv
https://irma.nps.gov/DataStore/DownloadFile/733946,cached,1242,BADL_2314465,BADL_xHydro_Regime_lu.csv
https://irma.nps.gov/DataStore/DownloadFile/733947,cached,19474,BADL_2314465,BADL_xLandform_lu.csv
https://irma.nps.gov/DataStore/DownloadFile/733948,cached,332,BADL_2314465,BADL_xLeaf_Phenology_lu.csv
https://irma.nps.gov/DataStore/DownloadFile/733949,cached,192,BADL_2314465,BADL_xLeaf_Type_lu.csv
https://irma.nps.gov/DataStore/DownloadFile/733950,cached,1001,BADL_2314465,BADL_xMapUnit_lu.csv
https://irma.nps.gov/DataStore/DownloadFile/733951,cached,11897,BADL_2314465,BADL_xParks_lu.csv
https://irma.nps.gov/DataStore/DownloadFile/733952,cached,500,BADL_2314465,BADL_xPhysio_Class_lu.csv
https://irma.nps.gov/DataStore/DownloadFile/733954,cached,148,BADL_2314465,BADL_xSoil_Drainage_lu.csv
https://irma.nps.gov/DataStore/DownloadFile/733955,cached,115,BADL_2314465,BADL_xSoil_Texture_lu.csv
https://irma.nps.gov/DataStore/DownloadFile/733956,cached,948,BADL_2314465,BADL_xState_lu.csv
https://irma.nps.gov/DataStore/DownloadFile/733957,cached,282,BADL_2314465,BADL_xStratum_lu.csv
https://irma.nps.gov/DataStore/DownloadFile/733958,cached,1198,BADL_2314465,BADL_xSurficial_Geology_lu.csv
https://irma.nps.gov/DataStore/DownloadFile/733959,cached,1450,BADL_2314465,BADL_xTopo_Position_lu.csv
https://irma.nps.gov/DataStore/DownloadFile/733960,cached,2391,BADL_2314465,BADL_xVegAssociation_lu.csv
https://irma.nps.gov/DataStore/DownloadFile/733964,cached,19707,BAND_2314466,BAND_tAA.csv
https://irma.nps.gov/DataStore/DownloadFile/733965,cached,22174,BAND_2314466,BAND_tAAEvents.csv
https://irma.nps.gov/DataStore/DownloadFile/733966,cached,86936,BAND_2314466,BAND_tAAPhotos.csv
https://irma.nps.gov/DataStore/DownloadFile/733967,cached,152083,BAND_2314466,BAND_tAASpp.csv
https://irma.nps.gov/DataStore/DownloadFile/733968,cached,61132,BAND_2314466,BAND_tAAStrata.csv
https://irma.nps.gov/DataStore/DownloadFile/733969,cached,21,BAND_2314466,BAND_tConnect.csv
https://irma.nps.gov/DataStore/DownloadFile/733970,cached,494,BAND_2314466,BAND_tGlobal.csv
https://irma.nps.gov/DataStore/DownloadFile/733971,cached,169185,BAND_2314466,BAND_tPhotos.csv
https://irma.nps.gov/DataStore/DownloadFile/733972,cached,284134,BAND_2314466,BAND_tPlotEvents.csv
https://irma.nps.gov/DataStore/DownloadFile/733973,cached,582144,BAND_2314466,BAND_tPlotEventSpecies.csv
https://irma.nps.gov/DataStore/DownloadFile/733974,cached,333939,BAND_2314466,BAND_tPlotEventSpeciesStratum.csv
https://irma.nps.gov/DataStore/DownloadFile/733975,cached,138264,BAND_2314466,BAND_tPlots.csv
https://irma.nps.gov/DataStore/DownloadFile/733976,cached,472,BAND_2314466,BAND_tProjectMetadata.csv
https://irma.nps.gov/DataStore/DownloadFile/733977,cached,31794,BAND_2314466,BAND_tSpecies.csv
https://irma.nps.gov/DataStore/DownloadFile/733978,cached,160,BAND_2314466,BAND_xCoverClass_lu.csv
https://irma.nps.gov/DataStore/DownloadFile/733979,cached,1169,BAND_2314466,BAND_xHydro_Regime_lu.csv
https://irma.nps.gov/DataStore/DownloadFile/733980,cached,18432,BAND_2314466,BAND_xLandform_lu.csv
https://irma.nps.gov/DataStore/DownloadFile/733981,cached,178,BAND_2314466,BAND_xLeaf_Phenology_lu.csv
https://irma.nps.gov/DataStore/DownloadFile/733982,cached,152,BAND_2314466,BAND_xLeaf_Type_lu.csv
https://irma.nps.gov/DataStore/DownloadFile/733983,cached,3723,BAND_2314466,BAND_xMapUnit_lu.csv
https://irma.nps.gov/DataStore/DownloadFile/733984,cached,11897,BAND_2314466,BAND_xParks_lu.csv
https://irma.nps.gov/DataStore/DownloadFile/733985,cached,474,BAND_2314466,BAND_xPhysio_Class_lu.csv
https://irma.nps.gov/DataStore/DownloadFile/733987,cached,148,BAND_2314466,BAND_xSoil_Drainage_lu.csv
https://irma.nps.gov/DataStore/DownloadFile/733988,cached,69,BAND_2314466,BAND_xSoil_Texture_lu.csv
https://irma.nps.gov/DataStore/DownloadFile/733989,cached,170,BAND_2314466,BAND_xStratum_lu.csv
https://irma.nps.gov/DataStore/DownloadFile/733990,cached,1172,BAND_2314466,BAND_xSurficial_Geology_lu.csv
https://irma.nps.gov/DataStore/DownloadFile/733991,cached,225,BAND_2314466,BAND_xTopo_Position_lu.csv
https://irma.nps.gov/DataStore/DownloadFile/733992,cached,9977,BAND_2314466,BAND_xVegAssociation_lu.csv
https://irma.nps.gov/DataStore/DownloadFile/733996,cached,43034,BEOL_2314467,BEOL_plots.csv
https://irma.nps.gov/DataStore/DownloadFile/733997,cached,105496,BEOL_2314467,BEOL_sp_cov.csv
https://irma.nps.gov/DataStore/DownloadFile/733998,cached,16250,BEOL_2314467,BEOL_tAA.csv
https://irma.nps.gov/DataStore/DownloadFile/733999,cached,44228,BEOL_2314467,BEOL_tAAEvents.csv
https://irma.nps.gov/DataStore/DownloadFile/734000,cached,5050,BEOL_2314467,BEOL_tblFuels.csv
https://irma.nps.gov/DataStore/DownloadFile/734001,cached,21,BEOL_2314467,BEOL_tConnect.csv
https://irma.nps.gov/DataStore/DownloadFile/734002,cached,238,BEOL_2314467,BEOL_tGlobal.csv
https://irma.nps.gov/DataStore/DownloadFile/734003,cached,54811,BEOL_2314467,BEOL_tPhotos.csv
https://irma.nps.gov/DataStore/DownloadFile/734004,cached,35915,BEOL_2314467,BEOL_tPlotEvents.csv
https://irma.nps.gov/DataStore/DownloadFile/734005,cached,46516,BEOL_2314467,BEOL_tPlotEventSpecies.csv
https://irma.nps.gov/DataStore/DownloadFile/734006,cached,12425,BEOL_2314467,BEOL_tPlots.csv
https://irma.nps.gov/DataStore/DownloadFile/734007,cached,3512,BEOL_2314467,BEOL_tProjectMetadata.csv
https://irma.nps.gov/DataStore/DownloadFile/734008,cached,5305,BEOL_2314467,BEOL_tSpecies.csv
https://irma.nps.gov/DataStore/DownloadFile/734009,cached,14897,BEOL_2314467,BEOL_xConcept_Reference_lu.csv
https://irma.nps.gov/DataStore/DownloadFile/734010,cached,185,BEOL_2314467,BEOL_xCoverClass_lu.csv
https://irma.nps.gov/DataStore/DownloadFile/734011,cached,160,BEOL_2314467,BEOL_xHeight_Class_lu.csv
https://irma.nps.gov/DataStore/DownloadFile/734012,cached,1169,BEOL_2314467,BEOL_xHydro_Regime_lu.csv
https://irma.nps.gov/DataStore/DownloadFile/734013,cached,18432,BEOL_2314467,BEOL_xLandform_lu.csv
https://irma.nps.gov/DataStore/DownloadFile/734014,cached,178,BEOL_2314467,BEOL_xLeaf_Phenology_lu.csv
https://irma.nps.gov/DataStore/DownloadFile/734015,cached,152,BEOL_2314467,BEOL_xLeaf_Type_lu.csv
https://irma.nps.gov/DataStore/DownloadFile/734016,cached,697,BEOL_2314467,BEOL_xMapUnit_lu.csv
https://irma.nps.gov/DataStore/DownloadFile/734017,cached,11897,BEOL_2314467,BEOL_xParks_lu.csv
https://irma.nps.gov/DataStore/DownloadFile/734018,cached,474,BEOL_2314467,BEOL_xPhysio_Class_lu.csv
https://irma.nps.gov/DataStore/DownloadFile/734020,cached,148,BEOL_2314467,BEOL_xSoil_Drainage_lu.csv
https://irma.nps.gov/DataStore/DownloadFile/734021,cached,115,BEOL_2314467,BEOL_xSoil_Texture_lu.csv
https://irma.nps.gov/DataStore/DownloadFile/734022,cached,948,BEOL_2314467,BEOL_xState_lu.csv
https://irma.nps.gov/DataStore/DownloadFile/734023,cached,281,BEOL_2314467,BEOL_xStratum_lu.csv
https://irma.nps.gov/DataStore/DownloadFile/734024,cached,917,BEOL_2314467,BEOL_xSurficial_Geology_lu.csv
https://irma.nps.gov/DataStore/DownloadFile/734025,cached,225,BEOL_2314467,BEOL_xTopo_Position_lu.csv
https://irma.nps.gov/DataStore/DownloadFile/734026,cached,1143,BEOL_2314467,BEOL_xVegAssociation_lu.csv
https://irma.nps.gov/DataStore/DownloadFile/736512,cached,303,AKR_2314551,GAAR_delivered_tbl_image_location.csv
https://irma.nps.gov/DataStore/DownloadFile/736513,cached,754,AKR_2314551,GAAR_delivered_tbl_image_software.csv
https://irma.nps.gov/DataStore/DownloadFile/736516,cached,78931,AKR_2314551,GAAR_qry_1completeARCN_Specieslist.csv
https://irma.nps.gov/DataStore/DownloadFile/736517,cached,29445,AKR_2314551,GAAR_qry_1Vascular_Taxa_list.csv
https://irma.nps.gov/DataStore/DownloadFile/736518,cached,13525,AKR_2314551,GAAR_qry_2Non-vascular_Taxa_list.csv
https://irma.nps.gov/DataStore/DownloadFile/736519,cached,205125,AKR_2314551,GAAR_qry_3_Ecological_Components_list.csv
https://irma.nps.gov/DataStore/DownloadFile/736520,cached,79975,AKR_2314551,GAAR_qry_4_Environmental_Characteristics_list.csv
https://irma.nps.gov/DataStore/DownloadFile/736521,cached,2600,AKR_2314551,GAAR_qry_5_Soil_codes_list.csv
https://irma.nps.gov/DataStore/DownloadFile/736522,cached,3701,AKR_2314551,GAAR_qry_Ecotype_components.csv
https://irma.nps.gov/DataStore/DownloadFile/736523,cached,33741,AKR_2314551,GAAR_qry_Ecotype_Generation.csv
https://irma.nps.gov/DataStore/DownloadFile/736524,cached,1914877,AKR_2314551,GAAR_qry_plant_taxa_list.csv
https://irma.nps.gov/DataStore/DownloadFile/736525,cached,51252,AKR_2314551,GAAR_qry_Soil_X_Geomorph_Crosstab.csv
https://irma.nps.gov/DataStore/DownloadFile/736526,cached,183,AKR_2314551,GAAR_REF_Boundary_Distinct.csv
https://irma.nps.gov/DataStore/DownloadFile/736527,cached,131,AKR_2314551,GAAR_REF_Boundary_Topo.csv
https://irma.nps.gov/DataStore/DownloadFile/736528,cached,609,AKR_2314551,GAAR_REF_Coarse_Texture.csv
https://irma.nps.gov/DataStore/DownloadFile/736529,cached,3254,AKR_2314551,GAAR_REF_DisturbClass.csv
https://irma.nps.gov/DataStore/DownloadFile/736530,cached,510,AKR_2314551,GAAR_REF_DomText.csv
https://irma.nps.gov/DataStore/DownloadFile/736531,cached,251,AKR_2314551,GAAR_REF_DrainageCodes.csv
https://irma.nps.gov/DataStore/DownloadFile/736532,cached,415,AKR_2314551,GAAR_REF_Ecotype_Veg_Structures.csv
https://irma.nps.gov/DataStore/DownloadFile/736533,cached,161,AKR_2314551,GAAR_REF_Frag_Shape.csv
https://irma.nps.gov/DataStore/DownloadFile/736534,cached,147,AKR_2314551,GAAR_REF_Frag_Size.csv
https://irma.nps.gov/DataStore/DownloadFile/736535,cached,119,AKR_2314551,GAAR_REF_HORIZON.csv
https://irma.nps.gov/DataStore/DownloadFile/736536,cached,268,AKR_2314551,GAAR_REF_Horizon_Suffix.csv
https://irma.nps.gov/DataStore/DownloadFile/736537,cached,909,AKR_2314551,GAAR_REF_Lithofacies.csv
https://irma.nps.gov/DataStore/DownloadFile/736538,cached,5096,AKR_2314551,GAAR_REF_MacrotopographyCodes.csv
https://irma.nps.gov/DataStore/DownloadFile/736539,cached,1858,AKR_2314551,GAAR_REF_MicrotopographyCodes.csv
https://irma.nps.gov/DataStore/DownloadFile/736540,cached,116,AKR_2314551,GAAR_REF_Mottle_Abund.csv
https://irma.nps.gov/DataStore/DownloadFile/736541,cached,163,AKR_2314551,GAAR_REF_Mottle_Contrst.csv
https://irma.nps.gov/DataStore/DownloadFile/736542,cached,187,AKR_2314551,GAAR_REF_Mottle_Size.csv
https://irma.nps.gov/DataStore/DownloadFile/736543,cached,345,AKR_2314551,GAAR_REF_NWIWaterRegimeCodes.csv
https://irma.nps.gov/DataStore/DownloadFile/736544,cached,327,AKR_2314551,GAAR_REF_Peat.csv
https://irma.nps.gov/DataStore/DownloadFile/736545,cached,169,AKR_2314551,GAAR_REF_PhysiographyCodes.csv
https://irma.nps.gov/DataStore/DownloadFile/736546,cached,375,AKR_2314551,GAAR_REF_Redox_Type.csv
https://irma.nps.gov/DataStore/DownloadFile/736547,cached,294,AKR_2314551,GAAR_REF_Rupture_Resist_Block.csv
https://irma.nps.gov/DataStore/DownloadFile/736548,cached,184,AKR_2314551,GAAR_REF_SampleMeth.csv
https://irma.nps.gov/DataStore/DownloadFile/736549,cached,181,AKR_2314551,GAAR_REF_SiteChemistry.csv
https://irma.nps.gov/DataStore/DownloadFile/736550,cached,18485,AKR_2314551,GAAR_REF_soil_code.csv
https://irma.nps.gov/DataStore/DownloadFile/736551,cached,342,AKR_2314551,GAAR_REF_soil_colour.csv
https://irma.nps.gov/DataStore/DownloadFile/736552,cached,99,AKR_2314551,GAAR_REF_Soil_Stickiness.csv
https://irma.nps.gov/DataStore/DownloadFile/736553,cached,199,AKR_2314551,GAAR_REF_Soil_Structure.csv
https://irma.nps.gov/DataStore/DownloadFile/736554,cached,105,AKR_2314551,GAAR_REF_SoilMoistureCodes.csv
https://irma.nps.gov/DataStore/DownloadFile/736555,cached,170,AKR_2314551,GAAR_REF_Structure_Grade.csv
https://irma.nps.gov/DataStore/DownloadFile/736556,cached,220,AKR_2314551,GAAR_REF_Structure_Size.csv
https://irma.nps.gov/DataStore/DownloadFile/736557,cached,25201,AKR_2314551,GAAR_REF_TerrainUnitCodes.csv
https://irma.nps.gov/DataStore/DownloadFile/736558,cached,1692,AKR_2314551,GAAR_REF_Texture.csv
https://irma.nps.gov/DataStore/DownloadFile/736559,cached,41342,AKR_2314551,GAAR_REF_VegCode4.csv
https://irma.nps.gov/DataStore/DownloadFile/736560,cached,36009,AKR_2314551,GAAR_REF_vegSynonymy.csv
https://irma.nps.gov/DataStore/DownloadFile/736561,cached,245678,AKR_2314551,GAAR_REF_vegTaxonomy.csv
https://irma.nps.gov/DataStore/DownloadFile/736562,cached,21907,AKR_2314551,GAAR_tbl_2007_AKNHP_Rare_Plant_List.csv
https://irma.nps.gov/DataStore/DownloadFile/736563,cached,857835,AKR_2314551,GAAR_tbl_ARCN_Final_Plot_Data.csv
https://irma.nps.gov/DataStore/DownloadFile/736564,cached,217140,AKR_2314551,GAAR_tbl_ELS_Field_Plot_Data.csv
https://irma.nps.gov/DataStore/DownloadFile/736565,cached,262286,AKR_2314551,GAAR_tbl_image.csv
https://irma.nps.gov/DataStore/DownloadFile/736566,cached,457,AKR_2314551,GAAR_tbl_image_location.csv
https://irma.nps.gov/DataStore/DownloadFile/736567,cached,1194,AKR_2314551,GAAR_tbl_image_software.csv
https://irma.nps.gov/DataStore/DownloadFile/736568,cached,98,AKR_2314551,GAAR_tbl_parent.csv
https://irma.nps.gov/DataStore/DownloadFile/736569,cached,253277,AKR_2314551,GAAR_tbl_Parker_ARCN_Species_List.csv
https://irma.nps.gov/DataStore/DownloadFile/736570,cached,139590,AKR_2314551,GAAR_tbl_soil.csv
https://irma.nps.gov/DataStore/DownloadFile/736571,cached,13620,AKR_2314551,GAAR_tbl_Soil_Elements.csv
https://irma.nps.gov/DataStore/DownloadFile/736572,cached,32336,AKR_2314551,GAAR_tbl_Species_List_ARCN.csv
https://irma.nps.gov/DataStore/DownloadFile/736573,cached,108365,AKR_2314551,GAAR_tbl_Veg_Structure.csv
https://irma.nps.gov/DataStore/DownloadFile/736574,cached,1612137,AKR_2314551,GAAR_tbl_VegCoverBySpecies.csv
https://irma.nps.gov/DataStore/DownloadFile/736575,cached,134965,AKR_2314551,GAAR_xref_image_parent.csv
https://irma.nps.gov/DataStore/DownloadFile/734028,cached,3,BIBE_2314468,BIBE_PLOTS_v4_BE_BIBE_~TMPCLP605031.csv
https://irma.nps.gov/DataStore/DownloadFile/734031,cached,21,BIBE_2314468,BIBE_PLOTS_v4_BE_BIBE_tConnect.csv
https://irma.nps.gov/DataStore/DownloadFile/734032,cached,382,BIBE_2314468,BIBE_PLOTS_v4_BE_BIBE_tGlobal.csv
https://irma.nps.gov/DataStore/DownloadFile/734033,cached,412952,BIBE_2314468,BIBE_PLOTS_v4_BE_BIBE_tPhotos.csv
https://irma.nps.gov/DataStore/DownloadFile/734034,cached,595707,BIBE_2314468,BIBE_PLOTS_v4_BE_BIBE_tPlotEvents.csv
https://irma.nps.gov/DataStore/DownloadFile/734035,cached,21672761,BIBE_2314468,BIBE_PLOTS_v4_BE_BIBE_tPlotEvents_Query.csv
https://irma.nps.gov/DataStore/DownloadFile/734036,cached,1696261,BIBE_2314468,BIBE_PLOTS_v4_BE_BIBE_tPlotEventSpecies.csv
https://irma.nps.gov/DataStore/DownloadFile/734037,cached,10527813,BIBE_2314468,BIBE_PLOTS_v4_BE_BIBE_tPlotEventSpecies_Query.csv
https://irma.nps.gov/DataStore/DownloadFile/734038,cached,242552,BIBE_2314468,BIBE_PLOTS_v4_BE_BIBE_tPlots.csv
https://irma.nps.gov/DataStore/DownloadFile/734039,cached,90,BIBE_2314468,BIBE_PLOTS_v4_BE_BIBE_tProcessSteps.csv
https://irma.nps.gov/DataStore/DownloadFile/734040,cached,501,BIBE_2314468,BIBE_PLOTS_v4_BE_BIBE_tProjectMetadata.csv
https://irma.nps.gov/DataStore/DownloadFile/734041,cached,181047,BIBE_2314468,BIBE_PLOTS_v4_BE_BIBE_tSpecies.csv
https://irma.nps.gov/DataStore/DownloadFile/734042,cached,3498,BIBE_2314468,BIBE_PLOTS_v4_BE_BIBE_xConcept_Reference_lu.csv
https://irma.nps.gov/DataStore/DownloadFile/734043,cached,160,BIBE_2314468,BIBE_PLOTS_v4_BE_BIBE_xCoverClass_lu.csv
https://irma.nps.gov/DataStore/DownloadFile/734044,cached,136,BIBE_2314468,BIBE_PLOTS_v4_BE_BIBE_xHeight_Class_lu.csv
https://irma.nps.gov/DataStore/DownloadFile/734045,cached,1169,BIBE_2314468,BIBE_PLOTS_v4_BE_BIBE_xHydro_Regime_lu.csv
https://irma.nps.gov/DataStore/DownloadFile/734046,cached,18432,BIBE_2314468,BIBE_PLOTS_v4_BE_BIBE_xLandform_lu.csv
https://irma.nps.gov/DataStore/DownloadFile/734047,cached,178,BIBE_2314468,BIBE_PLOTS_v4_BE_BIBE_xLeaf_Phenology_lu.csv
https://irma.nps.gov/DataStore/DownloadFile/734048,cached,152,BIBE_2314468,BIBE_PLOTS_v4_BE_BIBE_xLeaf_Type_lu.csv
https://irma.nps.gov/DataStore/DownloadFile/734049,cached,21,BIBE_2314468,BIBE_PLOTS_v4_BE_BIBE_xMapUnit_lu.csv
https://irma.nps.gov/DataStore/DownloadFile/734050,cached,11897,BIBE_2314468,BIBE_PLOTS_v4_BE_BIBE_xParks_lu.csv
https://irma.nps.gov/DataStore/DownloadFile/734051,cached,474,BIBE_2314468,BIBE_PLOTS_v4_BE_BIBE_xPhysio_Class_lu.csv
https://irma.nps.gov/DataStore/DownloadFile/734053,cached,148,BIBE_2314468,BIBE_PLOTS_v4_BE_BIBE_xSoil_Drainage_lu.csv
https://irma.nps.gov/DataStore/DownloadFile/734054,cached,115,BIBE_2314468,BIBE_PLOTS_v4_BE_BIBE_xSoil_Texture_lu.csv
https://irma.nps.gov/DataStore/DownloadFile/734055,cached,971,BIBE_2314468,BIBE_PLOTS_v4_BE_BIBE_xState_lu.csv
https://irma.nps.gov/DataStore/DownloadFile/734056,cached,282,BIBE_2314468,BIBE_PLOTS_v4_BE_BIBE_xStratum_lu.csv
https://irma.nps.gov/DataStore/DownloadFile/734057,cached,1172,BIBE_2314468,BIBE_PLOTS_v4_BE_BIBE_xSurficial_Geology_lu.csv
https://irma.nps.gov/DataStore/DownloadFile/734058,cached,225,BIBE_2314468,BIBE_PLOTS_v4_BE_BIBE_xTopo_Position_lu.csv
https://irma.nps.gov/DataStore/DownloadFile/734059,cached,5840,BIBE_2314468,BIBE_PLOTS_v4_BE_BIBE_xVegAssociation_lu.csv
https://irma.nps.gov/DataStore/DownloadFile/734060,cached,29876,BIBE_2314468,BIBE_PLOTS_v4_BE_BIBE_xVegAssociationHierarchy_lu.csv
https://irma.nps.gov/DataStore/DownloadFile/741033,cached,32249,BIHO_2314751,BIHO_biho_aadata_1Data_Plot_Info.csv
https://irma.nps.gov/DataStore/DownloadFile/741034,cached,23127,BIHO_2314751,BIHO_biho_aadata_3Data_Surface_NV.csv
https://irma.nps.gov/DataStore/DownloadFile/741035,cached,33697,BIHO_2314751,BIHO_biho_aadata_4Data_Veg_Strata.csv
https://irma.nps.gov/DataStore/DownloadFile/741036,cached,38031,BIHO_2314751,BIHO_biho_aadata_GPS_spp_Query.csv
https://irma.nps.gov/DataStore/DownloadFile/741037,cached,2430,BIHO_2314751,BIHO_biho_aadata_LUT_Class_List.csv
https://irma.nps.gov/DataStore/DownloadFile/741038,cached,37,BIHO_2314751,BIHO_biho_aadata_LUT_County.csv
https://irma.nps.gov/DataStore/DownloadFile/741039,cached,141,BIHO_2314751,BIHO_biho_aadata_LUT_Cover_Scale.csv
https://irma.nps.gov/DataStore/DownloadFile/741040,cached,59,BIHO_2314751,BIHO_biho_aadata_LUT_Height.csv
https://irma.nps.gov/DataStore/DownloadFile/741041,cached,74,BIHO_2314751,BIHO_biho_aadata_LUT_LF_Phen.csv
https://irma.nps.gov/DataStore/DownloadFile/741042,cached,161,BIHO_2314751,BIHO_biho_aadata_LUT_LF_Stata.csv
https://irma.nps.gov/DataStore/DownloadFile/741043,cached,87,BIHO_2314751,BIHO_biho_aadata_LUT_LF_Type.csv
https://irma.nps.gov/DataStore/DownloadFile/741044,cached,2254,BIHO_2314751,BIHO_biho_aadata_LUT_Map_Code.csv
https://irma.nps.gov/DataStore/DownloadFile/741045,cached,29,BIHO_2314751,BIHO_biho_aadata_LUT_Park.csv
https://irma.nps.gov/DataStore/DownloadFile/741046,cached,98,BIHO_2314751,BIHO_biho_aadata_LUT_Phys_Cls.csv
https://irma.nps.gov/DataStore/DownloadFile/741047,cached,11716,BIHO_2314751,BIHO_biho_aadata_LUT_Points.csv
https://irma.nps.gov/DataStore/DownloadFile/741048,cached,1750,BIHO_2314751,BIHO_biho_aadata_LUT_Species.csv
https://irma.nps.gov/DataStore/DownloadFile/741049,cached,30,BIHO_2314751,BIHO_biho_aadata_LUT_Sub_Unit.csv
https://irma.nps.gov/DataStore/DownloadFile/741050,cached,146,BIHO_2314751,BIHO_biho_aadata_LUT_Topo.csv
https://irma.nps.gov/DataStore/DownloadFile/741051,cached,141,BIHO_2314751,BIHO_biho_aadata_LUT_Unveg.csv
https://irma.nps.gov/DataStore/DownloadFile/741054,cached,10644,BIHO_2314751,BIHO_biho_aadata_Q_Plot_Connect.csv
https://irma.nps.gov/DataStore/DownloadFile/741055,cached,43129,BIHO_2314751,BIHO_biho_aadata_Q_Show_Info.csv
https://irma.nps.gov/DataStore/DownloadFile/741056,cached,143,BIHO_2314751,BIHO_biho_aadata_Switchboard_Items.csv
https://irma.nps.gov/DataStore/DownloadFile/741057,cached,16663,BIHO_2314751,BIHO_biho_aadata_tAAtPlots.csv
https://irma.nps.gov/DataStore/DownloadFile/741058,cached,15020,BIHO_2314751,BIHO_biho_plotdata_Comment_List.csv
https://irma.nps.gov/DataStore/DownloadFile/741059,cached,6693,BIHO_2314751,BIHO_biho_plotdata_Envir_Descr.csv
https://irma.nps.gov/DataStore/DownloadFile/741060,cached,5847,BIHO_2314751,BIHO_biho_plotdata_Fuel_Stand2.csv
https://irma.nps.gov/DataStore/DownloadFile/741061,cached,41,BIHO_2314751,BIHO_biho_plotdata_LUT_Cheat_Cover.csv
https://irma.nps.gov/DataStore/DownloadFile/741062,cached,2960,BIHO_2314751,BIHO_biho_plotdata_LUT_Comm_Name.csv
https://irma.nps.gov/DataStore/DownloadFile/741063,cached,38,BIHO_2314751,BIHO_biho_plotdata_LUT_County.csv
https://irma.nps.gov/DataStore/DownloadFile/741064,cached,235,BIHO_2314751,BIHO_biho_plotdata_LUT_Cover_Scale.csv
https://irma.nps.gov/DataStore/DownloadFile/741065,cached,47,BIHO_2314751,BIHO_biho_plotdata_LUT_Cowardin.csv
https://irma.nps.gov/DataStore/DownloadFile/741066,cached,48,BIHO_2314751,BIHO_biho_plotdata_LUT_Duff_Depth.csv
https://irma.nps.gov/DataStore/DownloadFile/741067,cached,800,BIHO_2314751,BIHO_biho_plotdata_LUT_EcoSys_Code.csv
https://irma.nps.gov/DataStore/DownloadFile/741068,cached,16,BIHO_2314751,BIHO_biho_plotdata_LUT_FCC.csv
https://irma.nps.gov/DataStore/DownloadFile/741069,cached,37,BIHO_2314751,BIHO_biho_plotdata_LUT_Forbs_HT.csv
https://irma.nps.gov/DataStore/DownloadFile/741070,cached,41,BIHO_2314751,BIHO_biho_plotdata_LUT_Fuel_1.csv
https://irma.nps.gov/DataStore/DownloadFile/741071,cached,35,BIHO_2314751,BIHO_biho_plotdata_LUT_FUEL_2.csv
https://irma.nps.gov/DataStore/DownloadFile/741072,cached,25,BIHO_2314751,BIHO_biho_plotdata_LUT_Fuel_Depth.csv
https://irma.nps.gov/DataStore/DownloadFile/741073,cached,38,BIHO_2314751,BIHO_biho_plotdata_LUT_Grass_HT.csv
https://irma.nps.gov/DataStore/DownloadFile/741074,cached,59,BIHO_2314751,BIHO_biho_plotdata_LUT_Height.csv
https://irma.nps.gov/DataStore/DownloadFile/741075,cached,29,BIHO_2314751,BIHO_biho_plotdata_LUT_Landform.csv
https://irma.nps.gov/DataStore/DownloadFile/741076,cached,80,BIHO_2314751,BIHO_biho_plotdata_LUT_LF_Phen.csv
https://irma.nps.gov/DataStore/DownloadFile/741077,cached,177,BIHO_2314751,BIHO_biho_plotdata_LUT_LF_Stata.csv
https://irma.nps.gov/DataStore/DownloadFile/741078,cached,68,BIHO_2314751,BIHO_biho_plotdata_LUT_LF_Type.csv
https://irma.nps.gov/DataStore/DownloadFile/741079,cached,27,BIHO_2314751,BIHO_biho_plotdata_LUT_Litter_Depth.csv
https://irma.nps.gov/DataStore/DownloadFile/741080,cached,118,BIHO_2314751,BIHO_biho_plotdata_LUT_Non_Tidal.csv
https://irma.nps.gov/DataStore/DownloadFile/741081,cached,41,BIHO_2314751,BIHO_biho_plotdata_LUT_Park.csv
https://irma.nps.gov/DataStore/DownloadFile/741082,cached,105,BIHO_2314751,BIHO_biho_plotdata_LUT_PFM.csv
https://irma.nps.gov/DataStore/DownloadFile/741083,cached,98,BIHO_2314751,BIHO_biho_plotdata_LUT_Phys_Cls.csv
https://irma.nps.gov/DataStore/DownloadFile/741084,cached,27,BIHO_2314751,BIHO_biho_plotdata_LUT_Shrb_HT.csv
https://irma.nps.gov/DataStore/DownloadFile/741085,cached,56,BIHO_2314751,BIHO_biho_plotdata_LUT_Soil_Drainage.csv
https://irma.nps.gov/DataStore/DownloadFile/741086,cached,81,BIHO_2314751,BIHO_biho_plotdata_LUT_Soil_Texture.csv
https://irma.nps.gov/DataStore/DownloadFile/741087,cached,22761,BIHO_2314751,BIHO_biho_plotdata_LUT_Species.csv
https://irma.nps.gov/DataStore/DownloadFile/741088,cached,30,BIHO_2314751,BIHO_biho_plotdata_LUT_Sub_Unit.csv
https://irma.nps.gov/DataStore/DownloadFile/741089,cached,146,BIHO_2314751,BIHO_biho_plotdata_LUT_Topo.csv
https://irma.nps.gov/DataStore/DownloadFile/741090,cached,177,BIHO_2314751,BIHO_biho_plotdata_LUT_Unveg.csv
https://irma.nps.gov/DataStore/DownloadFile/741091,cached,72,BIHO_2314751,BIHO_biho_plotdata_LUT_US_Health.csv
https://irma.nps.gov/DataStore/DownloadFile/741094,cached,8486,BIHO_2314751,BIHO_biho_plotdata_Photos.csv
https://irma.nps.gov/DataStore/DownloadFile/741095,cached,5919,BIHO_2314751,BIHO_biho_plotdata_Photos_Query.csv
https://irma.nps.gov/DataStore/DownloadFile/741096,cached,10799,BIHO_2314751,BIHO_biho_plotdata_Plot_Comments_Links.csv
https://irma.nps.gov/DataStore/DownloadFile/741097,cached,14166,BIHO_2314751,BIHO_biho_plotdata_Plot_Community.csv
https://irma.nps.gov/DataStore/DownloadFile/741098,cached,5740,BIHO_2314751,BIHO_biho_plotdata_Plot_GPS_Data.csv
https://irma.nps.gov/DataStore/DownloadFile/741099,cached,6809,BIHO_2314751,BIHO_biho_plotdata_Plot_Info.csv
https://irma.nps.gov/DataStore/DownloadFile/741100,cached,10532,BIHO_2314751,BIHO_biho_plotdata_Q_Envir.csv
https://irma.nps.gov/DataStore/DownloadFile/741101,cached,11604,BIHO_2314751,BIHO_biho_plotdata_Q_Fuels2.csv
https://irma.nps.gov/DataStore/DownloadFile/741102,cached,75772,BIHO_2314751,BIHO_biho_plotdata_Q_Noxious_Species.csv
https://irma.nps.gov/DataStore/DownloadFile/741103,cached,19270,BIHO_2314751,BIHO_biho_plotdata_Q_Plot_Comments.csv
https://irma.nps.gov/DataStore/DownloadFile/741104,cached,19714,BIHO_2314751,BIHO_biho_plotdata_Q_Plot_Information.csv
https://irma.nps.gov/DataStore/DownloadFile/741105,cached,327958,BIHO_2314751,BIHO_biho_plotdata_Q_Plot_Species.csv
https://irma.nps.gov/DataStore/DownloadFile/741106,cached,4239,BIHO_2314751,BIHO_biho_plotdata_Q_SUFNV_Cross.csv
https://irma.nps.gov/DataStore/DownloadFile/741107,cached,17290,BIHO_2314751,BIHO_biho_plotdata_Q_Veg_Desc.csv
https://irma.nps.gov/DataStore/DownloadFile/741108,cached,25628,BIHO_2314751,BIHO_biho_plotdata_Q_Veg_Strata.csv
https://irma.nps.gov/DataStore/DownloadFile/741109,cached,3328,BIHO_2314751,BIHO_biho_plotdata_Qtemp_Veg_Strata_Cover.csv
https://irma.nps.gov/DataStore/DownloadFile/741110,cached,9271,BIHO_2314751,BIHO_biho_plotdata_Qtemp_Veg_Strata_Dom_SP.csv
https://irma.nps.gov/DataStore/DownloadFile/741111,cached,3129,BIHO_2314751,BIHO_biho_plotdata_Qtemp_Veg_Strata_Height.csv
https://irma.nps.gov/DataStore/DownloadFile/741112,cached,7691,BIHO_2314751,BIHO_biho_plotdata_Qtemp_Veg_Strata_Sec_SP.csv
https://irma.nps.gov/DataStore/DownloadFile/741113,cached,130865,BIHO_2314751,BIHO_biho_plotdata_sp_cov.csv
https://irma.nps.gov/DataStore/DownloadFile/741114,cached,111257,BIHO_2314751,BIHO_biho_plotdata_Species_List.csv
https://irma.nps.gov/DataStore/DownloadFile/741115,cached,4239,BIHO_2314751,BIHO_biho_plotdata_SUFNV_Cross.csv
https://irma.nps.gov/DataStore/DownloadFile/741116,cached,13069,BIHO_2314751,BIHO_biho_plotdata_Surface_NV.csv
https://irma.nps.gov/DataStore/DownloadFile/741117,cached,3805,BIHO_2314751,BIHO_biho_plotdata_Surface_NV_Crosstab.csv
https://irma.nps.gov/DataStore/DownloadFile/741118,cached,4957,BIHO_2314751,BIHO_biho_plotdata_Veg_Descr.csv
https://irma.nps.gov/DataStore/DownloadFile/741119,cached,21565,BIHO_2314751,BIHO_biho_plotdata_Veg_Strata.csv
https://irma.nps.gov/DataStore/DownloadFile/741120,cached,25628,BIHO_2314751,BIHO_biho_plotdata_Veg_Strata_Cross.csv
https://irma.nps.gov/DataStore/DownloadFile/734110,cached,468,BITH_2314478,BITH_Local_descriptions.csv
https://irma.nps.gov/DataStore/DownloadFile/734113,cached,347,BITH_2314478,BITH_Paste_Errors.csv
https://irma.nps.gov/DataStore/DownloadFile/734114,cached,2845032,BITH_2314478,BITH_QA_01_spcov.csv
https://irma.nps.gov/DataStore/DownloadFile/734115,cached,871884,BITH_2314478,BITH_QA_02_plots.csv
https://irma.nps.gov/DataStore/DownloadFile/734116,cached,119,BITH_2314478,BITH_QA_03_duplicates_in_01.csv
https://irma.nps.gov/DataStore/DownloadFile/734117,cached,328,BITH_2314478,BITH_QA_04_duplicates_in_02.csv
https://irma.nps.gov/DataStore/DownloadFile/734118,cached,870,BITH_2314478,BITH_QA_05_Plots_without_Species.csv
https://irma.nps.gov/DataStore/DownloadFile/734119,cached,82,BITH_2314478,BITH_QA_06_Spp_without_Plots.csv
https://irma.nps.gov/DataStore/DownloadFile/734120,cached,21,BITH_2314478,BITH_tConnect.csv
https://irma.nps.gov/DataStore/DownloadFile/734121,cached,1630,BITH_2314478,BITH_tGlobal.csv
https://irma.nps.gov/DataStore/DownloadFile/734122,cached,379952,BITH_2314478,BITH_tPhotos.csv
https://irma.nps.gov/DataStore/DownloadFile/734123,cached,487222,BITH_2314478,BITH_tPlotEvents.csv
https://irma.nps.gov/DataStore/DownloadFile/734124,cached,1212163,BITH_2314478,BITH_tPlotEventSpecies.csv
https://irma.nps.gov/DataStore/DownloadFile/734125,cached,208415,BITH_2314478,BITH_tPlots.csv
https://irma.nps.gov/DataStore/DownloadFile/734126,cached,110,BITH_2314478,BITH_tProcessSteps.csv
https://irma.nps.gov/DataStore/DownloadFile/734127,cached,469,BITH_2314478,BITH_tProjectMetadata.csv
https://irma.nps.gov/DataStore/DownloadFile/734128,cached,40966,BITH_2314478,BITH_tSpecies.csv
https://irma.nps.gov/DataStore/DownloadFile/734129,cached,14896,BITH_2314478,BITH_xConcept_Reference_lu.csv
https://irma.nps.gov/DataStore/DownloadFile/734130,cached,166,BITH_2314478,BITH_xCoverClass_lu.csv
https://irma.nps.gov/DataStore/DownloadFile/734131,cached,136,BITH_2314478,BITH_xHeight_Class_lu.csv
https://irma.nps.gov/DataStore/DownloadFile/734132,cached,1169,BITH_2314478,BITH_xHydro_Regime_lu.csv
https://irma.nps.gov/DataStore/DownloadFile/734133,cached,18432,BITH_2314478,BITH_xLandform_lu.csv
https://irma.nps.gov/DataStore/DownloadFile/734134,cached,178,BITH_2314478,BITH_xLeaf_Phenology_lu.csv
https://irma.nps.gov/DataStore/DownloadFile/734135,cached,152,BITH_2314478,BITH_xLeaf_Type_lu.csv
https://irma.nps.gov/DataStore/DownloadFile/734136,cached,21,BITH_2314478,BITH_xMapUnit_lu.csv
https://irma.nps.gov/DataStore/DownloadFile/734137,cached,11897,BITH_2314478,BITH_xParks_lu.csv
https://irma.nps.gov/DataStore/DownloadFile/734138,cached,474,BITH_2314478,BITH_xPhysio_Class_lu.csv
https://irma.nps.gov/DataStore/DownloadFile/734140,cached,148,BITH_2314478,BITH_xSoil_Drainage_lu.csv
https://irma.nps.gov/DataStore/DownloadFile/734141,cached,115,BITH_2314478,BITH_xSoil_Texture_lu.csv
https://irma.nps.gov/DataStore/DownloadFile/734142,cached,948,BITH_2314478,BITH_xState_lu.csv
https://irma.nps.gov/DataStore/DownloadFile/734143,cached,282,BITH_2314478,BITH_xStratum_lu.csv
https://irma.nps.gov/DataStore/DownloadFile/734144,cached,1172,BITH_2314478,BITH_xSurficial_Geology_lu.csv
https://irma.nps.gov/DataStore/DownloadFile/734145,cached,225,BITH_2314478,BITH_xTopo_Position_lu.csv
https://irma.nps.gov/DataStore/DownloadFile/734146,cached,565034,BITH_2314478,BITH_xVegAssociation_lu.csv
https://irma.nps.gov/DataStore/DownloadFile/734076,cached,71086,BICA_2314477,BICA_tAA.csv
https://irma.nps.gov/DataStore/DownloadFile/734077,cached,270097,BICA_2314477,BICA_tAAEvents.csv
https://irma.nps.gov/DataStore/DownloadFile/734078,cached,280992,BICA_2314477,BICA_tAAEventSpecies.csv
https://irma.nps.gov/DataStore/DownloadFile/734079,cached,18564,BICA_2314477,BICA_tClassifiedTypes.csv
https://irma.nps.gov/DataStore/DownloadFile/734080,cached,21,BICA_2314477,BICA_tConnect.csv
https://irma.nps.gov/DataStore/DownloadFile/734081,cached,442,BICA_2314477,BICA_tGlobal.csv
https://irma.nps.gov/DataStore/DownloadFile/734082,cached,7288,BICA_2314477,BICA_tNewAACODEstring.csv
https://irma.nps.gov/DataStore/DownloadFile/734083,cached,450283,BICA_2314477,BICA_tPhotos.csv
https://irma.nps.gov/DataStore/DownloadFile/734084,cached,148484,BICA_2314477,BICA_tPlotEvents.csv
https://irma.nps.gov/DataStore/DownloadFile/734085,cached,221118,BICA_2314477,BICA_tPlotEventSpecies.csv
https://irma.nps.gov/DataStore/DownloadFile/734086,cached,70179,BICA_2314477,BICA_tPlots.csv
https://irma.nps.gov/DataStore/DownloadFile/734087,cached,181,BICA_2314477,BICA_tProcessSteps.csv
https://irma.nps.gov/DataStore/DownloadFile/734088,cached,844,BICA_2314477,BICA_tProjectMetadata.csv
https://irma.nps.gov/DataStore/DownloadFile/734089,cached,155540,BICA_2314477,BICA_tSpecies.csv
https://irma.nps.gov/DataStore/DownloadFile/734090,cached,7834,BICA_2314477,BICA_tUnknownSpecies.csv
https://irma.nps.gov/DataStore/DownloadFile/734091,cached,14896,BICA_2314477,BICA_xConcept_Reference_lu.csv
https://irma.nps.gov/DataStore/DownloadFile/734092,cached,160,BICA_2314477,BICA_xCoverClass_lu.csv
https://irma.nps.gov/DataStore/DownloadFile/734093,cached,136,BICA_2314477,BICA_xHeight_Class_lu.csv
https://irma.nps.gov/DataStore/DownloadFile/734094,cached,1169,BICA_2314477,BICA_xHydro_Regime_lu.csv
https://irma.nps.gov/DataStore/DownloadFile/734095,cached,18804,BICA_2314477,BICA_xLandform_lu.csv
https://irma.nps.gov/DataStore/DownloadFile/734096,cached,178,BICA_2314477,BICA_xLeaf_Phenology_lu.csv
https://irma.nps.gov/DataStore/DownloadFile/734097,cached,152,BICA_2314477,BICA_xLeaf_Type_lu.csv
https://irma.nps.gov/DataStore/DownloadFile/734098,cached,21,BICA_2314477,BICA_xMapUnit_lu.csv
https://irma.nps.gov/DataStore/DownloadFile/734099,cached,11897,BICA_2314477,BICA_xParks_lu.csv
https://irma.nps.gov/DataStore/DownloadFile/734100,cached,474,BICA_2314477,BICA_xPhysio_Class_lu.csv
https://irma.nps.gov/DataStore/DownloadFile/734101,cached,45652,BICA_2314477,BICA_xPLANTS_LU.csv
https://irma.nps.gov/DataStore/DownloadFile/734102,cached,148,BICA_2314477,BICA_xSoil_Drainage_lu.csv
https://irma.nps.gov/DataStore/DownloadFile/734103,cached,115,BICA_2314477,BICA_xSoil_Texture_lu.csv
https://irma.nps.gov/DataStore/DownloadFile/734104,cached,948,BICA_2314477,BICA_xState_lu.csv
https://irma.nps.gov/DataStore/DownloadFile/734105,cached,282,BICA_2314477,BICA_xStratum_lu.csv
https://irma.nps.gov/DataStore/DownloadFile/734106,cached,1172,BICA_2314477,BICA_xSurficial_Geology_lu.csv
https://irma.nps.gov/DataStore/DownloadFile/734107,cached,225,BICA_2314477,BICA_xTopo_Position_lu.csv
https://irma.nps.gov/DataStore/DownloadFile/734108,cached,4407,BICA_2314477,BICA_xVegAssociation_lu.csv
https://irma.nps.gov/DataStore/DownloadFile/734151,cached,43375,BLCA_2314480,BLCA_2003_Prelim_classif_by_group.csv
https://irma.nps.gov/DataStore/DownloadFile/734152,cached,40178,BLCA_2314480,BLCA_2003_Prelim_Classification.csv
https://irma.nps.gov/DataStore/DownloadFile/734153,cached,23387,BLCA_2314480,BLCA_aaGPS_Data_Log.csv
https://irma.nps.gov/DataStore/DownloadFile/734154,cached,56,BLCA_2314480,BLCA_Find_duplicates_for_qrycheck.csv
https://irma.nps.gov/DataStore/DownloadFile/734155,cached,38,BLCA_2314480,BLCA_Find_duplicates_for_tblVegetation.csv
https://irma.nps.gov/DataStore/DownloadFile/734158,cached,7120,BLCA_2314480,BLCA_qryAlliance.csv
https://irma.nps.gov/DataStore/DownloadFile/734159,cached,33124,BLCA_2314480,BLCA_qryAssociation.csv
https://irma.nps.gov/DataStore/DownloadFile/734160,cached,22528,BLCA_2314480,BLCA_qrycheck.csv
https://irma.nps.gov/DataStore/DownloadFile/734161,cached,9880,BLCA_2314480,BLCA_qryLocationPlots11-24.csv
https://irma.nps.gov/DataStore/DownloadFile/734162,cached,79441,BLCA_2314480,BLCA_tbl_aa_photonames.csv
https://irma.nps.gov/DataStore/DownloadFile/734163,cached,32445,BLCA_2314480,BLCA_tbl_AA_Quads_Import.csv
https://irma.nps.gov/DataStore/DownloadFile/734164,cached,39369,BLCA_2314480,BLCA_tbl_Final_Classification.csv
https://irma.nps.gov/DataStore/DownloadFile/734165,cached,5472,BLCA_2314480,BLCA_tbl_Plot_Quads_Import.csv
https://irma.nps.gov/DataStore/DownloadFile/734166,cached,41593,BLCA_2314480,BLCA_tblAADetails.csv
https://irma.nps.gov/DataStore/DownloadFile/734167,cached,140897,BLCA_2314480,BLCA_tblAAEnvironment.csv
https://irma.nps.gov/DataStore/DownloadFile/734168,cached,14214,BLCA_2314480,BLCA_tblAAEnvironmentDetails.csv
https://irma.nps.gov/DataStore/DownloadFile/734169,cached,124998,BLCA_2314480,BLCA_tblAALocation.csv
https://irma.nps.gov/DataStore/DownloadFile/734170,cached,120042,BLCA_2314480,BLCA_tblAAPhotos.csv
https://irma.nps.gov/DataStore/DownloadFile/734171,cached,50162,BLCA_2314480,BLCA_tblAAVegAssociation.csv
https://irma.nps.gov/DataStore/DownloadFile/734172,cached,222747,BLCA_2314480,BLCA_tblAAVegetation.csv
https://irma.nps.gov/DataStore/DownloadFile/734173,cached,222731,BLCA_2314480,BLCA_tblAAVegetation_BU.csv
https://irma.nps.gov/DataStore/DownloadFile/734174,cached,178330,BLCA_2314480,BLCA_tblAAVegetationDetails.csv
https://irma.nps.gov/DataStore/DownloadFile/734175,cached,7197,BLCA_2314480,BLCA_tblDataMgmtLog.csv
https://irma.nps.gov/DataStore/DownloadFile/734176,cached,55291,BLCA_2314480,BLCA_tblEnvironment.csv
https://irma.nps.gov/DataStore/DownloadFile/734177,cached,1816,BLCA_2314480,BLCA_tblEnvironmentDetails.csv
https://irma.nps.gov/DataStore/DownloadFile/734178,cached,64348,BLCA_2314480,BLCA_tblFinalAssociationNamesAA.csv
https://irma.nps.gov/DataStore/DownloadFile/734179,cached,9380,BLCA_2314480,BLCA_tblFinalAssociationNamesPlots.csv
https://irma.nps.gov/DataStore/DownloadFile/734180,cached,9926,BLCA_2314480,BLCA_tblFuels.csv
https://irma.nps.gov/DataStore/DownloadFile/734181,cached,33695,BLCA_2314480,BLCA_tblFuelsDetails.csv
https://irma.nps.gov/DataStore/DownloadFile/734182,cached,639117,BLCA_2314480,BLCA_tblNCPNPlants.csv
https://irma.nps.gov/DataStore/DownloadFile/734183,cached,16482,BLCA_2314480,BLCA_tblPhotos.csv
https://irma.nps.gov/DataStore/DownloadFile/734184,cached,2747,BLCA_2314480,BLCA_tblPlotCodeLink.csv
https://irma.nps.gov/DataStore/DownloadFile/734185,cached,11555,BLCA_2314480,BLCA_tblPlotDetails.csv
https://irma.nps.gov/DataStore/DownloadFile/734186,cached,37474,BLCA_2314480,BLCA_tblPlotLocation.csv
https://irma.nps.gov/DataStore/DownloadFile/734187,cached,38392,BLCA_2314480,BLCA_tblVegetation.csv
https://irma.nps.gov/DataStore/DownloadFile/734188,cached,127508,BLCA_2314480,BLCA_tblVegetationDetails.csv
https://irma.nps.gov/DataStore/DownloadFile/734189,cached,7767,BLCA_2314480,BLCA_tlkpAAVegAssociation.csv
https://irma.nps.gov/DataStore/DownloadFile/734190,cached,40,BLCA_2314480,BLCA_tlkpAAVegAssocRanks.csv
https://irma.nps.gov/DataStore/DownloadFile/734191,cached,3185,BLCA_2314480,BLCA_tlkpAlliances.csv
https://irma.nps.gov/DataStore/DownloadFile/734192,cached,8708,BLCA_2314480,BLCA_tlkpAssociations.csv
https://irma.nps.gov/DataStore/DownloadFile/734193,cached,15813,BLCA_2314480,BLCA_tlkpAssociations_OLD.csv
https://irma.nps.gov/DataStore/DownloadFile/734194,cached,44,BLCA_2314480,BLCA_tlkpCamera.csv
https://irma.nps.gov/DataStore/DownloadFile/734195,cached,135,BLCA_2314480,BLCA_tlkpCover.csv
https://irma.nps.gov/DataStore/DownloadFile/734196,cached,134,BLCA_2314480,BLCA_tlkpCoverAA.csv
https://irma.nps.gov/DataStore/DownloadFile/734197,cached,250,BLCA_2314480,BLCA_tlkpCoverSave.csv
https://irma.nps.gov/DataStore/DownloadFile/734198,cached,53,BLCA_2314480,BLCA_tlkpCowardin.csv
https://irma.nps.gov/DataStore/DownloadFile/734199,cached,30,BLCA_2314480,BLCA_tlkpElevSource.csv
https://irma.nps.gov/DataStore/DownloadFile/734200,cached,1209,BLCA_2314480,BLCA_tlkpGeology.csv
https://irma.nps.gov/DataStore/DownloadFile/734201,cached,33,BLCA_2314480,BLCA_tlkpHeightClass.csv
https://irma.nps.gov/DataStore/DownloadFile/734202,cached,134,BLCA_2314480,BLCA_tlkpHydrology.csv
https://irma.nps.gov/DataStore/DownloadFile/734203,cached,927,BLCA_2314480,BLCA_tlkpLandform.csv
https://irma.nps.gov/DataStore/DownloadFile/734204,cached,245,BLCA_2314480,BLCA_tlkpLeafPhen.csv
https://irma.nps.gov/DataStore/DownloadFile/734205,cached,119,BLCA_2314480,BLCA_tlkpLeafType.csv
https://irma.nps.gov/DataStore/DownloadFile/734206,cached,348,BLCA_2314480,BLCA_tlkpParks.csv
https://irma.nps.gov/DataStore/DownloadFile/734207,cached,120,BLCA_2314480,BLCA_tlkpPhotoComments.csv
https://irma.nps.gov/DataStore/DownloadFile/734208,cached,109,BLCA_2314480,BLCA_tlkpPhotographer.csv
https://irma.nps.gov/DataStore/DownloadFile/734209,cached,41,BLCA_2314480,BLCA_tlkpPhotoTypes.csv
https://irma.nps.gov/DataStore/DownloadFile/734210,cached,112,BLCA_2314480,BLCA_tlkpPhysiogClass.csv
https://irma.nps.gov/DataStore/DownloadFile/734211,cached,51,BLCA_2314480,BLCA_tlkpPJAge.csv
https://irma.nps.gov/DataStore/DownloadFile/734212,cached,101,BLCA_2314480,BLCA_tlkpPlotShapes.csv
https://irma.nps.gov/DataStore/DownloadFile/734213,cached,125,BLCA_2314480,BLCA_tlkpSoilDrainage.csv
https://irma.nps.gov/DataStore/DownloadFile/734214,cached,181,BLCA_2314480,BLCA_tlkpSoilTexture.csv
https://irma.nps.gov/DataStore/DownloadFile/734215,cached,684,BLCA_2314480,BLCA_tlkpStates.csv
https://irma.nps.gov/DataStore/DownloadFile/734216,cached,46,BLCA_2314480,BLCA_tlkpStrata.csv
https://irma.nps.gov/DataStore/DownloadFile/734217,cached,60,BLCA_2314480,BLCA_tlkpStructureStages.csv
https://irma.nps.gov/DataStore/DownloadFile/734218,cached,233,BLCA_2314480,BLCA_tlkpSurveyors.csv
https://irma.nps.gov/DataStore/DownloadFile/734219,cached,324,BLCA_2314480,BLCA_tlkpTopography.csv
https://irma.nps.gov/DataStore/DownloadFile/734220,cached,206,BLCA_2314480,BLCA_tlkpUSGS_Quad.csv
https://irma.nps.gov/DataStore/DownloadFile/734221,cached,20,BLCA_2314480,BLCA_tlkpUTMZone.csv
https://irma.nps.gov/DataStore/DownloadFile/734222,cached,275,BLCA_2314480,BLCA_zFieldWidths.csv
https://irma.nps.gov/DataStore/DownloadFile/734223,cached,1878,BLCA_2314480,BLCA_zLookupFields.csv
https://irma.nps.gov/DataStore/DownloadFile/734224,cached,3053,BLCA_2314480,BLCA_zLookupTables.csv
https://irma.nps.gov/DataStore/DownloadFile/734228,cached,718817,BLUE_2314481,BLUE_sp_cov.csv
https://irma.nps.gov/DataStore/DownloadFile/734229,cached,24290,BLUE_2314481,BLUE_tAA.csv
https://irma.nps.gov/DataStore/DownloadFile/734230,cached,44213,BLUE_2314481,BLUE_tAAEvents.csv
https://irma.nps.gov/DataStore/DownloadFile/734231,cached,95080,BLUE_2314481,BLUE_tAAEventSpecies.csv
https://irma.nps.gov/DataStore/DownloadFile/734232,cached,21,BLUE_2314481,BLUE_tConnect.csv
https://irma.nps.gov/DataStore/DownloadFile/734233,cached,462,BLUE_2314481,BLUE_tGlobal.csv
https://irma.nps.gov/DataStore/DownloadFile/734234,cached,108,BLUE_2314481,BLUE_tPhotos.csv
https://irma.nps.gov/DataStore/DownloadFile/734235,cached,125136,BLUE_2314481,BLUE_tPlotEvents.csv
https://irma.nps.gov/DataStore/DownloadFile/734236,cached,396205,BLUE_2314481,BLUE_tPlotEventSpecies.csv
https://irma.nps.gov/DataStore/DownloadFile/734237,cached,80041,BLUE_2314481,BLUE_tPlots.csv
https://irma.nps.gov/DataStore/DownloadFile/734238,cached,18068,BLUE_2314481,BLUE_tPlotSoils.csv
https://irma.nps.gov/DataStore/DownloadFile/734239,cached,4673,BLUE_2314481,BLUE_tProjectMetadata.csv
https://irma.nps.gov/DataStore/DownloadFile/734240,cached,68366,BLUE_2314481,BLUE_tSpecies.csv
https://irma.nps.gov/DataStore/DownloadFile/734241,cached,14896,BLUE_2314481,BLUE_xConcept_Reference_lu.csv
https://irma.nps.gov/DataStore/DownloadFile/734242,cached,160,BLUE_2314481,BLUE_xCoverClass_lu.csv
https://irma.nps.gov/DataStore/DownloadFile/734243,cached,172,BLUE_2314481,BLUE_xHeight_Class_lu.csv
https://irma.nps.gov/DataStore/DownloadFile/734244,cached,1215,BLUE_2314481,BLUE_xHydro_Regime_lu.csv
https://irma.nps.gov/DataStore/DownloadFile/734245,cached,18814,BLUE_2314481,BLUE_xLandform_lu.csv
https://irma.nps.gov/DataStore/DownloadFile/734246,cached,206,BLUE_2314481,BLUE_xLeaf_Phenology_lu.csv
https://irma.nps.gov/DataStore/DownloadFile/734247,cached,173,BLUE_2314481,BLUE_xLeaf_Type_lu.csv
https://irma.nps.gov/DataStore/DownloadFile/734248,cached,1353,BLUE_2314481,BLUE_xMapUnit_lu.csv
https://irma.nps.gov/DataStore/DownloadFile/734249,cached,11897,BLUE_2314481,BLUE_xParks_lu.csv
https://irma.nps.gov/DataStore/DownloadFile/734250,cached,474,BLUE_2314481,BLUE_xPhysio_Class_lu.csv
https://irma.nps.gov/DataStore/DownloadFile/734252,cached,176,BLUE_2314481,BLUE_xSoil_Drainage_lu.csv
https://irma.nps.gov/DataStore/DownloadFile/734253,cached,196,BLUE_2314481,BLUE_xSoil_Texture_lu.csv
https://irma.nps.gov/DataStore/DownloadFile/734254,cached,948,BLUE_2314481,BLUE_xState_lu.csv
https://irma.nps.gov/DataStore/DownloadFile/734255,cached,282,BLUE_2314481,BLUE_xStratum_lu.csv
https://irma.nps.gov/DataStore/DownloadFile/734256,cached,1195,BLUE_2314481,BLUE_xSurficial_Geology_lu.csv
https://irma.nps.gov/DataStore/DownloadFile/734257,cached,225,BLUE_2314481,BLUE_xTopo_Position_lu.csv
https://irma.nps.gov/DataStore/DownloadFile/734258,cached,2195,BLUE_2314481,BLUE_xVegAssociation_lu.csv
https://irma.nps.gov/DataStore/DownloadFile/734279,cached,35430,BOWA_2314483,BOWA_sp_cov.csv
https://irma.nps.gov/DataStore/DownloadFile/734280,cached,92,BOWA_2314483,BOWA_tAA.csv
https://irma.nps.gov/DataStore/DownloadFile/734281,cached,198,BOWA_2314483,BOWA_tAAEvents.csv
https://irma.nps.gov/DataStore/DownloadFile/734282,cached,21,BOWA_2314483,BOWA_tConnect.csv
https://irma.nps.gov/DataStore/DownloadFile/734283,cached,358,BOWA_2314483,BOWA_tGlobal.csv
https://irma.nps.gov/DataStore/DownloadFile/734284,cached,108,BOWA_2314483,BOWA_tPhotos.csv
https://irma.nps.gov/DataStore/DownloadFile/734285,cached,6827,BOWA_2314483,BOWA_tPlotEvents.csv
https://irma.nps.gov/DataStore/DownloadFile/734286,cached,22285,BOWA_2314483,BOWA_tPlotEventSpecies.csv
https://irma.nps.gov/DataStore/DownloadFile/734287,cached,1759,BOWA_2314483,BOWA_tPlots.csv
https://irma.nps.gov/DataStore/DownloadFile/734288,cached,2184,BOWA_2314483,BOWA_tProjectMetadata.csv
https://irma.nps.gov/DataStore/DownloadFile/734289,cached,9726,BOWA_2314483,BOWA_tSpecies.csv
https://irma.nps.gov/DataStore/DownloadFile/734290,cached,14896,BOWA_2314483,BOWA_xConcept_Reference_lu.csv
https://irma.nps.gov/DataStore/DownloadFile/734291,cached,182,BOWA_2314483,BOWA_xCoverClass_lu.csv
https://irma.nps.gov/DataStore/DownloadFile/734292,cached,127,BOWA_2314483,BOWA_xHeight_Class_lu.csv
https://irma.nps.gov/DataStore/DownloadFile/734293,cached,1169,BOWA_2314483,BOWA_xHydro_Regime_lu.csv
https://irma.nps.gov/DataStore/DownloadFile/734294,cached,18432,BOWA_2314483,BOWA_xLandform_lu.csv
https://irma.nps.gov/DataStore/DownloadFile/734295,cached,178,BOWA_2314483,BOWA_xLeaf_Phenology_lu.csv
https://irma.nps.gov/DataStore/DownloadFile/734296,cached,152,BOWA_2314483,BOWA_xLeaf_Type_lu.csv
https://irma.nps.gov/DataStore/DownloadFile/734297,cached,390,BOWA_2314483,BOWA_xMapUnit_lu.csv
https://irma.nps.gov/DataStore/DownloadFile/734298,cached,11897,BOWA_2314483,BOWA_xParks_lu.csv
https://irma.nps.gov/DataStore/DownloadFile/734299,cached,474,BOWA_2314483,BOWA_xPhysio_Class_lu.csv
https://irma.nps.gov/DataStore/DownloadFile/734301,cached,148,BOWA_2314483,BOWA_xSoil_Drainage_lu.csv
https://irma.nps.gov/DataStore/DownloadFile/734302,cached,115,BOWA_2314483,BOWA_xSoil_Texture_lu.csv
https://irma.nps.gov/DataStore/DownloadFile/734303,cached,948,BOWA_2314483,BOWA_xState_lu.csv
https://irma.nps.gov/DataStore/DownloadFile/734304,cached,282,BOWA_2314483,BOWA_xStratum_lu.csv
https://irma.nps.gov/DataStore/DownloadFile/734305,cached,1236,BOWA_2314483,BOWA_xSurficial_Geology_lu.csv
https://irma.nps.gov/DataStore/DownloadFile/734306,cached,225,BOWA_2314483,BOWA_xTopo_Position_lu.csv
https://irma.nps.gov/DataStore/DownloadFile/734307,cached,529,BOWA_2314483,BOWA_xVegAssociation_lu.csv
https://irma.nps.gov/DataStore/DownloadFile/734260,cached,1125,BOHA_2314482,BOHA_AA-Photos.csv
https://irma.nps.gov/DataStore/DownloadFile/734261,cached,83181,BOHA_2314482,BOHA_AA-Species.csv
https://irma.nps.gov/DataStore/DownloadFile/734262,cached,93054,BOHA_2314482,BOHA_AA-Species_with_common_names.csv
https://irma.nps.gov/DataStore/DownloadFile/734263,cached,116524,BOHA_2314482,BOHA_AA_Observations.csv
https://irma.nps.gov/DataStore/DownloadFile/734264,cached,1784,BOHA_2314482,BOHA_Geology_Classes.csv
https://irma.nps.gov/DataStore/DownloadFile/734265,cached,733,BOHA_2314482,BOHA_Jurisdictions.csv
https://irma.nps.gov/DataStore/DownloadFile/734266,cached,4307,BOHA_2314482,BOHA_List_plots_&_NVC.csv
https://irma.nps.gov/DataStore/DownloadFile/734267,cached,9205,BOHA_2314482,BOHA_Locations.csv
https://irma.nps.gov/DataStore/DownloadFile/734270,cached,7242,BOHA_2314482,BOHA_Plots-Photos.csv
https://irma.nps.gov/DataStore/DownloadFile/734271,cached,58314,BOHA_2314482,BOHA_Plots-Species.csv
https://irma.nps.gov/DataStore/DownloadFile/734272,cached,43068,BOHA_2314482,BOHA_Plots-Species_Cross-tab-by-sum.csv
https://irma.nps.gov/DataStore/DownloadFile/734273,cached,45985,BOHA_2314482,BOHA_Plots.csv
https://irma.nps.gov/DataStore/DownloadFile/734274,cached,2538,BOHA_2314482,BOHA_Project_Metadata.csv
https://irma.nps.gov/DataStore/DownloadFile/734275,cached,1606,BOHA_2314482,BOHA_SppComp_by_plot.csv
https://irma.nps.gov/DataStore/DownloadFile/734310,cached,44872,BRCA_2314485,BRCA_BRCA_Final_Classification.csv
https://irma.nps.gov/DataStore/DownloadFile/734311,cached,79691,BRCA_2314485,BRCA_Calls.csv
https://irma.nps.gov/DataStore/DownloadFile/734312,cached,61,BRCA_2314485,BRCA_Find_duplicates_for_Query3.csv
https://irma.nps.gov/DataStore/DownloadFile/734313,cached,325,BRCA_2314485,BRCA_Find_duplicates_for_tblPhotos.csv
https://irma.nps.gov/DataStore/DownloadFile/734314,cached,275295,BRCA_2314485,BRCA_GPS_Data_Download.csv
https://irma.nps.gov/DataStore/DownloadFile/734317,cached,70319,BRCA_2314485,BRCA_Plot_calls.csv
https://irma.nps.gov/DataStore/DownloadFile/734318,cached,73209,BRCA_2314485,BRCA_Qry_GIS.csv
https://irma.nps.gov/DataStore/DownloadFile/734319,cached,81502,BRCA_2314485,BRCA_qry_sel_All_Ranks.csv
https://irma.nps.gov/DataStore/DownloadFile/734320,cached,10870,BRCA_2314485,BRCA_qry_sel_Secondary.csv
https://irma.nps.gov/DataStore/DownloadFile/734321,cached,1004,BRCA_2314485,BRCA_qry_sel_Tertiary.csv
https://irma.nps.gov/DataStore/DownloadFile/734322,cached,176808,BRCA_2314485,BRCA_Query2.csv
https://irma.nps.gov/DataStore/DownloadFile/734323,cached,129822,BRCA_2314485,BRCA_Query3.csv
https://irma.nps.gov/DataStore/DownloadFile/734324,cached,280907,BRCA_2314485,BRCA_tbl_GPS_Import.csv
https://irma.nps.gov/DataStore/DownloadFile/734325,cached,59346,BRCA_2314485,BRCA_tblAADetails.csv
https://irma.nps.gov/DataStore/DownloadFile/734326,cached,222089,BRCA_2314485,BRCA_tblAAEnvironment.csv
https://irma.nps.gov/DataStore/DownloadFile/734327,cached,15190,BRCA_2314485,BRCA_tblAAEnvironmentDetails.csv
https://irma.nps.gov/DataStore/DownloadFile/734328,cached,277358,BRCA_2314485,BRCA_tblAALocation.csv
https://irma.nps.gov/DataStore/DownloadFile/734329,cached,94317,BRCA_2314485,BRCA_tblAAPhotos.csv
https://irma.nps.gov/DataStore/DownloadFile/734330,cached,67790,BRCA_2314485,BRCA_tblAAVegAssociation.csv
https://irma.nps.gov/DataStore/DownloadFile/734331,cached,172306,BRCA_2314485,BRCA_tblAAVegetation.csv
https://irma.nps.gov/DataStore/DownloadFile/734332,cached,209447,BRCA_2314485,BRCA_tblAAVegetationDetails.csv
https://irma.nps.gov/DataStore/DownloadFile/734333,cached,90,BRCA_2314485,BRCA_tblBPU.csv
https://irma.nps.gov/DataStore/DownloadFile/734334,cached,12070,BRCA_2314485,BRCA_tblDataMgmtLog.csv
https://irma.nps.gov/DataStore/DownloadFile/734335,cached,481542,BRCA_2314485,BRCA_tblEnvironment.csv
https://irma.nps.gov/DataStore/DownloadFile/734336,cached,9915,BRCA_2314485,BRCA_tblEnvironmentDetails.csv
https://irma.nps.gov/DataStore/DownloadFile/734337,cached,83384,BRCA_2314485,BRCA_tblFinalAssociationNamesAA.csv
https://irma.nps.gov/DataStore/DownloadFile/734338,cached,41132,BRCA_2314485,BRCA_tblFinalAssociationNamesPlots.csv
https://irma.nps.gov/DataStore/DownloadFile/734339,cached,238743,BRCA_2314485,BRCA_tblFireTrees.csv
https://irma.nps.gov/DataStore/DownloadFile/734340,cached,90534,BRCA_2314485,BRCA_tblFuelsLD.csv
https://irma.nps.gov/DataStore/DownloadFile/734341,cached,9770,BRCA_2314485,BRCA_tblFuelsLWI.csv
https://irma.nps.gov/DataStore/DownloadFile/734342,cached,29505,BRCA_2314485,BRCA_tblFuelSummary.csv
https://irma.nps.gov/DataStore/DownloadFile/734343,cached,169,BRCA_2314485,BRCA_tblGeneralPhotos.csv
https://irma.nps.gov/DataStore/DownloadFile/734344,cached,10776,BRCA_2314485,BRCA_tblGeneralSpecimens.csv
https://irma.nps.gov/DataStore/DownloadFile/734345,cached,639445,BRCA_2314485,BRCA_tblNCPNPlants.csv
https://irma.nps.gov/DataStore/DownloadFile/734346,cached,117823,BRCA_2314485,BRCA_tblPhotos.csv
https://irma.nps.gov/DataStore/DownloadFile/734347,cached,24,BRCA_2314485,BRCA_tblPlotCodeLink.csv
https://irma.nps.gov/DataStore/DownloadFile/734348,cached,147785,BRCA_2314485,BRCA_tblPlotDetails.csv
https://irma.nps.gov/DataStore/DownloadFile/734349,cached,149067,BRCA_2314485,BRCA_tblPlotLocation.csv
https://irma.nps.gov/DataStore/DownloadFile/734350,cached,51,BRCA_2314485,BRCA_tblTempOtherVouchers.csv
https://irma.nps.gov/DataStore/DownloadFile/734351,cached,192469,BRCA_2314485,BRCA_tblVegetation.csv
https://irma.nps.gov/DataStore/DownloadFile/734352,cached,641021,BRCA_2314485,BRCA_tblVegetationDetails.csv
https://irma.nps.gov/DataStore/DownloadFile/734353,cached,8658,BRCA_2314485,BRCA_tlkpAAVegAssociation.csv
https://irma.nps.gov/DataStore/DownloadFile/734354,cached,40,BRCA_2314485,BRCA_tlkpAAVegAssocRanks.csv
https://irma.nps.gov/DataStore/DownloadFile/734355,cached,3062,BRCA_2314485,BRCA_tlkpAlliances.csv
https://irma.nps.gov/DataStore/DownloadFile/734356,cached,15932,BRCA_2314485,BRCA_tlkpAssociations.csv
https://irma.nps.gov/DataStore/DownloadFile/734357,cached,76,BRCA_2314485,BRCA_tlkpCamera.csv
https://irma.nps.gov/DataStore/DownloadFile/734358,cached,64,BRCA_2314485,BRCA_tlkpCover.csv
https://irma.nps.gov/DataStore/DownloadFile/734359,cached,47,BRCA_2314485,BRCA_tlkpCoverAA.csv
https://irma.nps.gov/DataStore/DownloadFile/734360,cached,19,BRCA_2314485,BRCA_tlkpCoverObs.csv
https://irma.nps.gov/DataStore/DownloadFile/734361,cached,53,BRCA_2314485,BRCA_tlkpCowardin.csv
https://irma.nps.gov/DataStore/DownloadFile/734362,cached,4500,BRCA_2314485,BRCA_tlkpDamageCodes.csv
https://irma.nps.gov/DataStore/DownloadFile/734363,cached,26,BRCA_2314485,BRCA_tlkpElevSource.csv
https://irma.nps.gov/DataStore/DownloadFile/734364,cached,82,BRCA_2314485,BRCA_tlkpFireSpecies.csv
https://irma.nps.gov/DataStore/DownloadFile/734365,cached,3267,BRCA_2314485,BRCA_tlkpFuelModels.csv
https://irma.nps.gov/DataStore/DownloadFile/734366,cached,308,BRCA_2314485,BRCA_tlkpGeology.csv
https://irma.nps.gov/DataStore/DownloadFile/734367,cached,33,BRCA_2314485,BRCA_tlkpHeightClass.csv
https://irma.nps.gov/DataStore/DownloadFile/734368,cached,134,BRCA_2314485,BRCA_tlkpHydrology.csv
https://irma.nps.gov/DataStore/DownloadFile/734369,cached,2049,BRCA_2314485,BRCA_tlkpLandForm.csv
https://irma.nps.gov/DataStore/DownloadFile/734370,cached,111,BRCA_2314485,BRCA_tlkpLeafPhen.csv
https://irma.nps.gov/DataStore/DownloadFile/734371,cached,108,BRCA_2314485,BRCA_tlkpLeafType.csv
https://irma.nps.gov/DataStore/DownloadFile/734372,cached,52,BRCA_2314485,BRCA_tlkpObservationType.csv
https://irma.nps.gov/DataStore/DownloadFile/734373,cached,103,BRCA_2314485,BRCA_tlkpParks.csv
https://irma.nps.gov/DataStore/DownloadFile/734374,cached,116,BRCA_2314485,BRCA_tlkpPhotoComments.csv
https://irma.nps.gov/DataStore/DownloadFile/734375,cached,109,BRCA_2314485,BRCA_tlkpPhotographer.csv
https://irma.nps.gov/DataStore/DownloadFile/734376,cached,56,BRCA_2314485,BRCA_tlkpPhotoTypes.csv
https://irma.nps.gov/DataStore/DownloadFile/734377,cached,147,BRCA_2314485,BRCA_tlkpPhysiogClass.csv
https://irma.nps.gov/DataStore/DownloadFile/734378,cached,51,BRCA_2314485,BRCA_tlkpPJAge.csv
https://irma.nps.gov/DataStore/DownloadFile/734379,cached,23,BRCA_2314485,BRCA_tlkpPlotDiameter.csv
https://irma.nps.gov/DataStore/DownloadFile/734380,cached,31,BRCA_2314485,BRCA_tlkpPlotShapes.csv
https://irma.nps.gov/DataStore/DownloadFile/734381,cached,4957,BRCA_2314485,BRCA_tlkpProvisionalCommunities.csv
https://irma.nps.gov/DataStore/DownloadFile/734382,cached,125,BRCA_2314485,BRCA_tlkpSoilDrainage.csv
https://irma.nps.gov/DataStore/DownloadFile/734383,cached,181,BRCA_2314485,BRCA_tlkpSoilTexture.csv
https://irma.nps.gov/DataStore/DownloadFile/734384,cached,684,BRCA_2314485,BRCA_tlkpStates.csv
https://irma.nps.gov/DataStore/DownloadFile/734385,cached,48,BRCA_2314485,BRCA_tlkpStrata.csv
https://irma.nps.gov/DataStore/DownloadFile/734386,cached,783,BRCA_2314485,BRCA_tlkpStructuralStage.csv
https://irma.nps.gov/DataStore/DownloadFile/734387,cached,60,BRCA_2314485,BRCA_tlkpStructureStages.csv
https://irma.nps.gov/DataStore/DownloadFile/734388,cached,375,BRCA_2314485,BRCA_tlkpSurveyors.csv
https://irma.nps.gov/DataStore/DownloadFile/734389,cached,109,BRCA_2314485,BRCA_tlkpTopography.csv
https://irma.nps.gov/DataStore/DownloadFile/734390,cached,51,BRCA_2314485,BRCA_tlkpUSGS_Quad.csv
https://irma.nps.gov/DataStore/DownloadFile/734391,cached,11,BRCA_2314485,BRCA_tlkpUTMZone.csv
https://irma.nps.gov/DataStore/DownloadFile/734392,cached,2234,BRCA_2314485,BRCA_tlu_MU_Codes.csv
https://irma.nps.gov/DataStore/DownloadFile/734393,cached,12696,BRCA_2314485,BRCA_xrefDamageCodes.csv
https://irma.nps.gov/DataStore/DownloadFile/734394,cached,275,BRCA_2314485,BRCA_zFieldWidths.csv
https://irma.nps.gov/DataStore/DownloadFile/734395,cached,285,BRCA_2314485,BRCA_zFieldWidthsold.csv
https://irma.nps.gov/DataStore/DownloadFile/734396,cached,1808,BRCA_2314485,BRCA_zLookupFields.csv
https://irma.nps.gov/DataStore/DownloadFile/734397,cached,2247,BRCA_2314485,BRCA_zLookupFieldsold.csv
https://irma.nps.gov/DataStore/DownloadFile/734398,cached,3105,BRCA_2314485,BRCA_zLookupTables.csv
https://irma.nps.gov/DataStore/DownloadFile/734399,cached,3316,BRCA_2314485,BRCA_zLookupTablesold.csv
https://irma.nps.gov/DataStore/DownloadFile/734400,cached,185,BRCA_2314485,BRCA_ztblFuels.csv
https://irma.nps.gov/DataStore/DownloadFile/734401,cached,175,BRCA_2314485,BRCA_ztblFuelsDetails.csv
https://irma.nps.gov/DataStore/DownloadFile/734404,cached,597545,BUFF_2314486,BUFF_AA-Species.csv
https://irma.nps.gov/DataStore/DownloadFile/734405,cached,506298,BUFF_2314486,BUFF_AA_Observations.csv
https://irma.nps.gov/DataStore/DownloadFile/734406,cached,88,BUFF_2314486,BUFF_Cover_Classes.csv
https://irma.nps.gov/DataStore/DownloadFile/734409,cached,2290722,BUFF_2314486,BUFF_Plots-Species.csv
https://irma.nps.gov/DataStore/DownloadFile/734410,cached,236717,BUFF_2314486,BUFF_Plots.csv
https://irma.nps.gov/DataStore/DownloadFile/734411,cached,300,BUFF_2314486,BUFF_Project_Metadata.csv
https://irma.nps.gov/DataStore/DownloadFile/734599,cached,409366,CANA_2314492,CANA_QA_01_spcov.csv
https://irma.nps.gov/DataStore/DownloadFile/734600,cached,305893,CANA_2314492,CANA_QA_02_plots.csv
https://irma.nps.gov/DataStore/DownloadFile/734601,cached,119,CANA_2314492,CANA_QA_03_duplicates_in_01.csv
https://irma.nps.gov/DataStore/DownloadFile/734602,cached,79,CANA_2314492,CANA_QA_04_duplicates_in_02.csv
https://irma.nps.gov/DataStore/DownloadFile/734603,cached,29,CANA_2314492,CANA_QA_05_Plots_without_Species.csv
https://irma.nps.gov/DataStore/DownloadFile/734604,cached,82,CANA_2314492,CANA_QA_06_Spp_without_Plots.csv
https://irma.nps.gov/DataStore/DownloadFile/734605,cached,21,CANA_2314492,CANA_tConnect.csv
https://irma.nps.gov/DataStore/DownloadFile/734606,cached,2413,CANA_2314492,CANA_tGlobal.csv
https://irma.nps.gov/DataStore/DownloadFile/734607,cached,240825,CANA_2314492,CANA_tPhotos.csv
https://irma.nps.gov/DataStore/DownloadFile/734608,cached,196996,CANA_2314492,CANA_tPlotEvents.csv
https://irma.nps.gov/DataStore/DownloadFile/734609,cached,151043,CANA_2314492,CANA_tPlotEventSpecies.csv
https://irma.nps.gov/DataStore/DownloadFile/734610,cached,60228,CANA_2314492,CANA_tPlots.csv
https://irma.nps.gov/DataStore/DownloadFile/734611,cached,105,CANA_2314492,CANA_tProcessSteps.csv
https://irma.nps.gov/DataStore/DownloadFile/734612,cached,1114,CANA_2314492,CANA_tProjectMetadata.csv
https://irma.nps.gov/DataStore/DownloadFile/734613,cached,3050236,CANA_2314492,CANA_tSpecies.csv
https://irma.nps.gov/DataStore/DownloadFile/734614,cached,8029810,CANA_2314492,CANA_USysApplicationLog.csv
https://irma.nps.gov/DataStore/DownloadFile/734615,cached,14896,CANA_2314492,CANA_xConcept_Reference_lu.csv
https://irma.nps.gov/DataStore/DownloadFile/734616,cached,160,CANA_2314492,CANA_xCoverClass_lu.csv
https://irma.nps.gov/DataStore/DownloadFile/734617,cached,136,CANA_2314492,CANA_xHeight_Class_lu.csv
https://irma.nps.gov/DataStore/DownloadFile/734618,cached,1169,CANA_2314492,CANA_xHydro_Regime_lu.csv
https://irma.nps.gov/DataStore/DownloadFile/734619,cached,18432,CANA_2314492,CANA_xLandform_lu.csv
https://irma.nps.gov/DataStore/DownloadFile/734620,cached,178,CANA_2314492,CANA_xLeaf_Phenology_lu.csv
https://irma.nps.gov/DataStore/DownloadFile/734621,cached,152,CANA_2314492,CANA_xLeaf_Type_lu.csv
https://irma.nps.gov/DataStore/DownloadFile/734622,cached,21,CANA_2314492,CANA_xMapUnit_lu.csv
https://irma.nps.gov/DataStore/DownloadFile/734623,cached,11897,CANA_2314492,CANA_xParks_lu.csv
https://irma.nps.gov/DataStore/DownloadFile/734624,cached,474,CANA_2314492,CANA_xPhysio_Class_lu.csv
https://irma.nps.gov/DataStore/DownloadFile/734627,cached,148,CANA_2314492,CANA_xSoil_Drainage_lu.csv
https://irma.nps.gov/DataStore/DownloadFile/734628,cached,115,CANA_2314492,CANA_xSoil_Texture_lu.csv
https://irma.nps.gov/DataStore/DownloadFile/734629,cached,948,CANA_2314492,CANA_xState_lu.csv
https://irma.nps.gov/DataStore/DownloadFile/734630,cached,282,CANA_2314492,CANA_xStratum_lu.csv
https://irma.nps.gov/DataStore/DownloadFile/734631,cached,1172,CANA_2314492,CANA_xSurficial_Geology_lu.csv
https://irma.nps.gov/DataStore/DownloadFile/734632,cached,225,CANA_2314492,CANA_xTopo_Position_lu.csv
https://irma.nps.gov/DataStore/DownloadFile/734633,cached,565250,CANA_2314492,CANA_xVegAssociation_lu.csv
https://irma.nps.gov/DataStore/DownloadFile/734415,cached,23052,CACH_2314487,CACH_tblAAPhotos.csv
https://irma.nps.gov/DataStore/DownloadFile/734416,cached,37148,CACH_2314487,CACH_tblAAPlotDetails.csv
https://irma.nps.gov/DataStore/DownloadFile/734417,cached,34500,CACH_2314487,CACH_tblAAPlotLocation.csv
https://irma.nps.gov/DataStore/DownloadFile/734418,cached,162147,CACH_2314487,CACH_tblAAVegetation.csv
https://irma.nps.gov/DataStore/DownloadFile/734419,cached,194174,CACH_2314487,CACH_tblAAVegetationDetails.csv
https://irma.nps.gov/DataStore/DownloadFile/734420,cached,30623,CACH_2314487,CACH_tblEnvironment.csv
https://irma.nps.gov/DataStore/DownloadFile/734421,cached,1503,CACH_2314487,CACH_tblEnvironmentDetails.csv
https://irma.nps.gov/DataStore/DownloadFile/734422,cached,11320,CACH_2314487,CACH_tblMultistemDBH.csv
https://irma.nps.gov/DataStore/DownloadFile/734423,cached,73485,CACH_2314487,CACH_tblOverstoryTreeDetails.csv
https://irma.nps.gov/DataStore/DownloadFile/734424,cached,12384,CACH_2314487,CACH_tblPhotos.csv
https://irma.nps.gov/DataStore/DownloadFile/734425,cached,11292,CACH_2314487,CACH_tblPIEnvironment.csv
https://irma.nps.gov/DataStore/DownloadFile/734426,cached,3413,CACH_2314487,CACH_tblPIPlotDetails.csv
https://irma.nps.gov/DataStore/DownloadFile/734427,cached,1517,CACH_2314487,CACH_tblPIPlotLocation.csv
https://irma.nps.gov/DataStore/DownloadFile/734428,cached,10227,CACH_2314487,CACH_tblPIVegetation.csv
https://irma.nps.gov/DataStore/DownloadFile/734429,cached,11165,CACH_2314487,CACH_tblPIVegetationDetails.csv
https://irma.nps.gov/DataStore/DownloadFile/734430,cached,22978,CACH_2314487,CACH_tblPlotDetails.csv
https://irma.nps.gov/DataStore/DownloadFile/734431,cached,17135,CACH_2314487,CACH_tblPlotLocation.csv
https://irma.nps.gov/DataStore/DownloadFile/734432,cached,6726,CACH_2314487,CACH_tblTree.csv
https://irma.nps.gov/DataStore/DownloadFile/734433,cached,79427,CACH_2314487,CACH_tblVegetation.csv
https://irma.nps.gov/DataStore/DownloadFile/734434,cached,146125,CACH_2314487,CACH_tblVegetationDetails.csv
https://irma.nps.gov/DataStore/DownloadFile/734435,cached,5195,CACH_2314487,CACH_tlkpAAAssociation.csv
https://irma.nps.gov/DataStore/DownloadFile/734436,cached,122,CACH_2314487,CACH_tlkpAACover.csv
https://irma.nps.gov/DataStore/DownloadFile/734437,cached,2659,CACH_2314487,CACH_tlkpAAMapClass.csv
https://irma.nps.gov/DataStore/DownloadFile/734438,cached,75749,CACH_2314487,CACH_tlkpAANCPNPlants.csv
https://irma.nps.gov/DataStore/DownloadFile/734439,cached,65,CACH_2314487,CACH_tlkpAAStrata.csv
https://irma.nps.gov/DataStore/DownloadFile/734440,cached,216,CACH_2314487,CACH_tlkpAAUSGS_Quad.csv
https://irma.nps.gov/DataStore/DownloadFile/734441,cached,3146,CACH_2314487,CACH_tlkpAssociation.csv
https://irma.nps.gov/DataStore/DownloadFile/734442,cached,134,CACH_2314487,CACH_tlkpCover.csv
https://irma.nps.gov/DataStore/DownloadFile/734443,cached,68,CACH_2314487,CACH_tlkpCowardin.csv
https://irma.nps.gov/DataStore/DownloadFile/734444,cached,48,CACH_2314487,CACH_tlkpGeology.csv
https://irma.nps.gov/DataStore/DownloadFile/734445,cached,92,CACH_2314487,CACH_tlkpHeightClass.csv
https://irma.nps.gov/DataStore/DownloadFile/734446,cached,158,CACH_2314487,CACH_tlkpHydrology.csv
https://irma.nps.gov/DataStore/DownloadFile/734447,cached,1524,CACH_2314487,CACH_tlkpLandform.csv
https://irma.nps.gov/DataStore/DownloadFile/734448,cached,197,CACH_2314487,CACH_tlkpLeafPhen.csv
https://irma.nps.gov/DataStore/DownloadFile/734449,cached,246,CACH_2314487,CACH_tlkpLeafType.csv
https://irma.nps.gov/DataStore/DownloadFile/734450,cached,69570,CACH_2314487,CACH_tlkpNCPNPlants.csv
https://irma.nps.gov/DataStore/DownloadFile/734451,cached,168,CACH_2314487,CACH_tlkpPhysiogClass.csv
https://irma.nps.gov/DataStore/DownloadFile/734452,cached,124,CACH_2314487,CACH_tlkpPICover.csv
https://irma.nps.gov/DataStore/DownloadFile/734453,cached,88,CACH_2314487,CACH_tlkpPICowardin.csv
https://irma.nps.gov/DataStore/DownloadFile/734454,cached,132,CACH_2314487,CACH_tlkpPIHeight.csv
https://irma.nps.gov/DataStore/DownloadFile/734455,cached,175,CACH_2314487,CACH_tlkpPIHydro.csv
https://irma.nps.gov/DataStore/DownloadFile/734456,cached,188,CACH_2314487,CACH_tlkpPILeafPhen.csv
https://irma.nps.gov/DataStore/DownloadFile/734457,cached,164,CACH_2314487,CACH_tlkpPILeafType.csv
https://irma.nps.gov/DataStore/DownloadFile/734458,cached,72470,CACH_2314487,CACH_tlkpPINCPNPlants.csv
https://irma.nps.gov/DataStore/DownloadFile/734459,cached,141,CACH_2314487,CACH_tlkpPIPhyClass.csv
https://irma.nps.gov/DataStore/DownloadFile/734460,cached,76,CACH_2314487,CACH_tlkpPISalinity.csv
https://irma.nps.gov/DataStore/DownloadFile/734461,cached,181,CACH_2314487,CACH_tlkpPIStrata.csv
https://irma.nps.gov/DataStore/DownloadFile/734462,cached,101,CACH_2314487,CACH_tlkpPlotShapes.csv
https://irma.nps.gov/DataStore/DownloadFile/734463,cached,7819,CACH_2314487,CACH_tlkpProvCommName.csv
https://irma.nps.gov/DataStore/DownloadFile/734464,cached,238,CACH_2314487,CACH_tlkpSoilTexture.csv
https://irma.nps.gov/DataStore/DownloadFile/734465,cached,47,CACH_2314487,CACH_tlkpSurfaceRocks.csv
https://irma.nps.gov/DataStore/DownloadFile/734466,cached,417,CACH_2314487,CACH_tlkpTopography.csv
https://irma.nps.gov/DataStore/DownloadFile/734635,cached,9089,CANY_2314493,CANY_GPS_Data_Download.csv
https://irma.nps.gov/DataStore/DownloadFile/734638,cached,103037,CANY_2314493,CANY_tblAA_Amy.csv
https://irma.nps.gov/DataStore/DownloadFile/734639,cached,136591,CANY_2314493,CANY_tblAADetails.csv
https://irma.nps.gov/DataStore/DownloadFile/734640,cached,565169,CANY_2314493,CANY_tblAAEnvironment.csv
https://irma.nps.gov/DataStore/DownloadFile/734641,cached,45187,CANY_2314493,CANY_tblAAEnvironmentDetails.csv
https://irma.nps.gov/DataStore/DownloadFile/734642,cached,719465,CANY_2314493,CANY_tblAALocation.csv
https://irma.nps.gov/DataStore/DownloadFile/734643,cached,220511,CANY_2314493,CANY_tblAAPhotos.csv
https://irma.nps.gov/DataStore/DownloadFile/734644,cached,115222,CANY_2314493,CANY_tblAAVegAssociation.csv
https://irma.nps.gov/DataStore/DownloadFile/734645,cached,325014,CANY_2314493,CANY_tblAAVegetation.csv
https://irma.nps.gov/DataStore/DownloadFile/734646,cached,558649,CANY_2314493,CANY_tblAAVegetationDetails.csv
https://irma.nps.gov/DataStore/DownloadFile/734647,cached,18007,CANY_2314493,CANY_tblBPU.csv
https://irma.nps.gov/DataStore/DownloadFile/734648,cached,12132,CANY_2314493,CANY_tblDataMgmtLog.csv
https://irma.nps.gov/DataStore/DownloadFile/734649,cached,1014585,CANY_2314493,CANY_tblEnvironment.csv
https://irma.nps.gov/DataStore/DownloadFile/734650,cached,28272,CANY_2314493,CANY_tblEnvironmentDetails.csv
https://irma.nps.gov/DataStore/DownloadFile/734651,cached,59070,CANY_2314493,CANY_tblFuels.csv
https://irma.nps.gov/DataStore/DownloadFile/734652,cached,90168,CANY_2314493,CANY_tblFuelsDetails.csv
https://irma.nps.gov/DataStore/DownloadFile/734653,cached,8812,CANY_2314493,CANY_tblGeneralPhotos.csv
https://irma.nps.gov/DataStore/DownloadFile/734654,cached,4532,CANY_2314493,CANY_tblGeneralSpecimens.csv
https://irma.nps.gov/DataStore/DownloadFile/734655,cached,637897,CANY_2314493,CANY_tblNCPNPlants.csv
https://irma.nps.gov/DataStore/DownloadFile/734656,cached,10685,CANY_2314493,CANY_tblNVCSFinalClassification.csv
https://irma.nps.gov/DataStore/DownloadFile/734657,cached,262059,CANY_2314493,CANY_tblPhotos.csv
https://irma.nps.gov/DataStore/DownloadFile/734658,cached,24,CANY_2314493,CANY_tblPlotCodeLink.csv
https://irma.nps.gov/DataStore/DownloadFile/734659,cached,265403,CANY_2314493,CANY_tblPlotDetails.csv
https://irma.nps.gov/DataStore/DownloadFile/734660,cached,66309,CANY_2314493,CANY_tblPlotListfromJanet.csv
https://irma.nps.gov/DataStore/DownloadFile/734661,cached,317451,CANY_2314493,CANY_tblPlotLocation.csv
https://irma.nps.gov/DataStore/DownloadFile/734662,cached,841,CANY_2314493,CANY_tblTempOtherVouchers.csv
https://irma.nps.gov/DataStore/DownloadFile/734663,cached,420937,CANY_2314493,CANY_tblVegetation.csv
https://irma.nps.gov/DataStore/DownloadFile/734664,cached,1020287,CANY_2314493,CANY_tblVegetationDetails.csv
https://irma.nps.gov/DataStore/DownloadFile/734665,cached,28128,CANY_2314493,CANY_tlkpAAVegAssociation.csv
https://irma.nps.gov/DataStore/DownloadFile/734666,cached,40,CANY_2314493,CANY_tlkpAAVegAssocRanks.csv
https://irma.nps.gov/DataStore/DownloadFile/734667,cached,2873,CANY_2314493,CANY_tlkpAlliances.csv
https://irma.nps.gov/DataStore/DownloadFile/734668,cached,15813,CANY_2314493,CANY_tlkpAssociations.csv
https://irma.nps.gov/DataStore/DownloadFile/734669,cached,76,CANY_2314493,CANY_tlkpCamera.csv
https://irma.nps.gov/DataStore/DownloadFile/734670,cached,68,CANY_2314493,CANY_tlkpCover.csv
https://irma.nps.gov/DataStore/DownloadFile/734671,cached,47,CANY_2314493,CANY_tlkpCoverAA.csv
https://irma.nps.gov/DataStore/DownloadFile/734672,cached,53,CANY_2314493,CANY_tlkpCowardin.csv
https://irma.nps.gov/DataStore/DownloadFile/734673,cached,26,CANY_2314493,CANY_tlkpElevSource.csv
https://irma.nps.gov/DataStore/DownloadFile/734674,cached,669,CANY_2314493,CANY_tlkpGeology.csv
https://irma.nps.gov/DataStore/DownloadFile/734675,cached,33,CANY_2314493,CANY_tlkpHeightClass.csv
https://irma.nps.gov/DataStore/DownloadFile/734676,cached,134,CANY_2314493,CANY_tlkpHydrology.csv
https://irma.nps.gov/DataStore/DownloadFile/734677,cached,2047,CANY_2314493,CANY_tlkpLandForm.csv
https://irma.nps.gov/DataStore/DownloadFile/734678,cached,111,CANY_2314493,CANY_tlkpLeafPhen.csv
https://irma.nps.gov/DataStore/DownloadFile/734679,cached,108,CANY_2314493,CANY_tlkpLeafType.csv
https://irma.nps.gov/DataStore/DownloadFile/734680,cached,59,CANY_2314493,CANY_tlkpParks.csv
https://irma.nps.gov/DataStore/DownloadFile/734681,cached,120,CANY_2314493,CANY_tlkpPhotoComments.csv
https://irma.nps.gov/DataStore/DownloadFile/734682,cached,243,CANY_2314493,CANY_tlkpPhotographer.csv
https://irma.nps.gov/DataStore/DownloadFile/734683,cached,56,CANY_2314493,CANY_tlkpPhotoTypes.csv
https://irma.nps.gov/DataStore/DownloadFile/734684,cached,147,CANY_2314493,CANY_tlkpPhysiogClass.csv
https://irma.nps.gov/DataStore/DownloadFile/734685,cached,51,CANY_2314493,CANY_tlkpPJAge.csv
https://irma.nps.gov/DataStore/DownloadFile/734686,cached,28,CANY_2314493,CANY_tlkpPlotDiameter.csv
https://irma.nps.gov/DataStore/DownloadFile/734687,cached,31,CANY_2314493,CANY_tlkpPlotShapes.csv
https://irma.nps.gov/DataStore/DownloadFile/734688,cached,18535,CANY_2314493,CANY_tlkpProvisionalCommunities.csv
https://irma.nps.gov/DataStore/DownloadFile/734689,cached,125,CANY_2314493,CANY_tlkpSoilDrainage.csv
https://irma.nps.gov/DataStore/DownloadFile/734690,cached,181,CANY_2314493,CANY_tlkpSoilTexture.csv
https://irma.nps.gov/DataStore/DownloadFile/734691,cached,684,CANY_2314493,CANY_tlkpStates.csv
https://irma.nps.gov/DataStore/DownloadFile/734692,cached,48,CANY_2314493,CANY_tlkpStrata.csv
https://irma.nps.gov/DataStore/DownloadFile/734693,cached,60,CANY_2314493,CANY_tlkpStructureStages.csv
https://irma.nps.gov/DataStore/DownloadFile/734694,cached,398,CANY_2314493,CANY_tlkpSurveyors.csv
https://irma.nps.gov/DataStore/DownloadFile/734695,cached,109,CANY_2314493,CANY_tlkpTopography.csv
https://irma.nps.gov/DataStore/DownloadFile/734696,cached,738,CANY_2314493,CANY_tlkpUSGS_Quad.csv
https://irma.nps.gov/DataStore/DownloadFile/734697,cached,11,CANY_2314493,CANY_tlkpUTMZone.csv
https://irma.nps.gov/DataStore/DownloadFile/734698,cached,2234,CANY_2314493,CANY_tlu_MU_Codes.csv
https://irma.nps.gov/DataStore/DownloadFile/734699,cached,285,CANY_2314493,CANY_zFieldWidths.csv
https://irma.nps.gov/DataStore/DownloadFile/734700,cached,1808,CANY_2314493,CANY_zLookupFields.csv
https://irma.nps.gov/DataStore/DownloadFile/734701,cached,3105,CANY_2314493,CANY_zLookupTables.csv
https://irma.nps.gov/DataStore/DownloadFile/734471,cached,136070,CACO_2314488,CACO_sp_cov.csv
https://irma.nps.gov/DataStore/DownloadFile/734472,cached,83393,CACO_2314488,CACO_sp_cov2.csv
https://irma.nps.gov/DataStore/DownloadFile/734473,cached,30653,CACO_2314488,CACO_tAA.csv
https://irma.nps.gov/DataStore/DownloadFile/734474,cached,58758,CACO_2314488,CACO_tAAEvents.csv
https://irma.nps.gov/DataStore/DownloadFile/734475,cached,21,CACO_2314488,CACO_tConnect.csv
https://irma.nps.gov/DataStore/DownloadFile/734476,cached,1030,CACO_2314488,CACO_tGlobal.csv
https://irma.nps.gov/DataStore/DownloadFile/734477,cached,108,CACO_2314488,CACO_tPhotos.csv
https://irma.nps.gov/DataStore/DownloadFile/734478,cached,64789,CACO_2314488,CACO_tPlotEvents.csv
https://irma.nps.gov/DataStore/DownloadFile/734479,cached,52792,CACO_2314488,CACO_tPlotEventSpecies.csv
https://irma.nps.gov/DataStore/DownloadFile/734480,cached,61662,CACO_2314488,CACO_tPlots.csv
https://irma.nps.gov/DataStore/DownloadFile/734481,cached,2519,CACO_2314488,CACO_tProjectMetadata.csv
https://irma.nps.gov/DataStore/DownloadFile/734482,cached,21740,CACO_2314488,CACO_tSpecies.csv
https://irma.nps.gov/DataStore/DownloadFile/734483,cached,14897,CACO_2314488,CACO_xConcept_Reference_lu.csv
https://irma.nps.gov/DataStore/DownloadFile/734484,cached,103,CACO_2314488,CACO_xCoverClass_lu.csv
https://irma.nps.gov/DataStore/DownloadFile/734485,cached,160,CACO_2314488,CACO_xHeight_Class_lu.csv
https://irma.nps.gov/DataStore/DownloadFile/734486,cached,1199,CACO_2314488,CACO_xHydro_Regime_lu.csv
https://irma.nps.gov/DataStore/DownloadFile/734487,cached,18458,CACO_2314488,CACO_xLandform_lu.csv
https://irma.nps.gov/DataStore/DownloadFile/734488,cached,178,CACO_2314488,CACO_xLeaf_Phenology_lu.csv
https://irma.nps.gov/DataStore/DownloadFile/734489,cached,152,CACO_2314488,CACO_xLeaf_Type_lu.csv
https://irma.nps.gov/DataStore/DownloadFile/734490,cached,2611,CACO_2314488,CACO_xMapUnit_lu.csv
https://irma.nps.gov/DataStore/DownloadFile/734491,cached,11897,CACO_2314488,CACO_xParks_lu.csv
https://irma.nps.gov/DataStore/DownloadFile/734492,cached,474,CACO_2314488,CACO_xPhysio_Class_lu.csv
https://irma.nps.gov/DataStore/DownloadFile/734494,cached,148,CACO_2314488,CACO_xSoil_Drainage_lu.csv
https://irma.nps.gov/DataStore/DownloadFile/734495,cached,115,CACO_2314488,CACO_xSoil_Texture_lu.csv
https://irma.nps.gov/DataStore/DownloadFile/734496,cached,948,CACO_2314488,CACO_xState_lu.csv
https://irma.nps.gov/DataStore/DownloadFile/734497,cached,281,CACO_2314488,CACO_xStratum_lu.csv
https://irma.nps.gov/DataStore/DownloadFile/734498,cached,1172,CACO_2314488,CACO_xSurficial_Geology_lu.csv
https://irma.nps.gov/DataStore/DownloadFile/734499,cached,225,CACO_2314488,CACO_xTopo_Position_lu.csv
https://irma.nps.gov/DataStore/DownloadFile/734500,cached,6745,CACO_2314488,CACO_xVegAssociation_lu.csv
https://irma.nps.gov/DataStore/DownloadFile/734535,cached,41440,CAHA_2314490,CAHA_tAA.csv
https://irma.nps.gov/DataStore/DownloadFile/734536,cached,210118,CAHA_2314490,CAHA_tAAEvents.csv
https://irma.nps.gov/DataStore/DownloadFile/734537,cached,21,CAHA_2314490,CAHA_tConnect.csv
https://irma.nps.gov/DataStore/DownloadFile/734538,cached,3477,CAHA_2314490,CAHA_tGlobal.csv
https://irma.nps.gov/DataStore/DownloadFile/734539,cached,36001,CAHA_2314490,CAHA_tPhotos.csv
https://irma.nps.gov/DataStore/DownloadFile/734540,cached,67070,CAHA_2314490,CAHA_tPlotEvents.csv
https://irma.nps.gov/DataStore/DownloadFile/734541,cached,55591,CAHA_2314490,CAHA_tPlotEventSpecies.csv
https://irma.nps.gov/DataStore/DownloadFile/734542,cached,50765,CAHA_2314490,CAHA_tPlots.csv
https://irma.nps.gov/DataStore/DownloadFile/734543,cached,820,CAHA_2314490,CAHA_tProjectMetadata.csv
https://irma.nps.gov/DataStore/DownloadFile/734544,cached,53130,CAHA_2314490,CAHA_tSpecies.csv
https://irma.nps.gov/DataStore/DownloadFile/734545,cached,14896,CAHA_2314490,CAHA_xConcept_Reference_lu.csv
https://irma.nps.gov/DataStore/DownloadFile/734546,cached,160,CAHA_2314490,CAHA_xCoverClass_lu.csv
https://irma.nps.gov/DataStore/DownloadFile/734547,cached,136,CAHA_2314490,CAHA_xHeight_Class_lu.csv
https://irma.nps.gov/DataStore/DownloadFile/734548,cached,1169,CAHA_2314490,CAHA_xHydro_Regime_lu.csv
https://irma.nps.gov/DataStore/DownloadFile/734549,cached,18432,CAHA_2314490,CAHA_xLandform_lu.csv
https://irma.nps.gov/DataStore/DownloadFile/734550,cached,178,CAHA_2314490,CAHA_xLeaf_Phenology_lu.csv
https://irma.nps.gov/DataStore/DownloadFile/734551,cached,152,CAHA_2314490,CAHA_xLeaf_Type_lu.csv
https://irma.nps.gov/DataStore/DownloadFile/734552,cached,21,CAHA_2314490,CAHA_xMapUnit_lu.csv
https://irma.nps.gov/DataStore/DownloadFile/734553,cached,11897,CAHA_2314490,CAHA_xParks_lu.csv
https://irma.nps.gov/DataStore/DownloadFile/734554,cached,474,CAHA_2314490,CAHA_xPhysio_Class_lu.csv
https://irma.nps.gov/DataStore/DownloadFile/734556,cached,148,CAHA_2314490,CAHA_xSoil_Drainage_lu.csv
https://irma.nps.gov/DataStore/DownloadFile/734557,cached,115,CAHA_2314490,CAHA_xSoil_Texture_lu.csv
https://irma.nps.gov/DataStore/DownloadFile/734558,cached,948,CAHA_2314490,CAHA_xState_lu.csv
https://irma.nps.gov/DataStore/DownloadFile/734559,cached,282,CAHA_2314490,CAHA_xStratum_lu.csv
https://irma.nps.gov/DataStore/DownloadFile/734560,cached,1172,CAHA_2314490,CAHA_xSurficial_Geology_lu.csv
https://irma.nps.gov/DataStore/DownloadFile/734561,cached,225,CAHA_2314490,CAHA_xTopo_Position_lu.csv
https://irma.nps.gov/DataStore/DownloadFile/734562,cached,709418,CAHA_2314490,CAHA_xVegAssociation_lu.csv
https://irma.nps.gov/DataStore/DownloadFile/734567,cached,22012,CALO_2314491,CALO_tAA.csv
https://irma.nps.gov/DataStore/DownloadFile/734568,cached,119482,CALO_2314491,CALO_tAAEvents.csv
https://irma.nps.gov/DataStore/DownloadFile/734569,cached,21,CALO_2314491,CALO_tConnect.csv
https://irma.nps.gov/DataStore/DownloadFile/734570,cached,4152,CALO_2314491,CALO_tGlobal.csv
https://irma.nps.gov/DataStore/DownloadFile/734571,cached,51601,CALO_2314491,CALO_tPhotos.csv
https://irma.nps.gov/DataStore/DownloadFile/734572,cached,89717,CALO_2314491,CALO_tPlotEvents.csv
https://irma.nps.gov/DataStore/DownloadFile/734573,cached,67811,CALO_2314491,CALO_tPlotEventSpecies.csv
https://irma.nps.gov/DataStore/DownloadFile/734574,cached,59870,CALO_2314491,CALO_tPlots.csv
https://irma.nps.gov/DataStore/DownloadFile/734575,cached,765,CALO_2314491,CALO_tProjectMetadata.csv
https://irma.nps.gov/DataStore/DownloadFile/734576,cached,32171,CALO_2314491,CALO_tSpecies.csv
https://irma.nps.gov/DataStore/DownloadFile/734577,cached,14896,CALO_2314491,CALO_xConcept_Reference_lu.csv
https://irma.nps.gov/DataStore/DownloadFile/734578,cached,160,CALO_2314491,CALO_xCoverClass_lu.csv
https://irma.nps.gov/DataStore/DownloadFile/734579,cached,136,CALO_2314491,CALO_xHeight_Class_lu.csv
https://irma.nps.gov/DataStore/DownloadFile/734580,cached,1169,CALO_2314491,CALO_xHydro_Regime_lu.csv
https://irma.nps.gov/DataStore/DownloadFile/734581,cached,18432,CALO_2314491,CALO_xLandform_lu.csv
https://irma.nps.gov/DataStore/DownloadFile/734582,cached,178,CALO_2314491,CALO_xLeaf_Phenology_lu.csv
https://irma.nps.gov/DataStore/DownloadFile/734583,cached,152,CALO_2314491,CALO_xLeaf_Type_lu.csv
https://irma.nps.gov/DataStore/DownloadFile/734584,cached,21,CALO_2314491,CALO_xMapUnit_lu.csv
https://irma.nps.gov/DataStore/DownloadFile/734585,cached,11897,CALO_2314491,CALO_xParks_lu.csv
https://irma.nps.gov/DataStore/DownloadFile/734586,cached,474,CALO_2314491,CALO_xPhysio_Class_lu.csv
https://irma.nps.gov/DataStore/DownloadFile/734588,cached,148,CALO_2314491,CALO_xSoil_Drainage_lu.csv
https://irma.nps.gov/DataStore/DownloadFile/734589,cached,115,CALO_2314491,CALO_xSoil_Texture_lu.csv
https://irma.nps.gov/DataStore/DownloadFile/734590,cached,948,CALO_2314491,CALO_xState_lu.csv
https://irma.nps.gov/DataStore/DownloadFile/734591,cached,282,CALO_2314491,CALO_xStratum_lu.csv
https://irma.nps.gov/DataStore/DownloadFile/734592,cached,1172,CALO_2314491,CALO_xSurficial_Geology_lu.csv
https://irma.nps.gov/DataStore/DownloadFile/734593,cached,225,CALO_2314491,CALO_xTopo_Position_lu.csv
https://irma.nps.gov/DataStore/DownloadFile/734594,cached,709418,CALO_2314491,CALO_xVegAssociation_lu.csv
https://irma.nps.gov/DataStore/DownloadFile/734703,cached,84,CARE_2314495,CARE_Find_duplicates_for_Query2.csv
https://irma.nps.gov/DataStore/DownloadFile/734706,cached,23843,CARE_2314495,CARE_qrySelectRommePlots.csv
https://irma.nps.gov/DataStore/DownloadFile/734707,cached,200187,CARE_2314495,CARE_qrytblVegWithPlotcode.csv
https://irma.nps.gov/DataStore/DownloadFile/734708,cached,122,CARE_2314495,CARE_Query2.csv
https://irma.nps.gov/DataStore/DownloadFile/734709,cached,508,CARE_2314495,CARE_Sheet1.csv
https://irma.nps.gov/DataStore/DownloadFile/734710,cached,22339,CARE_2314495,CARE_tbl_Romme_Plots.csv
https://irma.nps.gov/DataStore/DownloadFile/734711,cached,84475,CARE_2314495,CARE_tblAADetails.csv
https://irma.nps.gov/DataStore/DownloadFile/734712,cached,300028,CARE_2314495,CARE_tblAAEnvironment.csv
https://irma.nps.gov/DataStore/DownloadFile/734713,cached,26729,CARE_2314495,CARE_tblAAEnvironmentDetails.csv
https://irma.nps.gov/DataStore/DownloadFile/734714,cached,472864,CARE_2314495,CARE_tblAALocation.csv
https://irma.nps.gov/DataStore/DownloadFile/734715,cached,160309,CARE_2314495,CARE_tblAAPhotos.csv
https://irma.nps.gov/DataStore/DownloadFile/734716,cached,99978,CARE_2314495,CARE_tblAAVegAssociation.csv
https://irma.nps.gov/DataStore/DownloadFile/734717,cached,207420,CARE_2314495,CARE_tblAAVegetation.csv
https://irma.nps.gov/DataStore/DownloadFile/734718,cached,327841,CARE_2314495,CARE_tblAAVegetationDetails.csv
https://irma.nps.gov/DataStore/DownloadFile/734719,cached,4270,CARE_2314495,CARE_tblDataMgmtLog.csv
https://irma.nps.gov/DataStore/DownloadFile/734720,cached,188701,CARE_2314495,CARE_tblEnvironment.csv
https://irma.nps.gov/DataStore/DownloadFile/734721,cached,5012,CARE_2314495,CARE_tblEnvironmentDetails.csv
https://irma.nps.gov/DataStore/DownloadFile/734722,cached,119541,CARE_2314495,CARE_tblFinalClassification.csv
https://irma.nps.gov/DataStore/DownloadFile/734723,cached,8562,CARE_2314495,CARE_tblFuels.csv
https://irma.nps.gov/DataStore/DownloadFile/734724,cached,44643,CARE_2314495,CARE_tblFuelsDetails.csv
https://irma.nps.gov/DataStore/DownloadFile/734725,cached,11187,CARE_2314495,CARE_tblGeneralPhotos.csv
https://irma.nps.gov/DataStore/DownloadFile/734726,cached,236,CARE_2314495,CARE_tblGeneralSpecimens.csv
https://irma.nps.gov/DataStore/DownloadFile/734727,cached,10540,CARE_2314495,CARE_tblNatureServeNames.csv
https://irma.nps.gov/DataStore/DownloadFile/734728,cached,481692,CARE_2314495,CARE_tblNCPNPlants.csv
https://irma.nps.gov/DataStore/DownloadFile/734729,cached,70516,CARE_2314495,CARE_tblPhotos.csv
https://irma.nps.gov/DataStore/DownloadFile/734730,cached,67081,CARE_2314495,CARE_tblPlotDetails.csv
https://irma.nps.gov/DataStore/DownloadFile/734731,cached,121184,CARE_2314495,CARE_tblPlotLocation.csv
https://irma.nps.gov/DataStore/DownloadFile/734732,cached,194528,CARE_2314495,CARE_tblVegetation.csv
https://irma.nps.gov/DataStore/DownloadFile/734733,cached,876365,CARE_2314495,CARE_tblVegetationDetails.csv
https://irma.nps.gov/DataStore/DownloadFile/734734,cached,21148,CARE_2314495,CARE_tlkpAAVegAssociation.csv
https://irma.nps.gov/DataStore/DownloadFile/734735,cached,40,CARE_2314495,CARE_tlkpAAVegAssocRanks.csv
https://irma.nps.gov/DataStore/DownloadFile/734736,cached,3478,CARE_2314495,CARE_tlkpAlliances.csv
https://irma.nps.gov/DataStore/DownloadFile/734737,cached,3565,CARE_2314495,CARE_tlkpAlliances_Backup.csv
https://irma.nps.gov/DataStore/DownloadFile/734738,cached,9449,CARE_2314495,CARE_tlkpAssociations.csv
https://irma.nps.gov/DataStore/DownloadFile/734739,cached,76,CARE_2314495,CARE_tlkpCamera.csv
https://irma.nps.gov/DataStore/DownloadFile/734740,cached,9113,CARE_2314495,CARE_tlkpCAREVegAssocNames.csv
https://irma.nps.gov/DataStore/DownloadFile/734741,cached,179,CARE_2314495,CARE_tlkpCover.csv
https://irma.nps.gov/DataStore/DownloadFile/734742,cached,47,CARE_2314495,CARE_tlkpCoverAA.csv
https://irma.nps.gov/DataStore/DownloadFile/734743,cached,62,CARE_2314495,CARE_tlkpCowardin.csv
https://irma.nps.gov/DataStore/DownloadFile/734744,cached,30,CARE_2314495,CARE_tlkpElevSource.csv
https://irma.nps.gov/DataStore/DownloadFile/734745,cached,1079,CARE_2314495,CARE_tlkpGeology.csv
https://irma.nps.gov/DataStore/DownloadFile/734746,cached,141,CARE_2314495,CARE_tlkpHeightClass.csv
https://irma.nps.gov/DataStore/DownloadFile/734747,cached,134,CARE_2314495,CARE_tlkpHydrology.csv
https://irma.nps.gov/DataStore/DownloadFile/734748,cached,670,CARE_2314495,CARE_tlkpLandform.csv
https://irma.nps.gov/DataStore/DownloadFile/734749,cached,117,CARE_2314495,CARE_tlkpLeafPhen.csv
https://irma.nps.gov/DataStore/DownloadFile/734750,cached,97,CARE_2314495,CARE_tlkpLeafType.csv
https://irma.nps.gov/DataStore/DownloadFile/734751,cached,348,CARE_2314495,CARE_tlkpParks.csv
https://irma.nps.gov/DataStore/DownloadFile/734752,cached,120,CARE_2314495,CARE_tlkpPhotoComments.csv
https://irma.nps.gov/DataStore/DownloadFile/734753,cached,109,CARE_2314495,CARE_tlkpPhotographer.csv
https://irma.nps.gov/DataStore/DownloadFile/734754,cached,50,CARE_2314495,CARE_tlkpPhotoTypes.csv
https://irma.nps.gov/DataStore/DownloadFile/734755,cached,129,CARE_2314495,CARE_tlkpPhysiogClass.csv
https://irma.nps.gov/DataStore/DownloadFile/734756,cached,51,CARE_2314495,CARE_tlkpPJAge.csv
https://irma.nps.gov/DataStore/DownloadFile/734757,cached,89,CARE_2314495,CARE_tlkpPlotShapes.csv
https://irma.nps.gov/DataStore/DownloadFile/734758,cached,125,CARE_2314495,CARE_tlkpSoilDrainage.csv
https://irma.nps.gov/DataStore/DownloadFile/734759,cached,106,CARE_2314495,CARE_tlkpSoilTexture.csv
https://irma.nps.gov/DataStore/DownloadFile/734760,cached,672,CARE_2314495,CARE_tlkpStates.csv
https://irma.nps.gov/DataStore/DownloadFile/734761,cached,48,CARE_2314495,CARE_tlkpStrata.csv
https://irma.nps.gov/DataStore/DownloadFile/734762,cached,60,CARE_2314495,CARE_tlkpStructureStages.csv
https://irma.nps.gov/DataStore/DownloadFile/734763,cached,98,CARE_2314495,CARE_tlkpSurveyors.csv
https://irma.nps.gov/DataStore/DownloadFile/734764,cached,188,CARE_2314495,CARE_tlkpTopography.csv
https://irma.nps.gov/DataStore/DownloadFile/734765,cached,531,CARE_2314495,CARE_tlkpUSGS_Quad.csv
https://irma.nps.gov/DataStore/DownloadFile/734766,cached,11,CARE_2314495,CARE_tlkpUTMZone.csv
https://irma.nps.gov/DataStore/DownloadFile/734767,cached,275,CARE_2314495,CARE_zFieldWidths.csv
https://irma.nps.gov/DataStore/DownloadFile/734768,cached,1808,CARE_2314495,CARE_zLookupFields.csv
https://irma.nps.gov/DataStore/DownloadFile/734769,cached,3105,CARE_2314495,CARE_zLookupTables.csv
https://irma.nps.gov/DataStore/DownloadFile/734770,cached,58832,CARE_2314495,CARE_zzHeiltblPlots.csv
https://irma.nps.gov/DataStore/DownloadFile/734771,cached,755482,CARE_2314495,CARE_zzHeiltblVegetationDetails.csv
https://irma.nps.gov/DataStore/DownloadFile/734772,cached,1543,CARE_2314495,CARE_zzTemp.csv
https://irma.nps.gov/DataStore/DownloadFile/734773,cached,2261,CARE_2314495,CARE_zzTempEnvID.csv
https://irma.nps.gov/DataStore/DownloadFile/734774,cached,1272,CARE_2314495,CARE_zzTempFuelsID.csv
https://irma.nps.gov/DataStore/DownloadFile/734775,cached,2235,CARE_2314495,CARE_zzTempVegID.csv
https://irma.nps.gov/DataStore/DownloadFile/734880,cached,153283,CAVO_2314499,CAVO_sp_cov.csv
https://irma.nps.gov/DataStore/DownloadFile/734881,cached,9289,CAVO_2314499,CAVO_tAA.csv
https://irma.nps.gov/DataStore/DownloadFile/734882,cached,11334,CAVO_2314499,CAVO_tAAEvents.csv
https://irma.nps.gov/DataStore/DownloadFile/734883,cached,64888,CAVO_2314499,CAVO_tAAPhotos.csv
https://irma.nps.gov/DataStore/DownloadFile/734884,cached,21,CAVO_2314499,CAVO_tConnect.csv
https://irma.nps.gov/DataStore/DownloadFile/734885,cached,705,CAVO_2314499,CAVO_tGlobal.csv
https://irma.nps.gov/DataStore/DownloadFile/734886,cached,32985,CAVO_2314499,CAVO_tPhotos.csv
https://irma.nps.gov/DataStore/DownloadFile/734887,cached,33227,CAVO_2314499,CAVO_tPlotEvents.csv
https://irma.nps.gov/DataStore/DownloadFile/734888,cached,102050,CAVO_2314499,CAVO_tPlotEventSpecies.csv
https://irma.nps.gov/DataStore/DownloadFile/734889,cached,58815,CAVO_2314499,CAVO_tPlotEventSpeciesStratum.csv
https://irma.nps.gov/DataStore/DownloadFile/734890,cached,19386,CAVO_2314499,CAVO_tPlots.csv
https://irma.nps.gov/DataStore/DownloadFile/734891,cached,532,CAVO_2314499,CAVO_tProjectMetadata.csv
https://irma.nps.gov/DataStore/DownloadFile/734892,cached,12660,CAVO_2314499,CAVO_tSpecies.csv
https://irma.nps.gov/DataStore/DownloadFile/734893,cached,160,CAVO_2314499,CAVO_xCoverClass_lu.csv
https://irma.nps.gov/DataStore/DownloadFile/734894,cached,1169,CAVO_2314499,CAVO_xHydro_Regime_lu.csv
https://irma.nps.gov/DataStore/DownloadFile/734895,cached,18432,CAVO_2314499,CAVO_xLandform_lu.csv
https://irma.nps.gov/DataStore/DownloadFile/734896,cached,178,CAVO_2314499,CAVO_xLeaf_Phenology_lu.csv
https://irma.nps.gov/DataStore/DownloadFile/734897,cached,152,CAVO_2314499,CAVO_xLeaf_Type_lu.csv
https://irma.nps.gov/DataStore/DownloadFile/734898,cached,832,CAVO_2314499,CAVO_xMapUnit_lu.csv
https://irma.nps.gov/DataStore/DownloadFile/734899,cached,11897,CAVO_2314499,CAVO_xParks_lu.csv
https://irma.nps.gov/DataStore/DownloadFile/734900,cached,474,CAVO_2314499,CAVO_xPhysio_Class_lu.csv
https://irma.nps.gov/DataStore/DownloadFile/734902,cached,148,CAVO_2314499,CAVO_xSoil_Drainage_lu.csv
https://irma.nps.gov/DataStore/DownloadFile/734903,cached,69,CAVO_2314499,CAVO_xSoil_Texture_lu.csv
https://irma.nps.gov/DataStore/DownloadFile/734904,cached,170,CAVO_2314499,CAVO_xStratum_lu.csv
https://irma.nps.gov/DataStore/DownloadFile/734905,cached,1172,CAVO_2314499,CAVO_xSurficial_Geology_lu.csv
https://irma.nps.gov/DataStore/DownloadFile/734906,cached,225,CAVO_2314499,CAVO_xTopo_Position_lu.csv
https://irma.nps.gov/DataStore/DownloadFile/734907,cached,2696,CAVO_2314499,CAVO_xVegAssociation_lu.csv
https://irma.nps.gov/DataStore/DownloadFile/734779,cached,109898,CARL_2314496,CARL_sp_cov.csv
https://irma.nps.gov/DataStore/DownloadFile/734780,cached,6669,CARL_2314496,CARL_tAA.csv
https://irma.nps.gov/DataStore/DownloadFile/734781,cached,21804,CARL_2314496,CARL_tAAEvents.csv
https://irma.nps.gov/DataStore/DownloadFile/734782,cached,21,CARL_2314496,CARL_tConnect.csv
https://irma.nps.gov/DataStore/DownloadFile/734783,cached,818,CARL_2314496,CARL_tGlobal.csv
https://irma.nps.gov/DataStore/DownloadFile/734784,cached,108,CARL_2314496,CARL_tPhotos.csv
https://irma.nps.gov/DataStore/DownloadFile/734785,cached,6183,CARL_2314496,CARL_tPlotEvents.csv
https://irma.nps.gov/DataStore/DownloadFile/734786,cached,42841,CARL_2314496,CARL_tPlotEventSpecies.csv
https://irma.nps.gov/DataStore/DownloadFile/734787,cached,7779,CARL_2314496,CARL_tPlots.csv
https://irma.nps.gov/DataStore/DownloadFile/734788,cached,3662,CARL_2314496,CARL_tProjectMetadata.csv
https://irma.nps.gov/DataStore/DownloadFile/734789,cached,27906,CARL_2314496,CARL_tSpecies.csv
https://irma.nps.gov/DataStore/DownloadFile/734790,cached,14897,CARL_2314496,CARL_xConcept_Reference_lu.csv
https://irma.nps.gov/DataStore/DownloadFile/734791,cached,192,CARL_2314496,CARL_xCoverClass_lu.csv
https://irma.nps.gov/DataStore/DownloadFile/734792,cached,160,CARL_2314496,CARL_xHeight_Class_lu.csv
https://irma.nps.gov/DataStore/DownloadFile/734793,cached,1169,CARL_2314496,CARL_xHydro_Regime_lu.csv
https://irma.nps.gov/DataStore/DownloadFile/734794,cached,18497,CARL_2314496,CARL_xLandform_lu.csv
https://irma.nps.gov/DataStore/DownloadFile/734795,cached,178,CARL_2314496,CARL_xLeaf_Phenology_lu.csv
https://irma.nps.gov/DataStore/DownloadFile/734796,cached,152,CARL_2314496,CARL_xLeaf_Type_lu.csv
https://irma.nps.gov/DataStore/DownloadFile/734797,cached,1071,CARL_2314496,CARL_xMapUnit_lu.csv
https://irma.nps.gov/DataStore/DownloadFile/734798,cached,11897,CARL_2314496,CARL_xParks_lu.csv
https://irma.nps.gov/DataStore/DownloadFile/734799,cached,474,CARL_2314496,CARL_xPhysio_Class_lu.csv
https://irma.nps.gov/DataStore/DownloadFile/734801,cached,148,CARL_2314496,CARL_xSoil_Drainage_lu.csv
https://irma.nps.gov/DataStore/DownloadFile/734802,cached,115,CARL_2314496,CARL_xSoil_Texture_lu.csv
https://irma.nps.gov/DataStore/DownloadFile/734803,cached,948,CARL_2314496,CARL_xState_lu.csv
https://irma.nps.gov/DataStore/DownloadFile/734804,cached,281,CARL_2314496,CARL_xStratum_lu.csv
https://irma.nps.gov/DataStore/DownloadFile/734805,cached,1172,CARL_2314496,CARL_xSurficial_Geology_lu.csv
https://irma.nps.gov/DataStore/DownloadFile/734806,cached,225,CARL_2314496,CARL_xTopo_Position_lu.csv
https://irma.nps.gov/DataStore/DownloadFile/734807,cached,1618,CARL_2314496,CARL_xVegAssociation_lu.csv
https://irma.nps.gov/DataStore/DownloadFile/734847,cached,174835,CAVE_2314498,CAVE_plots.csv
https://irma.nps.gov/DataStore/DownloadFile/734848,cached,720764,CAVE_2314498,CAVE_sp_cov.csv
https://irma.nps.gov/DataStore/DownloadFile/734849,cached,21038,CAVE_2314498,CAVE_tAA.csv
https://irma.nps.gov/DataStore/DownloadFile/734850,cached,112059,CAVE_2314498,CAVE_tAAEvents.csv
https://irma.nps.gov/DataStore/DownloadFile/734851,cached,21,CAVE_2314498,CAVE_tConnect.csv
https://irma.nps.gov/DataStore/DownloadFile/734852,cached,110,CAVE_2314498,CAVE_tGlobal.csv
https://irma.nps.gov/DataStore/DownloadFile/734853,cached,39512,CAVE_2314498,CAVE_tPhotos.csv
https://irma.nps.gov/DataStore/DownloadFile/734854,cached,167228,CAVE_2314498,CAVE_tPlotEvents.csv
https://irma.nps.gov/DataStore/DownloadFile/734855,cached,341451,CAVE_2314498,CAVE_tPlotEventSpecies.csv
https://irma.nps.gov/DataStore/DownloadFile/734856,cached,52520,CAVE_2314498,CAVE_tPlots.csv
https://irma.nps.gov/DataStore/DownloadFile/734857,cached,2063,CAVE_2314498,CAVE_tProjectMetadata.csv
https://irma.nps.gov/DataStore/DownloadFile/734858,cached,68969,CAVE_2314498,CAVE_tSpecies.csv
https://irma.nps.gov/DataStore/DownloadFile/734859,cached,14897,CAVE_2314498,CAVE_xConcept_Reference_lu.csv
https://irma.nps.gov/DataStore/DownloadFile/734860,cached,219,CAVE_2314498,CAVE_xCoverClass_lu.csv
https://irma.nps.gov/DataStore/DownloadFile/734861,cached,160,CAVE_2314498,CAVE_xHeight_Class_lu.csv
https://irma.nps.gov/DataStore/DownloadFile/734862,cached,1169,CAVE_2314498,CAVE_xHydro_Regime_lu.csv
https://irma.nps.gov/DataStore/DownloadFile/734863,cached,18432,CAVE_2314498,CAVE_xLandform_lu.csv
https://irma.nps.gov/DataStore/DownloadFile/734864,cached,178,CAVE_2314498,CAVE_xLeaf_Phenology_lu.csv
https://irma.nps.gov/DataStore/DownloadFile/734865,cached,152,CAVE_2314498,CAVE_xLeaf_Type_lu.csv
https://irma.nps.gov/DataStore/DownloadFile/734866,cached,1278,CAVE_2314498,CAVE_xMapUnit_lu.csv
https://irma.nps.gov/DataStore/DownloadFile/734867,cached,11897,CAVE_2314498,CAVE_xParks_lu.csv
https://irma.nps.gov/DataStore/DownloadFile/734868,cached,474,CAVE_2314498,CAVE_xPhysio_Class_lu.csv
https://irma.nps.gov/DataStore/DownloadFile/734870,cached,148,CAVE_2314498,CAVE_xSoil_Drainage_lu.csv
https://irma.nps.gov/DataStore/DownloadFile/734871,cached,115,CAVE_2314498,CAVE_xSoil_Texture_lu.csv
https://irma.nps.gov/DataStore/DownloadFile/734872,cached,948,CAVE_2314498,CAVE_xState_lu.csv
https://irma.nps.gov/DataStore/DownloadFile/734873,cached,281,CAVE_2314498,CAVE_xStratum_lu.csv
https://irma.nps.gov/DataStore/DownloadFile/734874,cached,1172,CAVE_2314498,CAVE_xSurficial_Geology_lu.csv
https://irma.nps.gov/DataStore/DownloadFile/734875,cached,225,CAVE_2314498,CAVE_xTopo_Position_lu.csv
https://irma.nps.gov/DataStore/DownloadFile/734876,cached,2303,CAVE_2314498,CAVE_xVegAssociation_lu.csv
https://irma.nps.gov/DataStore/DownloadFile/734504,cached,92,CAGR_2314489,CAGR_tAA.csv
https://irma.nps.gov/DataStore/DownloadFile/734505,cached,198,CAGR_2314489,CAGR_tAAEvents.csv
https://irma.nps.gov/DataStore/DownloadFile/734506,cached,21,CAGR_2314489,CAGR_tConnect.csv
https://irma.nps.gov/DataStore/DownloadFile/734507,cached,3072,CAGR_2314489,CAGR_tGlobal.csv
https://irma.nps.gov/DataStore/DownloadFile/734508,cached,5598,CAGR_2314489,CAGR_tPhotos.csv
https://irma.nps.gov/DataStore/DownloadFile/734509,cached,13576,CAGR_2314489,CAGR_tPlotEvents.csv
https://irma.nps.gov/DataStore/DownloadFile/734510,cached,12192,CAGR_2314489,CAGR_tPlotEventSpecies.csv
https://irma.nps.gov/DataStore/DownloadFile/734511,cached,19225,CAGR_2314489,CAGR_tPlots.csv
https://irma.nps.gov/DataStore/DownloadFile/734512,cached,2920,CAGR_2314489,CAGR_tProjectMetadata.csv
https://irma.nps.gov/DataStore/DownloadFile/734513,cached,115303,CAGR_2314489,CAGR_tSpecies.csv
https://irma.nps.gov/DataStore/DownloadFile/734514,cached,14897,CAGR_2314489,CAGR_xConcept_Reference_lu.csv
https://irma.nps.gov/DataStore/DownloadFile/734515,cached,128,CAGR_2314489,CAGR_xCoverClass_lu.csv
https://irma.nps.gov/DataStore/DownloadFile/734516,cached,160,CAGR_2314489,CAGR_xHeight_Class_lu.csv
https://irma.nps.gov/DataStore/DownloadFile/734517,ok,1169,CAGR_2314489,CAGR_xHydro_Regime_lu.csv
https://irma.nps.gov/DataStore/DownloadFile/734518,ok,18619,CAGR_2314489,CAGR_xLandform_lu.csv
https://irma.nps.gov/DataStore/DownloadFile/734519,ok,178,CAGR_2314489,CAGR_xLeaf_Phenology_lu.csv
https://irma.nps.gov/DataStore/DownloadFile/734520,ok,152,CAGR_2314489,CAGR_xLeaf_Type_lu.csv
https://irma.nps.gov/DataStore/DownloadFile/734521,ok,1656,CAGR_2314489,CAGR_xMapUnit_lu.csv
https://irma.nps.gov/DataStore/DownloadFile/734522,ok,11897,CAGR_2314489,CAGR_xParks_lu.csv
https://irma.nps.gov/DataStore/DownloadFile/734523,ok,739,CAGR_2314489,CAGR_xPhysio_Class_lu.csv
https://irma.nps.gov/DataStore/DownloadFile/734525,ok,148,CAGR_2314489,CAGR_xSoil_Drainage_lu.csv
https://irma.nps.gov/DataStore/DownloadFile/734526,ok,115,CAGR_2314489,CAGR_xSoil_Texture_lu.csv
https://irma.nps.gov/DataStore/DownloadFile/734527,ok,948,CAGR_2314489,CAGR_xState_lu.csv
https://irma.nps.gov/DataStore/DownloadFile/734528,ok,281,CAGR_2314489,CAGR_xStratum_lu.csv
https://irma.nps.gov/DataStore/DownloadFile/734529,ok,1494,CAGR_2314489,CAGR_xSurficial_Geology_lu.csv
https://irma.nps.gov/DataStore/DownloadFile/734530,ok,225,CAGR_2314489,CAGR_xTopo_Position_lu.csv
https://irma.nps.gov/DataStore/DownloadFile/734531,ok,711205,CAGR_2314489,CAGR_xVegAssociation_lu.csv
https://irma.nps.gov/DataStore/DownloadFile/734811,ok,5004,CASA_2314497,CASA_QA_01_spcov.csv
https://irma.nps.gov/DataStore/DownloadFile/734812,ok,7697,CASA_2314497,CASA_QA_02_plots.csv
https://irma.nps.gov/DataStore/DownloadFile/734813,ok,119,CASA_2314497,CASA_QA_03_duplicates_in_01.csv
https://irma.nps.gov/DataStore/DownloadFile/734814,ok,79,CASA_2314497,CASA_QA_04_duplicates_in_02.csv
https://irma.nps.gov/DataStore/DownloadFile/734815,ok,29,CASA_2314497,CASA_QA_05_Plots_without_Species.csv
https://irma.nps.gov/DataStore/DownloadFile/734816,ok,82,CASA_2314497,CASA_QA_06_Spp_without_Plots.csv
https://irma.nps.gov/DataStore/DownloadFile/734817,ok,21,CASA_2314497,CASA_tConnect.csv
https://irma.nps.gov/DataStore/DownloadFile/734818,ok,371,CASA_2314497,CASA_tGlobal.csv
https://irma.nps.gov/DataStore/DownloadFile/734819,ok,5221,CASA_2314497,CASA_tPhotos.csv
https://irma.nps.gov/DataStore/DownloadFile/734820,ok,5572,CASA_2314497,CASA_tPlotEvents.csv
https://irma.nps.gov/DataStore/DownloadFile/734821,ok,1785,CASA_2314497,CASA_tPlotEventSpecies.csv
https://irma.nps.gov/DataStore/DownloadFile/734822,ok,1302,CASA_2314497,CASA_tPlots.csv
https://irma.nps.gov/DataStore/DownloadFile/734823,ok,68,CASA_2314497,CASA_tProcessSteps.csv
https://irma.nps.gov/DataStore/DownloadFile/734824,ok,659,CASA_2314497,CASA_tProjectMetadata.csv
https://irma.nps.gov/DataStore/DownloadFile/734825,ok,3049637,CASA_2314497,CASA_tSpecies.csv
https://irma.nps.gov/DataStore/DownloadFile/734826,ok,14896,CASA_2314497,CASA_xConcept_Reference_lu.csv
https://irma.nps.gov/DataStore/DownloadFile/734827,ok,160,CASA_2314497,CASA_xCoverClass_lu.csv
https://irma.nps.gov/DataStore/DownloadFile/734828,ok,136,CASA_2314497,CASA_xHeight_Class_lu.csv
https://irma.nps.gov/DataStore/DownloadFile/734829,ok,1169,CASA_2314497,CASA_xHydro_Regime_lu.csv
https://irma.nps.gov/DataStore/DownloadFile/734830,ok,18432,CASA_2314497,CASA_xLandform_lu.csv
https://irma.nps.gov/DataStore/DownloadFile/734831,ok,178,CASA_2314497,CASA_xLeaf_Phenology_lu.csv
https://irma.nps.gov/DataStore/DownloadFile/734832,ok,152,CASA_2314497,CASA_xLeaf_Type_lu.csv
https://irma.nps.gov/DataStore/DownloadFile/734833,ok,21,CASA_2314497,CASA_xMapUnit_lu.csv
https://irma.nps.gov/DataStore/DownloadFile/734834,ok,11897,CASA_2314497,CASA_xParks_lu.csv
https://irma.nps.gov/DataStore/DownloadFile/734835,ok,474,CASA_2314497,CASA_xPhysio_Class_lu.csv
https://irma.nps.gov/DataStore/DownloadFile/734837,ok,148,CASA_2314497,CASA_xSoil_Drainage_lu.csv
https://irma.nps.gov/DataStore/DownloadFile/734838,ok,115,CASA_2314497,CASA_xSoil_Texture_lu.csv
https://irma.nps.gov/DataStore/DownloadFile/734839,ok,948,CASA_2314497,CASA_xState_lu.csv
https://irma.nps.gov/DataStore/DownloadFile/734840,ok,282,CASA_2314497,CASA_xStratum_lu.csv
https://irma.nps.gov/DataStore/DownloadFile/734841,ok,1172,CASA_2314497,CASA_xSurficial_Geology_lu.csv
https://irma.nps.gov/DataStore/DownloadFile/734842,ok,225,CASA_2314497,CASA_xTopo_Position_lu.csv
https://irma.nps.gov/DataStore/DownloadFile/734843,ok,565034,CASA_2314497,CASA_xVegAssociation_lu.csv
https://irma.nps.gov/DataStore/DownloadFile/735121,ok,495,CEBR_2314507,CEBR_CEBRImport.csv
https://irma.nps.gov/DataStore/DownloadFile/735122,ok,13903,CEBR_2314507,CEBR_Final_Classification_Import.csv
https://irma.nps.gov/DataStore/DownloadFile/735123,ok,61,CEBR_2314507,CEBR_Find_duplicates_for_Query3.csv
https://irma.nps.gov/DataStore/DownloadFile/735124,ok,53,CEBR_2314507,CEBR_Find_duplicates_for_tblPhotos.csv
https://irma.nps.gov/DataStore/DownloadFile/735125,ok,89334,CEBR_2314507,CEBR_GPS_Data_Download.csv
https://irma.nps.gov/DataStore/DownloadFile/735128,ok,38929,CEBR_2314507,CEBR_Qry_GIS.csv
https://irma.nps.gov/DataStore/DownloadFile/735129,ok,33435,CEBR_2314507,CEBR_qry_ht_FinalNVC_Check.csv
https://irma.nps.gov/DataStore/DownloadFile/735130,ok,85873,CEBR_2314507,CEBR_Query2.csv
https://irma.nps.gov/DataStore/DownloadFile/735131,ok,52307,CEBR_2314507,CEBR_Query3.csv
https://irma.nps.gov/DataStore/DownloadFile/735132,ok,89603,CEBR_2314507,CEBR_tbl_GPS_Import.csv
https://irma.nps.gov/DataStore/DownloadFile/735133,ok,20452,CEBR_2314507,CEBR_tblAADetails.csv
https://irma.nps.gov/DataStore/DownloadFile/735134,ok,79081,CEBR_2314507,CEBR_tblAAEnvironment.csv
https://irma.nps.gov/DataStore/DownloadFile/735135,ok,5286,CEBR_2314507,CEBR_tblAAEnvironmentDetails.csv
https://irma.nps.gov/DataStore/DownloadFile/735136,ok,100372,CEBR_2314507,CEBR_tblAALocation.csv
https://irma.nps.gov/DataStore/DownloadFile/735137,ok,33608,CEBR_2314507,CEBR_tblAAPhotos.csv
https://irma.nps.gov/DataStore/DownloadFile/735138,ok,17392,CEBR_2314507,CEBR_tblAAVegAssociation.csv
https://irma.nps.gov/DataStore/DownloadFile/735139,ok,59793,CEBR_2314507,CEBR_tblAAVegetation.csv
https://irma.nps.gov/DataStore/DownloadFile/735140,ok,70739,CEBR_2314507,CEBR_tblAAVegetationDetails.csv
https://irma.nps.gov/DataStore/DownloadFile/735141,ok,90,CEBR_2314507,CEBR_tblBPU.csv
https://irma.nps.gov/DataStore/DownloadFile/735142,ok,12236,CEBR_2314507,CEBR_tblDataMgmtLog.csv
https://irma.nps.gov/DataStore/DownloadFile/735143,ok,205767,CEBR_2314507,CEBR_tblEnvironment.csv
https://irma.nps.gov/DataStore/DownloadFile/735144,ok,5002,CEBR_2314507,CEBR_tblEnvironmentDetails.csv
https://irma.nps.gov/DataStore/DownloadFile/735145,ok,131668,CEBR_2314507,CEBR_tblFireTrees.csv
https://irma.nps.gov/DataStore/DownloadFile/735146,ok,44377,CEBR_2314507,CEBR_tblFuelsLD.csv
https://irma.nps.gov/DataStore/DownloadFile/735147,ok,7989,CEBR_2314507,CEBR_tblFuelsLWI.csv
https://irma.nps.gov/DataStore/DownloadFile/735148,ok,17200,CEBR_2314507,CEBR_tblFuelSummary.csv
https://irma.nps.gov/DataStore/DownloadFile/735149,ok,169,CEBR_2314507,CEBR_tblGeneralPhotos.csv
https://irma.nps.gov/DataStore/DownloadFile/735150,ok,617,CEBR_2314507,CEBR_tblGeneralSpecimens.csv
https://irma.nps.gov/DataStore/DownloadFile/735151,ok,627047,CEBR_2314507,CEBR_tblNCPNPlants.csv
https://irma.nps.gov/DataStore/DownloadFile/735152,ok,47458,CEBR_2314507,CEBR_tblPhotos.csv
https://irma.nps.gov/DataStore/DownloadFile/735153,ok,24,CEBR_2314507,CEBR_tblPlotCodeLink.csv
https://irma.nps.gov/DataStore/DownloadFile/735154,ok,52245,CEBR_2314507,CEBR_tblPlotDetails.csv
https://irma.nps.gov/DataStore/DownloadFile/735155,ok,58740,CEBR_2314507,CEBR_tblPlotLocation.csv
https://irma.nps.gov/DataStore/DownloadFile/735156,ok,51,CEBR_2314507,CEBR_tblTempOtherVouchers.csv
https://irma.nps.gov/DataStore/DownloadFile/735157,ok,96481,CEBR_2314507,CEBR_tblVegetation.csv
https://irma.nps.gov/DataStore/DownloadFile/735158,ok,308299,CEBR_2314507,CEBR_tblVegetationDetails.csv
https://irma.nps.gov/DataStore/DownloadFile/735159,ok,4564,CEBR_2314507,CEBR_tlkpAAVegAssociation.csv
https://irma.nps.gov/DataStore/DownloadFile/735160,ok,40,CEBR_2314507,CEBR_tlkpAAVegAssocRanks.csv
https://irma.nps.gov/DataStore/DownloadFile/735161,ok,2873,CEBR_2314507,CEBR_tlkpAlliances.csv
https://irma.nps.gov/DataStore/DownloadFile/735162,ok,17861,CEBR_2314507,CEBR_tlkpAssociations.csv
https://irma.nps.gov/DataStore/DownloadFile/735163,ok,76,CEBR_2314507,CEBR_tlkpCamera.csv
https://irma.nps.gov/DataStore/DownloadFile/735164,ok,52,CEBR_2314507,CEBR_tlkpCover.csv
https://irma.nps.gov/DataStore/DownloadFile/735165,ok,47,CEBR_2314507,CEBR_tlkpCoverAA.csv
https://irma.nps.gov/DataStore/DownloadFile/735166,ok,19,CEBR_2314507,CEBR_tlkpCoverObs.csv
https://irma.nps.gov/DataStore/DownloadFile/735167,ok,53,CEBR_2314507,CEBR_tlkpCowardin.csv
https://irma.nps.gov/DataStore/DownloadFile/735168,ok,4500,CEBR_2314507,CEBR_tlkpDamageCodes.csv
https://irma.nps.gov/DataStore/DownloadFile/735169,ok,26,CEBR_2314507,CEBR_tlkpElevSource.csv
https://irma.nps.gov/DataStore/DownloadFile/735170,ok,131,CEBR_2314507,CEBR_tlkpFireSpecies.csv
https://irma.nps.gov/DataStore/DownloadFile/735171,ok,3267,CEBR_2314507,CEBR_tlkpFuelModels.csv
https://irma.nps.gov/DataStore/DownloadFile/735172,ok,508,CEBR_2314507,CEBR_tlkpGeology.csv
https://irma.nps.gov/DataStore/DownloadFile/735173,ok,33,CEBR_2314507,CEBR_tlkpHeightClass.csv
https://irma.nps.gov/DataStore/DownloadFile/735174,ok,134,CEBR_2314507,CEBR_tlkpHydrology.csv
https://irma.nps.gov/DataStore/DownloadFile/735175,ok,2049,CEBR_2314507,CEBR_tlkpLandForm.csv
https://irma.nps.gov/DataStore/DownloadFile/735176,ok,111,CEBR_2314507,CEBR_tlkpLeafPhen.csv
https://irma.nps.gov/DataStore/DownloadFile/735177,ok,108,CEBR_2314507,CEBR_tlkpLeafType.csv
https://irma.nps.gov/DataStore/DownloadFile/735178,ok,52,CEBR_2314507,CEBR_tlkpObservationType.csv
https://irma.nps.gov/DataStore/DownloadFile/735179,ok,103,CEBR_2314507,CEBR_tlkpParks.csv
https://irma.nps.gov/DataStore/DownloadFile/735180,ok,236,CEBR_2314507,CEBR_tlkpPhotoComments.csv
https://irma.nps.gov/DataStore/DownloadFile/735181,ok,170,CEBR_2314507,CEBR_tlkpPhotographer.csv
https://irma.nps.gov/DataStore/DownloadFile/735182,ok,61,CEBR_2314507,CEBR_tlkpPhotoTypes.csv
https://irma.nps.gov/DataStore/DownloadFile/735183,ok,147,CEBR_2314507,CEBR_tlkpPhysiogClass.csv
https://irma.nps.gov/DataStore/DownloadFile/735184,ok,51,CEBR_2314507,CEBR_tlkpPJAge.csv
https://irma.nps.gov/DataStore/DownloadFile/735185,ok,34,CEBR_2314507,CEBR_tlkpPlotDiameter.csv
https://irma.nps.gov/DataStore/DownloadFile/735186,ok,38,CEBR_2314507,CEBR_tlkpPlotShapes.csv
https://irma.nps.gov/DataStore/DownloadFile/735187,ok,90,CEBR_2314507,CEBR_tlkpProvisionalCommunities.csv
https://irma.nps.gov/DataStore/DownloadFile/735188,ok,125,CEBR_2314507,CEBR_tlkpSoilDrainage.csv
https://irma.nps.gov/DataStore/DownloadFile/735189,ok,181,CEBR_2314507,CEBR_tlkpSoilTexture.csv
https://irma.nps.gov/DataStore/DownloadFile/735190,ok,684,CEBR_2314507,CEBR_tlkpStates.csv
https://irma.nps.gov/DataStore/DownloadFile/735191,ok,48,CEBR_2314507,CEBR_tlkpStrata.csv
https://irma.nps.gov/DataStore/DownloadFile/735192,ok,783,CEBR_2314507,CEBR_tlkpStructuralStage.csv
https://irma.nps.gov/DataStore/DownloadFile/735193,ok,60,CEBR_2314507,CEBR_tlkpStructureStages.csv
https://irma.nps.gov/DataStore/DownloadFile/735194,ok,419,CEBR_2314507,CEBR_tlkpSurveyors.csv
https://irma.nps.gov/DataStore/DownloadFile/735195,ok,109,CEBR_2314507,CEBR_tlkpTopography.csv
https://irma.nps.gov/DataStore/DownloadFile/735196,ok,84,CEBR_2314507,CEBR_tlkpUSGS_Quad.csv
https://irma.nps.gov/DataStore/DownloadFile/735197,ok,11,CEBR_2314507,CEBR_tlkpUTMZone.csv
https://irma.nps.gov/DataStore/DownloadFile/735198,ok,2234,CEBR_2314507,CEBR_tlu_MU_Codes.csv
https://irma.nps.gov/DataStore/DownloadFile/735199,ok,8136,CEBR_2314507,CEBR_xrefDamageCodes.csv
https://irma.nps.gov/DataStore/DownloadFile/735200,ok,285,CEBR_2314507,CEBR_zFieldWidths.csv
https://irma.nps.gov/DataStore/DownloadFile/735201,ok,2375,CEBR_2314507,CEBR_zLookupFields.csv
https://irma.nps.gov/DataStore/DownloadFile/735202,ok,3373,CEBR_2314507,CEBR_zLookupTables.csv
https://irma.nps.gov/DataStore/DownloadFile/734976,ok,14701,CHCU_2314504,CHCU_tblAADetails.csv
https://irma.nps.gov/DataStore/DownloadFile/734977,ok,54946,CHCU_2314504,CHCU_tblAAEnvironment.csv
https://irma.nps.gov/DataStore/DownloadFile/734978,ok,2786,CHCU_2314504,CHCU_tblAAEnvironmentDetails.csv
https://irma.nps.gov/DataStore/DownloadFile/734979,ok,27958,CHCU_2314504,CHCU_tblAALocation.csv
https://irma.nps.gov/DataStore/DownloadFile/734980,ok,9649,CHCU_2314504,CHCU_tblAAPhotos.csv
https://irma.nps.gov/DataStore/DownloadFile/734981,ok,135792,CHCU_2314504,CHCU_tblAAVegetation.csv
https://irma.nps.gov/DataStore/DownloadFile/734982,ok,271764,CHCU_2314504,CHCU_tblAAVegetationDetails.csv
https://irma.nps.gov/DataStore/DownloadFile/734983,ok,15331,CHCU_2314504,CHCU_tblEnvironment.csv
https://irma.nps.gov/DataStore/DownloadFile/734984,ok,1419,CHCU_2314504,CHCU_tblEnvironmentDetails.csv
https://irma.nps.gov/DataStore/DownloadFile/734985,ok,13942,CHCU_2314504,CHCU_tblPhotos.csv
https://irma.nps.gov/DataStore/DownloadFile/734986,ok,25181,CHCU_2314504,CHCU_tblPlantCodes.csv
https://irma.nps.gov/DataStore/DownloadFile/734987,ok,14104,CHCU_2314504,CHCU_tblPlotDetails.csv
https://irma.nps.gov/DataStore/DownloadFile/734988,ok,24805,CHCU_2314504,CHCU_tblPlotLocation.csv
https://irma.nps.gov/DataStore/DownloadFile/734989,ok,17804,CHCU_2314504,CHCU_tblVegetation.csv
https://irma.nps.gov/DataStore/DownloadFile/734990,ok,84156,CHCU_2314504,CHCU_tblVegetationDetails.csv
https://irma.nps.gov/DataStore/DownloadFile/734991,ok,1644,CHCU_2314504,CHCU_tlkpAssociation2.csv
https://irma.nps.gov/DataStore/DownloadFile/734992,ok,201,CHCU_2314504,CHCU_tlkpCover.csv
https://irma.nps.gov/DataStore/DownloadFile/734993,ok,68,CHCU_2314504,CHCU_tlkpCowardin.csv
https://irma.nps.gov/DataStore/DownloadFile/734994,ok,535,CHCU_2314504,CHCU_tlkpGeology.csv
https://irma.nps.gov/DataStore/DownloadFile/734995,ok,92,CHCU_2314504,CHCU_tlkpHeightClass.csv
https://irma.nps.gov/DataStore/DownloadFile/734996,ok,158,CHCU_2314504,CHCU_tlkpHydrology.csv
https://irma.nps.gov/DataStore/DownloadFile/734997,ok,1524,CHCU_2314504,CHCU_tlkpLandform.csv
https://irma.nps.gov/DataStore/DownloadFile/734998,ok,197,CHCU_2314504,CHCU_tlkpLeafPhen.csv
https://irma.nps.gov/DataStore/DownloadFile/734999,ok,246,CHCU_2314504,CHCU_tlkpLeafType.csv
https://irma.nps.gov/DataStore/DownloadFile/735000,ok,168,CHCU_2314504,CHCU_tlkpPhysiogClass.csv
https://irma.nps.gov/DataStore/DownloadFile/735001,ok,238,CHCU_2314504,CHCU_tlkpSoilTexture.csv
https://irma.nps.gov/DataStore/DownloadFile/735002,ok,75,CHCU_2314504,CHCU_tlkpSurfaceRocks.csv
https://irma.nps.gov/DataStore/DownloadFile/735003,ok,417,CHCU_2314504,CHCU_tlkpTopography.csv
https://irma.nps.gov/DataStore/DownloadFile/734912,ok,43533,CHAT_2314502,CHAT_tAA.csv
https://irma.nps.gov/DataStore/DownloadFile/734913,ok,138927,CHAT_2314502,CHAT_tAAEvents.csv
https://irma.nps.gov/DataStore/DownloadFile/734914,ok,21,CHAT_2314502,CHAT_tConnect.csv
https://irma.nps.gov/DataStore/DownloadFile/734915,ok,2421,CHAT_2314502,CHAT_tGlobal.csv
https://irma.nps.gov/DataStore/DownloadFile/734916,ok,140215,CHAT_2314502,CHAT_tPhotos.csv
https://irma.nps.gov/DataStore/DownloadFile/734917,ok,25448,CHAT_2314502,CHAT_tPlotEvents.csv
https://irma.nps.gov/DataStore/DownloadFile/734918,ok,237827,CHAT_2314502,CHAT_tPlotEventSpecies.csv
https://irma.nps.gov/DataStore/DownloadFile/734919,ok,32817,CHAT_2314502,CHAT_tPlots.csv
https://irma.nps.gov/DataStore/DownloadFile/734920,ok,825,CHAT_2314502,CHAT_tProjectMetadata.csv
https://irma.nps.gov/DataStore/DownloadFile/734921,ok,88540,CHAT_2314502,CHAT_tSpecies.csv
https://irma.nps.gov/DataStore/DownloadFile/734922,ok,14896,CHAT_2314502,CHAT_xConcept_Reference_lu.csv
https://irma.nps.gov/DataStore/DownloadFile/734923,ok,160,CHAT_2314502,CHAT_xCoverClass_lu.csv
https://irma.nps.gov/DataStore/DownloadFile/734924,ok,136,CHAT_2314502,CHAT_xHeight_Class_lu.csv
https://irma.nps.gov/DataStore/DownloadFile/734925,ok,1169,CHAT_2314502,CHAT_xHydro_Regime_lu.csv
https://irma.nps.gov/DataStore/DownloadFile/734926,ok,18432,CHAT_2314502,CHAT_xLandform_lu.csv
https://irma.nps.gov/DataStore/DownloadFile/734927,ok,178,CHAT_2314502,CHAT_xLeaf_Phenology_lu.csv
https://irma.nps.gov/DataStore/DownloadFile/734928,ok,152,CHAT_2314502,CHAT_xLeaf_Type_lu.csv
https://irma.nps.gov/DataStore/DownloadFile/734929,ok,21,CHAT_2314502,CHAT_xMapUnit_lu.csv
https://irma.nps.gov/DataStore/DownloadFile/734930,ok,11897,CHAT_2314502,CHAT_xParks_lu.csv
https://irma.nps.gov/DataStore/DownloadFile/734931,ok,474,CHAT_2314502,CHAT_xPhysio_Class_lu.csv
https://irma.nps.gov/DataStore/DownloadFile/734933,ok,148,CHAT_2314502,CHAT_xSoil_Drainage_lu.csv
https://irma.nps.gov/DataStore/DownloadFile/734934,ok,115,CHAT_2314502,CHAT_xSoil_Texture_lu.csv
https://irma.nps.gov/DataStore/DownloadFile/734935,ok,948,CHAT_2314502,CHAT_xState_lu.csv
https://irma.nps.gov/DataStore/DownloadFile/734936,ok,282,CHAT_2314502,CHAT_xStratum_lu.csv
https://irma.nps.gov/DataStore/DownloadFile/734937,ok,1172,CHAT_2314502,CHAT_xSurficial_Geology_lu.csv
https://irma.nps.gov/DataStore/DownloadFile/734938,ok,225,CHAT_2314502,CHAT_xTopo_Position_lu.csv
https://irma.nps.gov/DataStore/DownloadFile/734939,ok,709418,CHAT_2314502,CHAT_xVegAssociation_lu.csv
https://irma.nps.gov/DataStore/DownloadFile/734943,ok,291451,CHCH_2314503,CHCH_sp_cov.csv
https://irma.nps.gov/DataStore/DownloadFile/734944,ok,179369,CHCH_2314503,CHCH_sp_cov2.csv
https://irma.nps.gov/DataStore/DownloadFile/734945,ok,44010,CHCH_2314503,CHCH_tAA.csv
https://irma.nps.gov/DataStore/DownloadFile/734946,ok,90782,CHCH_2314503,CHCH_tAAEvents.csv
https://irma.nps.gov/DataStore/DownloadFile/734947,ok,21,CHCH_2314503,CHCH_tConnect.csv
https://irma.nps.gov/DataStore/DownloadFile/734948,ok,410,CHCH_2314503,CHCH_tGlobal.csv
https://irma.nps.gov/DataStore/DownloadFile/734949,ok,108,CHCH_2314503,CHCH_tPhotos.csv
https://irma.nps.gov/DataStore/DownloadFile/734950,ok,21876,CHCH_2314503,CHCH_tPlotEvents.csv
https://irma.nps.gov/DataStore/DownloadFile/734951,ok,115488,CHCH_2314503,CHCH_tPlotEventSpecies.csv
https://irma.nps.gov/DataStore/DownloadFile/734952,ok,27862,CHCH_2314503,CHCH_tPlots.csv
https://irma.nps.gov/DataStore/DownloadFile/734953,ok,3197,CHCH_2314503,CHCH_tProjectMetadata.csv
https://irma.nps.gov/DataStore/DownloadFile/734954,ok,46031,CHCH_2314503,CHCH_tSpecies.csv
https://irma.nps.gov/DataStore/DownloadFile/734955,ok,14896,CHCH_2314503,CHCH_xConcept_Reference_lu.csv
https://irma.nps.gov/DataStore/DownloadFile/734956,ok,160,CHCH_2314503,CHCH_xCoverClass_lu.csv
https://irma.nps.gov/DataStore/DownloadFile/734957,ok,136,CHCH_2314503,CHCH_xHeight_Class_lu.csv
https://irma.nps.gov/DataStore/DownloadFile/734958,ok,1169,CHCH_2314503,CHCH_xHydro_Regime_lu.csv
https://irma.nps.gov/DataStore/DownloadFile/734959,ok,18432,CHCH_2314503,CHCH_xLandform_lu.csv
https://irma.nps.gov/DataStore/DownloadFile/734960,ok,178,CHCH_2314503,CHCH_xLeaf_Phenology_lu.csv
https://irma.nps.gov/DataStore/DownloadFile/734961,ok,152,CHCH_2314503,CHCH_xLeaf_Type_lu.csv
https://irma.nps.gov/DataStore/DownloadFile/734962,ok,2033,CHCH_2314503,CHCH_xMapUnit_lu.csv
https://irma.nps.gov/DataStore/DownloadFile/734963,ok,81,CHCH_2314503,CHCH_xParks_lu.csv
https://irma.nps.gov/DataStore/DownloadFile/734964,ok,474,CHCH_2314503,CHCH_xPhysio_Class_lu.csv
https://irma.nps.gov/DataStore/DownloadFile/734966,ok,148,CHCH_2314503,CHCH_xSoil_Drainage_lu.csv
https://irma.nps.gov/DataStore/DownloadFile/734967,ok,115,CHCH_2314503,CHCH_xSoil_Texture_lu.csv
https://irma.nps.gov/DataStore/DownloadFile/734968,ok,948,CHCH_2314503,CHCH_xState_lu.csv
https://irma.nps.gov/DataStore/DownloadFile/734969,ok,282,CHCH_2314503,CHCH_xStratum_lu.csv
https://irma.nps.gov/DataStore/DownloadFile/734970,ok,1172,CHCH_2314503,CHCH_xSurficial_Geology_lu.csv
https://irma.nps.gov/DataStore/DownloadFile/734971,ok,225,CHCH_2314503,CHCH_xTopo_Position_lu.csv
https://irma.nps.gov/DataStore/DownloadFile/734972,ok,4475,CHCH_2314503,CHCH_xVegAssociation_lu.csv
https://irma.nps.gov/DataStore/DownloadFile/735007,ok,190097,CHIC_2314505,CHIC_sp_cov.csv
https://irma.nps.gov/DataStore/DownloadFile/735008,ok,117492,CHIC_2314505,CHIC_sp_cov2.csv
https://irma.nps.gov/DataStore/DownloadFile/735009,ok,17902,CHIC_2314505,CHIC_tAA.csv
https://irma.nps.gov/DataStore/DownloadFile/735010,ok,23523,CHIC_2314505,CHIC_tAAEvents.csv
https://irma.nps.gov/DataStore/DownloadFile/735011,ok,21,CHIC_2314505,CHIC_tConnect.csv
https://irma.nps.gov/DataStore/DownloadFile/735012,ok,765,CHIC_2314505,CHIC_tGlobal.csv
https://irma.nps.gov/DataStore/DownloadFile/735013,ok,108,CHIC_2314505,CHIC_tPhotos.csv
https://irma.nps.gov/DataStore/DownloadFile/735014,ok,55431,CHIC_2314505,CHIC_tPlotEvents.csv
https://irma.nps.gov/DataStore/DownloadFile/735015,ok,73793,CHIC_2314505,CHIC_tPlotEventSpecies.csv
https://irma.nps.gov/DataStore/DownloadFile/735016,ok,26783,CHIC_2314505,CHIC_tPlots.csv
https://irma.nps.gov/DataStore/DownloadFile/735017,ok,4192,CHIC_2314505,CHIC_tProjectMetadata.csv
https://irma.nps.gov/DataStore/DownloadFile/735018,ok,23431,CHIC_2314505,CHIC_tSpecies.csv
https://irma.nps.gov/DataStore/DownloadFile/735019,ok,14897,CHIC_2314505,CHIC_xConcept_Reference_lu.csv
https://irma.nps.gov/DataStore/DownloadFile/735020,ok,153,CHIC_2314505,CHIC_xCoverClass_lu.csv
https://irma.nps.gov/DataStore/DownloadFile/735021,ok,160,CHIC_2314505,CHIC_xHeight_Class_lu.csv
https://irma.nps.gov/DataStore/DownloadFile/735022,ok,1169,CHIC_2314505,CHIC_xHydro_Regime_lu.csv
https://irma.nps.gov/DataStore/DownloadFile/735023,ok,18443,CHIC_2314505,CHIC_xLandform_lu.csv
https://irma.nps.gov/DataStore/DownloadFile/735024,ok,178,CHIC_2314505,CHIC_xLeaf_Phenology_lu.csv
https://irma.nps.gov/DataStore/DownloadFile/735025,ok,152,CHIC_2314505,CHIC_xLeaf_Type_lu.csv
https://irma.nps.gov/DataStore/DownloadFile/735026,ok,847,CHIC_2314505,CHIC_xMapUnit_lu.csv
https://irma.nps.gov/DataStore/DownloadFile/735027,ok,11897,CHIC_2314505,CHIC_xParks_lu.csv
https://irma.nps.gov/DataStore/DownloadFile/735028,ok,474,CHIC_2314505,CHIC_xPhysio_Class_lu.csv
https://irma.nps.gov/DataStore/DownloadFile/735030,ok,148,CHIC_2314505,CHIC_xSoil_Drainage_lu.csv
https://irma.nps.gov/DataStore/DownloadFile/735031,ok,115,CHIC_2314505,CHIC_xSoil_Texture_lu.csv
https://irma.nps.gov/DataStore/DownloadFile/735032,ok,948,CHIC_2314505,CHIC_xState_lu.csv
https://irma.nps.gov/DataStore/DownloadFile/735033,ok,281,CHIC_2314505,CHIC_xStratum_lu.csv
https://irma.nps.gov/DataStore/DownloadFile/735034,ok,1172,CHIC_2314505,CHIC_xSurficial_Geology_lu.csv
https://irma.nps.gov/DataStore/DownloadFile/735035,ok,225,CHIC_2314505,CHIC_xTopo_Position_lu.csv
https://irma.nps.gov/DataStore/DownloadFile/735036,ok,2852,CHIC_2314505,CHIC_xVegAssociation_lu.csv
https://irma.nps.gov/DataStore/DownloadFile/741122,ok,111742,CIRO_2314752,CIRO_ciro_aadata_1Data_Plot_Info.csv
https://irma.nps.gov/DataStore/DownloadFile/741123,ok,105001,CIRO_2314752,CIRO_ciro_aadata_3Data_Surface_NV.csv
https://irma.nps.gov/DataStore/DownloadFile/741124,ok,131762,CIRO_2314752,CIRO_ciro_aadata_4Data_Veg_Strata.csv
https://irma.nps.gov/DataStore/DownloadFile/741125,ok,1020,CIRO_2314752,CIRO_ciro_aadata_LUT_Alliance.csv
https://irma.nps.gov/DataStore/DownloadFile/741126,ok,8296,CIRO_2314752,CIRO_ciro_aadata_LUT_Class_List.csv
https://irma.nps.gov/DataStore/DownloadFile/741127,ok,33,CIRO_2314752,CIRO_ciro_aadata_LUT_County.csv
https://irma.nps.gov/DataStore/DownloadFile/741128,ok,250,CIRO_2314752,CIRO_ciro_aadata_LUT_Cover_Scale.csv
https://irma.nps.gov/DataStore/DownloadFile/741129,ok,1106,CIRO_2314752,CIRO_ciro_aadata_LUT_EcoSys_Code.csv
https://irma.nps.gov/DataStore/DownloadFile/741130,ok,59,CIRO_2314752,CIRO_ciro_aadata_LUT_Height.csv
https://irma.nps.gov/DataStore/DownloadFile/741131,ok,238,CIRO_2314752,CIRO_ciro_aadata_LUT_Landform.csv
https://irma.nps.gov/DataStore/DownloadFile/741132,ok,74,CIRO_2314752,CIRO_ciro_aadata_LUT_LF_Phen.csv
https://irma.nps.gov/DataStore/DownloadFile/741133,ok,161,CIRO_2314752,CIRO_ciro_aadata_LUT_LF_Stata.csv
https://irma.nps.gov/DataStore/DownloadFile/741134,ok,87,CIRO_2314752,CIRO_ciro_aadata_LUT_LF_Type.csv
https://irma.nps.gov/DataStore/DownloadFile/741135,ok,2163,CIRO_2314752,CIRO_ciro_aadata_LUT_Map_Code.csv
https://irma.nps.gov/DataStore/DownloadFile/741136,ok,52,CIRO_2314752,CIRO_ciro_aadata_LUT_Park.csv
https://irma.nps.gov/DataStore/DownloadFile/741137,ok,98,CIRO_2314752,CIRO_ciro_aadata_LUT_Phys_Cls.csv
https://irma.nps.gov/DataStore/DownloadFile/741138,ok,42339,CIRO_2314752,CIRO_ciro_aadata_LUT_Points.csv
https://irma.nps.gov/DataStore/DownloadFile/741139,ok,2351,CIRO_2314752,CIRO_ciro_aadata_LUT_Prov_Comm_Name.csv
https://irma.nps.gov/DataStore/DownloadFile/741140,ok,19452,CIRO_2314752,CIRO_ciro_aadata_LUT_Species.csv
https://irma.nps.gov/DataStore/DownloadFile/741141,ok,82,CIRO_2314752,CIRO_ciro_aadata_LUT_Sub_Unit.csv
https://irma.nps.gov/DataStore/DownloadFile/741142,ok,146,CIRO_2314752,CIRO_ciro_aadata_LUT_Topo.csv
https://irma.nps.gov/DataStore/DownloadFile/741143,ok,137,CIRO_2314752,CIRO_ciro_aadata_LUT_Unveg.csv
https://irma.nps.gov/DataStore/DownloadFile/741146,ok,5901,CIRO_2314752,CIRO_ciro_aadata_New_Class_List.csv
https://irma.nps.gov/DataStore/DownloadFile/741147,ok,74115,CIRO_2314752,CIRO_ciro_aadata_PNC_Names_Codes.csv
https://irma.nps.gov/DataStore/DownloadFile/741148,ok,29143,CIRO_2314752,CIRO_ciro_aadata_Q_Plot_Connect.csv
https://irma.nps.gov/DataStore/DownloadFile/741149,ok,141471,CIRO_2314752,CIRO_ciro_aadata_Q_Show_Info.csv
https://irma.nps.gov/DataStore/DownloadFile/741150,ok,143,CIRO_2314752,CIRO_ciro_aadata_Switchboard_Items.csv
https://irma.nps.gov/DataStore/DownloadFile/741151,ok,42188,CIRO_2314752,CIRO_ciro_plotdata_Comment_List.csv
https://irma.nps.gov/DataStore/DownloadFile/741152,ok,270934,CIRO_2314752,CIRO_ciro_plotdata_dom_species.csv
https://irma.nps.gov/DataStore/DownloadFile/741153,ok,14961,CIRO_2314752,CIRO_ciro_plotdata_Envir_Descr.csv
https://irma.nps.gov/DataStore/DownloadFile/741154,ok,10995,CIRO_2314752,CIRO_ciro_plotdata_Fuel_Stand.csv
https://irma.nps.gov/DataStore/DownloadFile/741155,ok,41,CIRO_2314752,CIRO_ciro_plotdata_LUT_Cheat_Cover.csv
https://irma.nps.gov/DataStore/DownloadFile/741156,ok,5319,CIRO_2314752,CIRO_ciro_plotdata_LUT_Comm_Name.csv
https://irma.nps.gov/DataStore/DownloadFile/741157,ok,29,CIRO_2314752,CIRO_ciro_plotdata_LUT_County.csv
https://irma.nps.gov/DataStore/DownloadFile/741158,ok,294,CIRO_2314752,CIRO_ciro_plotdata_LUT_Cover_Scale.csv
https://irma.nps.gov/DataStore/DownloadFile/741159,ok,47,CIRO_2314752,CIRO_ciro_plotdata_LUT_Cowardin.csv
https://irma.nps.gov/DataStore/DownloadFile/741160,ok,48,CIRO_2314752,CIRO_ciro_plotdata_LUT_Duff_Depth.csv
https://irma.nps.gov/DataStore/DownloadFile/741161,ok,1106,CIRO_2314752,CIRO_ciro_plotdata_LUT_EcoSys_Code.csv
https://irma.nps.gov/DataStore/DownloadFile/741162,ok,16,CIRO_2314752,CIRO_ciro_plotdata_LUT_FCC.csv
https://irma.nps.gov/DataStore/DownloadFile/741163,ok,41,CIRO_2314752,CIRO_ciro_plotdata_LUT_Fuel_1.csv
https://irma.nps.gov/DataStore/DownloadFile/741164,ok,35,CIRO_2314752,CIRO_ciro_plotdata_LUT_Fuel_2.csv
https://irma.nps.gov/DataStore/DownloadFile/741165,ok,25,CIRO_2314752,CIRO_ciro_plotdata_LUT_Fuel_Depth.csv
https://irma.nps.gov/DataStore/DownloadFile/741166,ok,59,CIRO_2314752,CIRO_ciro_plotdata_LUT_Height.csv
https://irma.nps.gov/DataStore/DownloadFile/741167,ok,74,CIRO_2314752,CIRO_ciro_plotdata_LUT_LF_Phen.csv
https://irma.nps.gov/DataStore/DownloadFile/741168,ok,148,CIRO_2314752,CIRO_ciro_plotdata_LUT_LF_Stata.csv
https://irma.nps.gov/DataStore/DownloadFile/741169,ok,68,CIRO_2314752,CIRO_ciro_plotdata_LUT_LF_Type.csv
https://irma.nps.gov/DataStore/DownloadFile/741170,ok,27,CIRO_2314752,CIRO_ciro_plotdata_LUT_Litter_Depth.csv
https://irma.nps.gov/DataStore/DownloadFile/741171,ok,118,CIRO_2314752,CIRO_ciro_plotdata_LUT_Non_Tidal.csv
https://irma.nps.gov/DataStore/DownloadFile/741172,ok,179,CIRO_2314752,CIRO_ciro_plotdata_LUT_Parent_Mt.csv
https://irma.nps.gov/DataStore/DownloadFile/741173,ok,51,CIRO_2314752,CIRO_ciro_plotdata_LUT_Park.csv
https://irma.nps.gov/DataStore/DownloadFile/741174,ok,107,CIRO_2314752,CIRO_ciro_plotdata_LUT_PFM.csv
https://irma.nps.gov/DataStore/DownloadFile/741175,ok,97,CIRO_2314752,CIRO_ciro_plotdata_LUT_Phys_Cls.csv
https://irma.nps.gov/DataStore/DownloadFile/741176,ok,13,CIRO_2314752,CIRO_ciro_plotdata_LUT_Prov_Comm_Name.csv
https://irma.nps.gov/DataStore/DownloadFile/741177,ok,65,CIRO_2314752,CIRO_ciro_plotdata_LUT_Sh_Health.csv
https://irma.nps.gov/DataStore/DownloadFile/741178,ok,30,CIRO_2314752,CIRO_ciro_plotdata_LUT_Soil_Drainage.csv
https://irma.nps.gov/DataStore/DownloadFile/741179,ok,94,CIRO_2314752,CIRO_ciro_plotdata_LUT_Soil_Texture.csv
https://irma.nps.gov/DataStore/DownloadFile/741180,ok,22816,CIRO_2314752,CIRO_ciro_plotdata_LUT_Species.csv
https://irma.nps.gov/DataStore/DownloadFile/741181,ok,54,CIRO_2314752,CIRO_ciro_plotdata_LUT_Sub_Unit.csv
https://irma.nps.gov/DataStore/DownloadFile/741182,ok,146,CIRO_2314752,CIRO_ciro_plotdata_LUT_Topo.csv
https://irma.nps.gov/DataStore/DownloadFile/741183,ok,201,CIRO_2314752,CIRO_ciro_plotdata_LUT_Unveg.csv
https://irma.nps.gov/DataStore/DownloadFile/741186,ok,17961,CIRO_2314752,CIRO_ciro_plotdata_Photos.csv
https://irma.nps.gov/DataStore/DownloadFile/741187,ok,13685,CIRO_2314752,CIRO_ciro_plotdata_Photos_Query.csv
https://irma.nps.gov/DataStore/DownloadFile/741188,ok,38913,CIRO_2314752,CIRO_ciro_plotdata_Plot_Community.csv
https://irma.nps.gov/DataStore/DownloadFile/741189,ok,16593,CIRO_2314752,CIRO_ciro_plotdata_Plot_GPS_Data.csv
https://irma.nps.gov/DataStore/DownloadFile/741190,ok,13876,CIRO_2314752,CIRO_ciro_plotdata_Plot_Info.csv
https://irma.nps.gov/DataStore/DownloadFile/741191,ok,17191,CIRO_2314752,CIRO_ciro_plotdata_Q_Envir.csv
https://irma.nps.gov/DataStore/DownloadFile/741192,ok,18107,CIRO_2314752,CIRO_ciro_plotdata_Q_Fuels.csv
https://irma.nps.gov/DataStore/DownloadFile/741193,ok,97906,CIRO_2314752,CIRO_ciro_plotdata_Q_Plot_Information.csv
https://irma.nps.gov/DataStore/DownloadFile/741194,ok,325287,CIRO_2314752,CIRO_ciro_plotdata_Q_Plot_Species.csv
https://irma.nps.gov/DataStore/DownloadFile/741195,ok,905,CIRO_2314752,CIRO_ciro_plotdata_Q_Snag_Tally.csv
https://irma.nps.gov/DataStore/DownloadFile/741196,ok,9951,CIRO_2314752,CIRO_ciro_plotdata_Q_SUFNV_Cross.csv
https://irma.nps.gov/DataStore/DownloadFile/741197,ok,22555,CIRO_2314752,CIRO_ciro_plotdata_Q_Veg_Desc.csv
https://irma.nps.gov/DataStore/DownloadFile/741198,ok,50936,CIRO_2314752,CIRO_ciro_plotdata_Q_Veg_Strata.csv
https://irma.nps.gov/DataStore/DownloadFile/741199,ok,2379,CIRO_2314752,CIRO_ciro_plotdata_Snag_Tally.csv
https://irma.nps.gov/DataStore/DownloadFile/741200,ok,270934,CIRO_2314752,CIRO_ciro_plotdata_Species_List.csv
https://irma.nps.gov/DataStore/DownloadFile/741201,ok,10718,CIRO_2314752,CIRO_ciro_plotdata_SUFNV_Cross.csv
https://irma.nps.gov/DataStore/DownloadFile/741202,ok,38530,CIRO_2314752,CIRO_ciro_plotdata_Surface_NV.csv
https://irma.nps.gov/DataStore/DownloadFile/741203,ok,9551,CIRO_2314752,CIRO_ciro_plotdata_Surface_NV_Crosstab.csv
https://irma.nps.gov/DataStore/DownloadFile/741204,ok,9810,CIRO_2314752,CIRO_ciro_plotdata_Veg_Descr.csv
https://irma.nps.gov/DataStore/DownloadFile/741205,ok,64316,CIRO_2314752,CIRO_ciro_plotdata_Veg_Strata.csv
https://irma.nps.gov/DataStore/DownloadFile/741206,ok,51594,CIRO_2314752,CIRO_ciro_plotdata_Veg_Strata_Cross.csv
https://irma.nps.gov/DataStore/DownloadFile/741207,ok,51594,CIRO_2314752,CIRO_ciro_plotdata_Veg_Strata_CrossFilter1.csv
https://irma.nps.gov/DataStore/DownloadFile/741208,ok,51594,CIRO_2314752,CIRO_ciro_plotdata_vegstrata_shrub_sort.csv
https://irma.nps.gov/DataStore/DownloadFile/735294,ok,198231,COLO_2314511,COLO_sp_cov.csv
https://irma.nps.gov/DataStore/DownloadFile/735295,ok,11696,COLO_2314511,COLO_tAA.csv
https://irma.nps.gov/DataStore/DownloadFile/735296,ok,26558,COLO_2314511,COLO_tAAEvents.csv
https://irma.nps.gov/DataStore/DownloadFile/735297,ok,110959,COLO_2314511,COLO_tAAEventSpecies.csv
https://irma.nps.gov/DataStore/DownloadFile/735298,ok,21,COLO_2314511,COLO_tConnect.csv
https://irma.nps.gov/DataStore/DownloadFile/735299,ok,202,COLO_2314511,COLO_tGlobal.csv
https://irma.nps.gov/DataStore/DownloadFile/735300,ok,108,COLO_2314511,COLO_tPhotos.csv
https://irma.nps.gov/DataStore/DownloadFile/735301,ok,33975,COLO_2314511,COLO_tPlotEvents.csv
https://irma.nps.gov/DataStore/DownloadFile/735302,ok,115017,COLO_2314511,COLO_tPlotEventSpecies.csv
https://irma.nps.gov/DataStore/DownloadFile/735303,ok,13443,COLO_2314511,COLO_tPlots.csv
https://irma.nps.gov/DataStore/DownloadFile/735304,ok,5088,COLO_2314511,COLO_tProjectMetadata.csv
https://irma.nps.gov/DataStore/DownloadFile/735305,ok,31028,COLO_2314511,COLO_tSpecies.csv
https://irma.nps.gov/DataStore/DownloadFile/735306,ok,14896,COLO_2314511,COLO_xConcept_Reference_lu.csv
https://irma.nps.gov/DataStore/DownloadFile/735307,ok,182,COLO_2314511,COLO_xCoverClass_lu.csv
https://irma.nps.gov/DataStore/DownloadFile/735308,ok,140,COLO_2314511,COLO_xHeight_Class_lu.csv
https://irma.nps.gov/DataStore/DownloadFile/735309,ok,1188,COLO_2314511,COLO_xHydro_Regime_lu.csv
https://irma.nps.gov/DataStore/DownloadFile/735310,ok,18432,COLO_2314511,COLO_xLandform_lu.csv
https://irma.nps.gov/DataStore/DownloadFile/735311,ok,178,COLO_2314511,COLO_xLeaf_Phenology_lu.csv
https://irma.nps.gov/DataStore/DownloadFile/735312,ok,171,COLO_2314511,COLO_xLeaf_Type_lu.csv
https://irma.nps.gov/DataStore/DownloadFile/735313,ok,1610,COLO_2314511,COLO_xMapUnit_lu.csv
https://irma.nps.gov/DataStore/DownloadFile/735314,ok,11897,COLO_2314511,COLO_xParks_lu.csv
https://irma.nps.gov/DataStore/DownloadFile/735315,ok,474,COLO_2314511,COLO_xPhysio_Class_lu.csv
https://irma.nps.gov/DataStore/DownloadFile/735317,ok,148,COLO_2314511,COLO_xSoil_Drainage_lu.csv
https://irma.nps.gov/DataStore/DownloadFile/735318,ok,115,COLO_2314511,COLO_xSoil_Texture_lu.csv
https://irma.nps.gov/DataStore/DownloadFile/735319,ok,948,COLO_2314511,COLO_xState_lu.csv
https://irma.nps.gov/DataStore/DownloadFile/735320,ok,282,COLO_2314511,COLO_xStratum_lu.csv
https://irma.nps.gov/DataStore/DownloadFile/735321,ok,1386,COLO_2314511,COLO_xSurficial_Geology_lu.csv
https://irma.nps.gov/DataStore/DownloadFile/735322,ok,225,COLO_2314511,COLO_xTopo_Position_lu.csv
https://irma.nps.gov/DataStore/DownloadFile/735323,ok,2342,COLO_2314511,COLO_xVegAssociation_lu.csv
https://irma.nps.gov/DataStore/DownloadFile/735225,ok,20940,COLM_2314510,COLM_AA_Import.csv
https://irma.nps.gov/DataStore/DownloadFile/735226,ok,22049,COLM_2314510,COLM_COLM_assocs_with_upper_levels_01_2006.csv
https://irma.nps.gov/DataStore/DownloadFile/735227,ok,21857,COLM_2314510,COLM_COLM_assocs_with_upper_levels_07_2005.csv
https://irma.nps.gov/DataStore/DownloadFile/735228,ok,24990,COLM_2314510,COLM_COLM_NVC_by_plot.csv
https://irma.nps.gov/DataStore/DownloadFile/735229,ok,26074,COLM_2314510,COLM_COLM_Plot_and_Associations_01_2006.csv
https://irma.nps.gov/DataStore/DownloadFile/735232,ok,20866,COLM_2314510,COLM_Plots_Obs_Import.csv
https://irma.nps.gov/DataStore/DownloadFile/735233,ok,474,COLM_2314510,COLM_qryselEnvironment.csv
https://irma.nps.gov/DataStore/DownloadFile/735234,ok,42,COLM_2314510,COLM_qryselOrphanAAVegAssociation.csv
https://irma.nps.gov/DataStore/DownloadFile/735235,ok,65,COLM_2314510,COLM_qryselOrphanAAVegDetail.csv
https://irma.nps.gov/DataStore/DownloadFile/735236,ok,163,COLM_2314510,COLM_qryselOrphanFuelsDetails.csv
https://irma.nps.gov/DataStore/DownloadFile/735237,ok,26239,COLM_2314510,COLM_tbl_Final_Classification.csv
https://irma.nps.gov/DataStore/DownloadFile/735238,ok,3280,COLM_2314510,COLM_tbl_Orphan_AAVegAssociation.csv
https://irma.nps.gov/DataStore/DownloadFile/735239,ok,352,COLM_2314510,COLM_tbl_Orphan_AAVegetationDetails.csv
https://irma.nps.gov/DataStore/DownloadFile/735240,ok,320,COLM_2314510,COLM_tbl_Orphan_FuelsDetails.csv
https://irma.nps.gov/DataStore/DownloadFile/735241,ok,32836,COLM_2314510,COLM_tblAADetails.csv
https://irma.nps.gov/DataStore/DownloadFile/735242,ok,120871,COLM_2314510,COLM_tblAAEnvironment.csv
https://irma.nps.gov/DataStore/DownloadFile/735243,ok,8967,COLM_2314510,COLM_tblAAEnvironmentDetails.csv
https://irma.nps.gov/DataStore/DownloadFile/735244,ok,45623,COLM_2314510,COLM_tblAALocation.csv
https://irma.nps.gov/DataStore/DownloadFile/735245,ok,77139,COLM_2314510,COLM_tblAAPhotos.csv
https://irma.nps.gov/DataStore/DownloadFile/735246,ok,22717,COLM_2314510,COLM_tblAAVegAssociation.csv
https://irma.nps.gov/DataStore/DownloadFile/735247,ok,136932,COLM_2314510,COLM_tblAAVegetation.csv
https://irma.nps.gov/DataStore/DownloadFile/735248,ok,133651,COLM_2314510,COLM_tblAAVegetationDetails.csv
https://irma.nps.gov/DataStore/DownloadFile/735249,ok,6432,COLM_2314510,COLM_tblDataMgmtLog.csv
https://irma.nps.gov/DataStore/DownloadFile/735250,ok,186343,COLM_2314510,COLM_tblEnvironment.csv
https://irma.nps.gov/DataStore/DownloadFile/735251,ok,7605,COLM_2314510,COLM_tblEnvironmentDetails.csv
https://irma.nps.gov/DataStore/DownloadFile/735252,ok,11875,COLM_2314510,COLM_tblFuels.csv
https://irma.nps.gov/DataStore/DownloadFile/735253,ok,63465,COLM_2314510,COLM_tblFuelsDetails.csv
https://irma.nps.gov/DataStore/DownloadFile/735254,ok,480377,COLM_2314510,COLM_tblNCPNPlants.csv
https://irma.nps.gov/DataStore/DownloadFile/735255,ok,85598,COLM_2314510,COLM_tblPhotos.csv
https://irma.nps.gov/DataStore/DownloadFile/735256,ok,52876,COLM_2314510,COLM_tblPlotDetails.csv
https://irma.nps.gov/DataStore/DownloadFile/735257,ok,82552,COLM_2314510,COLM_tblPlotLocation.csv
https://irma.nps.gov/DataStore/DownloadFile/735258,ok,146729,COLM_2314510,COLM_tblVegetation.csv
https://irma.nps.gov/DataStore/DownloadFile/735259,ok,348579,COLM_2314510,COLM_tblVegetationDetails.csv
https://irma.nps.gov/DataStore/DownloadFile/735260,ok,7044,COLM_2314510,COLM_tlkpAAVegAssociation.csv
https://irma.nps.gov/DataStore/DownloadFile/735261,ok,40,COLM_2314510,COLM_tlkpAAVegAssocRanks.csv
https://irma.nps.gov/DataStore/DownloadFile/735262,ok,2873,COLM_2314510,COLM_tlkpAlliances.csv
https://irma.nps.gov/DataStore/DownloadFile/735263,ok,15813,COLM_2314510,COLM_tlkpAssociations.csv
https://irma.nps.gov/DataStore/DownloadFile/735264,ok,58,COLM_2314510,COLM_tlkpCamera.csv
https://irma.nps.gov/DataStore/DownloadFile/735265,ok,36,COLM_2314510,COLM_tlkpCover.csv
https://irma.nps.gov/DataStore/DownloadFile/735266,ok,53,COLM_2314510,COLM_tlkpCowardin.csv
https://irma.nps.gov/DataStore/DownloadFile/735267,ok,26,COLM_2314510,COLM_tlkpElevSource.csv
https://irma.nps.gov/DataStore/DownloadFile/735268,ok,729,COLM_2314510,COLM_tlkpGeology.csv
https://irma.nps.gov/DataStore/DownloadFile/735269,ok,33,COLM_2314510,COLM_tlkpHeightClass.csv
https://irma.nps.gov/DataStore/DownloadFile/735270,ok,134,COLM_2314510,COLM_tlkpHydrology.csv
https://irma.nps.gov/DataStore/DownloadFile/735271,ok,670,COLM_2314510,COLM_tlkpLandform.csv
https://irma.nps.gov/DataStore/DownloadFile/735272,ok,117,COLM_2314510,COLM_tlkpLeafPhen.csv
https://irma.nps.gov/DataStore/DownloadFile/735273,ok,97,COLM_2314510,COLM_tlkpLeafType.csv
https://irma.nps.gov/DataStore/DownloadFile/735274,ok,348,COLM_2314510,COLM_tlkpParks.csv
https://irma.nps.gov/DataStore/DownloadFile/735275,ok,41,COLM_2314510,COLM_tlkpPhotoTypes.csv
https://irma.nps.gov/DataStore/DownloadFile/735276,ok,112,COLM_2314510,COLM_tlkpPhysiogClass.csv
https://irma.nps.gov/DataStore/DownloadFile/735277,ok,51,COLM_2314510,COLM_tlkpPJAge.csv
https://irma.nps.gov/DataStore/DownloadFile/735278,ok,89,COLM_2314510,COLM_tlkpPlotShapes.csv
https://irma.nps.gov/DataStore/DownloadFile/735279,ok,125,COLM_2314510,COLM_tlkpSoilDrainage.csv
https://irma.nps.gov/DataStore/DownloadFile/735280,ok,106,COLM_2314510,COLM_tlkpSoilTexture.csv
https://irma.nps.gov/DataStore/DownloadFile/735281,ok,672,COLM_2314510,COLM_tlkpStates.csv
https://irma.nps.gov/DataStore/DownloadFile/735282,ok,46,COLM_2314510,COLM_tlkpStrata.csv
https://irma.nps.gov/DataStore/DownloadFile/735283,ok,60,COLM_2314510,COLM_tlkpStructureStages.csv
https://irma.nps.gov/DataStore/DownloadFile/735284,ok,145,COLM_2314510,COLM_tlkpSurveyors.csv
https://irma.nps.gov/DataStore/DownloadFile/735285,ok,144,COLM_2314510,COLM_tlkpTopography.csv
https://irma.nps.gov/DataStore/DownloadFile/735286,ok,150,COLM_2314510,COLM_tlkpUSGS_Quad.csv
https://irma.nps.gov/DataStore/DownloadFile/735287,ok,16,COLM_2314510,COLM_tlkpUTMZone.csv
https://irma.nps.gov/DataStore/DownloadFile/735288,ok,275,COLM_2314510,COLM_zFieldWidths.csv
https://irma.nps.gov/DataStore/DownloadFile/735289,ok,1732,COLM_2314510,COLM_zLookupFields.csv
https://irma.nps.gov/DataStore/DownloadFile/735290,ok,3210,COLM_2314510,COLM_zLookupTables.csv
https://irma.nps.gov/DataStore/DownloadFile/735327,ok,583721,CONG_2314512,CONG_sp_cov.csv
https://irma.nps.gov/DataStore/DownloadFile/735328,ok,37896,CONG_2314512,CONG_tAA.csv
https://irma.nps.gov/DataStore/DownloadFile/735329,ok,151029,CONG_2314512,CONG_tAAEvents.csv
https://irma.nps.gov/DataStore/DownloadFile/735330,ok,21,CONG_2314512,CONG_tConnect.csv
https://irma.nps.gov/DataStore/DownloadFile/735331,ok,306,CONG_2314512,CONG_tGlobal.csv
https://irma.nps.gov/DataStore/DownloadFile/735332,ok,108,CONG_2314512,CONG_tPhotos.csv
https://irma.nps.gov/DataStore/DownloadFile/735333,ok,36254,CONG_2314512,CONG_tPlotEvents.csv
https://irma.nps.gov/DataStore/DownloadFile/735334,ok,333107,CONG_2314512,CONG_tPlotEventSpecies.csv
https://irma.nps.gov/DataStore/DownloadFile/735335,ok,25888,CONG_2314512,CONG_tPlots.csv
https://irma.nps.gov/DataStore/DownloadFile/735336,ok,5269,CONG_2314512,CONG_tProjectMetadata.csv
https://irma.nps.gov/DataStore/DownloadFile/735337,ok,27111,CONG_2314512,CONG_tSpecies.csv
https://irma.nps.gov/DataStore/DownloadFile/735338,ok,14896,CONG_2314512,CONG_xConcept_Reference_lu.csv
https://irma.nps.gov/DataStore/DownloadFile/735339,ok,169,CONG_2314512,CONG_xCoverClass_lu.csv
https://irma.nps.gov/DataStore/DownloadFile/735340,ok,168,CONG_2314512,CONG_xHeight_Class_lu.csv
https://irma.nps.gov/DataStore/DownloadFile/735341,ok,1239,CONG_2314512,CONG_xHydro_Regime_lu.csv
https://irma.nps.gov/DataStore/DownloadFile/735342,ok,18804,CONG_2314512,CONG_xLandform_lu.csv
https://irma.nps.gov/DataStore/DownloadFile/735343,ok,262,CONG_2314512,CONG_xLeaf_Phenology_lu.csv
https://irma.nps.gov/DataStore/DownloadFile/735344,ok,167,CONG_2314512,CONG_xLeaf_Type_lu.csv
https://irma.nps.gov/DataStore/DownloadFile/735345,ok,1612,CONG_2314512,CONG_xMapUnit_lu.csv
https://irma.nps.gov/DataStore/DownloadFile/735346,ok,11887,CONG_2314512,CONG_xParks_lu.csv
https://irma.nps.gov/DataStore/DownloadFile/735347,ok,495,CONG_2314512,CONG_xPhysio_Class_lu.csv
https://irma.nps.gov/DataStore/DownloadFile/735349,ok,148,CONG_2314512,CONG_xSoil_Drainage_lu.csv
https://irma.nps.gov/DataStore/DownloadFile/735350,ok,191,CONG_2314512,CONG_xSoil_Texture_lu.csv
https://irma.nps.gov/DataStore/DownloadFile/735351,ok,948,CONG_2314512,CONG_xState_lu.csv
https://irma.nps.gov/DataStore/DownloadFile/735352,ok,300,CONG_2314512,CONG_xStratum_lu.csv
https://irma.nps.gov/DataStore/DownloadFile/735353,ok,1315,CONG_2314512,CONG_xSurficial_Geology_lu.csv
https://irma.nps.gov/DataStore/DownloadFile/735354,ok,2027,CONG_2314512,CONG_xTopo_Position_lu.csv
https://irma.nps.gov/DataStore/DownloadFile/735355,ok,2604,CONG_2314512,CONG_xVegAssociation_lu.csv
https://irma.nps.gov/DataStore/DownloadFile/735359,ok,908343,CORO_2314513,CORO_QA_01_spcov.csv
https://irma.nps.gov/DataStore/DownloadFile/735360,ok,342028,CORO_2314513,CORO_QA_02_plots.csv
https://irma.nps.gov/DataStore/DownloadFile/735361,ok,119,CORO_2314513,CORO_QA_03_duplicates_in_01.csv
https://irma.nps.gov/DataStore/DownloadFile/735362,ok,79,CORO_2314513,CORO_QA_04_duplicates_in_02.csv
https://irma.nps.gov/DataStore/DownloadFile/735363,ok,56,CORO_2314513,CORO_QA_05_Plots_without_Species.csv
https://irma.nps.gov/DataStore/DownloadFile/735364,ok,82,CORO_2314513,CORO_QA_06_Spp_without_Plots.csv
https://irma.nps.gov/DataStore/DownloadFile/735365,ok,21,CORO_2314513,CORO_tConnect.csv
https://irma.nps.gov/DataStore/DownloadFile/735366,ok,1583,CORO_2314513,CORO_tGlobal.csv
https://irma.nps.gov/DataStore/DownloadFile/735367,ok,12517,CORO_2314513,CORO_tPhotos.csv
https://irma.nps.gov/DataStore/DownloadFile/735368,ok,168111,CORO_2314513,CORO_tPlotEvents.csv
https://irma.nps.gov/DataStore/DownloadFile/735369,ok,221562,CORO_2314513,CORO_tPlotEventSpecies.csv
https://irma.nps.gov/DataStore/DownloadFile/735370,ok,101559,CORO_2314513,CORO_tPlots.csv
https://irma.nps.gov/DataStore/DownloadFile/735371,ok,194,CORO_2314513,CORO_tProcessSteps.csv
https://irma.nps.gov/DataStore/DownloadFile/735372,ok,3297,CORO_2314513,CORO_tProjectMetadata.csv
https://irma.nps.gov/DataStore/DownloadFile/735373,ok,9909,CORO_2314513,CORO_tSpecies.csv
https://irma.nps.gov/DataStore/DownloadFile/735374,ok,14896,CORO_2314513,CORO_xConcept_Reference_lu.csv
https://irma.nps.gov/DataStore/DownloadFile/735375,ok,159,CORO_2314513,CORO_xCoverClass_lu.csv
https://irma.nps.gov/DataStore/DownloadFile/735376,ok,136,CORO_2314513,CORO_xHeight_Class_lu.csv
https://irma.nps.gov/DataStore/DownloadFile/735377,ok,1169,CORO_2314513,CORO_xHydro_Regime_lu.csv
https://irma.nps.gov/DataStore/DownloadFile/735378,ok,18432,CORO_2314513,CORO_xLandform_lu.csv
https://irma.nps.gov/DataStore/DownloadFile/735379,ok,178,CORO_2314513,CORO_xLeaf_Phenology_lu.csv
https://irma.nps.gov/DataStore/DownloadFile/735380,ok,152,CORO_2314513,CORO_xLeaf_Type_lu.csv
https://irma.nps.gov/DataStore/DownloadFile/735381,ok,21,CORO_2314513,CORO_xMapUnit_lu.csv
https://irma.nps.gov/DataStore/DownloadFile/735382,ok,11897,CORO_2314513,CORO_xParks_lu.csv
https://irma.nps.gov/DataStore/DownloadFile/735383,ok,474,CORO_2314513,CORO_xPhysio_Class_lu.csv
https://irma.nps.gov/DataStore/DownloadFile/735385,ok,148,CORO_2314513,CORO_xSoil_Drainage_lu.csv
https://irma.nps.gov/DataStore/DownloadFile/735386,ok,115,CORO_2314513,CORO_xSoil_Texture_lu.csv
https://irma.nps.gov/DataStore/DownloadFile/735387,ok,948,CORO_2314513,CORO_xState_lu.csv
https://irma.nps.gov/DataStore/DownloadFile/735388,ok,282,CORO_2314513,CORO_xStratum_lu.csv
https://irma.nps.gov/DataStore/DownloadFile/735389,ok,1172,CORO_2314513,CORO_xSurficial_Geology_lu.csv
https://irma.nps.gov/DataStore/DownloadFile/735390,ok,225,CORO_2314513,CORO_xTopo_Position_lu.csv
https://irma.nps.gov/DataStore/DownloadFile/735391,ok,567469,CORO_2314513,CORO_xVegAssociation_lu.csv
https://irma.nps.gov/DataStore/DownloadFile/735395,ok,87781,COWP_2314514,COWP_sp_cov.csv
https://irma.nps.gov/DataStore/DownloadFile/735396,cached,54194,COWP_2314514,COWP_sp_cov2.csv
https://irma.nps.gov/DataStore/DownloadFile/735397,cached,10338,COWP_2314514,COWP_tAA.csv
https://irma.nps.gov/DataStore/DownloadFile/735398,cached,31077,COWP_2314514,COWP_tAAEvents.csv
https://irma.nps.gov/DataStore/DownloadFile/735399,cached,21,COWP_2314514,COWP_tConnect.csv
https://irma.nps.gov/DataStore/DownloadFile/735400,cached,410,COWP_2314514,COWP_tGlobal.csv
https://irma.nps.gov/DataStore/DownloadFile/735401,cached,108,COWP_2314514,COWP_tPhotos.csv
https://irma.nps.gov/DataStore/DownloadFile/735402,cached,10441,COWP_2314514,COWP_tPlotEvents.csv
https://irma.nps.gov/DataStore/DownloadFile/735403,cached,34415,COWP_2314514,COWP_tPlotEventSpecies.csv
https://irma.nps.gov/DataStore/DownloadFile/735404,cached,10821,COWP_2314514,COWP_tPlots.csv
https://irma.nps.gov/DataStore/DownloadFile/735405,cached,2637,COWP_2314514,COWP_tProjectMetadata.csv
https://irma.nps.gov/DataStore/DownloadFile/735406,cached,17072,COWP_2314514,COWP_tSpecies.csv
https://irma.nps.gov/DataStore/DownloadFile/735407,cached,14896,COWP_2314514,COWP_xConcept_Reference_lu.csv
https://irma.nps.gov/DataStore/DownloadFile/735408,cached,214,COWP_2314514,COWP_xCoverClass_lu.csv
https://irma.nps.gov/DataStore/DownloadFile/735409,cached,136,COWP_2314514,COWP_xHeight_Class_lu.csv
https://irma.nps.gov/DataStore/DownloadFile/735410,cached,1169,COWP_2314514,COWP_xHydro_Regime_lu.csv
https://irma.nps.gov/DataStore/DownloadFile/735411,cached,18432,COWP_2314514,COWP_xLandform_lu.csv
https://irma.nps.gov/DataStore/DownloadFile/735412,cached,178,COWP_2314514,COWP_xLeaf_Phenology_lu.csv
https://irma.nps.gov/DataStore/DownloadFile/735413,cached,152,COWP_2314514,COWP_xLeaf_Type_lu.csv
https://irma.nps.gov/DataStore/DownloadFile/735414,cached,1128,COWP_2314514,COWP_xMapUnit_lu.csv
https://irma.nps.gov/DataStore/DownloadFile/735415,cached,11897,COWP_2314514,COWP_xParks_lu.csv
https://irma.nps.gov/DataStore/DownloadFile/735416,cached,474,COWP_2314514,COWP_xPhysio_Class_lu.csv
https://irma.nps.gov/DataStore/DownloadFile/735418,cached,148,COWP_2314514,COWP_xSoil_Drainage_lu.csv
https://irma.nps.gov/DataStore/DownloadFile/735419,cached,115,COWP_2314514,COWP_xSoil_Texture_lu.csv
https://irma.nps.gov/DataStore/DownloadFile/735420,cached,948,COWP_2314514,COWP_xState_lu.csv
https://irma.nps.gov/DataStore/DownloadFile/735421,cached,282,COWP_2314514,COWP_xStratum_lu.csv
https://irma.nps.gov/DataStore/DownloadFile/735422,cached,1172,COWP_2314514,COWP_xSurficial_Geology_lu.csv
https://irma.nps.gov/DataStore/DownloadFile/735423,cached,225,COWP_2314514,COWP_xTopo_Position_lu.csv
https://irma.nps.gov/DataStore/DownloadFile/735424,cached,1392,COWP_2314514,COWP_xVegAssociation_lu.csv
https://irma.nps.gov/DataStore/DownloadFile/735431,cached,10634,CRLA_2314516,CRLA_CRLA_Data_BE_Query7.csv
https://irma.nps.gov/DataStore/DownloadFile/735432,cached,194194,CRLA_2314516,CRLA_CRLA_Data_BE_Query8.csv
https://irma.nps.gov/DataStore/DownloadFile/735433,cached,123311,CRLA_2314516,CRLA_CRLA_Data_BE_tAA.csv
https://irma.nps.gov/DataStore/DownloadFile/735434,cached,460997,CRLA_2314516,CRLA_CRLA_Data_BE_tAAEvents.csv
https://irma.nps.gov/DataStore/DownloadFile/735435,cached,763273,CRLA_2314516,CRLA_CRLA_Data_BE_tbl_AA_Vegetation.csv
https://irma.nps.gov/DataStore/DownloadFile/735436,cached,21,CRLA_2314516,CRLA_CRLA_Data_BE_tConnect.csv
https://irma.nps.gov/DataStore/DownloadFile/735437,cached,13561,CRLA_2314516,CRLA_CRLA_Data_BE_tGlobal.csv
https://irma.nps.gov/DataStore/DownloadFile/735438,cached,750220,CRLA_2314516,CRLA_CRLA_Data_BE_tPhotos.csv
https://irma.nps.gov/DataStore/DownloadFile/735439,cached,256058,CRLA_2314516,CRLA_CRLA_Data_BE_tPlotEvents.csv
https://irma.nps.gov/DataStore/DownloadFile/735440,cached,1078530,CRLA_2314516,CRLA_CRLA_Data_BE_tPlotEventSpecies.csv
https://irma.nps.gov/DataStore/DownloadFile/735441,cached,166992,CRLA_2314516,CRLA_CRLA_Data_BE_tPlots.csv
https://irma.nps.gov/DataStore/DownloadFile/735442,cached,504,CRLA_2314516,CRLA_CRLA_Data_BE_tProjectMetadata.csv
https://irma.nps.gov/DataStore/DownloadFile/735443,cached,58812,CRLA_2314516,CRLA_CRLA_Data_BE_tSpecies.csv
https://irma.nps.gov/DataStore/DownloadFile/735444,cached,649679,CRLA_2314516,CRLA_CRLA_Data_BE_tSpecies_Query.csv
https://irma.nps.gov/DataStore/DownloadFile/735445,cached,649679,CRLA_2314516,CRLA_CRLA_Data_BE_tSpecies_Query2.csv
https://irma.nps.gov/DataStore/DownloadFile/735446,cached,14897,CRLA_2314516,CRLA_CRLA_Data_BE_xConcept_Reference_lu.csv
https://irma.nps.gov/DataStore/DownloadFile/735447,cached,177,CRLA_2314516,CRLA_CRLA_Data_BE_xCoverClass_lu.csv
https://irma.nps.gov/DataStore/DownloadFile/735448,cached,13389,CRLA_2314516,CRLA_CRLA_Data_BE_xCRLA_AssociationMapUnitCrosswalk_lu.csv
https://irma.nps.gov/DataStore/DownloadFile/735449,cached,10358,CRLA_2314516,CRLA_CRLA_Data_BE_xCRLAVegAssociation_lu.csv
https://irma.nps.gov/DataStore/DownloadFile/735450,cached,160,CRLA_2314516,CRLA_CRLA_Data_BE_xHeight_Class_lu.csv
https://irma.nps.gov/DataStore/DownloadFile/735451,cached,1169,CRLA_2314516,CRLA_CRLA_Data_BE_xHydro_Regime_lu.csv
https://irma.nps.gov/DataStore/DownloadFile/735452,cached,18432,CRLA_2314516,CRLA_CRLA_Data_BE_xLandform_lu.csv
https://irma.nps.gov/DataStore/DownloadFile/735453,cached,178,CRLA_2314516,CRLA_CRLA_Data_BE_xLeaf_Phenology_lu.csv
https://irma.nps.gov/DataStore/DownloadFile/735454,cached,152,CRLA_2314516,CRLA_CRLA_Data_BE_xLeaf_Type_lu.csv
https://irma.nps.gov/DataStore/DownloadFile/735455,cached,885,CRLA_2314516,CRLA_CRLA_Data_BE_xMapUnit_lu.csv
https://irma.nps.gov/DataStore/DownloadFile/735456,cached,11897,CRLA_2314516,CRLA_CRLA_Data_BE_xParks_lu.csv
https://irma.nps.gov/DataStore/DownloadFile/735457,cached,474,CRLA_2314516,CRLA_CRLA_Data_BE_xPhysio_Class_lu.csv
https://irma.nps.gov/DataStore/DownloadFile/735459,cached,148,CRLA_2314516,CRLA_CRLA_Data_BE_xSoil_Drainage_lu.csv
https://irma.nps.gov/DataStore/DownloadFile/735460,cached,115,CRLA_2314516,CRLA_CRLA_Data_BE_xSoil_Texture_lu.csv
https://irma.nps.gov/DataStore/DownloadFile/735461,cached,948,CRLA_2314516,CRLA_CRLA_Data_BE_xState_lu.csv
https://irma.nps.gov/DataStore/DownloadFile/735462,cached,281,CRLA_2314516,CRLA_CRLA_Data_BE_xStratum_lu.csv
https://irma.nps.gov/DataStore/DownloadFile/735463,cached,1172,CRLA_2314516,CRLA_CRLA_Data_BE_xSurficial_Geology_lu.csv
https://irma.nps.gov/DataStore/DownloadFile/735464,cached,225,CRLA_2314516,CRLA_CRLA_Data_BE_xTopo_Position_lu.csv
https://irma.nps.gov/DataStore/DownloadFile/735465,cached,6938,CRLA_2314516,CRLA_CRLA_Data_BE_xVegAssociation_lu.csv
https://irma.nps.gov/DataStore/DownloadFile/735470,cached,488250,CUGA_2314517,CUGA_sp_cov.csv
https://irma.nps.gov/DataStore/DownloadFile/735471,cached,45537,CUGA_2314517,CUGA_tAA.csv
https://irma.nps.gov/DataStore/DownloadFile/735472,cached,113382,CUGA_2314517,CUGA_tAAEvents.csv
https://irma.nps.gov/DataStore/DownloadFile/735473,cached,21,CUGA_2314517,CUGA_tConnect.csv
https://irma.nps.gov/DataStore/DownloadFile/735474,cached,358,CUGA_2314517,CUGA_tGlobal.csv
https://irma.nps.gov/DataStore/DownloadFile/735475,cached,108,CUGA_2314517,CUGA_tPhotos.csv
https://irma.nps.gov/DataStore/DownloadFile/735476,cached,39377,CUGA_2314517,CUGA_tPlotEvents.csv
https://irma.nps.gov/DataStore/DownloadFile/735477,cached,188360,CUGA_2314517,CUGA_tPlotEventSpecies.csv
https://irma.nps.gov/DataStore/DownloadFile/735478,cached,40935,CUGA_2314517,CUGA_tPlots.csv
https://irma.nps.gov/DataStore/DownloadFile/735479,cached,2977,CUGA_2314517,CUGA_tProjectMetadata.csv
https://irma.nps.gov/DataStore/DownloadFile/735480,cached,43227,CUGA_2314517,CUGA_tSpecies.csv
https://irma.nps.gov/DataStore/DownloadFile/735481,cached,14896,CUGA_2314517,CUGA_xConcept_Reference_lu.csv
https://irma.nps.gov/DataStore/DownloadFile/735482,cached,160,CUGA_2314517,CUGA_xCoverClass_lu.csv
https://irma.nps.gov/DataStore/DownloadFile/735483,cached,185,CUGA_2314517,CUGA_xHeight_Class_lu.csv
https://irma.nps.gov/DataStore/DownloadFile/735484,cached,1169,CUGA_2314517,CUGA_xHydro_Regime_lu.csv
https://irma.nps.gov/DataStore/DownloadFile/735485,cached,18432,CUGA_2314517,CUGA_xLandform_lu.csv
https://irma.nps.gov/DataStore/DownloadFile/735486,cached,178,CUGA_2314517,CUGA_xLeaf_Phenology_lu.csv
https://irma.nps.gov/DataStore/DownloadFile/735487,cached,152,CUGA_2314517,CUGA_xLeaf_Type_lu.csv
https://irma.nps.gov/DataStore/DownloadFile/735488,cached,1554,CUGA_2314517,CUGA_xMapUnit_lu.csv
https://irma.nps.gov/DataStore/DownloadFile/735489,cached,11897,CUGA_2314517,CUGA_xParks_lu.csv
https://irma.nps.gov/DataStore/DownloadFile/735490,cached,474,CUGA_2314517,CUGA_xPhysio_Class_lu.csv
https://irma.nps.gov/DataStore/DownloadFile/735492,cached,148,CUGA_2314517,CUGA_xSoil_Drainage_lu.csv
https://irma.nps.gov/DataStore/DownloadFile/735493,cached,115,CUGA_2314517,CUGA_xSoil_Texture_lu.csv
https://irma.nps.gov/DataStore/DownloadFile/735494,cached,948,CUGA_2314517,CUGA_xState_lu.csv
https://irma.nps.gov/DataStore/DownloadFile/735495,cached,282,CUGA_2314517,CUGA_xStratum_lu.csv
https://irma.nps.gov/DataStore/DownloadFile/735496,cached,1172,CUGA_2314517,CUGA_xSurficial_Geology_lu.csv
https://irma.nps.gov/DataStore/DownloadFile/735497,cached,241,CUGA_2314517,CUGA_xTopo_Position_lu.csv
https://irma.nps.gov/DataStore/DownloadFile/735498,cached,3428,CUGA_2314517,CUGA_xVegAssociation_lu.csv
https://irma.nps.gov/DataStore/DownloadFile/735502,cached,10,CUIS_2314518,CUIS_Paste_Errors.csv
https://irma.nps.gov/DataStore/DownloadFile/735503,cached,73661,CUIS_2314518,CUIS_tAA.csv
https://irma.nps.gov/DataStore/DownloadFile/735504,cached,154156,CUIS_2314518,CUIS_tAAEvents.csv
https://irma.nps.gov/DataStore/DownloadFile/735505,cached,21,CUIS_2314518,CUIS_tConnect.csv
https://irma.nps.gov/DataStore/DownloadFile/735506,cached,9780,CUIS_2314518,CUIS_tGlobal.csv
https://irma.nps.gov/DataStore/DownloadFile/735507,cached,119079,CUIS_2314518,CUIS_tPhotos.csv
https://irma.nps.gov/DataStore/DownloadFile/735508,cached,62351,CUIS_2314518,CUIS_tPlotEvents.csv
https://irma.nps.gov/DataStore/DownloadFile/735509,cached,134300,CUIS_2314518,CUIS_tPlotEventSpecies.csv
https://irma.nps.gov/DataStore/DownloadFile/735510,cached,54160,CUIS_2314518,CUIS_tPlots.csv
https://irma.nps.gov/DataStore/DownloadFile/735511,cached,1181,CUIS_2314518,CUIS_tProjectMetadata.csv
https://irma.nps.gov/DataStore/DownloadFile/735512,cached,12785,CUIS_2314518,CUIS_tSpecies.csv
https://irma.nps.gov/DataStore/DownloadFile/735513,cached,14896,CUIS_2314518,CUIS_xConcept_Reference_lu.csv
https://irma.nps.gov/DataStore/DownloadFile/735514,cached,160,CUIS_2314518,CUIS_xCoverClass_lu.csv
https://irma.nps.gov/DataStore/DownloadFile/735515,cached,136,CUIS_2314518,CUIS_xHeight_Class_lu.csv
https://irma.nps.gov/DataStore/DownloadFile/735516,cached,1169,CUIS_2314518,CUIS_xHydro_Regime_lu.csv
https://irma.nps.gov/DataStore/DownloadFile/735517,cached,18432,CUIS_2314518,CUIS_xLandform_lu.csv
https://irma.nps.gov/DataStore/DownloadFile/735518,cached,178,CUIS_2314518,CUIS_xLeaf_Phenology_lu.csv
https://irma.nps.gov/DataStore/DownloadFile/735519,cached,152,CUIS_2314518,CUIS_xLeaf_Type_lu.csv
https://irma.nps.gov/DataStore/DownloadFile/735520,cached,21,CUIS_2314518,CUIS_xMapUnit_lu.csv
https://irma.nps.gov/DataStore/DownloadFile/735521,cached,11897,CUIS_2314518,CUIS_xParks_lu.csv
https://irma.nps.gov/DataStore/DownloadFile/735522,cached,474,CUIS_2314518,CUIS_xPhysio_Class_lu.csv
https://irma.nps.gov/DataStore/DownloadFile/735524,cached,148,CUIS_2314518,CUIS_xSoil_Drainage_lu.csv
https://irma.nps.gov/DataStore/DownloadFile/735525,cached,115,CUIS_2314518,CUIS_xSoil_Texture_lu.csv
https://irma.nps.gov/DataStore/DownloadFile/735526,cached,948,CUIS_2314518,CUIS_xState_lu.csv
https://irma.nps.gov/DataStore/DownloadFile/735527,cached,282,CUIS_2314518,CUIS_xStratum_lu.csv
https://irma.nps.gov/DataStore/DownloadFile/735528,cached,1172,CUIS_2314518,CUIS_xSurficial_Geology_lu.csv
https://irma.nps.gov/DataStore/DownloadFile/735529,cached,225,CUIS_2314518,CUIS_xTopo_Position_lu.csv
https://irma.nps.gov/DataStore/DownloadFile/735530,cached,709418,CUIS_2314518,CUIS_xVegAssociation_lu.csv
https://irma.nps.gov/DataStore/DownloadFile/735532,cached,43375,CURE_2314519,CURE_2003_Prelim_classif_by_group.csv
https://irma.nps.gov/DataStore/DownloadFile/735533,cached,40178,CURE_2314519,CURE_2003_Prelim_Classification.csv
https://irma.nps.gov/DataStore/DownloadFile/735534,cached,23387,CURE_2314519,CURE_aaGPS_Data_Log.csv
https://irma.nps.gov/DataStore/DownloadFile/735535,cached,56,CURE_2314519,CURE_Find_duplicates_for_qrycheck.csv
https://irma.nps.gov/DataStore/DownloadFile/735536,cached,38,CURE_2314519,CURE_Find_duplicates_for_tblVegetation.csv
https://irma.nps.gov/DataStore/DownloadFile/735539,cached,7120,CURE_2314519,CURE_qryAlliance.csv
https://irma.nps.gov/DataStore/DownloadFile/735540,cached,33124,CURE_2314519,CURE_qryAssociation.csv
https://irma.nps.gov/DataStore/DownloadFile/735541,cached,66578,CURE_2314519,CURE_qrycheck.csv
https://irma.nps.gov/DataStore/DownloadFile/735542,cached,23213,CURE_2314519,CURE_qryLocationPlots11-24.csv
https://irma.nps.gov/DataStore/DownloadFile/735543,cached,39941,CURE_2314519,CURE_qrytblOutput.csv
https://irma.nps.gov/DataStore/DownloadFile/735544,cached,39907,CURE_2314519,CURE_qrytblOutputold.csv
https://irma.nps.gov/DataStore/DownloadFile/735545,cached,156246,CURE_2314519,CURE_tbl_aa_photonames.csv
https://irma.nps.gov/DataStore/DownloadFile/735546,cached,37580,CURE_2314519,CURE_tbl_AA_Quads_Import.csv
https://irma.nps.gov/DataStore/DownloadFile/735547,cached,39364,CURE_2314519,CURE_tbl_Final_Classification.csv
https://irma.nps.gov/DataStore/DownloadFile/735548,cached,15243,CURE_2314519,CURE_tbl_Plot_Quads_Import.csv
https://irma.nps.gov/DataStore/DownloadFile/735549,cached,65130,CURE_2314519,CURE_tblAADetails.csv
https://irma.nps.gov/DataStore/DownloadFile/735550,cached,310153,CURE_2314519,CURE_tblAAEnvironment.csv
https://irma.nps.gov/DataStore/DownloadFile/735551,cached,20173,CURE_2314519,CURE_tblAAEnvironmentDetails.csv
https://irma.nps.gov/DataStore/DownloadFile/735552,cached,256644,CURE_2314519,CURE_tblAALocation.csv
https://irma.nps.gov/DataStore/DownloadFile/735553,cached,80732,CURE_2314519,CURE_tblAAPhotos.csv
https://irma.nps.gov/DataStore/DownloadFile/735554,cached,75130,CURE_2314519,CURE_tblAAVegAssociation.csv
https://irma.nps.gov/DataStore/DownloadFile/735555,cached,412602,CURE_2314519,CURE_tblAAVegetation.csv
https://irma.nps.gov/DataStore/DownloadFile/735556,cached,301665,CURE_2314519,CURE_tblAAVegetationDetails.csv
https://irma.nps.gov/DataStore/DownloadFile/735557,cached,7197,CURE_2314519,CURE_tblDataMgmtLog.csv
https://irma.nps.gov/DataStore/DownloadFile/735558,cached,153807,CURE_2314519,CURE_tblEnvironment.csv
https://irma.nps.gov/DataStore/DownloadFile/735559,cached,5957,CURE_2314519,CURE_tblEnvironmentDetails.csv
https://irma.nps.gov/DataStore/DownloadFile/735560,cached,86905,CURE_2314519,CURE_tblFinalAssociationNamesAA.csv
https://irma.nps.gov/DataStore/DownloadFile/735561,cached,25657,CURE_2314519,CURE_tblFinalAssociationNamesPlots.csv
https://irma.nps.gov/DataStore/DownloadFile/735562,cached,29117,CURE_2314519,CURE_tblFuels.csv
https://irma.nps.gov/DataStore/DownloadFile/735563,cached,48335,CURE_2314519,CURE_tblFuelsDetails.csv
https://irma.nps.gov/DataStore/DownloadFile/735564,cached,639245,CURE_2314519,CURE_tblNCPNPlants.csv
https://irma.nps.gov/DataStore/DownloadFile/735565,cached,42647,CURE_2314519,CURE_tblOutput.csv
https://irma.nps.gov/DataStore/DownloadFile/735566,cached,48845,CURE_2314519,CURE_tblPhotos.csv
https://irma.nps.gov/DataStore/DownloadFile/735567,cached,8270,CURE_2314519,CURE_tblPlotCodeLink.csv
https://irma.nps.gov/DataStore/DownloadFile/735568,cached,33560,CURE_2314519,CURE_tblPlotDetails.csv
https://irma.nps.gov/DataStore/DownloadFile/735569,cached,72366,CURE_2314519,CURE_tblPlotLocation.csv
https://irma.nps.gov/DataStore/DownloadFile/735570,cached,132310,CURE_2314519,CURE_tblVegetation.csv
https://irma.nps.gov/DataStore/DownloadFile/735571,cached,360403,CURE_2314519,CURE_tblVegetationDetails.csv
https://irma.nps.gov/DataStore/DownloadFile/735572,cached,11695,CURE_2314519,CURE_tlkpAAVegAssociation.csv
https://irma.nps.gov/DataStore/DownloadFile/735573,cached,40,CURE_2314519,CURE_tlkpAAVegAssocRanks.csv
https://irma.nps.gov/DataStore/DownloadFile/735574,cached,3185,CURE_2314519,CURE_tlkpAlliances.csv
https://irma.nps.gov/DataStore/DownloadFile/735575,cached,8722,CURE_2314519,CURE_tlkpAssociations.csv
https://irma.nps.gov/DataStore/DownloadFile/735576,cached,15813,CURE_2314519,CURE_tlkpAssociations_OLD.csv
https://irma.nps.gov/DataStore/DownloadFile/735577,cached,44,CURE_2314519,CURE_tlkpCamera.csv
https://irma.nps.gov/DataStore/DownloadFile/735578,cached,163,CURE_2314519,CURE_tlkpCover.csv
https://irma.nps.gov/DataStore/DownloadFile/735579,cached,185,CURE_2314519,CURE_tlkpCoverAA.csv
https://irma.nps.gov/DataStore/DownloadFile/735580,cached,50,CURE_2314519,CURE_tlkpCoverAAold.csv
https://irma.nps.gov/DataStore/DownloadFile/735581,cached,53,CURE_2314519,CURE_tlkpCowardin.csv
https://irma.nps.gov/DataStore/DownloadFile/735582,cached,30,CURE_2314519,CURE_tlkpElevSource.csv
https://irma.nps.gov/DataStore/DownloadFile/735583,cached,1209,CURE_2314519,CURE_tlkpGeology.csv
https://irma.nps.gov/DataStore/DownloadFile/735584,cached,33,CURE_2314519,CURE_tlkpHeightClass.csv
https://irma.nps.gov/DataStore/DownloadFile/735585,cached,134,CURE_2314519,CURE_tlkpHydrology.csv
https://irma.nps.gov/DataStore/DownloadFile/735586,cached,927,CURE_2314519,CURE_tlkpLandform.csv
https://irma.nps.gov/DataStore/DownloadFile/735587,cached,245,CURE_2314519,CURE_tlkpLeafPhen.csv
https://irma.nps.gov/DataStore/DownloadFile/735588,cached,119,CURE_2314519,CURE_tlkpLeafType.csv
https://irma.nps.gov/DataStore/DownloadFile/735589,cached,348,CURE_2314519,CURE_tlkpParks.csv
https://irma.nps.gov/DataStore/DownloadFile/735590,cached,120,CURE_2314519,CURE_tlkpPhotoComments.csv
https://irma.nps.gov/DataStore/DownloadFile/735591,cached,109,CURE_2314519,CURE_tlkpPhotographer.csv
https://irma.nps.gov/DataStore/DownloadFile/735592,cached,41,CURE_2314519,CURE_tlkpPhotoTypes.csv
https://irma.nps.gov/DataStore/DownloadFile/735593,cached,112,CURE_2314519,CURE_tlkpPhysiogClass.csv
https://irma.nps.gov/DataStore/DownloadFile/735594,cached,51,CURE_2314519,CURE_tlkpPJAge.csv
https://irma.nps.gov/DataStore/DownloadFile/735595,cached,101,CURE_2314519,CURE_tlkpPlotShapes.csv
https://irma.nps.gov/DataStore/DownloadFile/735596,cached,125,CURE_2314519,CURE_tlkpSoilDrainage.csv
https://irma.nps.gov/DataStore/DownloadFile/735597,cached,181,CURE_2314519,CURE_tlkpSoilTexture.csv
https://irma.nps.gov/DataStore/DownloadFile/735598,cached,684,CURE_2314519,CURE_tlkpStates.csv
https://irma.nps.gov/DataStore/DownloadFile/735599,cached,46,CURE_2314519,CURE_tlkpStrata.csv
https://irma.nps.gov/DataStore/DownloadFile/735600,cached,60,CURE_2314519,CURE_tlkpStructureStages.csv
https://irma.nps.gov/DataStore/DownloadFile/735601,cached,233,CURE_2314519,CURE_tlkpSurveyors.csv
https://irma.nps.gov/DataStore/DownloadFile/735602,cached,324,CURE_2314519,CURE_tlkpTopography.csv
https://irma.nps.gov/DataStore/DownloadFile/735603,cached,237,CURE_2314519,CURE_tlkpUSGS_Quad.csv
https://irma.nps.gov/DataStore/DownloadFile/735604,cached,20,CURE_2314519,CURE_tlkpUTMZone.csv
https://irma.nps.gov/DataStore/DownloadFile/735605,cached,275,CURE_2314519,CURE_zFieldWidths.csv
https://irma.nps.gov/DataStore/DownloadFile/735606,cached,1878,CURE_2314519,CURE_zLookupFields.csv
https://irma.nps.gov/DataStore/DownloadFile/735607,cached,3053,CURE_2314519,CURE_zLookupTables.csv
https://irma.nps.gov/DataStore/DownloadFile/735609,cached,3001,CUVA_2314520,CUVA__AA_Community_List.csv
https://irma.nps.gov/DataStore/DownloadFile/735610,cached,176511,CUVA_2314520,CUVA__Community_Summary_Data.csv
https://irma.nps.gov/DataStore/DownloadFile/735611,cached,28962,CUVA_2314520,CUVA__Species_List.csv
https://irma.nps.gov/DataStore/DownloadFile/735612,cached,2521,CUVA_2314520,CUVA__VegPlots_Community_List.csv
https://irma.nps.gov/DataStore/DownloadFile/735615,cached,410404,CUVA_2314520,CUVA_sp_cov.csv
https://irma.nps.gov/DataStore/DownloadFile/735616,cached,251983,CUVA_2314520,CUVA_sp_cov2.csv
https://irma.nps.gov/DataStore/DownloadFile/735617,cached,931483,CUVA_2314520,CUVA_tAA-Species.csv
https://irma.nps.gov/DataStore/DownloadFile/735618,cached,31148,CUVA_2314520,CUVA_tAA.csv
https://irma.nps.gov/DataStore/DownloadFile/735619,cached,241380,CUVA_2314520,CUVA_tAAEvents.csv
https://irma.nps.gov/DataStore/DownloadFile/735620,cached,21,CUVA_2314520,CUVA_tConnect.csv
https://irma.nps.gov/DataStore/DownloadFile/735621,cached,1571,CUVA_2314520,CUVA_tGlobal.csv
https://irma.nps.gov/DataStore/DownloadFile/735622,cached,482,CUVA_2314520,CUVA_tPhotos.csv
https://irma.nps.gov/DataStore/DownloadFile/735623,cached,114766,CUVA_2314520,CUVA_tPlotEvents.csv
https://irma.nps.gov/DataStore/DownloadFile/735624,cached,292492,CUVA_2314520,CUVA_tPlotEventSpecies.csv
https://irma.nps.gov/DataStore/DownloadFile/735625,cached,53353,CUVA_2314520,CUVA_tPlots.csv
https://irma.nps.gov/DataStore/DownloadFile/735626,cached,594,CUVA_2314520,CUVA_tProjectMetadata.csv
https://irma.nps.gov/DataStore/DownloadFile/735627,cached,15072,CUVA_2314520,CUVA_tSpecies.csv
https://irma.nps.gov/DataStore/DownloadFile/735628,cached,15779,CUVA_2314520,CUVA_tVerificationEvents.csv
https://irma.nps.gov/DataStore/DownloadFile/735629,cached,110,CUVA_2314520,CUVA_xClassification_Confidence_lu.csv
https://irma.nps.gov/DataStore/DownloadFile/735630,cached,14896,CUVA_2314520,CUVA_xConcept_Reference_lu.csv
https://irma.nps.gov/DataStore/DownloadFile/735631,cached,160,CUVA_2314520,CUVA_xCoverClass_lu.csv
https://irma.nps.gov/DataStore/DownloadFile/735632,cached,136,CUVA_2314520,CUVA_xHeight_Class_lu.csv
https://irma.nps.gov/DataStore/DownloadFile/735633,cached,1169,CUVA_2314520,CUVA_xHydro_Regime_lu.csv
https://irma.nps.gov/DataStore/DownloadFile/735634,cached,94,CUVA_2314520,CUVA_xKey_Integrity_lu.csv
https://irma.nps.gov/DataStore/DownloadFile/735635,cached,18432,CUVA_2314520,CUVA_xLandform_lu.csv
https://irma.nps.gov/DataStore/DownloadFile/735636,cached,178,CUVA_2314520,CUVA_xLeaf_Phenology_lu.csv
https://irma.nps.gov/DataStore/DownloadFile/735637,cached,152,CUVA_2314520,CUVA_xLeaf_Type_lu.csv
https://irma.nps.gov/DataStore/DownloadFile/735638,cached,21,CUVA_2314520,CUVA_xMapUnit_lu.csv
https://irma.nps.gov/DataStore/DownloadFile/735639,cached,11897,CUVA_2314520,CUVA_xParks_lu.csv
https://irma.nps.gov/DataStore/DownloadFile/735640,cached,474,CUVA_2314520,CUVA_xPhysio_Class_lu.csv
https://irma.nps.gov/DataStore/DownloadFile/735642,cached,148,CUVA_2314520,CUVA_xSoil_Drainage_lu.csv
https://irma.nps.gov/DataStore/DownloadFile/735643,cached,115,CUVA_2314520,CUVA_xSoil_Texture_lu.csv
https://irma.nps.gov/DataStore/DownloadFile/735644,cached,948,CUVA_2314520,CUVA_xState_lu.csv
https://irma.nps.gov/DataStore/DownloadFile/735645,cached,282,CUVA_2314520,CUVA_xStratum_lu.csv
https://irma.nps.gov/DataStore/DownloadFile/735646,cached,1172,CUVA_2314520,CUVA_xSurficial_Geology_lu.csv
https://irma.nps.gov/DataStore/DownloadFile/735647,cached,225,CUVA_2314520,CUVA_xTopo_Position_lu.csv
https://irma.nps.gov/DataStore/DownloadFile/735648,cached,4089,CUVA_2314520,CUVA_xVegAssociation_lu.csv
https://irma.nps.gov/DataStore/DownloadFile/735736,cached,752811,DEWA_2314525,DEWA_sp_cov.csv
https://irma.nps.gov/DataStore/DownloadFile/735737,cached,91151,DEWA_2314525,DEWA_tAA.csv
https://irma.nps.gov/DataStore/DownloadFile/735738,cached,384887,DEWA_2314525,DEWA_tAAEvents.csv
https://irma.nps.gov/DataStore/DownloadFile/735739,cached,825429,DEWA_2314525,DEWA_tAAEventSpecies.csv
https://irma.nps.gov/DataStore/DownloadFile/735740,cached,21,DEWA_2314525,DEWA_tConnect.csv
https://irma.nps.gov/DataStore/DownloadFile/735741,cached,306,DEWA_2314525,DEWA_tGlobal.csv
https://irma.nps.gov/DataStore/DownloadFile/735742,cached,108,DEWA_2314525,DEWA_tPhotos.csv
https://irma.nps.gov/DataStore/DownloadFile/735743,cached,187155,DEWA_2314525,DEWA_tPlotEvents.csv
https://irma.nps.gov/DataStore/DownloadFile/735744,cached,426670,DEWA_2314525,DEWA_tPlotEventSpecies.csv
https://irma.nps.gov/DataStore/DownloadFile/735745,cached,53566,DEWA_2314525,DEWA_tPlots.csv
https://irma.nps.gov/DataStore/DownloadFile/735746,cached,4390,DEWA_2314525,DEWA_tProjectMetadata.csv
https://irma.nps.gov/DataStore/DownloadFile/735747,cached,60639,DEWA_2314525,DEWA_tSpecies.csv
https://irma.nps.gov/DataStore/DownloadFile/735748,cached,14896,DEWA_2314525,DEWA_xConcept_Reference_lu.csv
https://irma.nps.gov/DataStore/DownloadFile/735749,cached,160,DEWA_2314525,DEWA_xCoverClass_lu.csv
https://irma.nps.gov/DataStore/DownloadFile/735750,cached,172,DEWA_2314525,DEWA_xHeight_Class_lu.csv
https://irma.nps.gov/DataStore/DownloadFile/735751,cached,1169,DEWA_2314525,DEWA_xHydro_Regime_lu.csv
https://irma.nps.gov/DataStore/DownloadFile/735752,cached,18450,DEWA_2314525,DEWA_xLandform_lu.csv
https://irma.nps.gov/DataStore/DownloadFile/735753,cached,178,DEWA_2314525,DEWA_xLeaf_Phenology_lu.csv
https://irma.nps.gov/DataStore/DownloadFile/735754,cached,152,DEWA_2314525,DEWA_xLeaf_Type_lu.csv
https://irma.nps.gov/DataStore/DownloadFile/735755,cached,5441,DEWA_2314525,DEWA_xMapUnit_lu.csv
https://irma.nps.gov/DataStore/DownloadFile/735756,cached,11897,DEWA_2314525,DEWA_xParks_lu.csv
https://irma.nps.gov/DataStore/DownloadFile/735757,cached,474,DEWA_2314525,DEWA_xPhysio_Class_lu.csv
https://irma.nps.gov/DataStore/DownloadFile/735759,cached,148,DEWA_2314525,DEWA_xSoil_Drainage_lu.csv
https://irma.nps.gov/DataStore/DownloadFile/735760,cached,141,DEWA_2314525,DEWA_xSoil_Texture_lu.csv
https://irma.nps.gov/DataStore/DownloadFile/735761,cached,948,DEWA_2314525,DEWA_xState_lu.csv
https://irma.nps.gov/DataStore/DownloadFile/735762,cached,282,DEWA_2314525,DEWA_xStratum_lu.csv
https://irma.nps.gov/DataStore/DownloadFile/735763,cached,1845,DEWA_2314525,DEWA_xSurficial_Geology_lu.csv
https://irma.nps.gov/DataStore/DownloadFile/735764,cached,225,DEWA_2314525,DEWA_xTopo_Position_lu.csv
https://irma.nps.gov/DataStore/DownloadFile/735765,cached,5858,DEWA_2314525,DEWA_xVegAssociation_lu.csv
https://irma.nps.gov/DataStore/DownloadFile/735652,cached,14787,AKR_2314521,DENA_col1filterq.csv
https://irma.nps.gov/DataStore/DownloadFile/735653,cached,25542,AKR_2314521,DENA_col2filterq.csv
https://irma.nps.gov/DataStore/DownloadFile/735654,cached,74338,AKR_2314521,DENA_col3filterq.csv
https://irma.nps.gov/DataStore/DownloadFile/735655,cached,42342,AKR_2314521,DENA_col4filterq.csv
https://irma.nps.gov/DataStore/DownloadFile/735656,cached,106,AKR_2314521,DENA_Comments.csv
https://irma.nps.gov/DataStore/DownloadFile/735657,cached,94958,AKR_2314521,DENA_gcover.csv
https://irma.nps.gov/DataStore/DownloadFile/735658,cached,53998,AKR_2314521,DENA_gdetail.csv
https://irma.nps.gov/DataStore/DownloadFile/735659,cached,243211,AKR_2314521,DENA_gtcovde.csv
https://irma.nps.gov/DataStore/DownloadFile/735660,cached,5377,AKR_2314521,DENA_gtform1filterq.csv
https://irma.nps.gov/DataStore/DownloadFile/735661,cached,54356,AKR_2314521,DENA_gtform2filterq.csv
https://irma.nps.gov/DataStore/DownloadFile/735662,cached,78206,AKR_2314521,DENA_gtform3filterq.csv
https://irma.nps.gov/DataStore/DownloadFile/735663,cached,137043,AKR_2314521,DENA_gtsitede.csv
https://irma.nps.gov/DataStore/DownloadFile/735664,cached,27428,AKR_2314521,DENA_gvegsum.csv
https://irma.nps.gov/DataStore/DownloadFile/735665,cached,105110,AKR_2314521,DENA_hcover.csv
https://irma.nps.gov/DataStore/DownloadFile/735666,cached,110401,AKR_2314521,DENA_hdetail.csv
https://irma.nps.gov/DataStore/DownloadFile/735667,cached,35717,AKR_2314521,DENA_HFILTERQ.csv
https://irma.nps.gov/DataStore/DownloadFile/735668,cached,25109,AKR_2314521,DENA_hoverfototree.csv
https://irma.nps.gov/DataStore/DownloadFile/735669,cached,19219,AKR_2314521,DENA_hovrFOTO.csv
https://irma.nps.gov/DataStore/DownloadFile/735670,cached,5686,AKR_2314521,DENA_ht1filterq.csv
https://irma.nps.gov/DataStore/DownloadFile/735671,cached,1747,AKR_2314521,DENA_ht2filterq.csv
https://irma.nps.gov/DataStore/DownloadFile/735672,cached,435,AKR_2314521,DENA_ht3filterq.csv
https://irma.nps.gov/DataStore/DownloadFile/735673,cached,357,AKR_2314521,DENA_ht4filterq.csv
https://irma.nps.gov/DataStore/DownloadFile/735674,cached,277,AKR_2314521,DENA_ht5filterq.csv
https://irma.nps.gov/DataStore/DownloadFile/735675,cached,40728,AKR_2314521,DENA_hvegsum.csv
https://irma.nps.gov/DataStore/DownloadFile/735676,cached,171972,AKR_2314521,DENA_imcovde.csv
https://irma.nps.gov/DataStore/DownloadFile/735677,cached,168874,AKR_2314521,DENA_imsitede.csv
https://irma.nps.gov/DataStore/DownloadFile/735678,cached,6257,AKR_2314521,DENA_incidfototree.csv
https://irma.nps.gov/DataStore/DownloadFile/735679,cached,463,AKR_2314521,DENA_m_tbl_image_location.csv
https://irma.nps.gov/DataStore/DownloadFile/735682,cached,171980,AKR_2314521,DENA_PreBroadleaffix_imcovde.csv
https://irma.nps.gov/DataStore/DownloadFile/735683,cached,147318,AKR_2314521,DENA_PreBroadleaffix_imsitede.csv
https://irma.nps.gov/DataStore/DownloadFile/735684,cached,543,AKR_2314521,DENA_REVISION_tracking.csv
https://irma.nps.gov/DataStore/DownloadFile/735685,cached,35512,AKR_2314521,DENA_SFILTERQ.csv
https://irma.nps.gov/DataStore/DownloadFile/735686,cached,12732,AKR_2314521,DENA_siteFOTO.csv
https://irma.nps.gov/DataStore/DownloadFile/735687,cached,16023,AKR_2314521,DENA_sitefototree.csv
https://irma.nps.gov/DataStore/DownloadFile/735688,cached,3199,AKR_2314521,DENA_T1FILTERQ.csv
https://irma.nps.gov/DataStore/DownloadFile/735689,cached,4664,AKR_2314521,DENA_T2FILTERQ.csv
https://irma.nps.gov/DataStore/DownloadFile/735690,cached,91855,AKR_2314521,DENA_tbl_image.csv
https://irma.nps.gov/DataStore/DownloadFile/735691,cached,759,AKR_2314521,DENA_tbl_image_location.csv
https://irma.nps.gov/DataStore/DownloadFile/735692,cached,1246,AKR_2314521,DENA_tbl_image_software.csv
https://irma.nps.gov/DataStore/DownloadFile/735693,cached,140,AKR_2314521,DENA_tbl_parent.csv
https://irma.nps.gov/DataStore/DownloadFile/735694,cached,1254,AKR_2314521,DENA_waypoints.csv
https://irma.nps.gov/DataStore/DownloadFile/735695,cached,23058,AKR_2314521,DENA_Xref_image_parent.csv
https://irma.nps.gov/DataStore/DownloadFile/735703,cached,53476,DETO_2314524,DETO_sp_cov.csv
https://irma.nps.gov/DataStore/DownloadFile/735704,cached,7560,DETO_2314524,DETO_tAA.csv
https://irma.nps.gov/DataStore/DownloadFile/735705,cached,12462,DETO_2314524,DETO_tAAEvents.csv
https://irma.nps.gov/DataStore/DownloadFile/735706,cached,21,DETO_2314524,DETO_tConnect.csv
https://irma.nps.gov/DataStore/DownloadFile/735707,cached,1693,DETO_2314524,DETO_tGlobal.csv
https://irma.nps.gov/DataStore/DownloadFile/735708,cached,108,DETO_2314524,DETO_tPhotos.csv
https://irma.nps.gov/DataStore/DownloadFile/735709,cached,28184,DETO_2314524,DETO_tPlotEvents.csv
https://irma.nps.gov/DataStore/DownloadFile/735710,cached,20464,DETO_2314524,DETO_tPlotEventSpecies.csv
https://irma.nps.gov/DataStore/DownloadFile/735711,cached,13664,DETO_2314524,DETO_tPlots.csv
https://irma.nps.gov/DataStore/DownloadFile/735712,cached,3733,DETO_2314524,DETO_tProjectMetadata.csv
https://irma.nps.gov/DataStore/DownloadFile/735713,cached,9815,DETO_2314524,DETO_tSpecies.csv
https://irma.nps.gov/DataStore/DownloadFile/735714,cached,14897,DETO_2314524,DETO_xConcept_Reference_lu.csv
https://irma.nps.gov/DataStore/DownloadFile/735715,cached,104,DETO_2314524,DETO_xCoverClass_lu.csv
https://irma.nps.gov/DataStore/DownloadFile/735716,cached,144,DETO_2314524,DETO_xHeight_Class_lu.csv
https://irma.nps.gov/DataStore/DownloadFile/735717,cached,1169,DETO_2314524,DETO_xHydro_Regime_lu.csv
https://irma.nps.gov/DataStore/DownloadFile/735718,cached,18432,DETO_2314524,DETO_xLandform_lu.csv
https://irma.nps.gov/DataStore/DownloadFile/735719,cached,178,DETO_2314524,DETO_xLeaf_Phenology_lu.csv
https://irma.nps.gov/DataStore/DownloadFile/735720,cached,152,DETO_2314524,DETO_xLeaf_Type_lu.csv
https://irma.nps.gov/DataStore/DownloadFile/735721,cached,784,DETO_2314524,DETO_xMapUnit_lu.csv
https://irma.nps.gov/DataStore/DownloadFile/735722,cached,11897,DETO_2314524,DETO_xParks_lu.csv
https://irma.nps.gov/DataStore/DownloadFile/735723,cached,474,DETO_2314524,DETO_xPhysio_Class_lu.csv
https://irma.nps.gov/DataStore/DownloadFile/735725,cached,148,DETO_2314524,DETO_xSoil_Drainage_lu.csv
https://irma.nps.gov/DataStore/DownloadFile/735726,cached,115,DETO_2314524,DETO_xSoil_Texture_lu.csv
https://irma.nps.gov/DataStore/DownloadFile/735727,cached,948,DETO_2314524,DETO_xState_lu.csv
https://irma.nps.gov/DataStore/DownloadFile/735728,cached,281,DETO_2314524,DETO_xStratum_lu.csv
https://irma.nps.gov/DataStore/DownloadFile/735729,cached,1210,DETO_2314524,DETO_xSurficial_Geology_lu.csv
https://irma.nps.gov/DataStore/DownloadFile/735730,cached,241,DETO_2314524,DETO_xTopo_Position_lu.csv
https://irma.nps.gov/DataStore/DownloadFile/735731,cached,1648,DETO_2314524,DETO_xVegAssociation_lu.csv
https://irma.nps.gov/DataStore/DownloadFile/735768,cached,869889,DINO_2314526,DINO_DINOAA.csv
https://irma.nps.gov/DataStore/DownloadFile/735769,cached,61426,DINO_2314526,DINO_Final_Class_Import.csv
https://irma.nps.gov/DataStore/DownloadFile/735770,cached,120961,DINO_2314526,DINO_Final_NVC_Alliance_4_10_08.csv
https://irma.nps.gov/DataStore/DownloadFile/735771,cached,443,DINO_2314526,DINO_Find_duplicates_for_tblPhotos.csv
https://irma.nps.gov/DataStore/DownloadFile/735772,cached,37,DINO_2314526,DINO_GDB_DatabaseLocks.csv
https://irma.nps.gov/DataStore/DownloadFile/735773,cached,1139948,DINO_2314526,DINO_Gwen_Review_table.csv
https://irma.nps.gov/DataStore/DownloadFile/735776,cached,83,DINO_2314526,DINO_qrySelectSpecimenRecords.csv
https://irma.nps.gov/DataStore/DownloadFile/735777,cached,165,DINO_2314526,DINO_qrySpecimenLabel.csv
https://irma.nps.gov/DataStore/DownloadFile/735778,cached,1279231,DINO_2314526,DINO_Query1.csv
https://irma.nps.gov/DataStore/DownloadFile/735779,cached,219319,DINO_2314526,DINO_replace_plots.csv
https://irma.nps.gov/DataStore/DownloadFile/735780,cached,808525,DINO_2314526,DINO_slgII.csv
https://irma.nps.gov/DataStore/DownloadFile/735781,cached,150,DINO_2314526,DINO_Switchboard_Items.csv
https://irma.nps.gov/DataStore/DownloadFile/735782,cached,103202,DINO_2314526,DINO_tblAADetails.csv
https://irma.nps.gov/DataStore/DownloadFile/735783,cached,340198,DINO_2314526,DINO_tblAAEnvironment.csv
https://irma.nps.gov/DataStore/DownloadFile/735784,cached,30941,DINO_2314526,DINO_tblAAEnvironmentDetails.csv
https://irma.nps.gov/DataStore/DownloadFile/735785,cached,496303,DINO_2314526,DINO_tblAALocation.csv
https://irma.nps.gov/DataStore/DownloadFile/735786,cached,166685,DINO_2314526,DINO_tblAAPhotos.csv
https://irma.nps.gov/DataStore/DownloadFile/735787,cached,141192,DINO_2314526,DINO_tblAAPhotosCopy.csv
https://irma.nps.gov/DataStore/DownloadFile/735788,cached,106770,DINO_2314526,DINO_tblAAVegAssociation.csv
https://irma.nps.gov/DataStore/DownloadFile/735789,cached,245972,DINO_2314526,DINO_tblAAVegetation.csv
https://irma.nps.gov/DataStore/DownloadFile/735790,cached,345807,DINO_2314526,DINO_tblAAVegetationDetails.csv
https://irma.nps.gov/DataStore/DownloadFile/735791,cached,3243,DINO_2314526,DINO_tblDataMgmtLog.csv
https://irma.nps.gov/DataStore/DownloadFile/735792,cached,58409,DINO_2314526,DINO_tblDINO_foto_list.csv
https://irma.nps.gov/DataStore/DownloadFile/735793,cached,220,DINO_2314526,DINO_tblDINO_foto_list_Without_Matching_tblPhotos.csv
https://irma.nps.gov/DataStore/DownloadFile/735794,cached,443981,DINO_2314526,DINO_tblEnvironment.csv
https://irma.nps.gov/DataStore/DownloadFile/735795,cached,18315,DINO_2314526,DINO_tblEnvironmentDetails.csv
https://irma.nps.gov/DataStore/DownloadFile/735796,cached,40160,DINO_2314526,DINO_tblFuels.csv
https://irma.nps.gov/DataStore/DownloadFile/735797,cached,142256,DINO_2314526,DINO_tblFuelsDetails.csv
https://irma.nps.gov/DataStore/DownloadFile/735798,cached,169,DINO_2314526,DINO_tblGeneralPhotos.csv
https://irma.nps.gov/DataStore/DownloadFile/735799,cached,240,DINO_2314526,DINO_tblGeneralSpecimens.csv
https://irma.nps.gov/DataStore/DownloadFile/735800,cached,473237,DINO_2314526,DINO_tblNCPNPlants.csv
https://irma.nps.gov/DataStore/DownloadFile/735801,cached,146473,DINO_2314526,DINO_tblPhotos.csv
https://irma.nps.gov/DataStore/DownloadFile/735802,cached,17724,DINO_2314526,DINO_tblPhotos_Without_Matching_tblDINO_foto_list.csv
https://irma.nps.gov/DataStore/DownloadFile/735803,cached,142220,DINO_2314526,DINO_tblPlotDetails.csv
https://irma.nps.gov/DataStore/DownloadFile/735804,cached,219166,DINO_2314526,DINO_tblPlotLocation.csv
https://irma.nps.gov/DataStore/DownloadFile/735805,cached,278027,DINO_2314526,DINO_tblVegetation.csv
https://irma.nps.gov/DataStore/DownloadFile/735806,cached,863376,DINO_2314526,DINO_tblVegetationDetails.csv
https://irma.nps.gov/DataStore/DownloadFile/735807,cached,20870,DINO_2314526,DINO_tlkpAAVegAssociation.csv
https://irma.nps.gov/DataStore/DownloadFile/735808,cached,40,DINO_2314526,DINO_tlkpAAVegAssocRanks.csv
https://irma.nps.gov/DataStore/DownloadFile/735809,cached,3374,DINO_2314526,DINO_tlkpAlliances.csv
https://irma.nps.gov/DataStore/DownloadFile/735810,cached,10590,DINO_2314526,DINO_tlkpAssociations.csv
https://irma.nps.gov/DataStore/DownloadFile/735811,cached,76,DINO_2314526,DINO_tlkpCamera.csv
https://irma.nps.gov/DataStore/DownloadFile/735812,cached,45,DINO_2314526,DINO_tlkpCover.csv
https://irma.nps.gov/DataStore/DownloadFile/735813,cached,49,DINO_2314526,DINO_tlkpCoverAA.csv
https://irma.nps.gov/DataStore/DownloadFile/735814,cached,53,DINO_2314526,DINO_tlkpCowardin.csv
https://irma.nps.gov/DataStore/DownloadFile/735815,cached,10399,DINO_2314526,DINO_tlkpDinoFinalVegAssocName.csv
https://irma.nps.gov/DataStore/DownloadFile/735816,cached,30,DINO_2314526,DINO_tlkpElevSource.csv
https://irma.nps.gov/DataStore/DownloadFile/735817,cached,561,DINO_2314526,DINO_tlkpGeology.csv
https://irma.nps.gov/DataStore/DownloadFile/735818,cached,33,DINO_2314526,DINO_tlkpHeightClass.csv
https://irma.nps.gov/DataStore/DownloadFile/735819,cached,134,DINO_2314526,DINO_tlkpHydrology.csv
https://irma.nps.gov/DataStore/DownloadFile/735820,cached,684,DINO_2314526,DINO_tlkpLandform.csv
https://irma.nps.gov/DataStore/DownloadFile/735821,cached,117,DINO_2314526,DINO_tlkpLeafPhen.csv
https://irma.nps.gov/DataStore/DownloadFile/735822,cached,97,DINO_2314526,DINO_tlkpLeafType.csv
https://irma.nps.gov/DataStore/DownloadFile/735823,cached,348,DINO_2314526,DINO_tlkpParks.csv
https://irma.nps.gov/DataStore/DownloadFile/735824,cached,120,DINO_2314526,DINO_tlkpPhotoComments.csv
https://irma.nps.gov/DataStore/DownloadFile/735825,cached,109,DINO_2314526,DINO_tlkpPhotographer.csv
https://irma.nps.gov/DataStore/DownloadFile/735826,cached,50,DINO_2314526,DINO_tlkpPhotoTypes.csv
https://irma.nps.gov/DataStore/DownloadFile/735827,cached,112,DINO_2314526,DINO_tlkpPhysiogClass.csv
https://irma.nps.gov/DataStore/DownloadFile/735828,cached,51,DINO_2314526,DINO_tlkpPJAge.csv
https://irma.nps.gov/DataStore/DownloadFile/735829,cached,53,DINO_2314526,DINO_tlkpPlotShapes.csv
https://irma.nps.gov/DataStore/DownloadFile/735830,cached,125,DINO_2314526,DINO_tlkpSoilDrainage.csv
https://irma.nps.gov/DataStore/DownloadFile/735831,cached,138,DINO_2314526,DINO_tlkpSoilTexture.csv
https://irma.nps.gov/DataStore/DownloadFile/735832,cached,672,DINO_2314526,DINO_tlkpStates.csv
https://irma.nps.gov/DataStore/DownloadFile/735833,cached,187,DINO_2314526,DINO_tlkpStrata.csv
https://irma.nps.gov/DataStore/DownloadFile/735834,cached,37,DINO_2314526,DINO_tlkpStrataAA.csv
https://irma.nps.gov/DataStore/DownloadFile/735835,cached,60,DINO_2314526,DINO_tlkpStructureStages.csv
https://irma.nps.gov/DataStore/DownloadFile/735836,cached,375,DINO_2314526,DINO_tlkpSurveyors.csv
https://irma.nps.gov/DataStore/DownloadFile/735837,cached,119,DINO_2314526,DINO_tlkpTopography.csv
https://irma.nps.gov/DataStore/DownloadFile/735838,cached,498,DINO_2314526,DINO_tlkpUSGS_Quad.csv
https://irma.nps.gov/DataStore/DownloadFile/735839,cached,16,DINO_2314526,DINO_tlkpUTMZone.csv
https://irma.nps.gov/DataStore/DownloadFile/735840,cached,275,DINO_2314526,DINO_zFieldWidths.csv
https://irma.nps.gov/DataStore/DownloadFile/735841,cached,1723,DINO_2314526,DINO_zLookupFields.csv
https://irma.nps.gov/DataStore/DownloadFile/735842,cached,3116,DINO_2314526,DINO_zLookupTables.csv
https://irma.nps.gov/DataStore/DownloadFile/735847,cached,132335,EBLA_2314528,EBLA_PLOTS_v4_BE_QA_01_spcov.csv
https://irma.nps.gov/DataStore/DownloadFile/735848,cached,239011,EBLA_2314528,EBLA_PLOTS_v4_BE_QA_02_plots.csv
https://irma.nps.gov/DataStore/DownloadFile/735849,cached,2941,EBLA_2314528,EBLA_PLOTS_v4_BE_QA_04_duplicates_in_02.csv
https://irma.nps.gov/DataStore/DownloadFile/735850,cached,14382,EBLA_2314528,EBLA_PLOTS_v4_BE_QA_05_Plots_without_Species.csv
https://irma.nps.gov/DataStore/DownloadFile/735851,cached,82,EBLA_2314528,EBLA_PLOTS_v4_BE_QA_06_Spp_without_Plots.csv
https://irma.nps.gov/DataStore/DownloadFile/735852,cached,21,EBLA_2314528,EBLA_PLOTS_v4_BE_tConnect.csv
https://irma.nps.gov/DataStore/DownloadFile/735853,cached,44719,EBLA_2314528,EBLA_PLOTS_v4_BE_tEBLA_MapClass_NVC_lu.csv
https://irma.nps.gov/DataStore/DownloadFile/735854,cached,302,EBLA_2314528,EBLA_PLOTS_v4_BE_tGlobal.csv
https://irma.nps.gov/DataStore/DownloadFile/735855,cached,8398,EBLA_2314528,EBLA_PLOTS_v4_BE_tPhotos.csv
https://irma.nps.gov/DataStore/DownloadFile/735856,cached,171567,EBLA_2314528,EBLA_PLOTS_v4_BE_tPlotEvents.csv
https://irma.nps.gov/DataStore/DownloadFile/735857,cached,29218,EBLA_2314528,EBLA_PLOTS_v4_BE_tPlotEventSpecies.csv
https://irma.nps.gov/DataStore/DownloadFile/735858,cached,71260,EBLA_2314528,EBLA_PLOTS_v4_BE_tPlots.csv
https://irma.nps.gov/DataStore/DownloadFile/735859,cached,127,EBLA_2314528,EBLA_PLOTS_v4_BE_tProcessSteps.csv
https://irma.nps.gov/DataStore/DownloadFile/735860,cached,717,EBLA_2314528,EBLA_PLOTS_v4_BE_tProjectMetadata.csv
https://irma.nps.gov/DataStore/DownloadFile/735861,cached,20772,EBLA_2314528,EBLA_PLOTS_v4_BE_tSpecies.csv
https://irma.nps.gov/DataStore/DownloadFile/735862,cached,14896,EBLA_2314528,EBLA_PLOTS_v4_BE_xConcept_Reference_lu.csv
https://irma.nps.gov/DataStore/DownloadFile/735863,cached,160,EBLA_2314528,EBLA_PLOTS_v4_BE_xCoverClass_lu.csv
https://irma.nps.gov/DataStore/DownloadFile/735864,cached,29032,EBLA_2314528,EBLA_PLOTS_v4_BE_xEBLA_tMapUnit_NVC_lu.csv
https://irma.nps.gov/DataStore/DownloadFile/735865,cached,136,EBLA_2314528,EBLA_PLOTS_v4_BE_xHeight_Class_lu.csv
https://irma.nps.gov/DataStore/DownloadFile/735866,cached,1169,EBLA_2314528,EBLA_PLOTS_v4_BE_xHydro_Regime_lu.csv
https://irma.nps.gov/DataStore/DownloadFile/735867,cached,18432,EBLA_2314528,EBLA_PLOTS_v4_BE_xLandform_lu.csv
https://irma.nps.gov/DataStore/DownloadFile/735868,cached,178,EBLA_2314528,EBLA_PLOTS_v4_BE_xLeaf_Phenology_lu.csv
https://irma.nps.gov/DataStore/DownloadFile/735869,cached,152,EBLA_2314528,EBLA_PLOTS_v4_BE_xLeaf_Type_lu.csv
https://irma.nps.gov/DataStore/DownloadFile/735870,cached,4154,EBLA_2314528,EBLA_PLOTS_v4_BE_xMapUnit_lu.csv
https://irma.nps.gov/DataStore/DownloadFile/735871,cached,11897,EBLA_2314528,EBLA_PLOTS_v4_BE_xParks_lu.csv
https://irma.nps.gov/DataStore/DownloadFile/735872,cached,474,EBLA_2314528,EBLA_PLOTS_v4_BE_xPhysio_Class_lu.csv
https://irma.nps.gov/DataStore/DownloadFile/735874,cached,148,EBLA_2314528,EBLA_PLOTS_v4_BE_xSoil_Drainage_lu.csv
https://irma.nps.gov/DataStore/DownloadFile/735875,cached,115,EBLA_2314528,EBLA_PLOTS_v4_BE_xSoil_Texture_lu.csv
https://irma.nps.gov/DataStore/DownloadFile/735876,cached,948,EBLA_2314528,EBLA_PLOTS_v4_BE_xState_lu.csv
https://irma.nps.gov/DataStore/DownloadFile/735877,cached,282,EBLA_2314528,EBLA_PLOTS_v4_BE_xStratum_lu.csv
https://irma.nps.gov/DataStore/DownloadFile/735878,cached,1172,EBLA_2314528,EBLA_PLOTS_v4_BE_xSurficial_Geology_lu.csv
https://irma.nps.gov/DataStore/DownloadFile/735879,cached,225,EBLA_2314528,EBLA_PLOTS_v4_BE_xTopo_Position_lu.csv
https://irma.nps.gov/DataStore/DownloadFile/735880,cached,565034,EBLA_2314528,EBLA_PLOTS_v4_BE_xVegAssociation_lu.csv
https://irma.nps.gov/DataStore/DownloadFile/735884,cached,200354,EFMO_2314529,EFMO_sp_cov.csv
https://irma.nps.gov/DataStore/DownloadFile/735885,cached,32508,EFMO_2314529,EFMO_tAA.csv
https://irma.nps.gov/DataStore/DownloadFile/735886,cached,76568,EFMO_2314529,EFMO_tAAEvents.csv
https://irma.nps.gov/DataStore/DownloadFile/735887,cached,244748,EFMO_2314529,EFMO_tAAEventSpecies.csv
https://irma.nps.gov/DataStore/DownloadFile/735888,cached,21,EFMO_2314529,EFMO_tConnect.csv
https://irma.nps.gov/DataStore/DownloadFile/735889,cached,254,EFMO_2314529,EFMO_tGlobal.csv
https://irma.nps.gov/DataStore/DownloadFile/735890,cached,43073,EFMO_2314529,EFMO_tPhotos.csv
https://irma.nps.gov/DataStore/DownloadFile/735891,cached,38772,EFMO_2314529,EFMO_tPlotEvents.csv
https://irma.nps.gov/DataStore/DownloadFile/735892,cached,110307,EFMO_2314529,EFMO_tPlotEventSpecies.csv
https://irma.nps.gov/DataStore/DownloadFile/735893,cached,29969,EFMO_2314529,EFMO_tPlots.csv
https://irma.nps.gov/DataStore/DownloadFile/735894,cached,4050,EFMO_2314529,EFMO_tProjectMetadata.csv
https://irma.nps.gov/DataStore/DownloadFile/735895,cached,26521,EFMO_2314529,EFMO_tSpecies.csv
https://irma.nps.gov/DataStore/DownloadFile/735896,cached,14896,EFMO_2314529,EFMO_xConcept_Reference_lu.csv
https://irma.nps.gov/DataStore/DownloadFile/735897,cached,107,EFMO_2314529,EFMO_xCoverClass_lu.csv
https://irma.nps.gov/DataStore/DownloadFile/735898,cached,167,EFMO_2314529,EFMO_xHeight_Class_lu.csv
https://irma.nps.gov/DataStore/DownloadFile/735899,cached,1179,EFMO_2314529,EFMO_xHydro_Regime_lu.csv
https://irma.nps.gov/DataStore/DownloadFile/735900,cached,18432,EFMO_2314529,EFMO_xLandform_lu.csv
https://irma.nps.gov/DataStore/DownloadFile/735901,cached,178,EFMO_2314529,EFMO_xLeaf_Phenology_lu.csv
https://irma.nps.gov/DataStore/DownloadFile/735902,cached,152,EFMO_2314529,EFMO_xLeaf_Type_lu.csv
https://irma.nps.gov/DataStore/DownloadFile/735903,cached,2048,EFMO_2314529,EFMO_xMapUnit_lu.csv
https://irma.nps.gov/DataStore/DownloadFile/735904,cached,11897,EFMO_2314529,EFMO_xParks_lu.csv
https://irma.nps.gov/DataStore/DownloadFile/735905,cached,474,EFMO_2314529,EFMO_xPhysio_Class_lu.csv
https://irma.nps.gov/DataStore/DownloadFile/735907,cached,162,EFMO_2314529,EFMO_xSoil_Drainage_lu.csv
https://irma.nps.gov/DataStore/DownloadFile/735908,cached,147,EFMO_2314529,EFMO_xSoil_Texture_lu.csv
https://irma.nps.gov/DataStore/DownloadFile/735909,cached,948,EFMO_2314529,EFMO_xState_lu.csv
https://irma.nps.gov/DataStore/DownloadFile/735910,cached,282,EFMO_2314529,EFMO_xStratum_lu.csv
https://irma.nps.gov/DataStore/DownloadFile/735911,cached,1172,EFMO_2314529,EFMO_xSurficial_Geology_lu.csv
https://irma.nps.gov/DataStore/DownloadFile/735912,cached,426,EFMO_2314529,EFMO_xTopo_Position_lu.csv
https://irma.nps.gov/DataStore/DownloadFile/735913,cached,1505,EFMO_2314529,EFMO_xVegAssociation_lu.csv
https://irma.nps.gov/DataStore/DownloadFile/738088,cached,329007,EISE_2314554,GETT_EISE_AA-Species.csv
https://irma.nps.gov/DataStore/DownloadFile/738089,cached,172626,EISE_2314554,GETT_EISE_AA_Observations.csv
https://irma.nps.gov/DataStore/DownloadFile/738090,cached,13917,EISE_2314554,GETT_EISE_AA_Species_Strata_list.csv
https://irma.nps.gov/DataStore/DownloadFile/738091,cached,1847,EISE_2314554,GETT_EISE_Geology_Classes.csv
https://irma.nps.gov/DataStore/DownloadFile/738092,cached,697,EISE_2314554,GETT_EISE_Jurisdictions.csv
https://irma.nps.gov/DataStore/DownloadFile/738093,cached,9294,EISE_2314554,GETT_EISE_Locations.csv
https://irma.nps.gov/DataStore/DownloadFile/738096,cached,21191,EISE_2314554,GETT_EISE_Plot_Species_Strata_List.csv
https://irma.nps.gov/DataStore/DownloadFile/738097,cached,420806,EISE_2314554,GETT_EISE_Plots-Species.csv
https://irma.nps.gov/DataStore/DownloadFile/738098,cached,64724,EISE_2314554,GETT_EISE_Plots.csv
https://irma.nps.gov/DataStore/DownloadFile/738099,cached,282,EISE_2314554,GETT_EISE_Project_Metadata.csv
https://irma.nps.gov/DataStore/DownloadFile/735918,cached,729721,ELMA_2314531,ELMA_sp_cov.csv
https://irma.nps.gov/DataStore/DownloadFile/735919,cached,242405,ELMA_2314531,ELMA_sp_cov2.csv
https://irma.nps.gov/DataStore/DownloadFile/735920,cached,121470,ELMA_2314531,ELMA_tAA.csv
https://irma.nps.gov/DataStore/DownloadFile/735921,cached,122040,ELMA_2314531,ELMA_tAAEvents.csv
https://irma.nps.gov/DataStore/DownloadFile/735922,cached,624566,ELMA_2314531,ELMA_tAAPhotos.csv
https://irma.nps.gov/DataStore/DownloadFile/735923,cached,443346,ELMA_2314531,ELMA_tAASpp.csv
https://irma.nps.gov/DataStore/DownloadFile/735924,cached,149879,ELMA_2314531,ELMA_tAAStrata.csv
https://irma.nps.gov/DataStore/DownloadFile/735925,cached,759,ELMA_2314531,ELMA_Table1.csv
https://irma.nps.gov/DataStore/DownloadFile/735926,cached,21,ELMA_2314531,ELMA_tConnect.csv
https://irma.nps.gov/DataStore/DownloadFile/735927,cached,494,ELMA_2314531,ELMA_tGlobal.csv
https://irma.nps.gov/DataStore/DownloadFile/735928,cached,172335,ELMA_2314531,ELMA_tPhotos.csv
https://irma.nps.gov/DataStore/DownloadFile/735929,cached,243355,ELMA_2314531,ELMA_tPlotEvents.csv
https://irma.nps.gov/DataStore/DownloadFile/735930,cached,481770,ELMA_2314531,ELMA_tPlotEventSpecies.csv
https://irma.nps.gov/DataStore/DownloadFile/735931,cached,285240,ELMA_2314531,ELMA_tPlotEventSpeciesStratum.csv
https://irma.nps.gov/DataStore/DownloadFile/735932,cached,115104,ELMA_2314531,ELMA_tPlots.csv
https://irma.nps.gov/DataStore/DownloadFile/735933,cached,497,ELMA_2314531,ELMA_tProjectMetadata.csv
https://irma.nps.gov/DataStore/DownloadFile/735934,cached,26125,ELMA_2314531,ELMA_tSpecies.csv
https://irma.nps.gov/DataStore/DownloadFile/735935,cached,160,ELMA_2314531,ELMA_xCoverClass_lu.csv
https://irma.nps.gov/DataStore/DownloadFile/735936,cached,1169,ELMA_2314531,ELMA_xHydro_Regime_lu.csv
https://irma.nps.gov/DataStore/DownloadFile/735937,cached,18432,ELMA_2314531,ELMA_xLandform_lu.csv
https://irma.nps.gov/DataStore/DownloadFile/735938,cached,178,ELMA_2314531,ELMA_xLeaf_Phenology_lu.csv
https://irma.nps.gov/DataStore/DownloadFile/735939,cached,152,ELMA_2314531,ELMA_xLeaf_Type_lu.csv
https://irma.nps.gov/DataStore/DownloadFile/735940,cached,2585,ELMA_2314531,ELMA_xMapUnit_lu.csv
https://irma.nps.gov/DataStore/DownloadFile/735941,cached,11897,ELMA_2314531,ELMA_xParks_lu.csv
https://irma.nps.gov/DataStore/DownloadFile/735942,cached,474,ELMA_2314531,ELMA_xPhysio_Class_lu.csv
https://irma.nps.gov/DataStore/DownloadFile/735944,cached,148,ELMA_2314531,ELMA_xSoil_Drainage_lu.csv
https://irma.nps.gov/DataStore/DownloadFile/735945,cached,69,ELMA_2314531,ELMA_xSoil_Texture_lu.csv
https://irma.nps.gov/DataStore/DownloadFile/735946,cached,194,ELMA_2314531,ELMA_xStratum_lu.csv
https://irma.nps.gov/DataStore/DownloadFile/735947,cached,1368,ELMA_2314531,ELMA_xSurficial_Geology_lu.csv
https://irma.nps.gov/DataStore/DownloadFile/735948,cached,225,ELMA_2314531,ELMA_xTopo_Position_lu.csv
https://irma.nps.gov/DataStore/DownloadFile/735949,cached,5187,ELMA_2314531,ELMA_xVegAssociation_lu.csv
https://irma.nps.gov/DataStore/DownloadFile/735951,cached,17504,ELMO_2314532,ELMO_~TMPCLP13141.csv
https://irma.nps.gov/DataStore/DownloadFile/735952,cached,375,ELMO_2314532,ELMO_~TMPCLP542631.csv
https://irma.nps.gov/DataStore/DownloadFile/735953,cached,212,ELMO_2314532,ELMO_~TMPCLP557131.csv
https://irma.nps.gov/DataStore/DownloadFile/735956,cached,5565,ELMO_2314532,ELMO_tblEnvironment.csv
https://irma.nps.gov/DataStore/DownloadFile/735957,cached,482,ELMO_2314532,ELMO_tblEnvironmentDetails.csv
https://irma.nps.gov/DataStore/DownloadFile/735958,cached,2214,ELMO_2314532,ELMO_tblPhotos.csv
https://irma.nps.gov/DataStore/DownloadFile/735959,cached,2050,ELMO_2314532,ELMO_tblPlotDetails.csv
https://irma.nps.gov/DataStore/DownloadFile/735960,cached,5171,ELMO_2314532,ELMO_tblPlotLocation.csv
https://irma.nps.gov/DataStore/DownloadFile/735961,cached,18356,ELMO_2314532,ELMO_tblVegetation.csv
https://irma.nps.gov/DataStore/DownloadFile/735962,cached,23316,ELMO_2314532,ELMO_tblVegetationDetails.csv
https://irma.nps.gov/DataStore/DownloadFile/736093,cached,51327,FOCA_2314538,FOCA_QA_01_spcov.csv
https://irma.nps.gov/DataStore/DownloadFile/736094,cached,33888,FOCA_2314538,FOCA_QA_02_plots.csv
https://irma.nps.gov/DataStore/DownloadFile/736095,cached,119,FOCA_2314538,FOCA_QA_03_duplicates_in_01.csv
https://irma.nps.gov/DataStore/DownloadFile/736096,cached,79,FOCA_2314538,FOCA_QA_04_duplicates_in_02.csv
https://irma.nps.gov/DataStore/DownloadFile/736097,cached,29,FOCA_2314538,FOCA_QA_05_Plots_without_Species.csv
https://irma.nps.gov/DataStore/DownloadFile/736098,cached,82,FOCA_2314538,FOCA_QA_06_Spp_without_Plots.csv
https://irma.nps.gov/DataStore/DownloadFile/736099,cached,21,FOCA_2314538,FOCA_tConnect.csv
https://irma.nps.gov/DataStore/DownloadFile/736100,cached,1093,FOCA_2314538,FOCA_tGlobal.csv
https://irma.nps.gov/DataStore/DownloadFile/736101,cached,36703,FOCA_2314538,FOCA_tPhotos.csv
https://irma.nps.gov/DataStore/DownloadFile/736102,cached,23865,FOCA_2314538,FOCA_tPlotEvents.csv
https://irma.nps.gov/DataStore/DownloadFile/736103,cached,19463,FOCA_2314538,FOCA_tPlotEventSpecies.csv
https://irma.nps.gov/DataStore/DownloadFile/736104,cached,6240,FOCA_2314538,FOCA_tPlots.csv
https://irma.nps.gov/DataStore/DownloadFile/736105,cached,105,FOCA_2314538,FOCA_tProcessSteps.csv
https://irma.nps.gov/DataStore/DownloadFile/736106,cached,717,FOCA_2314538,FOCA_tProjectMetadata.csv
https://irma.nps.gov/DataStore/DownloadFile/736107,cached,3049724,FOCA_2314538,FOCA_tSpecies.csv
https://irma.nps.gov/DataStore/DownloadFile/736108,cached,392954,FOCA_2314538,FOCA_USysApplicationLog.csv
https://irma.nps.gov/DataStore/DownloadFile/736109,cached,14896,FOCA_2314538,FOCA_xConcept_Reference_lu.csv
https://irma.nps.gov/DataStore/DownloadFile/736110,cached,160,FOCA_2314538,FOCA_xCoverClass_lu.csv
https://irma.nps.gov/DataStore/DownloadFile/736111,cached,136,FOCA_2314538,FOCA_xHeight_Class_lu.csv
https://irma.nps.gov/DataStore/DownloadFile/736112,cached,1169,FOCA_2314538,FOCA_xHydro_Regime_lu.csv
https://irma.nps.gov/DataStore/DownloadFile/736113,cached,18432,FOCA_2314538,FOCA_xLandform_lu.csv
https://irma.nps.gov/DataStore/DownloadFile/736114,cached,178,FOCA_2314538,FOCA_xLeaf_Phenology_lu.csv
https://irma.nps.gov/DataStore/DownloadFile/736115,cached,152,FOCA_2314538,FOCA_xLeaf_Type_lu.csv
https://irma.nps.gov/DataStore/DownloadFile/736116,cached,21,FOCA_2314538,FOCA_xMapUnit_lu.csv
https://irma.nps.gov/DataStore/DownloadFile/736117,cached,11897,FOCA_2314538,FOCA_xParks_lu.csv
https://irma.nps.gov/DataStore/DownloadFile/736118,cached,474,FOCA_2314538,FOCA_xPhysio_Class_lu.csv
https://irma.nps.gov/DataStore/DownloadFile/736120,cached,148,FOCA_2314538,FOCA_xSoil_Drainage_lu.csv
https://irma.nps.gov/DataStore/DownloadFile/736121,cached,115,FOCA_2314538,FOCA_xSoil_Texture_lu.csv
https://irma.nps.gov/DataStore/DownloadFile/736122,cached,948,FOCA_2314538,FOCA_xState_lu.csv
https://irma.nps.gov/DataStore/DownloadFile/736123,cached,282,FOCA_2314538,FOCA_xStratum_lu.csv
https://irma.nps.gov/DataStore/DownloadFile/736124,cached,1172,FOCA_2314538,FOCA_xSurficial_Geology_lu.csv
https://irma.nps.gov/DataStore/DownloadFile/736125,cached,225,FOCA_2314538,FOCA_xTopo_Position_lu.csv
https://irma.nps.gov/DataStore/DownloadFile/736126,cached,565034,FOCA_2314538,FOCA_xVegAssociation_lu.csv
https://irma.nps.gov/DataStore/DownloadFile/736269,cached,12056,FOMA_2314544,FOMA_Dom_Veg.csv
https://irma.nps.gov/DataStore/DownloadFile/736270,cached,18020,FOMA_2314544,FOMA_FieldCollection_Veg_Comp.csv
https://irma.nps.gov/DataStore/DownloadFile/736271,cached,23539,FOMA_2314544,FOMA_FieldCollectionFormTable.csv
https://irma.nps.gov/DataStore/DownloadFile/736272,cached,11123,FOMA_2314544,FOMA_gps_pt_table.csv
https://irma.nps.gov/DataStore/DownloadFile/736275,cached,67500,FOMA_2314544,FOMA_PHOTO_LOG.csv
https://irma.nps.gov/DataStore/DownloadFile/736276,cached,50001,FOMA_2314544,FOMA_QA_01_spcov.csv
https://irma.nps.gov/DataStore/DownloadFile/736277,cached,38930,FOMA_2314544,FOMA_QA_02_plots.csv
https://irma.nps.gov/DataStore/DownloadFile/736278,cached,119,FOMA_2314544,FOMA_QA_03_duplicates_in_01.csv
https://irma.nps.gov/DataStore/DownloadFile/736279,cached,79,FOMA_2314544,FOMA_QA_04_duplicates_in_02.csv
https://irma.nps.gov/DataStore/DownloadFile/736280,cached,29,FOMA_2314544,FOMA_QA_05_Plots_without_Species.csv
https://irma.nps.gov/DataStore/DownloadFile/736281,cached,82,FOMA_2314544,FOMA_QA_06_Spp_without_Plots.csv
https://irma.nps.gov/DataStore/DownloadFile/736282,cached,21,FOMA_2314544,FOMA_tConnect.csv
https://irma.nps.gov/DataStore/DownloadFile/736283,cached,1489,FOMA_2314544,FOMA_tGlobal.csv
https://irma.nps.gov/DataStore/DownloadFile/736284,cached,42289,FOMA_2314544,FOMA_tPhotos.csv
https://irma.nps.gov/DataStore/DownloadFile/736285,cached,26347,FOMA_2314544,FOMA_tPlotEvents.csv
https://irma.nps.gov/DataStore/DownloadFile/736286,cached,18687,FOMA_2314544,FOMA_tPlotEventSpecies.csv
https://irma.nps.gov/DataStore/DownloadFile/736287,cached,7012,FOMA_2314544,FOMA_tPlots.csv
https://irma.nps.gov/DataStore/DownloadFile/736288,cached,105,FOMA_2314544,FOMA_tProcessSteps.csv
https://irma.nps.gov/DataStore/DownloadFile/736289,cached,706,FOMA_2314544,FOMA_tProjectMetadata.csv
https://irma.nps.gov/DataStore/DownloadFile/736290,cached,3049789,FOMA_2314544,FOMA_tSpecies.csv
https://irma.nps.gov/DataStore/DownloadFile/736291,cached,570194,FOMA_2314544,FOMA_USysApplicationLog.csv
https://irma.nps.gov/DataStore/DownloadFile/736292,cached,14896,FOMA_2314544,FOMA_xConcept_Reference_lu.csv
https://irma.nps.gov/DataStore/DownloadFile/736293,cached,160,FOMA_2314544,FOMA_xCoverClass_lu.csv
https://irma.nps.gov/DataStore/DownloadFile/736294,cached,136,FOMA_2314544,FOMA_xHeight_Class_lu.csv
https://irma.nps.gov/DataStore/DownloadFile/736295,cached,1169,FOMA_2314544,FOMA_xHydro_Regime_lu.csv
https://irma.nps.gov/DataStore/DownloadFile/736296,cached,18432,FOMA_2314544,FOMA_xLandform_lu.csv
https://irma.nps.gov/DataStore/DownloadFile/736297,cached,178,FOMA_2314544,FOMA_xLeaf_Phenology_lu.csv
https://irma.nps.gov/DataStore/DownloadFile/736298,cached,152,FOMA_2314544,FOMA_xLeaf_Type_lu.csv
https://irma.nps.gov/DataStore/DownloadFile/736299,cached,21,FOMA_2314544,FOMA_xMapUnit_lu.csv
https://irma.nps.gov/DataStore/DownloadFile/736300,cached,11897,FOMA_2314544,FOMA_xParks_lu.csv
https://irma.nps.gov/DataStore/DownloadFile/736301,cached,474,FOMA_2314544,FOMA_xPhysio_Class_lu.csv
https://irma.nps.gov/DataStore/DownloadFile/736303,cached,148,FOMA_2314544,FOMA_xSoil_Drainage_lu.csv
https://irma.nps.gov/DataStore/DownloadFile/736304,cached,115,FOMA_2314544,FOMA_xSoil_Texture_lu.csv
https://irma.nps.gov/DataStore/DownloadFile/736305,cached,948,FOMA_2314544,FOMA_xState_lu.csv
https://irma.nps.gov/DataStore/DownloadFile/736306,cached,282,FOMA_2314544,FOMA_xStratum_lu.csv
https://irma.nps.gov/DataStore/DownloadFile/736307,cached,1172,FOMA_2314544,FOMA_xSurficial_Geology_lu.csv
https://irma.nps.gov/DataStore/DownloadFile/736308,cached,225,FOMA_2314544,FOMA_xTopo_Position_lu.csv
https://irma.nps.gov/DataStore/DownloadFile/736309,cached,565034,FOMA_2314544,FOMA_xVegAssociation_lu.csv
https://irma.nps.gov/DataStore/DownloadFile/740974,cached,186378,FOPO_2314741,PORE_GOGA_plots.csv
https://irma.nps.gov/DataStore/DownloadFile/740975,cached,1215789,FOPO_2314741,PORE_GOGA_sp_cov.csv
https://irma.nps.gov/DataStore/DownloadFile/740976,cached,82048,FOPO_2314741,PORE_GOGA_tAA.csv
https://irma.nps.gov/DataStore/DownloadFile/740977,cached,900800,FOPO_2314741,PORE_GOGA_tAAEvents.csv
https://irma.nps.gov/DataStore/DownloadFile/740978,cached,21,FOPO_2314741,PORE_GOGA_tConnect.csv
https://irma.nps.gov/DataStore/DownloadFile/740979,cached,174,FOPO_2314741,PORE_GOGA_tGlobal.csv
https://irma.nps.gov/DataStore/DownloadFile/740980,cached,63266,FOPO_2314741,PORE_GOGA_tPhotos.csv
https://irma.nps.gov/DataStore/DownloadFile/740981,cached,94596,FOPO_2314741,PORE_GOGA_tPlotEvents.csv
https://irma.nps.gov/DataStore/DownloadFile/740982,cached,585255,FOPO_2314741,PORE_GOGA_tPlotEventSpecies.csv
https://irma.nps.gov/DataStore/DownloadFile/740983,cached,118530,FOPO_2314741,PORE_GOGA_tPlots.csv
https://irma.nps.gov/DataStore/DownloadFile/740984,cached,3679,FOPO_2314741,PORE_GOGA_tProjectMetadata.csv
https://irma.nps.gov/DataStore/DownloadFile/740985,cached,56624,FOPO_2314741,PORE_GOGA_tSpecies.csv
https://irma.nps.gov/DataStore/DownloadFile/740986,cached,14897,FOPO_2314741,PORE_GOGA_xConcept_Reference_lu.csv
https://irma.nps.gov/DataStore/DownloadFile/740987,cached,126,FOPO_2314741,PORE_GOGA_xCoverClass_lu.csv
https://irma.nps.gov/DataStore/DownloadFile/740988,cached,160,FOPO_2314741,PORE_GOGA_xHeight_Class_lu.csv
https://irma.nps.gov/DataStore/DownloadFile/740989,cached,1169,FOPO_2314741,PORE_GOGA_xHydro_Regime_lu.csv
https://irma.nps.gov/DataStore/DownloadFile/740990,cached,18432,FOPO_2314741,PORE_GOGA_xLandform_lu.csv
https://irma.nps.gov/DataStore/DownloadFile/740991,cached,178,FOPO_2314741,PORE_GOGA_xLeaf_Phenology_lu.csv
https://irma.nps.gov/DataStore/DownloadFile/740992,cached,152,FOPO_2314741,PORE_GOGA_xLeaf_Type_lu.csv
https://irma.nps.gov/DataStore/DownloadFile/740993,cached,13359,FOPO_2314741,PORE_GOGA_xMapUnit_lu.csv
https://irma.nps.gov/DataStore/DownloadFile/740994,cached,11897,FOPO_2314741,PORE_GOGA_xParks_lu.csv
https://irma.nps.gov/DataStore/DownloadFile/740995,cached,474,FOPO_2314741,PORE_GOGA_xPhysio_Class_lu.csv
https://irma.nps.gov/DataStore/DownloadFile/740997,cached,148,FOPO_2314741,PORE_GOGA_xSoil_Drainage_lu.csv
https://irma.nps.gov/DataStore/DownloadFile/740998,cached,115,FOPO_2314741,PORE_GOGA_xSoil_Texture_lu.csv
https://irma.nps.gov/DataStore/DownloadFile/740999,cached,948,FOPO_2314741,PORE_GOGA_xState_lu.csv
https://irma.nps.gov/DataStore/DownloadFile/741000,cached,281,FOPO_2314741,PORE_GOGA_xStratum_lu.csv
https://irma.nps.gov/DataStore/DownloadFile/741001,cached,1783,FOPO_2314741,PORE_GOGA_xSurficial_Geology_lu.csv
https://irma.nps.gov/DataStore/DownloadFile/741002,cached,381,FOPO_2314741,PORE_GOGA_xTopo_Position_lu.csv
https://irma.nps.gov/DataStore/DownloadFile/741003,cached,9795,FOPO_2314741,PORE_GOGA_xVegAssociation_lu.csv
https://irma.nps.gov/DataStore/DownloadFile/736447,cached,118591,FRHI_2314549,FRHI_sp_cov.csv
https://irma.nps.gov/DataStore/DownloadFile/736448,cached,4344,FRHI_2314549,FRHI_tAA.csv
https://irma.nps.gov/DataStore/DownloadFile/736449,cached,11445,FRHI_2314549,FRHI_tAAEvents.csv
https://irma.nps.gov/DataStore/DownloadFile/736450,cached,34033,FRHI_2314549,FRHI_tAAEventSpecies.csv
https://irma.nps.gov/DataStore/DownloadFile/736451,cached,21,FRHI_2314549,FRHI_tConnect.csv
https://irma.nps.gov/DataStore/DownloadFile/736452,cached,306,FRHI_2314549,FRHI_tGlobal.csv
https://irma.nps.gov/DataStore/DownloadFile/736453,cached,108,FRHI_2314549,FRHI_tPhotos.csv
https://irma.nps.gov/DataStore/DownloadFile/736454,cached,20076,FRHI_2314549,FRHI_tPlotEvents.csv
https://irma.nps.gov/DataStore/DownloadFile/736455,cached,67245,FRHI_2314549,FRHI_tPlotEventSpecies.csv
https://irma.nps.gov/DataStore/DownloadFile/736456,cached,6407,FRHI_2314549,FRHI_tPlots.csv
https://irma.nps.gov/DataStore/DownloadFile/736457,cached,4650,FRHI_2314549,FRHI_tProjectMetadata.csv
https://irma.nps.gov/DataStore/DownloadFile/736458,cached,19128,FRHI_2314549,FRHI_tSpecies.csv
https://irma.nps.gov/DataStore/DownloadFile/736459,cached,14896,FRHI_2314549,FRHI_xConcept_Reference_lu.csv
https://irma.nps.gov/DataStore/DownloadFile/736460,cached,160,FRHI_2314549,FRHI_xCoverClass_lu.csv
https://irma.nps.gov/DataStore/DownloadFile/736461,cached,172,FRHI_2314549,FRHI_xHeight_Class_lu.csv
https://irma.nps.gov/DataStore/DownloadFile/736462,cached,1169,FRHI_2314549,FRHI_xHydro_Regime_lu.csv
https://irma.nps.gov/DataStore/DownloadFile/736463,cached,18432,FRHI_2314549,FRHI_xLandform_lu.csv
https://irma.nps.gov/DataStore/DownloadFile/736464,cached,178,FRHI_2314549,FRHI_xLeaf_Phenology_lu.csv
https://irma.nps.gov/DataStore/DownloadFile/736465,cached,152,FRHI_2314549,FRHI_xLeaf_Type_lu.csv
https://irma.nps.gov/DataStore/DownloadFile/736466,cached,410,FRHI_2314549,FRHI_xMapUnit_lu.csv
https://irma.nps.gov/DataStore/DownloadFile/736467,cached,11897,FRHI_2314549,FRHI_xParks_lu.csv
https://irma.nps.gov/DataStore/DownloadFile/736468,cached,474,FRHI_2314549,FRHI_xPhysio_Class_lu.csv
https://irma.nps.gov/DataStore/DownloadFile/736470,cached,148,FRHI_2314549,FRHI_xSoil_Drainage_lu.csv
https://irma.nps.gov/DataStore/DownloadFile/736471,cached,115,FRHI_2314549,FRHI_xSoil_Texture_lu.csv
https://irma.nps.gov/DataStore/DownloadFile/736472,cached,948,FRHI_2314549,FRHI_xState_lu.csv
https://irma.nps.gov/DataStore/DownloadFile/736473,cached,282,FRHI_2314549,FRHI_xStratum_lu.csv
https://irma.nps.gov/DataStore/DownloadFile/736474,cached,1220,FRHI_2314549,FRHI_xSurficial_Geology_lu.csv
https://irma.nps.gov/DataStore/DownloadFile/736475,cached,225,FRHI_2314549,FRHI_xTopo_Position_lu.csv
https://irma.nps.gov/DataStore/DownloadFile/736476,cached,774,FRHI_2314549,FRHI_xVegAssociation_lu.csv
https://irma.nps.gov/DataStore/DownloadFile/736691,cached,757157,GICL_2314556,GICL_PLOTS_v3.1_2010_BE_GICL_mtbl_Plants.csv
https://irma.nps.gov/DataStore/DownloadFile/736692,cached,92548,GICL_2314556,GICL_PLOTS_v3.1_2010_BE_GICL_qry_2Plots_tPlotEventSpecies.csv
https://irma.nps.gov/DataStore/DownloadFile/736693,cached,42372,GICL_2314556,GICL_PLOTS_v3.1_2010_BE_GICL_qry_2PLots_tPlotsEvent.csv
https://irma.nps.gov/DataStore/DownloadFile/736694,cached,37540,GICL_2314556,GICL_PLOTS_v3.1_2010_BE_GICL_tAA.csv
https://irma.nps.gov/DataStore/DownloadFile/736695,cached,36565,GICL_2314556,GICL_PLOTS_v3.1_2010_BE_GICL_tAAEvents.csv
https://irma.nps.gov/DataStore/DownloadFile/736696,cached,21,GICL_2314556,GICL_PLOTS_v3.1_2010_BE_GICL_tConnect.csv
https://irma.nps.gov/DataStore/DownloadFile/736697,cached,5093,GICL_2314556,GICL_PLOTS_v3.1_2010_BE_GICL_tGlobal.csv
https://irma.nps.gov/DataStore/DownloadFile/736698,cached,6418,GICL_2314556,GICL_PLOTS_v3.1_2010_BE_GICL_tPhotos.csv
https://irma.nps.gov/DataStore/DownloadFile/736699,cached,46503,GICL_2314556,GICL_PLOTS_v3.1_2010_BE_GICL_tPlotEvents.csv
https://irma.nps.gov/DataStore/DownloadFile/736700,cached,122768,GICL_2314556,GICL_PLOTS_v3.1_2010_BE_GICL_tPlotEventSpecies.csv
https://irma.nps.gov/DataStore/DownloadFile/736701,cached,42311,GICL_2314556,GICL_PLOTS_v3.1_2010_BE_GICL_tPlots.csv
https://irma.nps.gov/DataStore/DownloadFile/736702,cached,43202,GICL_2314556,GICL_PLOTS_v3.1_2010_BE_GICL_tPlotsEvent.csv
https://irma.nps.gov/DataStore/DownloadFile/736703,cached,92548,GICL_2314556,GICL_PLOTS_v3.1_2010_BE_GICL_tPlotsEventsSpecies.csv
https://irma.nps.gov/DataStore/DownloadFile/736704,cached,3019,GICL_2314556,GICL_PLOTS_v3.1_2010_BE_GICL_tProjectMetadata.csv
https://irma.nps.gov/DataStore/DownloadFile/736705,cached,210319,GICL_2314556,GICL_PLOTS_v3.1_2010_BE_GICL_tSpecies.csv
https://irma.nps.gov/DataStore/DownloadFile/736706,cached,14897,GICL_2314556,GICL_PLOTS_v3.1_2010_BE_GICL_xConcept_Reference_lu.csv
https://irma.nps.gov/DataStore/DownloadFile/736707,cached,128,GICL_2314556,GICL_PLOTS_v3.1_2010_BE_GICL_xCoverClass_lu.csv
https://irma.nps.gov/DataStore/DownloadFile/736708,cached,160,GICL_2314556,GICL_PLOTS_v3.1_2010_BE_GICL_xHeight_Class_lu.csv
https://irma.nps.gov/DataStore/DownloadFile/736709,cached,1169,GICL_2314556,GICL_PLOTS_v3.1_2010_BE_GICL_xHydro_Regime_lu.csv
https://irma.nps.gov/DataStore/DownloadFile/736710,cached,18619,GICL_2314556,GICL_PLOTS_v3.1_2010_BE_GICL_xLandform_lu.csv
https://irma.nps.gov/DataStore/DownloadFile/736711,cached,178,GICL_2314556,GICL_PLOTS_v3.1_2010_BE_GICL_xLeaf_Phenology_lu.csv
https://irma.nps.gov/DataStore/DownloadFile/736712,cached,152,GICL_2314556,GICL_PLOTS_v3.1_2010_BE_GICL_xLeaf_Type_lu.csv
https://irma.nps.gov/DataStore/DownloadFile/736713,cached,21,GICL_2314556,GICL_PLOTS_v3.1_2010_BE_GICL_xMapUnit_lu.csv
https://irma.nps.gov/DataStore/DownloadFile/736714,cached,11897,GICL_2314556,GICL_PLOTS_v3.1_2010_BE_GICL_xParks_lu.csv
https://irma.nps.gov/DataStore/DownloadFile/736715,cached,739,GICL_2314556,GICL_PLOTS_v3.1_2010_BE_GICL_xPhysio_Class_lu.csv
https://irma.nps.gov/DataStore/DownloadFile/736717,cached,148,GICL_2314556,GICL_PLOTS_v3.1_2010_BE_GICL_xSoil_Drainage_lu.csv
https://irma.nps.gov/DataStore/DownloadFile/736718,cached,115,GICL_2314556,GICL_PLOTS_v3.1_2010_BE_GICL_xSoil_Texture_lu.csv
https://irma.nps.gov/DataStore/DownloadFile/736719,cached,948,GICL_2314556,GICL_PLOTS_v3.1_2010_BE_GICL_xState_lu.csv
https://irma.nps.gov/DataStore/DownloadFile/736720,cached,281,GICL_2314556,GICL_PLOTS_v3.1_2010_BE_GICL_xStratum_lu.csv
https://irma.nps.gov/DataStore/DownloadFile/736721,cached,1494,GICL_2314556,GICL_PLOTS_v3.1_2010_BE_GICL_xSurficial_Geology_lu.csv
https://irma.nps.gov/DataStore/DownloadFile/736722,cached,225,GICL_2314556,GICL_PLOTS_v3.1_2010_BE_GICL_xTopo_Position_lu.csv
https://irma.nps.gov/DataStore/DownloadFile/736723,cached,712032,GICL_2314556,GICL_PLOTS_v3.1_2010_BE_GICL_xVegAssociation_lu.csv
https://irma.nps.gov/DataStore/DownloadFile/738169,cached,75,GLCA_2314559,GLCA_RABR_GLCA_Plots_be_tblAA_Amy.csv
https://irma.nps.gov/DataStore/DownloadFile/738170,cached,107454,GLCA_2314559,GLCA_RABR_GLCA_Plots_be_tblAADetails.csv
https://irma.nps.gov/DataStore/DownloadFile/738171,cached,184527,GLCA_2314559,GLCA_RABR_GLCA_Plots_be_tblAAEnvironment.csv
https://irma.nps.gov/DataStore/DownloadFile/738172,cached,28736,GLCA_2314559,GLCA_RABR_GLCA_Plots_be_tblAAEnvironmentDetails.csv
https://irma.nps.gov/DataStore/DownloadFile/738173,cached,399469,GLCA_2314559,GLCA_RABR_GLCA_Plots_be_tblAALocation.csv
https://irma.nps.gov/DataStore/DownloadFile/738174,cached,256783,GLCA_2314559,GLCA_RABR_GLCA_Plots_be_tblAAPhotos.csv
https://irma.nps.gov/DataStore/DownloadFile/738175,cached,113863,GLCA_2314559,GLCA_RABR_GLCA_Plots_be_tblAAVegAssociation.csv
https://irma.nps.gov/DataStore/DownloadFile/738176,cached,262678,GLCA_2314559,GLCA_RABR_GLCA_Plots_be_tblAAVegetation.csv
https://irma.nps.gov/DataStore/DownloadFile/738177,cached,464939,GLCA_2314559,GLCA_RABR_GLCA_Plots_be_tblAAVegetationDetails.csv
https://irma.nps.gov/DataStore/DownloadFile/738178,cached,2489,GLCA_2314559,GLCA_RABR_GLCA_Plots_be_tblBPU.csv
https://irma.nps.gov/DataStore/DownloadFile/738179,cached,16568,GLCA_2314559,GLCA_RABR_GLCA_Plots_be_tblDataMgmtLog.csv
https://irma.nps.gov/DataStore/DownloadFile/738180,cached,872894,GLCA_2314559,GLCA_RABR_GLCA_Plots_be_tblEnvironment.csv
https://irma.nps.gov/DataStore/DownloadFile/738181,cached,253468,GLCA_2314559,GLCA_RABR_GLCA_Plots_be_tblEnvironmentBU.csv
https://irma.nps.gov/DataStore/DownloadFile/738182,cached,26961,GLCA_2314559,GLCA_RABR_GLCA_Plots_be_tblEnvironmentDetails.csv
https://irma.nps.gov/DataStore/DownloadFile/738183,cached,21639,GLCA_2314559,GLCA_RABR_GLCA_Plots_be_tblFuels.csv
https://irma.nps.gov/DataStore/DownloadFile/738184,cached,77986,GLCA_2314559,GLCA_RABR_GLCA_Plots_be_tblFuelsDetails.csv
https://irma.nps.gov/DataStore/DownloadFile/738185,cached,663,GLCA_2314559,GLCA_RABR_GLCA_Plots_be_tblGeneralPhotos.csv
https://irma.nps.gov/DataStore/DownloadFile/738186,cached,240,GLCA_2314559,GLCA_RABR_GLCA_Plots_be_tblGeneralSpecimens.csv
https://irma.nps.gov/DataStore/DownloadFile/738187,cached,640933,GLCA_2314559,GLCA_RABR_GLCA_Plots_be_tblNCPNPlants.csv
https://irma.nps.gov/DataStore/DownloadFile/738188,cached,639920,GLCA_2314559,GLCA_RABR_GLCA_Plots_be_tblNCPNPlants_Backup.csv
https://irma.nps.gov/DataStore/DownloadFile/738189,cached,10685,GLCA_2314559,GLCA_RABR_GLCA_Plots_be_tblNVCSFinalClassification.csv
https://irma.nps.gov/DataStore/DownloadFile/738190,cached,266517,GLCA_2314559,GLCA_RABR_GLCA_Plots_be_tblPhotos.csv
https://irma.nps.gov/DataStore/DownloadFile/738191,cached,24,GLCA_2314559,GLCA_RABR_GLCA_Plots_be_tblPlotCodeLink.csv
https://irma.nps.gov/DataStore/DownloadFile/738192,cached,272808,GLCA_2314559,GLCA_RABR_GLCA_Plots_be_tblPlotDetails.csv
https://irma.nps.gov/DataStore/DownloadFile/738193,cached,18720,GLCA_2314559,GLCA_RABR_GLCA_Plots_be_tblPlotListfromJanet.csv
https://irma.nps.gov/DataStore/DownloadFile/738194,cached,254589,GLCA_2314559,GLCA_RABR_GLCA_Plots_be_tblPlotLocation.csv
https://irma.nps.gov/DataStore/DownloadFile/738195,cached,841,GLCA_2314559,GLCA_RABR_GLCA_Plots_be_tblTempOtherVouchers.csv
https://irma.nps.gov/DataStore/DownloadFile/738196,cached,386143,GLCA_2314559,GLCA_RABR_GLCA_Plots_be_tblVegetation.csv
https://irma.nps.gov/DataStore/DownloadFile/738197,cached,984241,GLCA_2314559,GLCA_RABR_GLCA_Plots_be_tblVegetationDetails.csv
https://irma.nps.gov/DataStore/DownloadFile/738198,cached,247283,GLCA_2314559,GLCA_RABR_GLCA_Plots_be_tblVegetationDetailsBU.csv
https://irma.nps.gov/DataStore/DownloadFile/738199,cached,39969,GLCA_2314559,GLCA_RABR_GLCA_Plots_be_tlkpAAVegAssociation.csv
https://irma.nps.gov/DataStore/DownloadFile/738200,cached,40,GLCA_2314559,GLCA_RABR_GLCA_Plots_be_tlkpAAVegAssocRanks.csv
https://irma.nps.gov/DataStore/DownloadFile/738201,cached,2873,GLCA_2314559,GLCA_RABR_GLCA_Plots_be_tlkpAlliances.csv
https://irma.nps.gov/DataStore/DownloadFile/738202,cached,15801,GLCA_2314559,GLCA_RABR_GLCA_Plots_be_tlkpAssociations.csv
https://irma.nps.gov/DataStore/DownloadFile/738203,cached,76,GLCA_2314559,GLCA_RABR_GLCA_Plots_be_tlkpCamera.csv
https://irma.nps.gov/DataStore/DownloadFile/738204,cached,191,GLCA_2314559,GLCA_RABR_GLCA_Plots_be_tlkpCover.csv
https://irma.nps.gov/DataStore/DownloadFile/738205,cached,56,GLCA_2314559,GLCA_RABR_GLCA_Plots_be_tlkpCoverAA.csv
https://irma.nps.gov/DataStore/DownloadFile/738206,cached,53,GLCA_2314559,GLCA_RABR_GLCA_Plots_be_tlkpCowardin.csv
https://irma.nps.gov/DataStore/DownloadFile/738207,cached,26,GLCA_2314559,GLCA_RABR_GLCA_Plots_be_tlkpElevSource.csv
https://irma.nps.gov/DataStore/DownloadFile/738208,cached,707,GLCA_2314559,GLCA_RABR_GLCA_Plots_be_tlkpGeology.csv
https://irma.nps.gov/DataStore/DownloadFile/738209,cached,109,GLCA_2314559,GLCA_RABR_GLCA_Plots_be_tlkpHeightClass.csv
https://irma.nps.gov/DataStore/DownloadFile/738210,cached,134,GLCA_2314559,GLCA_RABR_GLCA_Plots_be_tlkpHydrology.csv
https://irma.nps.gov/DataStore/DownloadFile/738211,cached,2047,GLCA_2314559,GLCA_RABR_GLCA_Plots_be_tlkpLandForm.csv
https://irma.nps.gov/DataStore/DownloadFile/738212,cached,111,GLCA_2314559,GLCA_RABR_GLCA_Plots_be_tlkpLeafPhen.csv
https://irma.nps.gov/DataStore/DownloadFile/738213,cached,108,GLCA_2314559,GLCA_RABR_GLCA_Plots_be_tlkpLeafType.csv
https://irma.nps.gov/DataStore/DownloadFile/738214,cached,59,GLCA_2314559,GLCA_RABR_GLCA_Plots_be_tlkpParks.csv
https://irma.nps.gov/DataStore/DownloadFile/738215,cached,120,GLCA_2314559,GLCA_RABR_GLCA_Plots_be_tlkpPhotoComments.csv
https://irma.nps.gov/DataStore/DownloadFile/738216,cached,112,GLCA_2314559,GLCA_RABR_GLCA_Plots_be_tlkpPhotographer.csv
https://irma.nps.gov/DataStore/DownloadFile/738217,cached,56,GLCA_2314559,GLCA_RABR_GLCA_Plots_be_tlkpPhotoTypes.csv
https://irma.nps.gov/DataStore/DownloadFile/738218,cached,147,GLCA_2314559,GLCA_RABR_GLCA_Plots_be_tlkpPhysiogClass.csv
https://irma.nps.gov/DataStore/DownloadFile/738219,cached,51,GLCA_2314559,GLCA_RABR_GLCA_Plots_be_tlkpPJAge.csv
https://irma.nps.gov/DataStore/DownloadFile/738220,cached,28,GLCA_2314559,GLCA_RABR_GLCA_Plots_be_tlkpPlotDiameter.csv
https://irma.nps.gov/DataStore/DownloadFile/738221,cached,31,GLCA_2314559,GLCA_RABR_GLCA_Plots_be_tlkpPlotShapes.csv
https://irma.nps.gov/DataStore/DownloadFile/738222,cached,18535,GLCA_2314559,GLCA_RABR_GLCA_Plots_be_tlkpProvisionalCommunities.csv
https://irma.nps.gov/DataStore/DownloadFile/738223,cached,125,GLCA_2314559,GLCA_RABR_GLCA_Plots_be_tlkpSoilDrainage.csv
https://irma.nps.gov/DataStore/DownloadFile/738224,cached,48,GLCA_2314559,GLCA_RABR_GLCA_Plots_be_tlkpSoilMoisture.csv
https://irma.nps.gov/DataStore/DownloadFile/738225,cached,182,GLCA_2314559,GLCA_RABR_GLCA_Plots_be_tlkpSoilTexture.csv
https://irma.nps.gov/DataStore/DownloadFile/738226,cached,684,GLCA_2314559,GLCA_RABR_GLCA_Plots_be_tlkpStates.csv
https://irma.nps.gov/DataStore/DownloadFile/738227,cached,205,GLCA_2314559,GLCA_RABR_GLCA_Plots_be_tlkpStrata.csv
https://irma.nps.gov/DataStore/DownloadFile/738228,cached,60,GLCA_2314559,GLCA_RABR_GLCA_Plots_be_tlkpStructureStages.csv
https://irma.nps.gov/DataStore/DownloadFile/738229,cached,54,GLCA_2314559,GLCA_RABR_GLCA_Plots_be_tlkpSurfaceWater.csv
https://irma.nps.gov/DataStore/DownloadFile/738230,cached,398,GLCA_2314559,GLCA_RABR_GLCA_Plots_be_tlkpSurveyors.csv
https://irma.nps.gov/DataStore/DownloadFile/738231,cached,109,GLCA_2314559,GLCA_RABR_GLCA_Plots_be_tlkpTopography.csv
https://irma.nps.gov/DataStore/DownloadFile/738232,cached,738,GLCA_2314559,GLCA_RABR_GLCA_Plots_be_tlkpUSGS_Quad.csv
https://irma.nps.gov/DataStore/DownloadFile/738233,cached,11,GLCA_2314559,GLCA_RABR_GLCA_Plots_be_tlkpUTMZone.csv
https://irma.nps.gov/DataStore/DownloadFile/738234,cached,2234,GLCA_2314559,GLCA_RABR_GLCA_Plots_be_tlu_MU_Codes.csv
https://irma.nps.gov/DataStore/DownloadFile/738235,cached,18,GLCA_2314559,GLCA_RABR_GLCA_Plots_be_tlu_Photo_Direction.csv
https://irma.nps.gov/DataStore/DownloadFile/738236,cached,285,GLCA_2314559,GLCA_RABR_GLCA_Plots_be_zFieldWidths.csv
https://irma.nps.gov/DataStore/DownloadFile/738237,cached,1808,GLCA_2314559,GLCA_RABR_GLCA_Plots_be_zLookupFields.csv
https://irma.nps.gov/DataStore/DownloadFile/738238,cached,3105,GLCA_2314559,GLCA_RABR_GLCA_Plots_be_zLookupTables.csv
https://irma.nps.gov/DataStore/DownloadFile/737156,cached,288850,GUMO_2314574,GUMO_tPhotos.csv
https://irma.nps.gov/DataStore/DownloadFile/737157,cached,420515,GUMO_2314574,GUMO_tPlotEvents.csv
https://irma.nps.gov/DataStore/DownloadFile/737158,cached,5665,GUMO_2314574,GUMO_tPlotEvents_MapUnit_Assignment.csv
https://irma.nps.gov/DataStore/DownloadFile/737159,cached,820004,GUMO_2314574,GUMO_tPlotEventSpecies.csv
https://irma.nps.gov/DataStore/DownloadFile/737160,cached,174227,GUMO_2314574,GUMO_tPlots.csv
https://irma.nps.gov/DataStore/DownloadFile/737161,cached,11212,GUMO_2314574,GUMO_tPlots_Autonumber.csv
https://irma.nps.gov/DataStore/DownloadFile/737162,cached,68,GUMO_2314574,GUMO_tProcessSteps.csv
https://irma.nps.gov/DataStore/DownloadFile/737163,cached,723,GUMO_2314574,GUMO_tProjectMetadata.csv
https://irma.nps.gov/DataStore/DownloadFile/737164,cached,27898,GUMO_2314574,GUMO_tSpecies.csv
https://irma.nps.gov/DataStore/DownloadFile/737165,cached,14896,GUMO_2314574,GUMO_xConcept_Reference_lu.csv
https://irma.nps.gov/DataStore/DownloadFile/737166,cached,160,GUMO_2314574,GUMO_xCoverClass_lu.csv
https://irma.nps.gov/DataStore/DownloadFile/737167,cached,136,GUMO_2314574,GUMO_xHeight_Class_lu.csv
https://irma.nps.gov/DataStore/DownloadFile/737168,cached,1169,GUMO_2314574,GUMO_xHydro_Regime_lu.csv
https://irma.nps.gov/DataStore/DownloadFile/737169,cached,18432,GUMO_2314574,GUMO_xLandform_lu.csv
https://irma.nps.gov/DataStore/DownloadFile/737170,cached,178,GUMO_2314574,GUMO_xLeaf_Phenology_lu.csv
https://irma.nps.gov/DataStore/DownloadFile/737171,cached,152,GUMO_2314574,GUMO_xLeaf_Type_lu.csv
https://irma.nps.gov/DataStore/DownloadFile/737172,cached,2453,GUMO_2314574,GUMO_xMapUnit_lu.csv
https://irma.nps.gov/DataStore/DownloadFile/737173,cached,11897,GUMO_2314574,GUMO_xParks_lu.csv
https://irma.nps.gov/DataStore/DownloadFile/737174,cached,474,GUMO_2314574,GUMO_xPhysio_Class_lu.csv
https://irma.nps.gov/DataStore/DownloadFile/737176,cached,148,GUMO_2314574,GUMO_xSoil_Drainage_lu.csv
https://irma.nps.gov/DataStore/DownloadFile/737177,cached,115,GUMO_2314574,GUMO_xSoil_Texture_lu.csv
https://irma.nps.gov/DataStore/DownloadFile/737178,cached,948,GUMO_2314574,GUMO_xState_lu.csv
https://irma.nps.gov/DataStore/DownloadFile/737180,cached,282,GUMO_2314574,GUMO_xStratum_lu.csv
https://irma.nps.gov/DataStore/DownloadFile/737181,cached,1172,GUMO_2314574,GUMO_xSurficial_Geology_lu.csv
https://irma.nps.gov/DataStore/DownloadFile/737182,cached,225,GUMO_2314574,GUMO_xTopo_Position_lu.csv
https://irma.nps.gov/DataStore/DownloadFile/737183,cached,13385,GUMO_2314574,GUMO_xVegAssociation_lu.csv
https://irma.nps.gov/DataStore/DownloadFile/737119,cached,1049091,GUIS_2314573,GUIS_QA_01_spcov.csv
https://irma.nps.gov/DataStore/DownloadFile/737120,cached,655055,GUIS_2314573,GUIS_QA_02_plots.csv
https://irma.nps.gov/DataStore/DownloadFile/737121,cached,119,GUIS_2314573,GUIS_QA_03_duplicates_in_01.csv
https://irma.nps.gov/DataStore/DownloadFile/737122,cached,79,GUIS_2314573,GUIS_QA_04_duplicates_in_02.csv
https://irma.nps.gov/DataStore/DownloadFile/737123,cached,479,GUIS_2314573,GUIS_QA_05_Plots_without_Species.csv
https://irma.nps.gov/DataStore/DownloadFile/737124,cached,82,GUIS_2314573,GUIS_QA_06_Spp_without_Plots.csv
https://irma.nps.gov/DataStore/DownloadFile/737125,cached,21,GUIS_2314573,GUIS_tConnect.csv
https://irma.nps.gov/DataStore/DownloadFile/737126,cached,9070,GUIS_2314573,GUIS_tDataDict.csv
https://irma.nps.gov/DataStore/DownloadFile/737127,cached,922,GUIS_2314573,GUIS_tGlobal.csv
https://irma.nps.gov/DataStore/DownloadFile/737128,cached,281862,GUIS_2314573,GUIS_tPhotos.csv
https://irma.nps.gov/DataStore/DownloadFile/737129,cached,354919,GUIS_2314573,GUIS_tPlotEvents.csv
https://irma.nps.gov/DataStore/DownloadFile/737130,cached,324327,GUIS_2314573,GUIS_tPlotEventSpecies.csv
https://irma.nps.gov/DataStore/DownloadFile/737131,cached,140597,GUIS_2314573,GUIS_tPlots.csv
https://irma.nps.gov/DataStore/DownloadFile/737132,cached,68,GUIS_2314573,GUIS_tProcessSteps.csv
https://irma.nps.gov/DataStore/DownloadFile/737133,cached,813,GUIS_2314573,GUIS_tProjectMetadata.csv
https://irma.nps.gov/DataStore/DownloadFile/737134,cached,17776,GUIS_2314573,GUIS_tSpecies.csv
https://irma.nps.gov/DataStore/DownloadFile/737135,cached,14896,GUIS_2314573,GUIS_xConcept_Reference_lu.csv
https://irma.nps.gov/DataStore/DownloadFile/737136,cached,166,GUIS_2314573,GUIS_xCoverClass_lu.csv
https://irma.nps.gov/DataStore/DownloadFile/737137,cached,136,GUIS_2314573,GUIS_xHeight_Class_lu.csv
https://irma.nps.gov/DataStore/DownloadFile/737138,cached,1169,GUIS_2314573,GUIS_xHydro_Regime_lu.csv
https://irma.nps.gov/DataStore/DownloadFile/737139,cached,18432,GUIS_2314573,GUIS_xLandform_lu.csv
https://irma.nps.gov/DataStore/DownloadFile/737140,cached,178,GUIS_2314573,GUIS_xLeaf_Phenology_lu.csv
https://irma.nps.gov/DataStore/DownloadFile/737141,cached,152,GUIS_2314573,GUIS_xLeaf_Type_lu.csv
https://irma.nps.gov/DataStore/DownloadFile/737142,cached,2777,GUIS_2314573,GUIS_xMapUnit_lu.csv
https://irma.nps.gov/DataStore/DownloadFile/737143,cached,11897,GUIS_2314573,GUIS_xParks_lu.csv
https://irma.nps.gov/DataStore/DownloadFile/737144,cached,474,GUIS_2314573,GUIS_xPhysio_Class_lu.csv
https://irma.nps.gov/DataStore/DownloadFile/737146,cached,148,GUIS_2314573,GUIS_xSoil_Drainage_lu.csv
https://irma.nps.gov/DataStore/DownloadFile/737147,cached,115,GUIS_2314573,GUIS_xSoil_Texture_lu.csv
https://irma.nps.gov/DataStore/DownloadFile/737148,cached,948,GUIS_2314573,GUIS_xState_lu.csv
https://irma.nps.gov/DataStore/DownloadFile/737149,cached,282,GUIS_2314573,GUIS_xStratum_lu.csv
https://irma.nps.gov/DataStore/DownloadFile/737150,cached,1172,GUIS_2314573,GUIS_xSurficial_Geology_lu.csv
https://irma.nps.gov/DataStore/DownloadFile/737151,cached,225,GUIS_2314573,GUIS_xTopo_Position_lu.csv
https://irma.nps.gov/DataStore/DownloadFile/737152,cached,565034,GUIS_2314573,GUIS_xVegAssociation_lu.csv
https://irma.nps.gov/DataStore/DownloadFile/737295,cached,37645,HAVO_2314581,HAVO_qry_aa_spatial.csv
https://irma.nps.gov/DataStore/DownloadFile/737296,cached,5741,HAVO_2314581,HAVO_qry_aa_species.csv
https://irma.nps.gov/DataStore/DownloadFile/737297,cached,14563,HAVO_2314581,HAVO_qry_All_species_detected.csv
https://irma.nps.gov/DataStore/DownloadFile/737298,cached,301135,HAVO_2314581,HAVO_qry_plots.csv
https://irma.nps.gov/DataStore/DownloadFile/737299,cached,128234,HAVO_2314581,HAVO_qry_Plots_not_in_park.csv
https://irma.nps.gov/DataStore/DownloadFile/737300,cached,25715,HAVO_2314581,HAVO_qry_plots_spatial.csv
https://irma.nps.gov/DataStore/DownloadFile/737301,cached,13502,HAVO_2314581,HAVO_qry_plots_species.csv
https://irma.nps.gov/DataStore/DownloadFile/737302,cached,765302,HAVO_2314581,HAVO_qry_spcov.csv
https://irma.nps.gov/DataStore/DownloadFile/737303,cached,59870,HAVO_2314581,HAVO_tAA.csv
https://irma.nps.gov/DataStore/DownloadFile/737304,cached,150797,HAVO_2314581,HAVO_tAAEvents.csv
https://irma.nps.gov/DataStore/DownloadFile/737305,cached,183943,HAVO_2314581,HAVO_tAAStratum.csv
https://irma.nps.gov/DataStore/DownloadFile/737306,cached,88916,HAVO_2314581,HAVO_tAAVegetation.csv
https://irma.nps.gov/DataStore/DownloadFile/737307,cached,340991,HAVO_2314581,HAVO_tAAVegetationDetails.csv
https://irma.nps.gov/DataStore/DownloadFile/737308,cached,21,HAVO_2314581,HAVO_tConnect.csv
https://irma.nps.gov/DataStore/DownloadFile/737309,cached,46,HAVO_2314581,HAVO_tGlobal.csv
https://irma.nps.gov/DataStore/DownloadFile/737310,cached,1279028,HAVO_2314581,HAVO_tPhotos.csv
https://irma.nps.gov/DataStore/DownloadFile/737311,cached,215885,HAVO_2314581,HAVO_tPlotEvents.csv
https://irma.nps.gov/DataStore/DownloadFile/737312,cached,502037,HAVO_2314581,HAVO_tPlotEventSpecies.csv
https://irma.nps.gov/DataStore/DownloadFile/737313,cached,89971,HAVO_2314581,HAVO_tPlots.csv
https://irma.nps.gov/DataStore/DownloadFile/737314,cached,1333,HAVO_2314581,HAVO_tProjectMetadata.csv
https://irma.nps.gov/DataStore/DownloadFile/737315,cached,15596,HAVO_2314581,HAVO_tSpecies.csv
https://irma.nps.gov/DataStore/DownloadFile/737316,cached,593,HAVO_2314581,HAVO_xConcept_Reference_lu.csv
https://irma.nps.gov/DataStore/DownloadFile/737317,cached,251,HAVO_2314581,HAVO_xCoverClass_lu.csv
https://irma.nps.gov/DataStore/DownloadFile/737318,cached,72,HAVO_2314581,HAVO_xCoverClassObs_lu.csv
https://irma.nps.gov/DataStore/DownloadFile/737319,cached,220,HAVO_2314581,HAVO_xHeight_Class_lu.csv
https://irma.nps.gov/DataStore/DownloadFile/737320,cached,1169,HAVO_2314581,HAVO_xHydro_Regime_lu.csv
https://irma.nps.gov/DataStore/DownloadFile/737321,cached,1083,HAVO_2314581,HAVO_xLandform_lu.csv
https://irma.nps.gov/DataStore/DownloadFile/737322,cached,136,HAVO_2314581,HAVO_xLeaf_Phenology_lu.csv
https://irma.nps.gov/DataStore/DownloadFile/737323,cached,124,HAVO_2314581,HAVO_xLeaf_Type_lu.csv
https://irma.nps.gov/DataStore/DownloadFile/737324,cached,16293,HAVO_2314581,HAVO_xMapUnit_lu.csv
https://irma.nps.gov/DataStore/DownloadFile/737325,cached,11897,HAVO_2314581,HAVO_xParks_lu.csv
https://irma.nps.gov/DataStore/DownloadFile/737326,cached,544,HAVO_2314581,HAVO_xPhysio_Class_lu.csv
https://irma.nps.gov/DataStore/DownloadFile/737328,cached,148,HAVO_2314581,HAVO_xSoil_Drainage_lu.csv
https://irma.nps.gov/DataStore/DownloadFile/737329,cached,182,HAVO_2314581,HAVO_xSoil_Texture_lu.csv
https://irma.nps.gov/DataStore/DownloadFile/737330,cached,948,HAVO_2314581,HAVO_xState_lu.csv
https://irma.nps.gov/DataStore/DownloadFile/737331,cached,284,HAVO_2314581,HAVO_xStratum_lu.csv
https://irma.nps.gov/DataStore/DownloadFile/737332,cached,192,HAVO_2314581,HAVO_xSurficial_Geology_lu.csv
https://irma.nps.gov/DataStore/DownloadFile/737333,cached,255,HAVO_2314581,HAVO_xTopo_Position_lu.csv
https://irma.nps.gov/DataStore/DownloadFile/737334,cached,7954,HAVO_2314581,HAVO_xVegAssociation_lu.csv
https://irma.nps.gov/DataStore/DownloadFile/737370,cached,22070,HOBE_2314583,HOBE_tAA.csv
https://irma.nps.gov/DataStore/DownloadFile/737371,cached,67113,HOBE_2314583,HOBE_tAAEvents.csv
https://irma.nps.gov/DataStore/DownloadFile/737372,cached,21,HOBE_2314583,HOBE_tConnect.csv
https://irma.nps.gov/DataStore/DownloadFile/737373,cached,935,HOBE_2314583,HOBE_tGlobal.csv
https://irma.nps.gov/DataStore/DownloadFile/737374,cached,74668,HOBE_2314583,HOBE_tPhotos.csv
https://irma.nps.gov/DataStore/DownloadFile/737375,cached,15691,HOBE_2314583,HOBE_tPlotEvents.csv
https://irma.nps.gov/DataStore/DownloadFile/737376,cached,75324,HOBE_2314583,HOBE_tPlotEventSpecies.csv
https://irma.nps.gov/DataStore/DownloadFile/737377,cached,24138,HOBE_2314583,HOBE_tPlots.csv
https://irma.nps.gov/DataStore/DownloadFile/737378,cached,818,HOBE_2314583,HOBE_tProjectMetadata.csv
https://irma.nps.gov/DataStore/DownloadFile/737379,cached,51239,HOBE_2314583,HOBE_tSpecies.csv
https://irma.nps.gov/DataStore/DownloadFile/737380,cached,14896,HOBE_2314583,HOBE_xConcept_Reference_lu.csv
https://irma.nps.gov/DataStore/DownloadFile/737381,cached,160,HOBE_2314583,HOBE_xCoverClass_lu.csv
https://irma.nps.gov/DataStore/DownloadFile/737382,cached,136,HOBE_2314583,HOBE_xHeight_Class_lu.csv
https://irma.nps.gov/DataStore/DownloadFile/737383,cached,1169,HOBE_2314583,HOBE_xHydro_Regime_lu.csv
https://irma.nps.gov/DataStore/DownloadFile/737384,cached,18432,HOBE_2314583,HOBE_xLandform_lu.csv
https://irma.nps.gov/DataStore/DownloadFile/737385,cached,178,HOBE_2314583,HOBE_xLeaf_Phenology_lu.csv
https://irma.nps.gov/DataStore/DownloadFile/737386,cached,152,HOBE_2314583,HOBE_xLeaf_Type_lu.csv
https://irma.nps.gov/DataStore/DownloadFile/737387,cached,21,HOBE_2314583,HOBE_xMapUnit_lu.csv
https://irma.nps.gov/DataStore/DownloadFile/737388,cached,11897,HOBE_2314583,HOBE_xParks_lu.csv
https://irma.nps.gov/DataStore/DownloadFile/737389,cached,474,HOBE_2314583,HOBE_xPhysio_Class_lu.csv
https://irma.nps.gov/DataStore/DownloadFile/737391,cached,148,HOBE_2314583,HOBE_xSoil_Drainage_lu.csv
https://irma.nps.gov/DataStore/DownloadFile/737392,cached,115,HOBE_2314583,HOBE_xSoil_Texture_lu.csv
https://irma.nps.gov/DataStore/DownloadFile/737393,cached,948,HOBE_2314583,HOBE_xState_lu.csv
https://irma.nps.gov/DataStore/DownloadFile/737394,cached,282,HOBE_2314583,HOBE_xStratum_lu.csv
https://irma.nps.gov/DataStore/DownloadFile/737395,cached,1172,HOBE_2314583,HOBE_xSurficial_Geology_lu.csv
https://irma.nps.gov/DataStore/DownloadFile/737396,cached,225,HOBE_2314583,HOBE_xTopo_Position_lu.csv
https://irma.nps.gov/DataStore/DownloadFile/737397,cached,709418,HOBE_2314583,HOBE_xVegAssociation_lu.csv
https://irma.nps.gov/DataStore/DownloadFile/737768,cached,976,KAHO_2314599,KAHO_qry_All_map_codes.csv
https://irma.nps.gov/DataStore/DownloadFile/737769,cached,932,KAHO_2314599,KAHO_qry_Classified_map_codes.csv
https://irma.nps.gov/DataStore/DownloadFile/737770,cached,827,KAHO_2314599,KAHO_qry_Primary_map_codes.csv
https://irma.nps.gov/DataStore/DownloadFile/737771,cached,438,KAHO_2314599,KAHO_qry_Secondary_map_codes.csv
https://irma.nps.gov/DataStore/DownloadFile/737772,cached,36604,KAHO_2314599,KAHO_qry_sp_cov.csv
https://irma.nps.gov/DataStore/DownloadFile/737773,cached,10590,KAHO_2314599,KAHO_tAA.csv
https://irma.nps.gov/DataStore/DownloadFile/737774,cached,24999,KAHO_2314599,KAHO_tAAEvents.csv
https://irma.nps.gov/DataStore/DownloadFile/737775,cached,32139,KAHO_2314599,KAHO_tAAPhotos.csv
https://irma.nps.gov/DataStore/DownloadFile/737776,cached,16672,KAHO_2314599,KAHO_tAAStratum.csv
https://irma.nps.gov/DataStore/DownloadFile/737777,cached,10237,KAHO_2314599,KAHO_tAAVegetation.csv
https://irma.nps.gov/DataStore/DownloadFile/737778,cached,27084,KAHO_2314599,KAHO_tAAVegetationDetails.csv
https://irma.nps.gov/DataStore/DownloadFile/737779,cached,21,KAHO_2314599,KAHO_tConnect.csv
https://irma.nps.gov/DataStore/DownloadFile/737780,cached,46,KAHO_2314599,KAHO_tGlobal.csv
https://irma.nps.gov/DataStore/DownloadFile/737781,cached,36056,KAHO_2314599,KAHO_tPhotos.csv
https://irma.nps.gov/DataStore/DownloadFile/737782,cached,27582,KAHO_2314599,KAHO_tPlotEvents.csv
https://irma.nps.gov/DataStore/DownloadFile/737783,cached,24742,KAHO_2314599,KAHO_tPlotEventSpecies.csv
https://irma.nps.gov/DataStore/DownloadFile/737784,cached,12534,KAHO_2314599,KAHO_tPlots.csv
https://irma.nps.gov/DataStore/DownloadFile/737785,cached,471,KAHO_2314599,KAHO_tProjectMetadata.csv
https://irma.nps.gov/DataStore/DownloadFile/737786,cached,2678,KAHO_2314599,KAHO_tSpecies.csv
https://irma.nps.gov/DataStore/DownloadFile/737787,cached,14896,KAHO_2314599,KAHO_xConcept_Reference_lu.csv
https://irma.nps.gov/DataStore/DownloadFile/737788,cached,295,KAHO_2314599,KAHO_xCoverClass_lu.csv
https://irma.nps.gov/DataStore/DownloadFile/737789,cached,72,KAHO_2314599,KAHO_xCoverClassObs_lu.csv
https://irma.nps.gov/DataStore/DownloadFile/737790,cached,220,KAHO_2314599,KAHO_xHeight_Class_lu.csv
https://irma.nps.gov/DataStore/DownloadFile/737791,cached,1169,KAHO_2314599,KAHO_xHydro_Regime_lu.csv
https://irma.nps.gov/DataStore/DownloadFile/737792,cached,1083,KAHO_2314599,KAHO_xLandform_lu.csv
https://irma.nps.gov/DataStore/DownloadFile/737793,cached,136,KAHO_2314599,KAHO_xLeaf_Phenology_lu.csv
https://irma.nps.gov/DataStore/DownloadFile/737794,cached,108,KAHO_2314599,KAHO_xLeaf_Type_lu.csv
https://irma.nps.gov/DataStore/DownloadFile/737795,cached,2108,KAHO_2314599,KAHO_xMapUnit_lu.csv
https://irma.nps.gov/DataStore/DownloadFile/737796,cached,11896,KAHO_2314599,KAHO_xParks_lu.csv
https://irma.nps.gov/DataStore/DownloadFile/737797,cached,544,KAHO_2314599,KAHO_xPhysio_Class_lu.csv
https://irma.nps.gov/DataStore/DownloadFile/737799,cached,148,KAHO_2314599,KAHO_xSoil_Drainage_lu.csv
https://irma.nps.gov/DataStore/DownloadFile/737800,cached,182,KAHO_2314599,KAHO_xSoil_Texture_lu.csv
https://irma.nps.gov/DataStore/DownloadFile/737801,cached,948,KAHO_2314599,KAHO_xState_lu.csv
https://irma.nps.gov/DataStore/DownloadFile/737802,cached,284,KAHO_2314599,KAHO_xStratum_lu.csv
https://irma.nps.gov/DataStore/DownloadFile/737803,cached,192,KAHO_2314599,KAHO_xSurficial_Geology_lu.csv
https://irma.nps.gov/DataStore/DownloadFile/737804,cached,255,KAHO_2314599,KAHO_xTopo_Position_lu.csv
https://irma.nps.gov/DataStore/DownloadFile/737805,cached,1399,KAHO_2314599,KAHO_xVegAssociation_lu.csv
https://irma.nps.gov/DataStore/DownloadFile/737849,cached,66890,AKR_2314601,KEFJ_AIR_COVER.csv
https://irma.nps.gov/DataStore/DownloadFile/737850,cached,78442,AKR_2314601,KEFJ_AIR_SITE.csv
https://irma.nps.gov/DataStore/DownloadFile/737851,cached,55,AKR_2314601,KEFJ_Biome.csv
https://irma.nps.gov/DataStore/DownloadFile/737852,cached,96,AKR_2314601,KEFJ_Camera.csv
https://irma.nps.gov/DataStore/DownloadFile/737853,cached,15635,AKR_2314601,KEFJ_Data_entry_notes.csv
https://irma.nps.gov/DataStore/DownloadFile/737854,cached,502151,AKR_2314601,KEFJ_GR_COVER_limited.csv
https://irma.nps.gov/DataStore/DownloadFile/737855,cached,519794,AKR_2314601,KEFJ_GROUND_COVER.csv
https://irma.nps.gov/DataStore/DownloadFile/737856,cached,348142,AKR_2314601,KEFJ_GROUND_SITE.csv
https://irma.nps.gov/DataStore/DownloadFile/737857,cached,2655,AKR_2314601,KEFJ_LC_CLASS.csv
https://irma.nps.gov/DataStore/DownloadFile/737858,cached,85,AKR_2314601,KEFJ_MOIST_CL.csv
https://irma.nps.gov/DataStore/DownloadFile/737861,cached,595,AKR_2314601,KEFJ_Paste_Errors.csv
https://irma.nps.gov/DataStore/DownloadFile/737862,cached,5423,AKR_2314601,KEFJ_PCT_Lookup.csv
https://irma.nps.gov/DataStore/DownloadFile/737863,cached,568032,AKR_2314601,KEFJ_Species.csv
https://irma.nps.gov/DataStore/DownloadFile/737864,cached,907504,AKR_2314601,KEFJ_Species_limited.csv
https://irma.nps.gov/DataStore/DownloadFile/737865,cached,5253,AKR_2314601,KEFJ_Species_list_accepted.csv
https://irma.nps.gov/DataStore/DownloadFile/737866,cached,436760,AKR_2314601,KEFJ_tbl_image.csv
https://irma.nps.gov/DataStore/DownloadFile/737867,cached,171,AKR_2314601,KEFJ_tbl_image_location.csv
https://irma.nps.gov/DataStore/DownloadFile/737868,cached,1241,AKR_2314601,KEFJ_tbl_image_software.csv
https://irma.nps.gov/DataStore/DownloadFile/737869,cached,79,AKR_2314601,KEFJ_tbl_parent.csv
https://irma.nps.gov/DataStore/DownloadFile/737870,cached,17573,AKR_2314601,KEFJ_TREE_CORE.csv
https://irma.nps.gov/DataStore/DownloadFile/737871,cached,81070,AKR_2314601,KEFJ_xref_image_parent.csv
https://irma.nps.gov/DataStore/DownloadFile/737906,cached,108920,KIMO_2314603,KIMO_sp_cov.csv
https://irma.nps.gov/DataStore/DownloadFile/737907,cached,25813,KIMO_2314603,KIMO_tAA.csv
https://irma.nps.gov/DataStore/DownloadFile/737908,cached,40369,KIMO_2314603,KIMO_tAAEvents.csv
https://irma.nps.gov/DataStore/DownloadFile/737909,cached,21,KIMO_2314603,KIMO_tConnect.csv
https://irma.nps.gov/DataStore/DownloadFile/737910,cached,2037,KIMO_2314603,KIMO_tGlobal.csv
https://irma.nps.gov/DataStore/DownloadFile/737911,cached,108,KIMO_2314603,KIMO_tPhotos.csv
https://irma.nps.gov/DataStore/DownloadFile/737912,cached,12160,KIMO_2314603,KIMO_tPlotEvents.csv
https://irma.nps.gov/DataStore/DownloadFile/737913,cached,44828,KIMO_2314603,KIMO_tPlotEventSpecies.csv
https://irma.nps.gov/DataStore/DownloadFile/737914,cached,9073,KIMO_2314603,KIMO_tPlots.csv
https://irma.nps.gov/DataStore/DownloadFile/737915,cached,2143,KIMO_2314603,KIMO_tProjectMetadata.csv
https://irma.nps.gov/DataStore/DownloadFile/737916,cached,18615,KIMO_2314603,KIMO_tSpecies.csv
https://irma.nps.gov/DataStore/DownloadFile/737917,cached,14897,KIMO_2314603,KIMO_xConcept_Reference_lu.csv
https://irma.nps.gov/DataStore/DownloadFile/737918,cached,160,KIMO_2314603,KIMO_xCoverClass_lu.csv
https://irma.nps.gov/DataStore/DownloadFile/737919,cached,160,KIMO_2314603,KIMO_xHeight_Class_lu.csv
https://irma.nps.gov/DataStore/DownloadFile/737920,cached,1169,KIMO_2314603,KIMO_xHydro_Regime_lu.csv
https://irma.nps.gov/DataStore/DownloadFile/737921,cached,18432,KIMO_2314603,KIMO_xLandform_lu.csv
https://irma.nps.gov/DataStore/DownloadFile/737922,cached,178,KIMO_2314603,KIMO_xLeaf_Phenology_lu.csv
https://irma.nps.gov/DataStore/DownloadFile/737923,cached,152,KIMO_2314603,KIMO_xLeaf_Type_lu.csv
https://irma.nps.gov/DataStore/DownloadFile/737924,cached,1068,KIMO_2314603,KIMO_xMapUnit_lu.csv
https://irma.nps.gov/DataStore/DownloadFile/737925,cached,11897,KIMO_2314603,KIMO_xParks_lu.csv
https://irma.nps.gov/DataStore/DownloadFile/737926,cached,474,KIMO_2314603,KIMO_xPhysio_Class_lu.csv
https://irma.nps.gov/DataStore/DownloadFile/737928,cached,148,KIMO_2314603,KIMO_xSoil_Drainage_lu.csv
https://irma.nps.gov/DataStore/DownloadFile/737929,cached,115,KIMO_2314603,KIMO_xSoil_Texture_lu.csv
https://irma.nps.gov/DataStore/DownloadFile/737930,cached,948,KIMO_2314603,KIMO_xState_lu.csv
https://irma.nps.gov/DataStore/DownloadFile/737931,cached,281,KIMO_2314603,KIMO_xStratum_lu.csv
https://irma.nps.gov/DataStore/DownloadFile/737932,cached,1202,KIMO_2314603,KIMO_xSurficial_Geology_lu.csv
https://irma.nps.gov/DataStore/DownloadFile/737933,cached,225,KIMO_2314603,KIMO_xTopo_Position_lu.csv
https://irma.nps.gov/DataStore/DownloadFile/737934,cached,2736,KIMO_2314603,KIMO_xVegAssociation_lu.csv
https://irma.nps.gov/DataStore/DownloadFile/737936,cached,4596,AKR_2314604,KLGO__someTrimbleRandM.csv
https://irma.nps.gov/DataStore/DownloadFile/737937,cached,1083,AKR_2314604,KLGO__TBL_Cov_GRID.csv
https://irma.nps.gov/DataStore/DownloadFile/737938,cached,9589,AKR_2314604,KLGO__Trimble_I082211A_Plot.csv
https://irma.nps.gov/DataStore/DownloadFile/737939,cached,46539,AKR_2314604,KLGO_JointGPS.csv
https://irma.nps.gov/DataStore/DownloadFile/737940,cached,38088,AKR_2314604,KLGO_KLGO_Garmins2011.csv
https://irma.nps.gov/DataStore/DownloadFile/737943,cached,1756345,AKR_2314604,KLGO_REF_AKspecies.csv
https://irma.nps.gov/DataStore/DownloadFile/737944,cached,234,AKR_2314604,KLGO_REF_AreaSize.csv
https://irma.nps.gov/DataStore/DownloadFile/737945,cached,75,AKR_2314604,KLGO_REF_Camera.csv
https://irma.nps.gov/DataStore/DownloadFile/737946,cached,142,AKR_2314604,KLGO_REF_Hydrologic.csv
https://irma.nps.gov/DataStore/DownloadFile/737947,cached,1164,AKR_2314604,KLGO_REF_Landforms.csv
https://irma.nps.gov/DataStore/DownloadFile/737948,cached,736,AKR_2314604,KLGO_REF_MapClass.csv
https://irma.nps.gov/DataStore/DownloadFile/737949,cached,2076,AKR_2314604,KLGO_REF_PAClass.csv
https://irma.nps.gov/DataStore/DownloadFile/737950,cached,238,AKR_2314604,KLGO_REF_PAsize.csv
https://irma.nps.gov/DataStore/DownloadFile/737951,cached,96,AKR_2314604,KLGO_REF_Physiography.csv
https://irma.nps.gov/DataStore/DownloadFile/737952,cached,122,AKR_2314604,KLGO_REF_PlotType.csv
https://irma.nps.gov/DataStore/DownloadFile/737953,cached,6686,AKR_2314604,KLGO_REF_Viereck.csv
https://irma.nps.gov/DataStore/DownloadFile/737954,cached,340,AKR_2314604,KLGO_Reminders.csv
https://irma.nps.gov/DataStore/DownloadFile/737955,cached,83244,AKR_2314604,KLGO_tbl_image.csv
https://irma.nps.gov/DataStore/DownloadFile/737956,cached,189,AKR_2314604,KLGO_tbl_image_location.csv
https://irma.nps.gov/DataStore/DownloadFile/737957,cached,1176,AKR_2314604,KLGO_tbl_image_software.csv
https://irma.nps.gov/DataStore/DownloadFile/737958,cached,93604,AKR_2314604,KLGO_tbl_image_with_datasheetIdPics.csv
https://irma.nps.gov/DataStore/DownloadFile/737959,cached,27193,AKR_2314604,KLGO_TBL_Lifeform.csv
https://irma.nps.gov/DataStore/DownloadFile/737960,cached,56,AKR_2314604,KLGO_tbl_parent.csv
https://irma.nps.gov/DataStore/DownloadFile/737961,cached,83230,AKR_2314604,KLGO_TBL_SITE.csv
https://irma.nps.gov/DataStore/DownloadFile/737962,cached,250818,AKR_2314604,KLGO_TBL_VegCover.csv
https://irma.nps.gov/DataStore/DownloadFile/737963,cached,145267,AKR_2314604,KLGO_TBL_VegCover_AKVC_Forest.csv
https://irma.nps.gov/DataStore/DownloadFile/737964,cached,73100,AKR_2314604,KLGO_TBL_VegCover_AKVC_Forest_Crosstab.csv
https://irma.nps.gov/DataStore/DownloadFile/737965,cached,73975,AKR_2314604,KLGO_TBL_VegCover_AKVC_Forest_Height_Crosstab.csv
https://irma.nps.gov/DataStore/DownloadFile/737966,cached,259038,AKR_2314604,KLGO_TBL_VegCover_and_AKVC_Query.csv
https://irma.nps.gov/DataStore/DownloadFile/737967,cached,120546,AKR_2314604,KLGO_TBL_VegCover_Query.csv
https://irma.nps.gov/DataStore/DownloadFile/737968,cached,14785,AKR_2314604,KLGO_TBL_VegCover_Query_Query.csv
https://irma.nps.gov/DataStore/DownloadFile/737969,cached,16871,AKR_2314604,KLGO_TrimbleCorPlotExport.csv
https://irma.nps.gov/DataStore/DownloadFile/737970,cached,194408,AKR_2314604,KLGO_VegCover_AKRefQuery.csv
https://irma.nps.gov/DataStore/DownloadFile/737971,cached,1208,AKR_2314604,KLGO_Win72010tbl_image_software.csv
https://irma.nps.gov/DataStore/DownloadFile/737972,cached,23935,AKR_2314604,KLGO_xref_image_parent.csv
https://irma.nps.gov/DataStore/DownloadFile/738011,cached,3579559,LAKE_2314607,LAKE_AllReports.csv
https://irma.nps.gov/DataStore/DownloadFile/738014,cached,3594736,LAKE_2314607,LAKE_QA_01_spcov.csv
https://irma.nps.gov/DataStore/DownloadFile/738015,cached,1231118,LAKE_2314607,LAKE_QA_02_plots.csv
https://irma.nps.gov/DataStore/DownloadFile/738016,cached,119,LAKE_2314607,LAKE_QA_03_duplicates_in_01.csv
https://irma.nps.gov/DataStore/DownloadFile/738017,cached,79,LAKE_2314607,LAKE_QA_04_duplicates_in_02.csv
https://irma.nps.gov/DataStore/DownloadFile/738018,cached,125,LAKE_2314607,LAKE_QA_05_Plots_without_Species.csv
https://irma.nps.gov/DataStore/DownloadFile/738019,cached,82,LAKE_2314607,LAKE_QA_06_Spp_without_Plots.csv
https://irma.nps.gov/DataStore/DownloadFile/738020,cached,21,LAKE_2314607,LAKE_tConnect.csv
https://irma.nps.gov/DataStore/DownloadFile/738021,cached,3421,LAKE_2314607,LAKE_tGlobal.csv
https://irma.nps.gov/DataStore/DownloadFile/738022,cached,260924,LAKE_2314607,LAKE_tPhotos.csv
https://irma.nps.gov/DataStore/DownloadFile/738023,cached,158256,LAKE_2314607,LAKE_tPlants_BangleSubset.csv
https://irma.nps.gov/DataStore/DownloadFile/738024,cached,737390,LAKE_2314607,LAKE_tPlotEvents.csv
https://irma.nps.gov/DataStore/DownloadFile/738025,cached,2021,LAKE_2314607,LAKE_tPlotEvents_Without_Matching_xVegAssociation_lu.csv
https://irma.nps.gov/DataStore/DownloadFile/738026,cached,1239935,LAKE_2314607,LAKE_tPlotEventSpecies.csv
https://irma.nps.gov/DataStore/DownloadFile/738027,cached,432658,LAKE_2314607,LAKE_tPlots.csv
https://irma.nps.gov/DataStore/DownloadFile/738028,cached,214,LAKE_2314607,LAKE_tProcessSteps.csv
https://irma.nps.gov/DataStore/DownloadFile/738029,cached,4598,LAKE_2314607,LAKE_tProjectMetadata.csv
https://irma.nps.gov/DataStore/DownloadFile/738030,cached,41329,LAKE_2314607,LAKE_tSpecies.csv
https://irma.nps.gov/DataStore/DownloadFile/738031,cached,7528,LAKE_2314607,LAKE_veg_final_2_AA_events.csv
https://irma.nps.gov/DataStore/DownloadFile/738032,cached,809,LAKE_2314607,LAKE_x_Alliance2MU_lu.csv
https://irma.nps.gov/DataStore/DownloadFile/738033,cached,14896,LAKE_2314607,LAKE_xConcept_Reference_lu.csv
https://irma.nps.gov/DataStore/DownloadFile/738034,cached,160,LAKE_2314607,LAKE_xCoverClass_lu.csv
https://irma.nps.gov/DataStore/DownloadFile/738035,cached,136,LAKE_2314607,LAKE_xHeight_Class_lu.csv
https://irma.nps.gov/DataStore/DownloadFile/738036,cached,1169,LAKE_2314607,LAKE_xHydro_Regime_lu.csv
https://irma.nps.gov/DataStore/DownloadFile/738037,cached,18432,LAKE_2314607,LAKE_xLandform_lu.csv
https://irma.nps.gov/DataStore/DownloadFile/738038,cached,178,LAKE_2314607,LAKE_xLeaf_Phenology_lu.csv
https://irma.nps.gov/DataStore/DownloadFile/738039,cached,152,LAKE_2314607,LAKE_xLeaf_Type_lu.csv
https://irma.nps.gov/DataStore/DownloadFile/738040,cached,2835,LAKE_2314607,LAKE_xMapUnit_lu.csv
https://irma.nps.gov/DataStore/DownloadFile/738041,cached,11942,LAKE_2314607,LAKE_xParks_lu.csv
https://irma.nps.gov/DataStore/DownloadFile/738042,cached,474,LAKE_2314607,LAKE_xPhysio_Class_lu.csv
https://irma.nps.gov/DataStore/DownloadFile/738044,cached,148,LAKE_2314607,LAKE_xSoil_Drainage_lu.csv
https://irma.nps.gov/DataStore/DownloadFile/738045,cached,115,LAKE_2314607,LAKE_xSoil_Texture_lu.csv
https://irma.nps.gov/DataStore/DownloadFile/738046,cached,948,LAKE_2314607,LAKE_xState_lu.csv
https://irma.nps.gov/DataStore/DownloadFile/738047,cached,282,LAKE_2314607,LAKE_xStratum_lu.csv
https://irma.nps.gov/DataStore/DownloadFile/738048,cached,1172,LAKE_2314607,LAKE_xSurficial_Geology_lu.csv
https://irma.nps.gov/DataStore/DownloadFile/738049,cached,225,LAKE_2314607,LAKE_xTopo_Position_lu.csv
https://irma.nps.gov/DataStore/DownloadFile/738051,cached,569779,LAKE_2314607,LAKE_xVegAssociation_lu.csv
https://irma.nps.gov/DataStore/DownloadFile/738517,cached,132962,MNRR_2314620,MNRR_Full_veg_plot_querry.csv
https://irma.nps.gov/DataStore/DownloadFile/738518,cached,1124,MNRR_2314620,MNRR_MapClass2Assoc.csv
https://irma.nps.gov/DataStore/DownloadFile/738521,cached,151233,MNRR_2314620,MNRR_PhotoViewer_01_PlotAttributes.csv
https://irma.nps.gov/DataStore/DownloadFile/738522,cached,509046,MNRR_2314620,MNRR_PhotoViewer_02_PlotPhotos.csv
https://irma.nps.gov/DataStore/DownloadFile/738523,cached,590384,MNRR_2314620,MNRR_PhotoViewer_03_PlotSpecies.csv
https://irma.nps.gov/DataStore/DownloadFile/738524,cached,46614,MNRR_2314620,MNRR_PrimaryCall2MapClass.csv
https://irma.nps.gov/DataStore/DownloadFile/738525,cached,848795,MNRR_2314620,MNRR_QA_01_spcov.csv
https://irma.nps.gov/DataStore/DownloadFile/738526,cached,119,MNRR_2314620,MNRR_QA_03_duplicates_in_01.csv
https://irma.nps.gov/DataStore/DownloadFile/738527,cached,965,MNRR_2314620,MNRR_QA_05_Plots_without_Species.csv
https://irma.nps.gov/DataStore/DownloadFile/738528,cached,82,MNRR_2314620,MNRR_QA_06_Spp_without_Plots.csv
https://irma.nps.gov/DataStore/DownloadFile/738529,cached,26013,MNRR_2314620,MNRR_SecondaryCall2MapClass.csv
https://irma.nps.gov/DataStore/DownloadFile/738530,cached,21,MNRR_2314620,MNRR_tConnect.csv
https://irma.nps.gov/DataStore/DownloadFile/738531,cached,3779,MNRR_2314620,MNRR_tGlobal.csv
https://irma.nps.gov/DataStore/DownloadFile/738532,cached,322333,MNRR_2314620,MNRR_tPhotos.csv
https://irma.nps.gov/DataStore/DownloadFile/738533,cached,342891,MNRR_2314620,MNRR_tPlotEvents.csv
https://irma.nps.gov/DataStore/DownloadFile/738534,cached,35441,MNRR_2314620,MNRR_tPlotEvents_Crosstab.csv
https://irma.nps.gov/DataStore/DownloadFile/738535,cached,243931,MNRR_2314620,MNRR_tPlotEventSpecies.csv
https://irma.nps.gov/DataStore/DownloadFile/738536,cached,133250,MNRR_2314620,MNRR_tPlots.csv
https://irma.nps.gov/DataStore/DownloadFile/738537,cached,115,MNRR_2314620,MNRR_tProcessSteps.csv
https://irma.nps.gov/DataStore/DownloadFile/738538,cached,474,MNRR_2314620,MNRR_tProjectMetadata.csv
https://irma.nps.gov/DataStore/DownloadFile/738539,cached,14608,MNRR_2314620,MNRR_tSpecies.csv
https://irma.nps.gov/DataStore/DownloadFile/738540,cached,14896,MNRR_2314620,MNRR_xConcept_Reference_lu.csv
https://irma.nps.gov/DataStore/DownloadFile/738541,cached,178,MNRR_2314620,MNRR_xCoverClass_lu.csv
https://irma.nps.gov/DataStore/DownloadFile/738542,cached,136,MNRR_2314620,MNRR_xHeight_Class_lu.csv
https://irma.nps.gov/DataStore/DownloadFile/738543,cached,1169,MNRR_2314620,MNRR_xHydro_Regime_lu.csv
https://irma.nps.gov/DataStore/DownloadFile/738544,cached,18534,MNRR_2314620,MNRR_xLandform_lu.csv
https://irma.nps.gov/DataStore/DownloadFile/738545,cached,178,MNRR_2314620,MNRR_xLeaf_Phenology_lu.csv
https://irma.nps.gov/DataStore/DownloadFile/738546,cached,152,MNRR_2314620,MNRR_xLeaf_Type_lu.csv
https://irma.nps.gov/DataStore/DownloadFile/738547,cached,2076,MNRR_2314620,MNRR_xMapUnit_lu.csv
https://irma.nps.gov/DataStore/DownloadFile/738548,cached,11897,MNRR_2314620,MNRR_xParks_lu.csv
https://irma.nps.gov/DataStore/DownloadFile/738549,cached,474,MNRR_2314620,MNRR_xPhysio_Class_lu.csv
https://irma.nps.gov/DataStore/DownloadFile/738551,cached,148,MNRR_2314620,MNRR_xSoil_Drainage_lu.csv
https://irma.nps.gov/DataStore/DownloadFile/738552,cached,115,MNRR_2314620,MNRR_xSoil_Texture_lu.csv
https://irma.nps.gov/DataStore/DownloadFile/738553,cached,66,MNRR_2314620,MNRR_xState_lu.csv
https://irma.nps.gov/DataStore/DownloadFile/738554,cached,282,MNRR_2314620,MNRR_xStratum_lu.csv
https://irma.nps.gov/DataStore/DownloadFile/738555,cached,1436,MNRR_2314620,MNRR_xSurficial_Geology_lu.csv
https://irma.nps.gov/DataStore/DownloadFile/738556,cached,225,MNRR_2314620,MNRR_xTopo_Position_lu.csv
https://irma.nps.gov/DataStore/DownloadFile/738557,cached,4962,MNRR_2314620,MNRR_xVegAssociation_lu.csv
https://irma.nps.gov/DataStore/DownloadFile/738561,cached,757157,MOCA_2314621,MOCA_mtbl_Plants.csv
https://irma.nps.gov/DataStore/DownloadFile/738562,cached,32160,MOCA_2314621,MOCA_qry_2Plots_tPlotEventSpecies.csv
https://irma.nps.gov/DataStore/DownloadFile/738563,cached,23330,MOCA_2314621,MOCA_qry_2PLots_tPlotsEvent.csv
https://irma.nps.gov/DataStore/DownloadFile/738564,cached,14094,MOCA_2314621,MOCA_tAA.csv
https://irma.nps.gov/DataStore/DownloadFile/738565,cached,28094,MOCA_2314621,MOCA_tAAEvents.csv
https://irma.nps.gov/DataStore/DownloadFile/738566,cached,21,MOCA_2314621,MOCA_tConnect.csv
https://irma.nps.gov/DataStore/DownloadFile/738567,cached,5038,MOCA_2314621,MOCA_tGlobal.csv
https://irma.nps.gov/DataStore/DownloadFile/738568,cached,3872,MOCA_2314621,MOCA_tPhotos.csv
https://irma.nps.gov/DataStore/DownloadFile/738569,cached,27177,MOCA_2314621,MOCA_tPlotEvents.csv
https://irma.nps.gov/DataStore/DownloadFile/738570,cached,42638,MOCA_2314621,MOCA_tPlotEventSpecies.csv
https://irma.nps.gov/DataStore/DownloadFile/738571,cached,20524,MOCA_2314621,MOCA_tPlots.csv
https://irma.nps.gov/DataStore/DownloadFile/738572,cached,23330,MOCA_2314621,MOCA_tPlotsEvent.csv
https://irma.nps.gov/DataStore/DownloadFile/738573,cached,36611,MOCA_2314621,MOCA_tPlotsEventsSpecies.csv
https://irma.nps.gov/DataStore/DownloadFile/738574,cached,3536,MOCA_2314621,MOCA_tProjectMetadata.csv
https://irma.nps.gov/DataStore/DownloadFile/738575,cached,210319,MOCA_2314621,MOCA_tSpecies.csv
https://irma.nps.gov/DataStore/DownloadFile/738576,cached,14897,MOCA_2314621,MOCA_xConcept_Reference_lu.csv
https://irma.nps.gov/DataStore/DownloadFile/738577,cached,128,MOCA_2314621,MOCA_xCoverClass_lu.csv
https://irma.nps.gov/DataStore/DownloadFile/738578,cached,160,MOCA_2314621,MOCA_xHeight_Class_lu.csv
https://irma.nps.gov/DataStore/DownloadFile/738579,cached,1169,MOCA_2314621,MOCA_xHydro_Regime_lu.csv
https://irma.nps.gov/DataStore/DownloadFile/738580,cached,18619,MOCA_2314621,MOCA_xLandform_lu.csv
https://irma.nps.gov/DataStore/DownloadFile/738581,cached,178,MOCA_2314621,MOCA_xLeaf_Phenology_lu.csv
https://irma.nps.gov/DataStore/DownloadFile/738582,cached,152,MOCA_2314621,MOCA_xLeaf_Type_lu.csv
https://irma.nps.gov/DataStore/DownloadFile/738583,cached,21,MOCA_2314621,MOCA_xMapUnit_lu.csv
https://irma.nps.gov/DataStore/DownloadFile/738584,cached,11897,MOCA_2314621,MOCA_xParks_lu.csv
https://irma.nps.gov/DataStore/DownloadFile/738585,cached,739,MOCA_2314621,MOCA_xPhysio_Class_lu.csv
https://irma.nps.gov/DataStore/DownloadFile/738587,cached,148,MOCA_2314621,MOCA_xSoil_Drainage_lu.csv
https://irma.nps.gov/DataStore/DownloadFile/738588,cached,115,MOCA_2314621,MOCA_xSoil_Texture_lu.csv
https://irma.nps.gov/DataStore/DownloadFile/738589,cached,948,MOCA_2314621,MOCA_xState_lu.csv
https://irma.nps.gov/DataStore/DownloadFile/738590,cached,281,MOCA_2314621,MOCA_xStratum_lu.csv
https://irma.nps.gov/DataStore/DownloadFile/738591,cached,1494,MOCA_2314621,MOCA_xSurficial_Geology_lu.csv
https://irma.nps.gov/DataStore/DownloadFile/738592,cached,225,MOCA_2314621,MOCA_xTopo_Position_lu.csv
https://irma.nps.gov/DataStore/DownloadFile/738593,cached,713237,MOCA_2314621,MOCA_xVegAssociation_lu.csv
https://irma.nps.gov/DataStore/DownloadFile/738630,cached,5147468,MORA_2314623,MORA_QA_01_spcov.csv
https://irma.nps.gov/DataStore/DownloadFile/738631,cached,2147773,MORA_2314623,MORA_QA_02_plots.csv
https://irma.nps.gov/DataStore/DownloadFile/738632,cached,119,MORA_2314623,MORA_QA_03_duplicates_in_01.csv
https://irma.nps.gov/DataStore/DownloadFile/738633,cached,79,MORA_2314623,MORA_QA_04_duplicates_in_02.csv
https://irma.nps.gov/DataStore/DownloadFile/738634,cached,24947,MORA_2314623,MORA_QA_05_Plots_without_Species.csv
https://irma.nps.gov/DataStore/DownloadFile/738635,cached,6277221,MORA_2314623,MORA_QA_06_Spp_without_Plots.csv
https://irma.nps.gov/DataStore/DownloadFile/738636,cached,21,MORA_2314623,MORA_tConnect.csv
https://irma.nps.gov/DataStore/DownloadFile/738637,cached,110,MORA_2314623,MORA_tGlobal.csv
https://irma.nps.gov/DataStore/DownloadFile/738638,cached,108,MORA_2314623,MORA_tPhotos.csv
https://irma.nps.gov/DataStore/DownloadFile/738639,cached,1781943,MORA_2314623,MORA_tPlotEvents.csv
https://irma.nps.gov/DataStore/DownloadFile/738640,cached,8372894,MORA_2314623,MORA_tPlotEventSpecies.csv
https://irma.nps.gov/DataStore/DownloadFile/738641,cached,416425,MORA_2314623,MORA_tPlots.csv
https://irma.nps.gov/DataStore/DownloadFile/738642,cached,68,MORA_2314623,MORA_tProcessSteps.csv
https://irma.nps.gov/DataStore/DownloadFile/738643,cached,590,MORA_2314623,MORA_tProjectMetadata.csv
https://irma.nps.gov/DataStore/DownloadFile/738644,cached,57862,MORA_2314623,MORA_tSpecies.csv
https://irma.nps.gov/DataStore/DownloadFile/738645,cached,14896,MORA_2314623,MORA_xConcept_Reference_lu.csv
https://irma.nps.gov/DataStore/DownloadFile/738646,cached,160,MORA_2314623,MORA_xCoverClass_lu.csv
https://irma.nps.gov/DataStore/DownloadFile/738647,cached,136,MORA_2314623,MORA_xHeight_Class_lu.csv
https://irma.nps.gov/DataStore/DownloadFile/738648,cached,1169,MORA_2314623,MORA_xHydro_Regime_lu.csv
https://irma.nps.gov/DataStore/DownloadFile/738649,cached,18432,MORA_2314623,MORA_xLandform_lu.csv
https://irma.nps.gov/DataStore/DownloadFile/738650,cached,178,MORA_2314623,MORA_xLeaf_Phenology_lu.csv
https://irma.nps.gov/DataStore/DownloadFile/738651,cached,152,MORA_2314623,MORA_xLeaf_Type_lu.csv
https://irma.nps.gov/DataStore/DownloadFile/738652,cached,20840,MORA_2314623,MORA_xMapAssociation_lu.csv
https://irma.nps.gov/DataStore/DownloadFile/738653,cached,21171,MORA_2314623,MORA_xMapAssociation_MapUnit_lu.csv
https://irma.nps.gov/DataStore/DownloadFile/738654,cached,3614,MORA_2314623,MORA_xMapClass_INRCode_lu.csv
https://irma.nps.gov/DataStore/DownloadFile/738655,cached,1709,MORA_2314623,MORA_xMapUnit_lu.csv
https://irma.nps.gov/DataStore/DownloadFile/738656,cached,11897,MORA_2314623,MORA_xParks_lu.csv
https://irma.nps.gov/DataStore/DownloadFile/738657,cached,474,MORA_2314623,MORA_xPhysio_Class_lu.csv
https://irma.nps.gov/DataStore/DownloadFile/738659,cached,148,MORA_2314623,MORA_xSoil_Drainage_lu.csv
https://irma.nps.gov/DataStore/DownloadFile/738660,cached,115,MORA_2314623,MORA_xSoil_Texture_lu.csv
https://irma.nps.gov/DataStore/DownloadFile/738661,cached,948,MORA_2314623,MORA_xState_lu.csv
https://irma.nps.gov/DataStore/DownloadFile/738662,cached,109,MORA_2314623,MORA_xStratum_lu.csv
https://irma.nps.gov/DataStore/DownloadFile/738663,cached,1172,MORA_2314623,MORA_xSurficial_Geology_lu.csv
https://irma.nps.gov/DataStore/DownloadFile/738664,cached,225,MORA_2314623,MORA_xTopo_Position_lu.csv
https://irma.nps.gov/DataStore/DownloadFile/738665,cached,565034,MORA_2314623,MORA_xVegAssociation_lu.csv
https://irma.nps.gov/DataStore/DownloadFile/738702,cached,49896,MORU_2314625,MORU_sp_cov.csv
https://irma.nps.gov/DataStore/DownloadFile/738703,cached,7224,MORU_2314625,MORU_tAA.csv
https://irma.nps.gov/DataStore/DownloadFile/738704,cached,13218,MORU_2314625,MORU_tAAEvents.csv
https://irma.nps.gov/DataStore/DownloadFile/738705,cached,21,MORU_2314625,MORU_tConnect.csv
https://irma.nps.gov/DataStore/DownloadFile/738706,cached,462,MORU_2314625,MORU_tGlobal.csv
https://irma.nps.gov/DataStore/DownloadFile/738707,cached,108,MORU_2314625,MORU_tPhotos.csv
https://irma.nps.gov/DataStore/DownloadFile/738708,cached,31967,MORU_2314625,MORU_tPlotEvents.csv
https://irma.nps.gov/DataStore/DownloadFile/738709,cached,29899,MORU_2314625,MORU_tPlotEventSpecies.csv
https://irma.nps.gov/DataStore/DownloadFile/738710,cached,12164,MORU_2314625,MORU_tPlots.csv
https://irma.nps.gov/DataStore/DownloadFile/738711,cached,2364,MORU_2314625,MORU_tProjectMetadata.csv
https://irma.nps.gov/DataStore/DownloadFile/738712,cached,11743,MORU_2314625,MORU_tSpecies.csv
https://irma.nps.gov/DataStore/DownloadFile/738713,cached,14896,MORU_2314625,MORU_xConcept_Reference_lu.csv
https://irma.nps.gov/DataStore/DownloadFile/738714,cached,105,MORU_2314625,MORU_xCoverClass_lu.csv
https://irma.nps.gov/DataStore/DownloadFile/738715,cached,144,MORU_2314625,MORU_xHeight_Class_lu.csv
https://irma.nps.gov/DataStore/DownloadFile/738716,cached,1169,MORU_2314625,MORU_xHydro_Regime_lu.csv
https://irma.nps.gov/DataStore/DownloadFile/738717,cached,18432,MORU_2314625,MORU_xLandform_lu.csv
https://irma.nps.gov/DataStore/DownloadFile/738718,cached,178,MORU_2314625,MORU_xLeaf_Phenology_lu.csv
https://irma.nps.gov/DataStore/DownloadFile/738719,cached,152,MORU_2314625,MORU_xLeaf_Type_lu.csv
https://irma.nps.gov/DataStore/DownloadFile/738720,cached,433,MORU_2314625,MORU_xMapUnit_lu.csv
https://irma.nps.gov/DataStore/DownloadFile/738721,cached,11897,MORU_2314625,MORU_xParks_lu.csv
https://irma.nps.gov/DataStore/DownloadFile/738722,cached,474,MORU_2314625,MORU_xPhysio_Class_lu.csv
https://irma.nps.gov/DataStore/DownloadFile/738724,cached,148,MORU_2314625,MORU_xSoil_Drainage_lu.csv
https://irma.nps.gov/DataStore/DownloadFile/738725,cached,115,MORU_2314625,MORU_xSoil_Texture_lu.csv
https://irma.nps.gov/DataStore/DownloadFile/738726,cached,948,MORU_2314625,MORU_xState_lu.csv
https://irma.nps.gov/DataStore/DownloadFile/738727,cached,282,MORU_2314625,MORU_xStratum_lu.csv
https://irma.nps.gov/DataStore/DownloadFile/738728,cached,1214,MORU_2314625,MORU_xSurficial_Geology_lu.csv
https://irma.nps.gov/DataStore/DownloadFile/738729,cached,600,MORU_2314625,MORU_xTopo_Position_lu.csv
https://irma.nps.gov/DataStore/DownloadFile/738730,cached,1207,MORU_2314625,MORU_xVegAssociation_lu.csv
https://irma.nps.gov/DataStore/DownloadFile/738732,cached,1389954,NATR_2314626,NATR_AA-Species.csv
https://irma.nps.gov/DataStore/DownloadFile/738733,cached,532645,NATR_2314626,NATR_AA_Data.csv
https://irma.nps.gov/DataStore/DownloadFile/738734,cached,2174740,NATR_2314626,NATR_QA_01_spcov.csv
https://irma.nps.gov/DataStore/DownloadFile/738735,cached,478960,NATR_2314626,NATR_QA_02_plots.csv
https://irma.nps.gov/DataStore/DownloadFile/738736,cached,119,NATR_2314626,NATR_QA_03_duplicates_in_01.csv
https://irma.nps.gov/DataStore/DownloadFile/738737,cached,79,NATR_2314626,NATR_QA_04_duplicates_in_02.csv
https://irma.nps.gov/DataStore/DownloadFile/738738,cached,29,NATR_2314626,NATR_QA_05_Plots_without_Species.csv
https://irma.nps.gov/DataStore/DownloadFile/738739,cached,82,NATR_2314626,NATR_QA_06_Spp_without_Plots.csv
https://irma.nps.gov/DataStore/DownloadFile/738740,cached,117419,NATR_2314626,NATR_tAA.csv
https://irma.nps.gov/DataStore/DownloadFile/738741,cached,301550,NATR_2314626,NATR_tAAEvents.csv
https://irma.nps.gov/DataStore/DownloadFile/738742,cached,846261,NATR_2314626,NATR_tAAEventSpecies.csv
https://irma.nps.gov/DataStore/DownloadFile/738743,cached,21,NATR_2314626,NATR_tConnect.csv
https://irma.nps.gov/DataStore/DownloadFile/738744,cached,226,NATR_2314626,NATR_tGlobal.csv
https://irma.nps.gov/DataStore/DownloadFile/738745,cached,108,NATR_2314626,NATR_tPhotos.csv
https://irma.nps.gov/DataStore/DownloadFile/738746,cached,278170,NATR_2314626,NATR_tPlotEvents.csv
https://irma.nps.gov/DataStore/DownloadFile/738747,cached,757682,NATR_2314626,NATR_tPlotEventSpecies.csv
https://irma.nps.gov/DataStore/DownloadFile/738748,cached,151922,NATR_2314626,NATR_tPlots.csv
https://irma.nps.gov/DataStore/DownloadFile/738749,cached,97,NATR_2314626,NATR_tProcessSteps.csv
https://irma.nps.gov/DataStore/DownloadFile/738750,cached,629,NATR_2314626,NATR_tProjectMetadata.csv
https://irma.nps.gov/DataStore/DownloadFile/738751,cached,3061267,NATR_2314626,NATR_tSpecies.csv
https://irma.nps.gov/DataStore/DownloadFile/738752,cached,47281,NATR_2314626,NATR_tVerificationEvents.csv
https://irma.nps.gov/DataStore/DownloadFile/738753,cached,14896,NATR_2314626,NATR_xConcept_Reference_lu.csv
https://irma.nps.gov/DataStore/DownloadFile/738754,cached,160,NATR_2314626,NATR_xCoverClass_lu.csv
https://irma.nps.gov/DataStore/DownloadFile/738755,cached,136,NATR_2314626,NATR_xHeight_Class_lu.csv
https://irma.nps.gov/DataStore/DownloadFile/738756,cached,1169,NATR_2314626,NATR_xHydro_Regime_lu.csv
https://irma.nps.gov/DataStore/DownloadFile/738757,cached,18432,NATR_2314626,NATR_xLandform_lu.csv
https://irma.nps.gov/DataStore/DownloadFile/738758,cached,178,NATR_2314626,NATR_xLeaf_Phenology_lu.csv
https://irma.nps.gov/DataStore/DownloadFile/738759,cached,152,NATR_2314626,NATR_xLeaf_Type_lu.csv
https://irma.nps.gov/DataStore/DownloadFile/738760,cached,21,NATR_2314626,NATR_xMapUnit_lu.csv
https://irma.nps.gov/DataStore/DownloadFile/738761,cached,11897,NATR_2314626,NATR_xParks_lu.csv
https://irma.nps.gov/DataStore/DownloadFile/738762,cached,474,NATR_2314626,NATR_xPhysio_Class_lu.csv
https://irma.nps.gov/DataStore/DownloadFile/738764,cached,148,NATR_2314626,NATR_xSoil_Drainage_lu.csv
https://irma.nps.gov/DataStore/DownloadFile/738765,cached,115,NATR_2314626,NATR_xSoil_Texture_lu.csv
https://irma.nps.gov/DataStore/DownloadFile/738766,cached,948,NATR_2314626,NATR_xState_lu.csv
https://irma.nps.gov/DataStore/DownloadFile/738767,cached,282,NATR_2314626,NATR_xStratum_lu.csv
https://irma.nps.gov/DataStore/DownloadFile/738768,cached,1172,NATR_2314626,NATR_xSurficial_Geology_lu.csv
https://irma.nps.gov/DataStore/DownloadFile/738769,cached,225,NATR_2314626,NATR_xTopo_Position_lu.csv
https://irma.nps.gov/DataStore/DownloadFile/738770,cached,565273,NATR_2314626,NATR_xVegAssociation_lu.csv
https://irma.nps.gov/DataStore/DownloadFile/738847,cached,320605,NIOB_2314631,NIOB_Landowner_Plot_Info.csv
https://irma.nps.gov/DataStore/DownloadFile/738850,cached,4841,NIOB_2314631,NIOB_Paste_Errors.csv
https://irma.nps.gov/DataStore/DownloadFile/738851,cached,155274,NIOB_2314631,NIOB_PhotoViewer_01_PlotAttributes.csv
https://irma.nps.gov/DataStore/DownloadFile/738852,cached,535169,NIOB_2314631,NIOB_PhotoViewer_02_PlotPhotos.csv
https://irma.nps.gov/DataStore/DownloadFile/738853,cached,668943,NIOB_2314631,NIOB_PhotoViewer_03_PlotSpecies.csv
https://irma.nps.gov/DataStore/DownloadFile/738854,cached,238145,NIOB_2314631,NIOB_Plot_info_for_Landowners.csv
https://irma.nps.gov/DataStore/DownloadFile/738855,cached,929585,NIOB_2314631,NIOB_QA_01_spcov.csv
https://irma.nps.gov/DataStore/DownloadFile/738856,cached,589172,NIOB_2314631,NIOB_QA_02_plots.csv
https://irma.nps.gov/DataStore/DownloadFile/738857,cached,119,NIOB_2314631,NIOB_QA_03_duplicates_in_01.csv
https://irma.nps.gov/DataStore/DownloadFile/738858,cached,79,NIOB_2314631,NIOB_QA_04_duplicates_in_02.csv
https://irma.nps.gov/DataStore/DownloadFile/738859,cached,395,NIOB_2314631,NIOB_QA_05_Plots_without_Species.csv
https://irma.nps.gov/DataStore/DownloadFile/738860,cached,82,NIOB_2314631,NIOB_QA_06_Spp_without_Plots.csv
https://irma.nps.gov/DataStore/DownloadFile/738861,cached,281383,NIOB_2314631,NIOB_QueryPhotos.csv
https://irma.nps.gov/DataStore/DownloadFile/738862,cached,21,NIOB_2314631,NIOB_tConnect.csv
https://irma.nps.gov/DataStore/DownloadFile/738863,cached,3075,NIOB_2314631,NIOB_tGlobal.csv
https://irma.nps.gov/DataStore/DownloadFile/738864,cached,333038,NIOB_2314631,NIOB_tPhotos.csv
https://irma.nps.gov/DataStore/DownloadFile/738865,cached,336260,NIOB_2314631,NIOB_tPlotEvents.csv
https://irma.nps.gov/DataStore/DownloadFile/738866,cached,272351,NIOB_2314631,NIOB_tPlotEventSpecies.csv
https://irma.nps.gov/DataStore/DownloadFile/738867,cached,124316,NIOB_2314631,NIOB_tPlots.csv
https://irma.nps.gov/DataStore/DownloadFile/738868,cached,111,NIOB_2314631,NIOB_tProcessSteps.csv
https://irma.nps.gov/DataStore/DownloadFile/738869,cached,470,NIOB_2314631,NIOB_tProjectMetadata.csv
https://irma.nps.gov/DataStore/DownloadFile/738870,cached,13660,NIOB_2314631,NIOB_tSpecies.csv
https://irma.nps.gov/DataStore/DownloadFile/738871,cached,14896,NIOB_2314631,NIOB_xConcept_Reference_lu.csv
https://irma.nps.gov/DataStore/DownloadFile/738872,cached,164,NIOB_2314631,NIOB_xCoverClass_lu.csv
https://irma.nps.gov/DataStore/DownloadFile/738873,cached,136,NIOB_2314631,NIOB_xHeight_Class_lu.csv
https://irma.nps.gov/DataStore/DownloadFile/738874,cached,1169,NIOB_2314631,NIOB_xHydro_Regime_lu.csv
https://irma.nps.gov/DataStore/DownloadFile/738875,cached,18487,NIOB_2314631,NIOB_xLandform_lu.csv
https://irma.nps.gov/DataStore/DownloadFile/738876,cached,178,NIOB_2314631,NIOB_xLeaf_Phenology_lu.csv
https://irma.nps.gov/DataStore/DownloadFile/738877,cached,152,NIOB_2314631,NIOB_xLeaf_Type_lu.csv
https://irma.nps.gov/DataStore/DownloadFile/738878,cached,2503,NIOB_2314631,NIOB_xMapUnit_lu.csv
https://irma.nps.gov/DataStore/DownloadFile/738879,cached,11897,NIOB_2314631,NIOB_xParks_lu.csv
https://irma.nps.gov/DataStore/DownloadFile/738880,cached,474,NIOB_2314631,NIOB_xPhysio_Class_lu.csv
https://irma.nps.gov/DataStore/DownloadFile/738882,cached,148,NIOB_2314631,NIOB_xSoil_Drainage_lu.csv
https://irma.nps.gov/DataStore/DownloadFile/738883,cached,115,NIOB_2314631,NIOB_xSoil_Texture_lu.csv
https://irma.nps.gov/DataStore/DownloadFile/738884,cached,948,NIOB_2314631,NIOB_xState_lu.csv
https://irma.nps.gov/DataStore/DownloadFile/738885,cached,282,NIOB_2314631,NIOB_xStratum_lu.csv
https://irma.nps.gov/DataStore/DownloadFile/738886,cached,1281,NIOB_2314631,NIOB_xSurficial_Geology_lu.csv
https://irma.nps.gov/DataStore/DownloadFile/738887,cached,225,NIOB_2314631,NIOB_xTopo_Position_lu.csv
https://irma.nps.gov/DataStore/DownloadFile/738888,cached,5600,NIOB_2314631,NIOB_xVegAssociation_lu.csv
https://irma.nps.gov/DataStore/DownloadFile/738924,cached,8406206,NCCN_2314633,NOCA_QA_01_spcov.csv
https://irma.nps.gov/DataStore/DownloadFile/738925,cached,1660367,NCCN_2314633,NOCA_QA_02_plots.csv
https://irma.nps.gov/DataStore/DownloadFile/738926,cached,119,NCCN_2314633,NOCA_QA_03_duplicates_in_01.csv
https://irma.nps.gov/DataStore/DownloadFile/738927,cached,79,NCCN_2314633,NOCA_QA_04_duplicates_in_02.csv
https://irma.nps.gov/DataStore/DownloadFile/738928,cached,38523,NCCN_2314633,NOCA_QA_05_Plots_without_Species.csv
https://irma.nps.gov/DataStore/DownloadFile/738929,cached,82,NCCN_2314633,NOCA_QA_06_Spp_without_Plots.csv
https://irma.nps.gov/DataStore/DownloadFile/738930,cached,21,NCCN_2314633,NOCA_tConnect.csv
https://irma.nps.gov/DataStore/DownloadFile/738931,cached,110,NCCN_2314633,NOCA_tGlobal.csv
https://irma.nps.gov/DataStore/DownloadFile/738932,cached,108,NCCN_2314633,NOCA_tPhotos.csv
https://irma.nps.gov/DataStore/DownloadFile/738933,cached,1244659,NCCN_2314633,NOCA_tPlotEvents.csv
https://irma.nps.gov/DataStore/DownloadFile/738934,cached,3730062,NCCN_2314633,NOCA_tPlotEventSpecies.csv
https://irma.nps.gov/DataStore/DownloadFile/738935,cached,479511,NCCN_2314633,NOCA_tPlots.csv
https://irma.nps.gov/DataStore/DownloadFile/738936,cached,68,NCCN_2314633,NOCA_tProcessSteps.csv
https://irma.nps.gov/DataStore/DownloadFile/738937,cached,573,NCCN_2314633,NOCA_tProjectMetadata.csv
https://irma.nps.gov/DataStore/DownloadFile/738938,cached,57862,NCCN_2314633,NOCA_tSpecies.csv
https://irma.nps.gov/DataStore/DownloadFile/738939,cached,14896,NCCN_2314633,NOCA_xConcept_Reference_lu.csv
https://irma.nps.gov/DataStore/DownloadFile/738940,cached,160,NCCN_2314633,NOCA_xCoverClass_lu.csv
https://irma.nps.gov/DataStore/DownloadFile/738941,cached,136,NCCN_2314633,NOCA_xHeight_Class_lu.csv
https://irma.nps.gov/DataStore/DownloadFile/738942,cached,1169,NCCN_2314633,NOCA_xHydro_Regime_lu.csv
https://irma.nps.gov/DataStore/DownloadFile/738943,cached,18432,NCCN_2314633,NOCA_xLandform_lu.csv
https://irma.nps.gov/DataStore/DownloadFile/738944,cached,178,NCCN_2314633,NOCA_xLeaf_Phenology_lu.csv
https://irma.nps.gov/DataStore/DownloadFile/738945,cached,152,NCCN_2314633,NOCA_xLeaf_Type_lu.csv
https://irma.nps.gov/DataStore/DownloadFile/738946,cached,20840,NCCN_2314633,NOCA_xMapAssociation_lu.csv
https://irma.nps.gov/DataStore/DownloadFile/738947,cached,21188,NCCN_2314633,NOCA_xMapAssociation_MapUnit_lu.csv
https://irma.nps.gov/DataStore/DownloadFile/738948,cached,4529,NCCN_2314633,NOCA_xMapClass_INRCode_lu.csv
https://irma.nps.gov/DataStore/DownloadFile/738949,cached,2070,NCCN_2314633,NOCA_xMapUnit_lu.csv
https://irma.nps.gov/DataStore/DownloadFile/738950,cached,11897,NCCN_2314633,NOCA_xParks_lu.csv
https://irma.nps.gov/DataStore/DownloadFile/738951,cached,474,NCCN_2314633,NOCA_xPhysio_Class_lu.csv
https://irma.nps.gov/DataStore/DownloadFile/738953,cached,148,NCCN_2314633,NOCA_xSoil_Drainage_lu.csv
https://irma.nps.gov/DataStore/DownloadFile/738954,cached,115,NCCN_2314633,NOCA_xSoil_Texture_lu.csv
https://irma.nps.gov/DataStore/DownloadFile/738955,cached,948,NCCN_2314633,NOCA_xState_lu.csv
https://irma.nps.gov/DataStore/DownloadFile/738956,cached,109,NCCN_2314633,NOCA_xStratum_lu.csv
https://irma.nps.gov/DataStore/DownloadFile/738957,cached,1172,NCCN_2314633,NOCA_xSurficial_Geology_lu.csv
https://irma.nps.gov/DataStore/DownloadFile/738958,cached,225,NCCN_2314633,NOCA_xTopo_Position_lu.csv
https://irma.nps.gov/DataStore/DownloadFile/738959,cached,565034,NCCN_2314633,NOCA_xVegAssociation_lu.csv
https://irma.nps.gov/DataStore/DownloadFile/739005,cached,12374,OCMU_2314635,OCMU_tAA.csv
https://irma.nps.gov/DataStore/DownloadFile/739006,cached,35945,OCMU_2314635,OCMU_tAAEvents.csv
https://irma.nps.gov/DataStore/DownloadFile/739007,cached,21,OCMU_2314635,OCMU_tConnect.csv
https://irma.nps.gov/DataStore/DownloadFile/739008,cached,686,OCMU_2314635,OCMU_tGlobal.csv
https://irma.nps.gov/DataStore/DownloadFile/739009,cached,47613,OCMU_2314635,OCMU_tPhotos.csv
https://irma.nps.gov/DataStore/DownloadFile/739010,cached,6017,OCMU_2314635,OCMU_tPlotEvents.csv
https://irma.nps.gov/DataStore/DownloadFile/739011,cached,50053,OCMU_2314635,OCMU_tPlotEventSpecies.csv
https://irma.nps.gov/DataStore/DownloadFile/739012,cached,7045,OCMU_2314635,OCMU_tPlots.csv
https://irma.nps.gov/DataStore/DownloadFile/739013,cached,821,OCMU_2314635,OCMU_tProjectMetadata.csv
https://irma.nps.gov/DataStore/DownloadFile/739014,cached,59571,OCMU_2314635,OCMU_tSpecies.csv
https://irma.nps.gov/DataStore/DownloadFile/739015,cached,14896,OCMU_2314635,OCMU_xConcept_Reference_lu.csv
https://irma.nps.gov/DataStore/DownloadFile/739016,cached,160,OCMU_2314635,OCMU_xCoverClass_lu.csv
https://irma.nps.gov/DataStore/DownloadFile/739017,cached,136,OCMU_2314635,OCMU_xHeight_Class_lu.csv
https://irma.nps.gov/DataStore/DownloadFile/739018,cached,1169,OCMU_2314635,OCMU_xHydro_Regime_lu.csv
https://irma.nps.gov/DataStore/DownloadFile/739019,cached,18432,OCMU_2314635,OCMU_xLandform_lu.csv
https://irma.nps.gov/DataStore/DownloadFile/739020,cached,178,OCMU_2314635,OCMU_xLeaf_Phenology_lu.csv
https://irma.nps.gov/DataStore/DownloadFile/739021,cached,152,OCMU_2314635,OCMU_xLeaf_Type_lu.csv
https://irma.nps.gov/DataStore/DownloadFile/739022,cached,21,OCMU_2314635,OCMU_xMapUnit_lu.csv
https://irma.nps.gov/DataStore/DownloadFile/739023,cached,11897,OCMU_2314635,OCMU_xParks_lu.csv
https://irma.nps.gov/DataStore/DownloadFile/739024,cached,474,OCMU_2314635,OCMU_xPhysio_Class_lu.csv
https://irma.nps.gov/DataStore/DownloadFile/739026,cached,148,OCMU_2314635,OCMU_xSoil_Drainage_lu.csv
https://irma.nps.gov/DataStore/DownloadFile/739027,cached,115,OCMU_2314635,OCMU_xSoil_Texture_lu.csv
https://irma.nps.gov/DataStore/DownloadFile/739028,cached,948,OCMU_2314635,OCMU_xState_lu.csv
https://irma.nps.gov/DataStore/DownloadFile/739029,cached,282,OCMU_2314635,OCMU_xStratum_lu.csv
https://irma.nps.gov/DataStore/DownloadFile/739030,cached,1172,OCMU_2314635,OCMU_xSurficial_Geology_lu.csv
https://irma.nps.gov/DataStore/DownloadFile/739031,cached,225,OCMU_2314635,OCMU_xTopo_Position_lu.csv
https://irma.nps.gov/DataStore/DownloadFile/739032,cached,709418,OCMU_2314635,OCMU_xVegAssociation_lu.csv
https://irma.nps.gov/DataStore/DownloadFile/739036,cached,6017808,NCCN_2314636,OLYM_QA_01_spcov.csv
https://irma.nps.gov/DataStore/DownloadFile/739037,cached,1462188,NCCN_2314636,OLYM_QA_02_plots.csv
https://irma.nps.gov/DataStore/DownloadFile/739038,cached,119,NCCN_2314636,OLYM_QA_03_duplicates_in_01.csv
https://irma.nps.gov/DataStore/DownloadFile/739039,cached,79,NCCN_2314636,OLYM_QA_04_duplicates_in_02.csv
https://irma.nps.gov/DataStore/DownloadFile/739040,cached,27205,NCCN_2314636,OLYM_QA_05_Plots_without_Species.csv
https://irma.nps.gov/DataStore/DownloadFile/739041,cached,82,NCCN_2314636,OLYM_QA_06_Spp_without_Plots.csv
https://irma.nps.gov/DataStore/DownloadFile/739042,cached,21,NCCN_2314636,OLYM_tConnect.csv
https://irma.nps.gov/DataStore/DownloadFile/739043,cached,238,NCCN_2314636,OLYM_tGlobal.csv
https://irma.nps.gov/DataStore/DownloadFile/739044,cached,108,NCCN_2314636,OLYM_tPhotos.csv
https://irma.nps.gov/DataStore/DownloadFile/739045,cached,1105861,NCCN_2314636,OLYM_tPlotEvents.csv
https://irma.nps.gov/DataStore/DownloadFile/739046,cached,2547241,NCCN_2314636,OLYM_tPlotEventSpecies.csv
https://irma.nps.gov/DataStore/DownloadFile/739047,cached,428233,NCCN_2314636,OLYM_tPlots.csv
https://irma.nps.gov/DataStore/DownloadFile/739048,cached,129,NCCN_2314636,OLYM_tProcessSteps.csv
https://irma.nps.gov/DataStore/DownloadFile/739049,cached,554,NCCN_2314636,OLYM_tProjectMetadata.csv
https://irma.nps.gov/DataStore/DownloadFile/739050,cached,57862,NCCN_2314636,OLYM_tSpecies.csv
https://irma.nps.gov/DataStore/DownloadFile/739051,cached,14896,NCCN_2314636,OLYM_xConcept_Reference_lu.csv
https://irma.nps.gov/DataStore/DownloadFile/739052,cached,160,NCCN_2314636,OLYM_xCoverClass_lu.csv
https://irma.nps.gov/DataStore/DownloadFile/739053,cached,136,NCCN_2314636,OLYM_xHeight_Class_lu.csv
https://irma.nps.gov/DataStore/DownloadFile/739054,cached,1169,NCCN_2314636,OLYM_xHydro_Regime_lu.csv
https://irma.nps.gov/DataStore/DownloadFile/739055,cached,18432,NCCN_2314636,OLYM_xLandform_lu.csv
https://irma.nps.gov/DataStore/DownloadFile/739056,cached,178,NCCN_2314636,OLYM_xLeaf_Phenology_lu.csv
https://irma.nps.gov/DataStore/DownloadFile/739057,cached,152,NCCN_2314636,OLYM_xLeaf_Type_lu.csv
https://irma.nps.gov/DataStore/DownloadFile/739058,cached,20840,NCCN_2314636,OLYM_xMapAssociation_lu.csv
https://irma.nps.gov/DataStore/DownloadFile/739059,cached,21171,NCCN_2314636,OLYM_xMapAssociation_MapUnit_lu.csv
https://irma.nps.gov/DataStore/DownloadFile/739060,cached,4641,NCCN_2314636,OLYM_xMapClass_INRCode_lu.csv
https://irma.nps.gov/DataStore/DownloadFile/739061,cached,2196,NCCN_2314636,OLYM_xMapUnit_lu.csv
https://irma.nps.gov/DataStore/DownloadFile/739062,cached,11897,NCCN_2314636,OLYM_xParks_lu.csv
https://irma.nps.gov/DataStore/DownloadFile/739063,cached,474,NCCN_2314636,OLYM_xPhysio_Class_lu.csv
https://irma.nps.gov/DataStore/DownloadFile/739065,cached,148,NCCN_2314636,OLYM_xSoil_Drainage_lu.csv
https://irma.nps.gov/DataStore/DownloadFile/739066,cached,115,NCCN_2314636,OLYM_xSoil_Texture_lu.csv
https://irma.nps.gov/DataStore/DownloadFile/739067,cached,948,NCCN_2314636,OLYM_xState_lu.csv
https://irma.nps.gov/DataStore/DownloadFile/739068,cached,109,NCCN_2314636,OLYM_xStratum_lu.csv
https://irma.nps.gov/DataStore/DownloadFile/739069,cached,1172,NCCN_2314636,OLYM_xSurficial_Geology_lu.csv
https://irma.nps.gov/DataStore/DownloadFile/739070,cached,225,NCCN_2314636,OLYM_xTopo_Position_lu.csv
https://irma.nps.gov/DataStore/DownloadFile/739071,cached,565034,NCCN_2314636,OLYM_xVegAssociation_lu.csv
https://irma.nps.gov/DataStore/DownloadFile/741387,cached,158,PAIS_2314755,PAIS_PLOTS_v32_BE_PAIS_AA_Data_2015_2016_Paste_Errors.csv
https://irma.nps.gov/DataStore/DownloadFile/741388,cached,45648,PAIS_2314755,PAIS_PLOTS_v32_BE_PAIS_AA_Data_2015_2016_tAA.csv
https://irma.nps.gov/DataStore/DownloadFile/741389,cached,53966,PAIS_2314755,PAIS_PLOTS_v32_BE_PAIS_AA_Data_2015_2016_tAAEvents.csv
https://irma.nps.gov/DataStore/DownloadFile/741390,cached,21,PAIS_2314755,PAIS_PLOTS_v32_BE_PAIS_AA_Data_2015_2016_tConnect.csv
https://irma.nps.gov/DataStore/DownloadFile/741391,cached,8103,PAIS_2314755,PAIS_PLOTS_v32_BE_PAIS_AA_Data_2015_2016_tGlobal.csv
https://irma.nps.gov/DataStore/DownloadFile/741392,cached,120121,PAIS_2314755,PAIS_PLOTS_v32_BE_PAIS_AA_Data_2015_2016_tPhotos.csv
https://irma.nps.gov/DataStore/DownloadFile/741393,cached,83977,PAIS_2314755,PAIS_PLOTS_v32_BE_PAIS_AA_Data_2015_2016_tPlotEvents.csv
https://irma.nps.gov/DataStore/DownloadFile/741394,cached,49632,PAIS_2314755,PAIS_PLOTS_v32_BE_PAIS_AA_Data_2015_2016_tPlotEventSpecies.csv
https://irma.nps.gov/DataStore/DownloadFile/741395,cached,68707,PAIS_2314755,PAIS_PLOTS_v32_BE_PAIS_AA_Data_2015_2016_tPlots.csv
https://irma.nps.gov/DataStore/DownloadFile/741396,cached,3398,PAIS_2314755,PAIS_PLOTS_v32_BE_PAIS_AA_Data_2015_2016_tProjectMetadata.csv
https://irma.nps.gov/DataStore/DownloadFile/741397,cached,7476,PAIS_2314755,PAIS_PLOTS_v32_BE_PAIS_AA_Data_2015_2016_tSpecies.csv
https://irma.nps.gov/DataStore/DownloadFile/741398,cached,1815,PAIS_2314755,PAIS_PLOTS_v32_BE_PAIS_AA_Data_2015_2016_xConcept_Reference_lu.csv
https://irma.nps.gov/DataStore/DownloadFile/741399,cached,445,PAIS_2314755,PAIS_PLOTS_v32_BE_PAIS_AA_Data_2015_2016_xCoverClass_lu.csv
https://irma.nps.gov/DataStore/DownloadFile/741400,cached,136,PAIS_2314755,PAIS_PLOTS_v32_BE_PAIS_AA_Data_2015_2016_xHeight_Class_lu.csv
https://irma.nps.gov/DataStore/DownloadFile/741401,cached,1169,PAIS_2314755,PAIS_PLOTS_v32_BE_PAIS_AA_Data_2015_2016_xHydro_Regime_lu.csv
https://irma.nps.gov/DataStore/DownloadFile/741402,cached,18447,PAIS_2314755,PAIS_PLOTS_v32_BE_PAIS_AA_Data_2015_2016_xLandform_lu.csv
https://irma.nps.gov/DataStore/DownloadFile/741403,cached,178,PAIS_2314755,PAIS_PLOTS_v32_BE_PAIS_AA_Data_2015_2016_xLeaf_Phenology_lu.csv
https://irma.nps.gov/DataStore/DownloadFile/741404,cached,152,PAIS_2314755,PAIS_PLOTS_v32_BE_PAIS_AA_Data_2015_2016_xLeaf_Type_lu.csv
https://irma.nps.gov/DataStore/DownloadFile/741405,cached,536,PAIS_2314755,PAIS_PLOTS_v32_BE_PAIS_AA_Data_2015_2016_xMapUnit_lu.csv
https://irma.nps.gov/DataStore/DownloadFile/741406,cached,387,PAIS_2314755,PAIS_PLOTS_v32_BE_PAIS_AA_Data_2015_2016_xParks_lu.csv
https://irma.nps.gov/DataStore/DownloadFile/741407,cached,474,PAIS_2314755,PAIS_PLOTS_v32_BE_PAIS_AA_Data_2015_2016_xPhysio_Class_lu.csv
https://irma.nps.gov/DataStore/DownloadFile/741409,cached,148,PAIS_2314755,PAIS_PLOTS_v32_BE_PAIS_AA_Data_2015_2016_xSoil_Drainage_lu.csv
https://irma.nps.gov/DataStore/DownloadFile/741410,cached,115,PAIS_2314755,PAIS_PLOTS_v32_BE_PAIS_AA_Data_2015_2016_xSoil_Texture_lu.csv
https://irma.nps.gov/DataStore/DownloadFile/741411,cached,118,PAIS_2314755,PAIS_PLOTS_v32_BE_PAIS_AA_Data_2015_2016_xState_lu.csv
https://irma.nps.gov/DataStore/DownloadFile/741412,cached,282,PAIS_2314755,PAIS_PLOTS_v32_BE_PAIS_AA_Data_2015_2016_xStratum_lu.csv
https://irma.nps.gov/DataStore/DownloadFile/741413,cached,1172,PAIS_2314755,PAIS_PLOTS_v32_BE_PAIS_AA_Data_2015_2016_xSurficial_Geology_lu.csv
https://irma.nps.gov/DataStore/DownloadFile/741414,cached,225,PAIS_2314755,PAIS_PLOTS_v32_BE_PAIS_AA_Data_2015_2016_xTopo_Position_lu.csv
https://irma.nps.gov/DataStore/DownloadFile/741415,cached,709418,PAIS_2314755,PAIS_PLOTS_v32_BE_PAIS_AA_Data_2015_2016_xVegAssociation_lu.csv
https://irma.nps.gov/DataStore/DownloadFile/741418,cached,75888,PAIS_2314755,PAIS_PLOTS_v32_BE_PAIS_PlotsData_2012_2013_qryPlotSpecies.csv
https://irma.nps.gov/DataStore/DownloadFile/741419,cached,8068,PAIS_2314755,PAIS_PLOTS_v32_BE_PAIS_PlotsData_2012_2013_qrySpeciesByPlotAndCover.csv
https://irma.nps.gov/DataStore/DownloadFile/741420,cached,7108,PAIS_2314755,PAIS_PLOTS_v32_BE_PAIS_PlotsData_2012_2013_qrySpeciesByPlotAndCover2.csv
https://irma.nps.gov/DataStore/DownloadFile/741421,cached,5732,PAIS_2314755,PAIS_PLOTS_v32_BE_PAIS_PlotsData_2012_2013_qrySpeciesCodes.csv
https://irma.nps.gov/DataStore/DownloadFile/741422,cached,26126,PAIS_2314755,PAIS_PLOTS_v32_BE_PAIS_PlotsData_2012_2013_Query1.csv
https://irma.nps.gov/DataStore/DownloadFile/741423,cached,27116,PAIS_2314755,PAIS_PLOTS_v32_BE_PAIS_PlotsData_2012_2013_tAA.csv
https://irma.nps.gov/DataStore/DownloadFile/741424,cached,50949,PAIS_2314755,PAIS_PLOTS_v32_BE_PAIS_PlotsData_2012_2013_tAAEvents.csv
https://irma.nps.gov/DataStore/DownloadFile/741425,cached,21,PAIS_2314755,PAIS_PLOTS_v32_BE_PAIS_PlotsData_2012_2013_tConnect.csv
https://irma.nps.gov/DataStore/DownloadFile/741426,cached,18123,PAIS_2314755,PAIS_PLOTS_v32_BE_PAIS_PlotsData_2012_2013_tGlobal.csv
https://irma.nps.gov/DataStore/DownloadFile/741427,cached,30238,PAIS_2314755,PAIS_PLOTS_v32_BE_PAIS_PlotsData_2012_2013_tParkSpeciesList.csv
https://irma.nps.gov/DataStore/DownloadFile/741428,cached,53878,PAIS_2314755,PAIS_PLOTS_v32_BE_PAIS_PlotsData_2012_2013_tPhotos.csv
https://irma.nps.gov/DataStore/DownloadFile/741429,cached,63268,PAIS_2314755,PAIS_PLOTS_v32_BE_PAIS_PlotsData_2012_2013_tPlotEvents.csv
https://irma.nps.gov/DataStore/DownloadFile/741430,cached,195069,PAIS_2314755,PAIS_PLOTS_v32_BE_PAIS_PlotsData_2012_2013_tPlotEventSpecies.csv
https://irma.nps.gov/DataStore/DownloadFile/741431,cached,47613,PAIS_2314755,PAIS_PLOTS_v32_BE_PAIS_PlotsData_2012_2013_tPlots.csv
https://irma.nps.gov/DataStore/DownloadFile/741432,cached,1681,PAIS_2314755,PAIS_PLOTS_v32_BE_PAIS_PlotsData_2012_2013_tProjectMetadata.csv
https://irma.nps.gov/DataStore/DownloadFile/741433,cached,9545,PAIS_2314755,PAIS_PLOTS_v32_BE_PAIS_PlotsData_2012_2013_tSpecies.csv
https://irma.nps.gov/DataStore/DownloadFile/741434,cached,1944,PAIS_2314755,PAIS_PLOTS_v32_BE_PAIS_PlotsData_2012_2013_xConcept_Reference_lu.csv
https://irma.nps.gov/DataStore/DownloadFile/741435,cached,176,PAIS_2314755,PAIS_PLOTS_v32_BE_PAIS_PlotsData_2012_2013_xCoverClass_lu.csv
https://irma.nps.gov/DataStore/DownloadFile/741436,cached,136,PAIS_2314755,PAIS_PLOTS_v32_BE_PAIS_PlotsData_2012_2013_xHeight_Class_lu.csv
https://irma.nps.gov/DataStore/DownloadFile/741437,cached,1169,PAIS_2314755,PAIS_PLOTS_v32_BE_PAIS_PlotsData_2012_2013_xHydro_Regime_lu.csv
https://irma.nps.gov/DataStore/DownloadFile/741438,cached,18447,PAIS_2314755,PAIS_PLOTS_v32_BE_PAIS_PlotsData_2012_2013_xLandform_lu.csv
https://irma.nps.gov/DataStore/DownloadFile/741439,cached,178,PAIS_2314755,PAIS_PLOTS_v32_BE_PAIS_PlotsData_2012_2013_xLeaf_Phenology_lu.csv
https://irma.nps.gov/DataStore/DownloadFile/741440,cached,152,PAIS_2314755,PAIS_PLOTS_v32_BE_PAIS_PlotsData_2012_2013_xLeaf_Type_lu.csv
https://irma.nps.gov/DataStore/DownloadFile/741441,cached,21,PAIS_2314755,PAIS_PLOTS_v32_BE_PAIS_PlotsData_2012_2013_xMapUnit_lu.csv
https://irma.nps.gov/DataStore/DownloadFile/741442,cached,387,PAIS_2314755,PAIS_PLOTS_v32_BE_PAIS_PlotsData_2012_2013_xParks_lu.csv
https://irma.nps.gov/DataStore/DownloadFile/741443,cached,474,PAIS_2314755,PAIS_PLOTS_v32_BE_PAIS_PlotsData_2012_2013_xPhysio_Class_lu.csv
https://irma.nps.gov/DataStore/DownloadFile/741445,cached,148,PAIS_2314755,PAIS_PLOTS_v32_BE_PAIS_PlotsData_2012_2013_xSoil_Drainage_lu.csv
https://irma.nps.gov/DataStore/DownloadFile/741446,cached,115,PAIS_2314755,PAIS_PLOTS_v32_BE_PAIS_PlotsData_2012_2013_xSoil_Texture_lu.csv
https://irma.nps.gov/DataStore/DownloadFile/741447,cached,118,PAIS_2314755,PAIS_PLOTS_v32_BE_PAIS_PlotsData_2012_2013_xState_lu.csv
https://irma.nps.gov/DataStore/DownloadFile/741448,cached,282,PAIS_2314755,PAIS_PLOTS_v32_BE_PAIS_PlotsData_2012_2013_xStratum_lu.csv
https://irma.nps.gov/DataStore/DownloadFile/741449,cached,1172,PAIS_2314755,PAIS_PLOTS_v32_BE_PAIS_PlotsData_2012_2013_xSurficial_Geology_lu.csv
https://irma.nps.gov/DataStore/DownloadFile/741450,cached,225,PAIS_2314755,PAIS_PLOTS_v32_BE_PAIS_PlotsData_2012_2013_xTopo_Position_lu.csv
https://irma.nps.gov/DataStore/DownloadFile/741451,cached,710299,PAIS_2314755,PAIS_PLOTS_v32_BE_PAIS_PlotsData_2012_2013_xVegAssociation_lu.csv
https://irma.nps.gov/DataStore/DownloadFile/741452,cached,48126,PAIS_2314755,PAIS_PLOTS_v32_BE_PAIS_PlotsData_2012_2013_zJasonList.csv
https://irma.nps.gov/DataStore/DownloadFile/741453,cached,50633,PAIS_2314755,PAIS_PLOTS_v32_BE_PAIS_PlotsData_2012_2013_zNPSpecies.csv
https://irma.nps.gov/DataStore/DownloadFile/741454,cached,75974,PAIS_2314755,PAIS_PLOTS_v32_BE_PAIS_PlotsData_2012_2013_zNPSpecies_20151209.csv
https://irma.nps.gov/DataStore/DownloadFile/741455,cached,594683,PAIS_2314755,PAIS_PLOTS_v32_BE_PAIS_PlotsData_2012_2013_zPLANTS2.csv
https://irma.nps.gov/DataStore/DownloadFile/741456,cached,135553,PAIS_2314755,PAIS_PLOTS_v32_BE_PAIS_PlotsData_2012_2013_zWhitneyList.csv
https://irma.nps.gov/DataStore/DownloadFile/741457,cached,167472,PAIS_2314755,PAIS_PLOTS_v32_BE_PAIS_PlotsData_2012_2013_zWhitneyListAdditions.csv
https://irma.nps.gov/DataStore/DownloadFile/741458,cached,28962,PAIS_2314755,PAIS_PLOTS_v32_BE_PAIS_PlotsData_2012_2013_zWhitneyListDeletions.csv
https://irma.nps.gov/DataStore/DownloadFile/739568,cached,92,RIGR_2314657,RIGR_PLOTS_v4_BE_RIGR_tAA.csv
https://irma.nps.gov/DataStore/DownloadFile/739569,cached,21,RIGR_2314657,RIGR_PLOTS_v4_BE_RIGR_tConnect.csv
https://irma.nps.gov/DataStore/DownloadFile/739570,cached,382,RIGR_2314657,RIGR_PLOTS_v4_BE_RIGR_tGlobal.csv
https://irma.nps.gov/DataStore/DownloadFile/739571,cached,89620,RIGR_2314657,RIGR_PLOTS_v4_BE_RIGR_tPhotos.csv
https://irma.nps.gov/DataStore/DownloadFile/739572,cached,24653,RIGR_2314657,RIGR_PLOTS_v4_BE_RIGR_tPlotEventCoordinates.csv
https://irma.nps.gov/DataStore/DownloadFile/739573,cached,123634,RIGR_2314657,RIGR_PLOTS_v4_BE_RIGR_tPlotEvents.csv
https://irma.nps.gov/DataStore/DownloadFile/739574,cached,203529,RIGR_2314657,RIGR_PLOTS_v4_BE_RIGR_tPlotEventSpecies.csv
https://irma.nps.gov/DataStore/DownloadFile/739575,cached,61608,RIGR_2314657,RIGR_PLOTS_v4_BE_RIGR_tPlots.csv
https://irma.nps.gov/DataStore/DownloadFile/739576,cached,90,RIGR_2314657,RIGR_PLOTS_v4_BE_RIGR_tProcessSteps.csv
https://irma.nps.gov/DataStore/DownloadFile/739577,cached,501,RIGR_2314657,RIGR_PLOTS_v4_BE_RIGR_tProjectMetadata.csv
https://irma.nps.gov/DataStore/DownloadFile/739578,cached,87009,RIGR_2314657,RIGR_PLOTS_v4_BE_RIGR_tSpecies.csv
https://irma.nps.gov/DataStore/DownloadFile/739579,cached,2466,RIGR_2314657,RIGR_PLOTS_v4_BE_RIGR_xConcept_Reference_lu.csv
https://irma.nps.gov/DataStore/DownloadFile/739580,cached,160,RIGR_2314657,RIGR_PLOTS_v4_BE_RIGR_xCoverClass_lu.csv
https://irma.nps.gov/DataStore/DownloadFile/739581,cached,136,RIGR_2314657,RIGR_PLOTS_v4_BE_RIGR_xHeight_Class_lu.csv
https://irma.nps.gov/DataStore/DownloadFile/739582,cached,1169,RIGR_2314657,RIGR_PLOTS_v4_BE_RIGR_xHydro_Regime_lu.csv
https://irma.nps.gov/DataStore/DownloadFile/739583,cached,18432,RIGR_2314657,RIGR_PLOTS_v4_BE_RIGR_xLandform_lu.csv
https://irma.nps.gov/DataStore/DownloadFile/739584,cached,178,RIGR_2314657,RIGR_PLOTS_v4_BE_RIGR_xLeaf_Phenology_lu.csv
https://irma.nps.gov/DataStore/DownloadFile/739585,cached,152,RIGR_2314657,RIGR_PLOTS_v4_BE_RIGR_xLeaf_Type_lu.csv
https://irma.nps.gov/DataStore/DownloadFile/739586,cached,21,RIGR_2314657,RIGR_PLOTS_v4_BE_RIGR_xMapUnit_lu.csv
https://irma.nps.gov/DataStore/DownloadFile/739587,cached,11897,RIGR_2314657,RIGR_PLOTS_v4_BE_RIGR_xParks_lu.csv
https://irma.nps.gov/DataStore/DownloadFile/739588,cached,474,RIGR_2314657,RIGR_PLOTS_v4_BE_RIGR_xPhysio_Class_lu.csv
https://irma.nps.gov/DataStore/DownloadFile/739590,cached,148,RIGR_2314657,RIGR_PLOTS_v4_BE_RIGR_xSoil_Drainage_lu.csv
https://irma.nps.gov/DataStore/DownloadFile/739591,cached,115,RIGR_2314657,RIGR_PLOTS_v4_BE_RIGR_xSoil_Texture_lu.csv
https://irma.nps.gov/DataStore/DownloadFile/739592,cached,971,RIGR_2314657,RIGR_PLOTS_v4_BE_RIGR_xState_lu.csv
https://irma.nps.gov/DataStore/DownloadFile/739593,cached,282,RIGR_2314657,RIGR_PLOTS_v4_BE_RIGR_xStratum_lu.csv
https://irma.nps.gov/DataStore/DownloadFile/739594,cached,1172,RIGR_2314657,RIGR_PLOTS_v4_BE_RIGR_xSurficial_Geology_lu.csv
https://irma.nps.gov/DataStore/DownloadFile/739595,cached,225,RIGR_2314657,RIGR_PLOTS_v4_BE_RIGR_xTopo_Position_lu.csv
https://irma.nps.gov/DataStore/DownloadFile/739596,cached,3143,RIGR_2314657,RIGR_PLOTS_v4_BE_RIGR_xVegAssociation_lu.csv
https://irma.nps.gov/DataStore/DownloadFile/739597,cached,16632,RIGR_2314657,RIGR_PLOTS_v4_BE_RIGR_xVegAssociationHierarchy_lu.csv
https://irma.nps.gov/DataStore/DownloadFile/739795,cached,715676,SAGU_2314664,SAGU_PLOTS_v3.1_2010_BE__SAGU_~TMPCLP32531.csv
https://irma.nps.gov/DataStore/DownloadFile/739796,cached,339,SAGU_2314664,SAGU_PLOTS_v3.1_2010_BE__SAGU_~TMPCLP478121.csv
https://irma.nps.gov/DataStore/DownloadFile/739797,cached,50,SAGU_2314664,SAGU_PLOTS_v3.1_2010_BE__SAGU_~TMPCLP568381.csv
https://irma.nps.gov/DataStore/DownloadFile/739800,cached,757157,SAGU_2314664,SAGU_PLOTS_v3.1_2010_BE__SAGU_mtbl_Plants.csv
https://irma.nps.gov/DataStore/DownloadFile/739801,cached,169284,SAGU_2314664,SAGU_PLOTS_v3.1_2010_BE__SAGU_tAA.csv
https://irma.nps.gov/DataStore/DownloadFile/739802,cached,233143,SAGU_2314664,SAGU_PLOTS_v3.1_2010_BE__SAGU_tAAEvents.csv
https://irma.nps.gov/DataStore/DownloadFile/739803,cached,21,SAGU_2314664,SAGU_PLOTS_v3.1_2010_BE__SAGU_tConnect.csv
https://irma.nps.gov/DataStore/DownloadFile/739804,cached,6036,SAGU_2314664,SAGU_PLOTS_v3.1_2010_BE__SAGU_tGlobal.csv
https://irma.nps.gov/DataStore/DownloadFile/739805,cached,188347,SAGU_2314664,SAGU_PLOTS_v3.1_2010_BE__SAGU_tPhotos.csv
https://irma.nps.gov/DataStore/DownloadFile/739806,cached,494022,SAGU_2314664,SAGU_PLOTS_v3.1_2010_BE__SAGU_tPlotEvents.csv
https://irma.nps.gov/DataStore/DownloadFile/739807,cached,796502,SAGU_2314664,SAGU_PLOTS_v3.1_2010_BE__SAGU_tPlotEventSpecies.csv
https://irma.nps.gov/DataStore/DownloadFile/739808,cached,483558,SAGU_2314664,SAGU_PLOTS_v3.1_2010_BE__SAGU_tPlots.csv
https://irma.nps.gov/DataStore/DownloadFile/739809,cached,3044,SAGU_2314664,SAGU_PLOTS_v3.1_2010_BE__SAGU_tProjectMetadata.csv
https://irma.nps.gov/DataStore/DownloadFile/739810,cached,219761,SAGU_2314664,SAGU_PLOTS_v3.1_2010_BE__SAGU_tSpecies.csv
https://irma.nps.gov/DataStore/DownloadFile/739811,cached,24,SAGU_2314664,SAGU_PLOTS_v3.1_2010_BE__SAGU_xConcept_Reference_lu.csv
https://irma.nps.gov/DataStore/DownloadFile/739812,cached,128,SAGU_2314664,SAGU_PLOTS_v3.1_2010_BE__SAGU_xCoverClass_lu.csv
https://irma.nps.gov/DataStore/DownloadFile/739813,cached,160,SAGU_2314664,SAGU_PLOTS_v3.1_2010_BE__SAGU_xHeight_Class_lu.csv
https://irma.nps.gov/DataStore/DownloadFile/739814,cached,1169,SAGU_2314664,SAGU_PLOTS_v3.1_2010_BE__SAGU_xHydro_Regime_lu.csv
https://irma.nps.gov/DataStore/DownloadFile/739815,cached,18619,SAGU_2314664,SAGU_PLOTS_v3.1_2010_BE__SAGU_xLandform_lu.csv
https://irma.nps.gov/DataStore/DownloadFile/739816,cached,178,SAGU_2314664,SAGU_PLOTS_v3.1_2010_BE__SAGU_xLeaf_Phenology_lu.csv
https://irma.nps.gov/DataStore/DownloadFile/739817,cached,152,SAGU_2314664,SAGU_PLOTS_v3.1_2010_BE__SAGU_xLeaf_Type_lu.csv
https://irma.nps.gov/DataStore/DownloadFile/739818,cached,21,SAGU_2314664,SAGU_PLOTS_v3.1_2010_BE__SAGU_xMapUnit_lu.csv
https://irma.nps.gov/DataStore/DownloadFile/739819,cached,11893,SAGU_2314664,SAGU_PLOTS_v3.1_2010_BE__SAGU_xParks_lu.csv
https://irma.nps.gov/DataStore/DownloadFile/739820,cached,739,SAGU_2314664,SAGU_PLOTS_v3.1_2010_BE__SAGU_xPhysio_Class_lu.csv
https://irma.nps.gov/DataStore/DownloadFile/739822,cached,148,SAGU_2314664,SAGU_PLOTS_v3.1_2010_BE__SAGU_xSoil_Drainage_lu.csv
https://irma.nps.gov/DataStore/DownloadFile/739823,cached,115,SAGU_2314664,SAGU_PLOTS_v3.1_2010_BE__SAGU_xSoil_Texture_lu.csv
https://irma.nps.gov/DataStore/DownloadFile/739824,cached,948,SAGU_2314664,SAGU_PLOTS_v3.1_2010_BE__SAGU_xState_lu.csv
https://irma.nps.gov/DataStore/DownloadFile/739825,cached,281,SAGU_2314664,SAGU_PLOTS_v3.1_2010_BE__SAGU_xStratum_lu.csv
https://irma.nps.gov/DataStore/DownloadFile/739826,cached,1494,SAGU_2314664,SAGU_PLOTS_v3.1_2010_BE__SAGU_xSurficial_Geology_lu.csv
https://irma.nps.gov/DataStore/DownloadFile/739827,cached,225,SAGU_2314664,SAGU_PLOTS_v3.1_2010_BE__SAGU_xTopo_Position_lu.csv
https://irma.nps.gov/DataStore/DownloadFile/739828,cached,10540,SAGU_2314664,SAGU_PLOTS_v3.1_2010_BE__SAGU_xVegAssociation_lu.csv
https://irma.nps.gov/DataStore/DownloadFile/740047,cached,228130,SHIL_2314674,SHIL_sp_cov.csv
https://irma.nps.gov/DataStore/DownloadFile/740048,cached,22579,SHIL_2314674,SHIL_tAA.csv
https://irma.nps.gov/DataStore/DownloadFile/740049,cached,60721,SHIL_2314674,SHIL_tAAEvents.csv
https://irma.nps.gov/DataStore/DownloadFile/740050,cached,21,SHIL_2314674,SHIL_tConnect.csv
https://irma.nps.gov/DataStore/DownloadFile/740051,cached,358,SHIL_2314674,SHIL_tGlobal.csv
https://irma.nps.gov/DataStore/DownloadFile/740052,cached,108,SHIL_2314674,SHIL_tPhotos.csv
https://irma.nps.gov/DataStore/DownloadFile/740053,cached,19233,SHIL_2314674,SHIL_tPlotEvents.csv
https://irma.nps.gov/DataStore/DownloadFile/740054,cached,89581,SHIL_2314674,SHIL_tPlotEventSpecies.csv
https://irma.nps.gov/DataStore/DownloadFile/740055,cached,20286,SHIL_2314674,SHIL_tPlots.csv
https://irma.nps.gov/DataStore/DownloadFile/740056,cached,3452,SHIL_2314674,SHIL_tProjectMetadata.csv
https://irma.nps.gov/DataStore/DownloadFile/740057,cached,37080,SHIL_2314674,SHIL_tSpecies.csv
https://irma.nps.gov/DataStore/DownloadFile/740058,cached,14896,SHIL_2314674,SHIL_xConcept_Reference_lu.csv
https://irma.nps.gov/DataStore/DownloadFile/740059,cached,160,SHIL_2314674,SHIL_xCoverClass_lu.csv
https://irma.nps.gov/DataStore/DownloadFile/740060,cached,185,SHIL_2314674,SHIL_xHeight_Class_lu.csv
https://irma.nps.gov/DataStore/DownloadFile/740061,cached,1169,SHIL_2314674,SHIL_xHydro_Regime_lu.csv
https://irma.nps.gov/DataStore/DownloadFile/740062,cached,18432,SHIL_2314674,SHIL_xLandform_lu.csv
https://irma.nps.gov/DataStore/DownloadFile/740063,cached,178,SHIL_2314674,SHIL_xLeaf_Phenology_lu.csv
https://irma.nps.gov/DataStore/DownloadFile/740064,cached,152,SHIL_2314674,SHIL_xLeaf_Type_lu.csv
https://irma.nps.gov/DataStore/DownloadFile/740065,cached,2017,SHIL_2314674,SHIL_xMapUnit_lu.csv
https://irma.nps.gov/DataStore/DownloadFile/740066,cached,11897,SHIL_2314674,SHIL_xParks_lu.csv
https://irma.nps.gov/DataStore/DownloadFile/740067,cached,474,SHIL_2314674,SHIL_xPhysio_Class_lu.csv
https://irma.nps.gov/DataStore/DownloadFile/740069,cached,148,SHIL_2314674,SHIL_xSoil_Drainage_lu.csv
https://irma.nps.gov/DataStore/DownloadFile/740070,cached,115,SHIL_2314674,SHIL_xSoil_Texture_lu.csv
https://irma.nps.gov/DataStore/DownloadFile/740071,cached,948,SHIL_2314674,SHIL_xState_lu.csv
https://irma.nps.gov/DataStore/DownloadFile/740072,cached,282,SHIL_2314674,SHIL_xStratum_lu.csv
https://irma.nps.gov/DataStore/DownloadFile/740073,cached,1172,SHIL_2314674,SHIL_xSurficial_Geology_lu.csv
https://irma.nps.gov/DataStore/DownloadFile/740074,cached,240,SHIL_2314674,SHIL_xTopo_Position_lu.csv
https://irma.nps.gov/DataStore/DownloadFile/740075,cached,4165,SHIL_2314674,SHIL_xVegAssociation_lu.csv
https://irma.nps.gov/DataStore/DownloadFile/740081,cached,3622,AKR_2314676,SITK____SITK2012garmin.csv
https://irma.nps.gov/DataStore/DownloadFile/740082,cached,6769,AKR_2314676,SITK____SITK2012garmin377plots.csv
https://irma.nps.gov/DataStore/DownloadFile/740083,cached,2689,AKR_2314676,SITK____SITK2012garmin377plots_ImportErrors.csv
https://irma.nps.gov/DataStore/DownloadFile/740084,cached,526,AKR_2314676,SITK___REMINDERS.csv
https://irma.nps.gov/DataStore/DownloadFile/740085,cached,5376,AKR_2314676,SITK___Uncorrected_Trimble_I.csv
https://irma.nps.gov/DataStore/DownloadFile/740086,cached,109,AKR_2314676,SITK_1993Plots.csv
https://irma.nps.gov/DataStore/DownloadFile/740087,cached,61,AKR_2314676,SITK_2006Plots.csv
https://irma.nps.gov/DataStore/DownloadFile/740088,cached,18227,AKR_2314676,SITK_2006tabularized.csv
https://irma.nps.gov/DataStore/DownloadFile/740089,cached,4738,AKR_2314676,SITK_EcoInv1993_data.csv
https://irma.nps.gov/DataStore/DownloadFile/740090,cached,3813,AKR_2314676,SITK_garmin377trim.csv
https://irma.nps.gov/DataStore/DownloadFile/740091,cached,3,AKR_2314676,SITK_Landform.csv
https://irma.nps.gov/DataStore/DownloadFile/740094,cached,1755780,AKR_2314676,SITK_REF_AKspecies.csv
https://irma.nps.gov/DataStore/DownloadFile/740095,cached,224,AKR_2314676,SITK_REF_AreaSize.csv
https://irma.nps.gov/DataStore/DownloadFile/740096,cached,165,AKR_2314676,SITK_REF_Hydrologic.csv
https://irma.nps.gov/DataStore/DownloadFile/740097,cached,1074,AKR_2314676,SITK_REF_LandformsFeatures.csv
https://irma.nps.gov/DataStore/DownloadFile/740098,cached,2036,AKR_2314676,SITK_REF_PAClass.csv
https://irma.nps.gov/DataStore/DownloadFile/740099,cached,117,AKR_2314676,SITK_REF_PlotType.csv
https://irma.nps.gov/DataStore/DownloadFile/740100,cached,15036,AKR_2314676,SITK_SITK_LC_PA_Cover_Crosstable.csv
https://irma.nps.gov/DataStore/DownloadFile/740101,cached,343,AKR_2314676,SITK_SITK_PA_Comms.csv
https://irma.nps.gov/DataStore/DownloadFile/740102,cached,4496,AKR_2314676,SITK_TBL_Cov_GRID.csv
https://irma.nps.gov/DataStore/DownloadFile/740103,cached,19613,AKR_2314676,SITK_tbl_image.csv
https://irma.nps.gov/DataStore/DownloadFile/740104,cached,189,AKR_2314676,SITK_tbl_image_location.csv
https://irma.nps.gov/DataStore/DownloadFile/740105,cached,1225,AKR_2314676,SITK_tbl_image_software.csv
https://irma.nps.gov/DataStore/DownloadFile/740106,cached,1285,AKR_2314676,SITK_tbl_image_software_Windows8.csv
https://irma.nps.gov/DataStore/DownloadFile/740107,cached,1083,AKR_2314676,SITK_TBL_Lifeform.csv
https://irma.nps.gov/DataStore/DownloadFile/740108,cached,56,AKR_2314676,SITK_tbl_parent.csv
https://irma.nps.gov/DataStore/DownloadFile/740109,cached,18336,AKR_2314676,SITK_TBL_SITE.csv
https://irma.nps.gov/DataStore/DownloadFile/740110,cached,38448,AKR_2314676,SITK_TBL_VegCover.csv
https://irma.nps.gov/DataStore/DownloadFile/740111,cached,4541,AKR_2314676,SITK_xref_image_parent.csv
https://irma.nps.gov/DataStore/DownloadFile/740115,cached,131653,STRI_2314678,STRI_sp_cov.csv
https://irma.nps.gov/DataStore/DownloadFile/740116,cached,81368,STRI_2314678,STRI_sp_cov2.csv
https://irma.nps.gov/DataStore/DownloadFile/740117,cached,7395,STRI_2314678,STRI_tAA.csv
https://irma.nps.gov/DataStore/DownloadFile/740118,cached,29460,STRI_2314678,STRI_tAAEvents.csv
https://irma.nps.gov/DataStore/DownloadFile/740119,cached,21,STRI_2314678,STRI_tConnect.csv
https://irma.nps.gov/DataStore/DownloadFile/740120,cached,553,STRI_2314678,STRI_tGlobal.csv
https://irma.nps.gov/DataStore/DownloadFile/740121,cached,108,STRI_2314678,STRI_tPhotos.csv
https://irma.nps.gov/DataStore/DownloadFile/740122,cached,6256,STRI_2314678,STRI_tPlotEvents.csv
https://irma.nps.gov/DataStore/DownloadFile/740123,cached,53348,STRI_2314678,STRI_tPlotEventSpecies.csv
https://irma.nps.gov/DataStore/DownloadFile/740124,cached,9170,STRI_2314678,STRI_tPlots.csv
https://irma.nps.gov/DataStore/DownloadFile/740125,cached,2677,STRI_2314678,STRI_tProjectMetadata.csv
https://irma.nps.gov/DataStore/DownloadFile/740126,cached,31292,STRI_2314678,STRI_tSpecies.csv
https://irma.nps.gov/DataStore/DownloadFile/740127,cached,14897,STRI_2314678,STRI_xConcept_Reference_lu.csv
https://irma.nps.gov/DataStore/DownloadFile/740128,cached,160,STRI_2314678,STRI_xCoverClass_lu.csv
https://irma.nps.gov/DataStore/DownloadFile/740129,cached,160,STRI_2314678,STRI_xHeight_Class_lu.csv
https://irma.nps.gov/DataStore/DownloadFile/740130,cached,1169,STRI_2314678,STRI_xHydro_Regime_lu.csv
https://irma.nps.gov/DataStore/DownloadFile/740131,cached,18432,STRI_2314678,STRI_xLandform_lu.csv
https://irma.nps.gov/DataStore/DownloadFile/740132,cached,178,STRI_2314678,STRI_xLeaf_Phenology_lu.csv
https://irma.nps.gov/DataStore/DownloadFile/740133,cached,152,STRI_2314678,STRI_xLeaf_Type_lu.csv
https://irma.nps.gov/DataStore/DownloadFile/740134,cached,2265,STRI_2314678,STRI_xMapUnit_lu.csv
https://irma.nps.gov/DataStore/DownloadFile/740135,cached,11897,STRI_2314678,STRI_xParks_lu.csv
https://irma.nps.gov/DataStore/DownloadFile/740136,cached,474,STRI_2314678,STRI_xPhysio_Class_lu.csv
https://irma.nps.gov/DataStore/DownloadFile/740138,cached,148,STRI_2314678,STRI_xSoil_Drainage_lu.csv
https://irma.nps.gov/DataStore/DownloadFile/740139,cached,115,STRI_2314678,STRI_xSoil_Texture_lu.csv
https://irma.nps.gov/DataStore/DownloadFile/740140,cached,948,STRI_2314678,STRI_xState_lu.csv
https://irma.nps.gov/DataStore/DownloadFile/740141,cached,281,STRI_2314678,STRI_xStratum_lu.csv
https://irma.nps.gov/DataStore/DownloadFile/740142,cached,1172,STRI_2314678,STRI_xSurficial_Geology_lu.csv
https://irma.nps.gov/DataStore/DownloadFile/740143,cached,225,STRI_2314678,STRI_xTopo_Position_lu.csv
https://irma.nps.gov/DataStore/DownloadFile/740144,cached,1848,STRI_2314678,STRI_xVegAssociation_lu.csv
https://irma.nps.gov/DataStore/DownloadFile/740294,cached,13167,TIMU_2314685,TIMU_Dom_Veg.csv
https://irma.nps.gov/DataStore/DownloadFile/740295,cached,180749,TIMU_2314685,TIMU_FieldCollection_Veg_Comp.csv
https://irma.nps.gov/DataStore/DownloadFile/740296,cached,167343,TIMU_2314685,TIMU_FieldCollectionFormTable.csv
https://irma.nps.gov/DataStore/DownloadFile/740297,cached,91254,TIMU_2314685,TIMU_gps_pt_table.csv
https://irma.nps.gov/DataStore/DownloadFile/740300,cached,554866,TIMU_2314685,TIMU_PHOTO_LOG.csv
https://irma.nps.gov/DataStore/DownloadFile/740301,cached,436490,TIMU_2314685,TIMU_QA_01_spcov.csv
https://irma.nps.gov/DataStore/DownloadFile/740302,cached,295156,TIMU_2314685,TIMU_QA_02_plots.csv
https://irma.nps.gov/DataStore/DownloadFile/740303,cached,119,TIMU_2314685,TIMU_QA_03_duplicates_in_01.csv
https://irma.nps.gov/DataStore/DownloadFile/740304,cached,79,TIMU_2314685,TIMU_QA_04_duplicates_in_02.csv
https://irma.nps.gov/DataStore/DownloadFile/740305,cached,29,TIMU_2314685,TIMU_QA_05_Plots_without_Species.csv
https://irma.nps.gov/DataStore/DownloadFile/740306,cached,82,TIMU_2314685,TIMU_QA_06_Spp_without_Plots.csv
https://irma.nps.gov/DataStore/DownloadFile/740307,cached,21,TIMU_2314685,TIMU_tConnect.csv
https://irma.nps.gov/DataStore/DownloadFile/740308,cached,1687,TIMU_2314685,TIMU_tGlobal.csv
https://irma.nps.gov/DataStore/DownloadFile/740309,cached,293376,TIMU_2314685,TIMU_tPhotos.csv
https://irma.nps.gov/DataStore/DownloadFile/740310,cached,191600,TIMU_2314685,TIMU_tPlotEvents.csv
https://irma.nps.gov/DataStore/DownloadFile/740311,cached,167084,TIMU_2314685,TIMU_tPlotEventSpecies.csv
https://irma.nps.gov/DataStore/DownloadFile/740312,cached,56129,TIMU_2314685,TIMU_tPlots.csv
https://irma.nps.gov/DataStore/DownloadFile/740313,cached,105,TIMU_2314685,TIMU_tProcessSteps.csv
https://irma.nps.gov/DataStore/DownloadFile/740314,cached,710,TIMU_2314685,TIMU_tProjectMetadata.csv
https://irma.nps.gov/DataStore/DownloadFile/740315,cached,3050207,TIMU_2314685,TIMU_tSpecies.csv
https://irma.nps.gov/DataStore/DownloadFile/740316,cached,6215674,TIMU_2314685,TIMU_USysApplicationLog.csv
https://irma.nps.gov/DataStore/DownloadFile/740317,cached,14896,TIMU_2314685,TIMU_xConcept_Reference_lu.csv
https://irma.nps.gov/DataStore/DownloadFile/740318,cached,160,TIMU_2314685,TIMU_xCoverClass_lu.csv
https://irma.nps.gov/DataStore/DownloadFile/740319,cached,136,TIMU_2314685,TIMU_xHeight_Class_lu.csv
https://irma.nps.gov/DataStore/DownloadFile/740320,cached,1169,TIMU_2314685,TIMU_xHydro_Regime_lu.csv
https://irma.nps.gov/DataStore/DownloadFile/740321,cached,18432,TIMU_2314685,TIMU_xLandform_lu.csv
https://irma.nps.gov/DataStore/DownloadFile/740322,cached,178,TIMU_2314685,TIMU_xLeaf_Phenology_lu.csv
https://irma.nps.gov/DataStore/DownloadFile/740323,cached,152,TIMU_2314685,TIMU_xLeaf_Type_lu.csv
https://irma.nps.gov/DataStore/DownloadFile/740324,cached,21,TIMU_2314685,TIMU_xMapUnit_lu.csv
https://irma.nps.gov/DataStore/DownloadFile/740325,cached,11897,TIMU_2314685,TIMU_xParks_lu.csv
https://irma.nps.gov/DataStore/DownloadFile/740326,cached,474,TIMU_2314685,TIMU_xPhysio_Class_lu.csv
https://irma.nps.gov/DataStore/DownloadFile/740329,cached,148,TIMU_2314685,TIMU_xSoil_Drainage_lu.csv
https://irma.nps.gov/DataStore/DownloadFile/740330,cached,115,TIMU_2314685,TIMU_xSoil_Texture_lu.csv
https://irma.nps.gov/DataStore/DownloadFile/740331,cached,948,TIMU_2314685,TIMU_xState_lu.csv
https://irma.nps.gov/DataStore/DownloadFile/740332,cached,282,TIMU_2314685,TIMU_xStratum_lu.csv
https://irma.nps.gov/DataStore/DownloadFile/740333,cached,1172,TIMU_2314685,TIMU_xSurficial_Geology_lu.csv
https://irma.nps.gov/DataStore/DownloadFile/740334,cached,225,TIMU_2314685,TIMU_xTopo_Position_lu.csv
https://irma.nps.gov/DataStore/DownloadFile/740335,cached,565034,TIMU_2314685,TIMU_xVegAssociation_lu.csv
https://irma.nps.gov/DataStore/DownloadFile/740560,cached,38936,PACN_2314697,WAPA_qry_AA_Plots_primary_codes.csv
https://irma.nps.gov/DataStore/DownloadFile/740561,cached,52108,PACN_2314697,WAPA_qry_AA_sp_cov.csv
https://irma.nps.gov/DataStore/DownloadFile/740562,cached,6083,PACN_2314697,WAPA_qry_AA_species_list.csv
https://irma.nps.gov/DataStore/DownloadFile/740563,cached,1760,PACN_2314697,WAPA_qry_All_map_codes.csv
https://irma.nps.gov/DataStore/DownloadFile/740564,cached,1500,PACN_2314697,WAPA_qry_Classified_map_codes.csv
https://irma.nps.gov/DataStore/DownloadFile/740565,cached,1549,PACN_2314697,WAPA_qry_Primary_map_codes.csv
https://irma.nps.gov/DataStore/DownloadFile/740566,cached,1122,PACN_2314697,WAPA_qry_Secondary_map_codes.csv
https://irma.nps.gov/DataStore/DownloadFile/740567,cached,66453,PACN_2314697,WAPA_qry_sp_cov.csv
https://irma.nps.gov/DataStore/DownloadFile/740568,cached,47498,PACN_2314697,WAPA_tAA.csv
https://irma.nps.gov/DataStore/DownloadFile/740569,cached,67031,PACN_2314697,WAPA_tAAEvents.csv
https://irma.nps.gov/DataStore/DownloadFile/740570,cached,46484,PACN_2314697,WAPA_tAAEventSpecies.csv
https://irma.nps.gov/DataStore/DownloadFile/740571,cached,68561,PACN_2314697,WAPA_tAAPhotos.csv
https://irma.nps.gov/DataStore/DownloadFile/740572,cached,35449,PACN_2314697,WAPA_tAAStratum.csv
https://irma.nps.gov/DataStore/DownloadFile/740573,cached,22233,PACN_2314697,WAPA_tAAVegetation.csv
https://irma.nps.gov/DataStore/DownloadFile/740574,cached,59232,PACN_2314697,WAPA_tAAVegetationDetails.csv
https://irma.nps.gov/DataStore/DownloadFile/740575,cached,21,PACN_2314697,WAPA_tConnect.csv
https://irma.nps.gov/DataStore/DownloadFile/740576,cached,46,PACN_2314697,WAPA_tGlobal.csv
https://irma.nps.gov/DataStore/DownloadFile/740577,cached,39644,PACN_2314697,WAPA_tPhotos.csv
https://irma.nps.gov/DataStore/DownloadFile/740578,cached,39869,PACN_2314697,WAPA_tPlotEvents.csv
https://irma.nps.gov/DataStore/DownloadFile/740579,cached,51254,PACN_2314697,WAPA_tPlotEventSpecies.csv
https://irma.nps.gov/DataStore/DownloadFile/740580,cached,13337,PACN_2314697,WAPA_tPlots.csv
https://irma.nps.gov/DataStore/DownloadFile/740581,cached,1248,PACN_2314697,WAPA_tProjectMetadata.csv
https://irma.nps.gov/DataStore/DownloadFile/740582,cached,9556,PACN_2314697,WAPA_tSpecies.csv
https://irma.nps.gov/DataStore/DownloadFile/740583,cached,23,PACN_2314697,WAPA_xConcept_Reference_lu.csv
https://irma.nps.gov/DataStore/DownloadFile/740584,cached,295,PACN_2314697,WAPA_xCoverClass_lu.csv
https://irma.nps.gov/DataStore/DownloadFile/740585,cached,72,PACN_2314697,WAPA_xCoverClassObs_lu.csv
https://irma.nps.gov/DataStore/DownloadFile/740586,cached,219,PACN_2314697,WAPA_xHeight_Class_lu.csv
https://irma.nps.gov/DataStore/DownloadFile/740587,cached,1169,PACN_2314697,WAPA_xHydro_Regime_lu.csv
https://irma.nps.gov/DataStore/DownloadFile/740588,cached,1387,PACN_2314697,WAPA_xLandform_lu.csv
https://irma.nps.gov/DataStore/DownloadFile/740589,cached,136,PACN_2314697,WAPA_xLeaf_Phenology_lu.csv
https://irma.nps.gov/DataStore/DownloadFile/740590,cached,108,PACN_2314697,WAPA_xLeaf_Type_lu.csv
https://irma.nps.gov/DataStore/DownloadFile/740591,cached,5210,PACN_2314697,WAPA_xMapUnit_lu.csv
https://irma.nps.gov/DataStore/DownloadFile/740592,cached,11896,PACN_2314697,WAPA_xParks_lu.csv
https://irma.nps.gov/DataStore/DownloadFile/740593,cached,544,PACN_2314697,WAPA_xPhysio_Class_lu.csv
https://irma.nps.gov/DataStore/DownloadFile/740595,cached,148,PACN_2314697,WAPA_xSoil_Drainage_lu.csv
https://irma.nps.gov/DataStore/DownloadFile/740596,cached,229,PACN_2314697,WAPA_xSoil_Texture_lu.csv
https://irma.nps.gov/DataStore/DownloadFile/740597,cached,948,PACN_2314697,WAPA_xState_lu.csv
https://irma.nps.gov/DataStore/DownloadFile/740598,cached,295,PACN_2314697,WAPA_xStratum_lu.csv
https://irma.nps.gov/DataStore/DownloadFile/740599,cached,372,PACN_2314697,WAPA_xSurficial_Geology_lu.csv
https://irma.nps.gov/DataStore/DownloadFile/740600,cached,269,PACN_2314697,WAPA_xTopo_Position_lu.csv
https://irma.nps.gov/DataStore/DownloadFile/740601,cached,3040,PACN_2314697,WAPA_xVegAssociation_lu.csv
https://irma.nps.gov/DataStore/DownloadFile/740636,cached,35,VMI_2314701,WHSA_d_exclude_these_Subprojects.csv
https://irma.nps.gov/DataStore/DownloadFile/740637,cached,22,VMI_2314701,WHSA_d_import_only_these_ParentProjects.csv
https://irma.nps.gov/DataStore/DownloadFile/740638,cached,368,VMI_2314701,WHSA_d_soil_texture.csv
https://irma.nps.gov/DataStore/DownloadFile/740641,cached,2465,VMI_2314701,WHSA_tbl_Excel_Import_Mapunits.csv
https://irma.nps.gov/DataStore/DownloadFile/740642,cached,10909,VMI_2314701,WHSA_tbl_Excel_Import_Mapunits_AA.csv
https://irma.nps.gov/DataStore/DownloadFile/740643,cached,498017,VMI_2314701,WHSA_tPhotos.csv
https://irma.nps.gov/DataStore/DownloadFile/740644,cached,586916,VMI_2314701,WHSA_tPlotEvents.csv
https://irma.nps.gov/DataStore/DownloadFile/740645,cached,595601,VMI_2314701,WHSA_tPlotEventSpecies.csv
https://irma.nps.gov/DataStore/DownloadFile/740646,cached,282872,VMI_2314701,WHSA_tPlots.csv
https://irma.nps.gov/DataStore/DownloadFile/740647,cached,68,VMI_2314701,WHSA_tProcessSteps.csv
https://irma.nps.gov/DataStore/DownloadFile/740648,cached,1131,VMI_2314701,WHSA_tProjectMetadata.csv
https://irma.nps.gov/DataStore/DownloadFile/740649,cached,12454,VMI_2314701,WHSA_tSpecies.csv
https://irma.nps.gov/DataStore/DownloadFile/740650,cached,14896,VMI_2314701,WHSA_xConcept_Reference_lu.csv
https://irma.nps.gov/DataStore/DownloadFile/740651,cached,160,VMI_2314701,WHSA_xCoverClass_lu.csv
https://irma.nps.gov/DataStore/DownloadFile/740652,cached,136,VMI_2314701,WHSA_xHeight_Class_lu.csv
https://irma.nps.gov/DataStore/DownloadFile/740653,cached,1169,VMI_2314701,WHSA_xHydro_Regime_lu.csv
https://irma.nps.gov/DataStore/DownloadFile/740654,cached,18432,VMI_2314701,WHSA_xLandform_lu.csv
https://irma.nps.gov/DataStore/DownloadFile/740655,cached,178,VMI_2314701,WHSA_xLeaf_Phenology_lu.csv
https://irma.nps.gov/DataStore/DownloadFile/740656,cached,152,VMI_2314701,WHSA_xLeaf_Type_lu.csv
https://irma.nps.gov/DataStore/DownloadFile/740657,cached,2593,VMI_2314701,WHSA_xMapUnit_lu.csv
https://irma.nps.gov/DataStore/DownloadFile/740658,cached,11897,VMI_2314701,WHSA_xParks_lu.csv
https://irma.nps.gov/DataStore/DownloadFile/740659,cached,474,VMI_2314701,WHSA_xPhysio_Class_lu.csv
https://irma.nps.gov/DataStore/DownloadFile/740661,cached,148,VMI_2314701,WHSA_xSoil_Drainage_lu.csv
https://irma.nps.gov/DataStore/DownloadFile/740662,cached,115,VMI_2314701,WHSA_xSoil_Texture_lu.csv
https://irma.nps.gov/DataStore/DownloadFile/740663,cached,948,VMI_2314701,WHSA_xState_lu.csv
https://irma.nps.gov/DataStore/DownloadFile/740664,cached,282,VMI_2314701,WHSA_xStratum_lu.csv
https://irma.nps.gov/DataStore/DownloadFile/740665,cached,1172,VMI_2314701,WHSA_xSurficial_Geology_lu.csv
https://irma.nps.gov/DataStore/DownloadFile/740666,cached,225,VMI_2314701,WHSA_xTopo_Position_lu.csv
https://irma.nps.gov/DataStore/DownloadFile/740667,cached,4876,VMI_2314701,WHSA_xVegAssociation_lu.csv
https://irma.nps.gov/DataStore/DownloadFile/740712,cached,37,AKR_2314704,WRST_GDB_DatabaseLocks.csv
https://irma.nps.gov/DataStore/DownloadFile/740715,cached,2049,AKR_2314704,WRST_ORIGINAL_tbl_image_location.csv
https://irma.nps.gov/DataStore/DownloadFile/740716,cached,6268,AKR_2314704,WRST_qry_2006_chem.csv
https://irma.nps.gov/DataStore/DownloadFile/740717,cached,932825,AKR_2314704,WRST_qry_ABR_veg_cov.csv
https://irma.nps.gov/DataStore/DownloadFile/740718,cached,105708,AKR_2314704,WRST_qry_ecotype_&_sppCover.csv
https://irma.nps.gov/DataStore/DownloadFile/740719,cached,13778,AKR_2314704,WRST_qry_ecotype_fields.csv
https://irma.nps.gov/DataStore/DownloadFile/740720,cached,11786,AKR_2314704,WRST_qry_ecotype_review.csv
https://irma.nps.gov/DataStore/DownloadFile/740721,cached,12627,AKR_2314704,WRST_qry_ecotype_review2.csv
https://irma.nps.gov/DataStore/DownloadFile/740722,cached,5577,AKR_2314704,WRST_qry_Ecotype_with_Str_data.csv
https://irma.nps.gov/DataStore/DownloadFile/740723,cached,26244,AKR_2314704,WRST_qry_ecotypeXvegClass.csv
https://irma.nps.gov/DataStore/DownloadFile/740724,cached,167130,AKR_2314704,WRST_qry_env_code_to_name.csv
https://irma.nps.gov/DataStore/DownloadFile/740725,cached,810,AKR_2314704,WRST_qry_flor_yak.csv
https://irma.nps.gov/DataStore/DownloadFile/740726,cached,1258,AKR_2314704,WRST_qry_fnl_drain.csv
https://irma.nps.gov/DataStore/DownloadFile/740727,cached,54492,AKR_2314704,WRST_qry_geomXsoil.csv
https://irma.nps.gov/DataStore/DownloadFile/740728,cached,361,AKR_2314704,WRST_qry_glaciated_ecotype6.csv
https://irma.nps.gov/DataStore/DownloadFile/740729,cached,2764,AKR_2314704,WRST_Qry_pHGradient.csv
https://irma.nps.gov/DataStore/DownloadFile/740730,cached,34028,AKR_2314704,WRST_qry_plntID_hab_info.csv
https://irma.nps.gov/DataStore/DownloadFile/740731,cached,52372,AKR_2314704,WRST_qry_plot_listing.csv
https://irma.nps.gov/DataStore/DownloadFile/740732,cached,17946,AKR_2314704,WRST_qry_plot_physiog.csv
https://irma.nps.gov/DataStore/DownloadFile/740733,cached,20671,AKR_2314704,WRST_qry_serial_example.csv
https://irma.nps.gov/DataStore/DownloadFile/740734,cached,10847,AKR_2314704,WRST_qry_soil_plot_list.csv
https://irma.nps.gov/DataStore/DownloadFile/740735,cached,33805,AKR_2314704,WRST_qry_soil_properties_list.csv
https://irma.nps.gov/DataStore/DownloadFile/740736,cached,4860,AKR_2314704,WRST_qry_soil_property_summary.csv
https://irma.nps.gov/DataStore/DownloadFile/740737,cached,19190,AKR_2314704,WRST_Qry_Soilclass_&_UniqueID.csv
https://irma.nps.gov/DataStore/DownloadFile/740738,cached,290697,AKR_2314704,WRST_qry_subfrm_soil.csv
https://irma.nps.gov/DataStore/DownloadFile/740739,cached,123666,AKR_2314704,WRST_qry_summary.csv
https://irma.nps.gov/DataStore/DownloadFile/740740,cached,1929,AKR_2314704,WRST_qry_veg_cover_per_ecotype.csv
https://irma.nps.gov/DataStore/DownloadFile/740741,cached,1649776,AKR_2314704,WRST_qry_veg_data_for_Mary_Beth.csv
https://irma.nps.gov/DataStore/DownloadFile/740742,cached,300487,AKR_2314704,WRST_qry_veg_physiog.csv
https://irma.nps.gov/DataStore/DownloadFile/740743,cached,234580,AKR_2314704,WRST_qry_veg_sort_tab_Yak.csv
https://irma.nps.gov/DataStore/DownloadFile/740744,cached,23775,AKR_2314704,WRST_qry_vegclass_structure.csv
https://irma.nps.gov/DataStore/DownloadFile/740745,cached,483213,AKR_2314704,WRST_qry_VegCov_NoYak.csv
https://irma.nps.gov/DataStore/DownloadFile/740746,cached,623888,AKR_2314704,WRST_qry_vegXplot.csv
https://irma.nps.gov/DataStore/DownloadFile/740747,cached,1759,AKR_2314704,WRST_qry_Yak_AggEco.csv
https://irma.nps.gov/DataStore/DownloadFile/740748,cached,137,AKR_2314704,WRST_REF_Boundary_Distinct.csv
https://irma.nps.gov/DataStore/DownloadFile/740749,cached,117,AKR_2314704,WRST_REF_Boundary_Topo.csv
https://irma.nps.gov/DataStore/DownloadFile/740750,cached,41,AKR_2314704,WRST_Ref_climate_match.csv
https://irma.nps.gov/DataStore/DownloadFile/740751,cached,21217,AKR_2314704,WRST_Ref_Climate_Yak_Ecot.csv
https://irma.nps.gov/DataStore/DownloadFile/740752,cached,540,AKR_2314704,WRST_REF_Coarse_Texture.csv
https://irma.nps.gov/DataStore/DownloadFile/740753,cached,243,AKR_2314704,WRST_REF_DomText.csv
https://irma.nps.gov/DataStore/DownloadFile/740754,cached,251,AKR_2314704,WRST_REF_DrainageCodes.csv
https://irma.nps.gov/DataStore/DownloadFile/740755,cached,15571,AKR_2314704,WRST_REF_ecotype_code_match.csv
https://irma.nps.gov/DataStore/DownloadFile/740756,cached,370,AKR_2314704,WRST_REF_Ecotype_Veg_Structures.csv
https://irma.nps.gov/DataStore/DownloadFile/740757,cached,137,AKR_2314704,WRST_REF_Frag_Shape.csv
https://irma.nps.gov/DataStore/DownloadFile/740758,cached,147,AKR_2314704,WRST_REF_Frag_Size.csv
https://irma.nps.gov/DataStore/DownloadFile/740759,cached,119,AKR_2314704,WRST_REF_HORIZON.csv
https://irma.nps.gov/DataStore/DownloadFile/740760,cached,76,AKR_2314704,WRST_REF_HORIZON_04.csv
https://irma.nps.gov/DataStore/DownloadFile/740761,cached,268,AKR_2314704,WRST_REF_Horizon_Suffix.csv
https://irma.nps.gov/DataStore/DownloadFile/740762,cached,909,AKR_2314704,WRST_REF_Lithofacies.csv
https://irma.nps.gov/DataStore/DownloadFile/740763,cached,5096,AKR_2314704,WRST_REF_MacrotopographyCodes.csv
https://irma.nps.gov/DataStore/DownloadFile/740764,cached,1858,AKR_2314704,WRST_REF_MicrotopographyCodes.csv
https://irma.nps.gov/DataStore/DownloadFile/740765,cached,116,AKR_2314704,WRST_REF_Mottle_Abund.csv
https://irma.nps.gov/DataStore/DownloadFile/740766,cached,151,AKR_2314704,WRST_REF_Mottle_Contrst.csv
https://irma.nps.gov/DataStore/DownloadFile/740767,cached,171,AKR_2314704,WRST_REF_Mottle_Size.csv
https://irma.nps.gov/DataStore/DownloadFile/740768,cached,345,AKR_2314704,WRST_REF_NWIWaterRegimeCodes.csv
https://irma.nps.gov/DataStore/DownloadFile/740769,cached,327,AKR_2314704,WRST_REF_Peat.csv
https://irma.nps.gov/DataStore/DownloadFile/740770,cached,169,AKR_2314704,WRST_REF_PhysiographyCodes.csv
https://irma.nps.gov/DataStore/DownloadFile/740771,cached,175,AKR_2314704,WRST_REF_Redox_Type.csv
https://irma.nps.gov/DataStore/DownloadFile/740772,cached,261,AKR_2314704,WRST_REF_Rupture_Resist_Block.csv
https://irma.nps.gov/DataStore/DownloadFile/740773,cached,194,AKR_2314704,WRST_REF_Rupture_Resist_Block_04.csv
https://irma.nps.gov/DataStore/DownloadFile/740774,cached,184,AKR_2314704,WRST_REF_SampleMeth.csv
https://irma.nps.gov/DataStore/DownloadFile/740775,cached,163,AKR_2314704,WRST_REF_SiteChemistry.csv
https://irma.nps.gov/DataStore/DownloadFile/740776,cached,12931,AKR_2314704,WRST_ref_soil_code.csv
https://irma.nps.gov/DataStore/DownloadFile/740777,cached,342,AKR_2314704,WRST_ref_soil_colour.csv
https://irma.nps.gov/DataStore/DownloadFile/740778,cached,81,AKR_2314704,WRST_REF_Soil_Sticki.csv
https://irma.nps.gov/DataStore/DownloadFile/740779,cached,199,AKR_2314704,WRST_REF_Soil_Structure.csv
https://irma.nps.gov/DataStore/DownloadFile/740780,cached,143,AKR_2314704,WRST_REF_Soil_Structure_04.csv
https://irma.nps.gov/DataStore/DownloadFile/740781,cached,105,AKR_2314704,WRST_REF_SoilMoistureCodes.csv
https://irma.nps.gov/DataStore/DownloadFile/740782,cached,170,AKR_2314704,WRST_REF_Structure_Grade.csv
https://irma.nps.gov/DataStore/DownloadFile/740783,cached,182,AKR_2314704,WRST_REF_Structure_Grade_04.csv
https://irma.nps.gov/DataStore/DownloadFile/740784,cached,198,AKR_2314704,WRST_REF_Structure_Size.csv
https://irma.nps.gov/DataStore/DownloadFile/740785,cached,174,AKR_2314704,WRST_REF_Structure_Size_04.csv
https://irma.nps.gov/DataStore/DownloadFile/740786,cached,132,AKR_2314704,WRST_REF_SurfaceFrag.csv
https://irma.nps.gov/DataStore/DownloadFile/740787,cached,20138,AKR_2314704,WRST_REF_TerrainUnitCodes.csv
https://irma.nps.gov/DataStore/DownloadFile/740788,cached,131,AKR_2314704,WRST_REF_Text_modifier_04.csv
https://irma.nps.gov/DataStore/DownloadFile/740789,cached,721,AKR_2314704,WRST_REF_Texture.csv
https://irma.nps.gov/DataStore/DownloadFile/740790,cached,408,AKR_2314704,WRST_REF_Texture_04.csv
https://irma.nps.gov/DataStore/DownloadFile/740791,cached,28999,AKR_2314704,WRST_REF_VegCode4.csv
https://irma.nps.gov/DataStore/DownloadFile/740792,cached,138661,AKR_2314704,WRST_Ref_vegTaxonomy.csv
https://irma.nps.gov/DataStore/DownloadFile/740793,cached,21,AKR_2314704,WRST_SelectedObjects.csv
https://irma.nps.gov/DataStore/DownloadFile/740794,cached,23,AKR_2314704,WRST_Selections.csv
https://irma.nps.gov/DataStore/DownloadFile/740795,cached,8289,AKR_2314704,WRST_tbl_2006_chem.csv
https://irma.nps.gov/DataStore/DownloadFile/740796,cached,37456,AKR_2314704,WRST_tbl_2006_Field_Data.csv
https://irma.nps.gov/DataStore/DownloadFile/740797,cached,9072,AKR_2314704,WRST_tbl_2006_spp_collect.csv
https://irma.nps.gov/DataStore/DownloadFile/740798,cached,38059,AKR_2314704,WRST_tbl_Compiled_Field_Data.csv
https://irma.nps.gov/DataStore/DownloadFile/740799,cached,1554,AKR_2314704,WRST_tbl_ELS_Plotdata_Template.csv
https://irma.nps.gov/DataStore/DownloadFile/740800,cached,651105,AKR_2314704,WRST_tbl_EnvirVar.csv
https://irma.nps.gov/DataStore/DownloadFile/740801,cached,449705,AKR_2314704,WRST_tbl_EnvVar_Final.csv
https://irma.nps.gov/DataStore/DownloadFile/740802,cached,13421,AKR_2314704,WRST_tbl_FlorMerge.csv
https://irma.nps.gov/DataStore/DownloadFile/740803,cached,42585,AKR_2314704,WRST_tbl_GRS_plot.csv
https://irma.nps.gov/DataStore/DownloadFile/740804,cached,13763,AKR_2314704,WRST_tbl_GRS_structure.csv
https://irma.nps.gov/DataStore/DownloadFile/740805,cached,181822,AKR_2314704,WRST_tbl_GRS_veg.csv
https://irma.nps.gov/DataStore/DownloadFile/740806,cached,1772,AKR_2314704,WRST_tbl_hydric_mtj_2006.csv
https://irma.nps.gov/DataStore/DownloadFile/740807,cached,245324,AKR_2314704,WRST_tbl_image.csv
https://irma.nps.gov/DataStore/DownloadFile/740808,cached,2042,AKR_2314704,WRST_tbl_image_location.csv
https://irma.nps.gov/DataStore/DownloadFile/740809,cached,858,AKR_2314704,WRST_tbl_image_software.csv
https://irma.nps.gov/DataStore/DownloadFile/740810,cached,1202,AKR_2314704,WRST_tbl_image_software1.csv
https://irma.nps.gov/DataStore/DownloadFile/740811,cached,56876,AKR_2314704,WRST_tbl_Nabesna_site.csv
https://irma.nps.gov/DataStore/DownloadFile/740812,cached,75906,AKR_2314704,WRST_tbl_Nabesna_Soil_profile.csv
https://irma.nps.gov/DataStore/DownloadFile/740813,cached,86,AKR_2314704,WRST_tbl_parent.csv
https://irma.nps.gov/DataStore/DownloadFile/740814,cached,751400,AKR_2314704,WRST_tbl_plot_data_ThumbsPlus.csv
https://irma.nps.gov/DataStore/DownloadFile/740815,cached,78155,AKR_2314704,WRST_tbl_RawEnvData05.csv
https://irma.nps.gov/DataStore/DownloadFile/740816,cached,290697,AKR_2314704,WRST_tbl_soil.csv
https://irma.nps.gov/DataStore/DownloadFile/740817,cached,67306,AKR_2314704,WRST_tbl_Structure.csv
https://irma.nps.gov/DataStore/DownloadFile/740818,cached,21434,AKR_2314704,WRST_tbl_Structure_100.csv
https://irma.nps.gov/DataStore/DownloadFile/740819,cached,295134,AKR_2314704,WRST_tbl_vegcov_raw06.csv
https://irma.nps.gov/DataStore/DownloadFile/740820,cached,1280621,AKR_2314704,WRST_tbl_VegCoverBySpecies.csv
https://irma.nps.gov/DataStore/DownloadFile/740821,cached,44183,AKR_2314704,WRST_UniqueID_EcoAggr.csv
https://irma.nps.gov/DataStore/DownloadFile/740822,cached,1262,AKR_2314704,WRST_veg_merge1.csv
https://irma.nps.gov/DataStore/DownloadFile/740823,cached,118774,AKR_2314704,WRST_xref_image_parent.csv
https://irma.nps.gov/DataStore/DownloadFile/740825,cached,201336,SCPN_2314705,WUPA_AA_pts.csv
https://irma.nps.gov/DataStore/DownloadFile/740826,cached,88,SCPN_2314705,WUPA_lookuptbl_Coverclass.csv
https://irma.nps.gov/DataStore/DownloadFile/740827,cached,69,SCPN_2314705,WUPA_lookuptbl_Cowsys.csv
https://irma.nps.gov/DataStore/DownloadFile/740828,cached,182,SCPN_2314705,WUPA_lookuptbl_Geology.csv
https://irma.nps.gov/DataStore/DownloadFile/740829,cached,124,SCPN_2314705,WUPA_lookuptbl_Hydro.csv
https://irma.nps.gov/DataStore/DownloadFile/740830,cached,281,SCPN_2314705,WUPA_lookuptbl_Landform.csv
https://irma.nps.gov/DataStore/DownloadFile/740831,cached,164,SCPN_2314705,WUPA_lookuptbl_Leafphen.csv
https://irma.nps.gov/DataStore/DownloadFile/740832,cached,196,SCPN_2314705,WUPA_lookuptbl_Leaftype.csv
https://irma.nps.gov/DataStore/DownloadFile/740833,cached,167,SCPN_2314705,WUPA_lookuptbl_Phyclass.csv
https://irma.nps.gov/DataStore/DownloadFile/740834,cached,59,SCPN_2314705,WUPA_lookuptbl_Salinity.csv
https://irma.nps.gov/DataStore/DownloadFile/740835,cached,204,SCPN_2314705,WUPA_lookuptbl_Topography.csv
https://irma.nps.gov/DataStore/DownloadFile/740836,cached,30661,SCPN_2314705,WUPA_lookuptbl_USDAspecies.csv
https://irma.nps.gov/DataStore/DownloadFile/740839,cached,6043,SCPN_2314705,WUPA_tbl_Total_Vegetation_Cover.csv
https://irma.nps.gov/DataStore/DownloadFile/740840,cached,4033,SCPN_2314705,WUPA_tblDBH.csv
https://irma.nps.gov/DataStore/DownloadFile/740841,cached,17324,SCPN_2314705,WUPA_tblEnv_Des.csv
https://irma.nps.gov/DataStore/DownloadFile/740842,cached,1420,SCPN_2314705,WUPA_tblExotic_Species.csv
https://irma.nps.gov/DataStore/DownloadFile/740843,cached,2592,SCPN_2314705,WUPA_tblGeology.csv
https://irma.nps.gov/DataStore/DownloadFile/740844,cached,63322,SCPN_2314705,WUPA_tblSite_Des.csv
https://irma.nps.gov/DataStore/DownloadFile/740845,cached,20566,SCPN_2314705,WUPA_tblSubstrate.csv
https://irma.nps.gov/DataStore/DownloadFile/740846,cached,48436,SCPN_2314705,WUPA_tblTotal_Species_Cover.csv
https://irma.nps.gov/DataStore/DownloadFile/740848,cached,89945,AKR_2314706,YUCH_2003grcov.csv
https://irma.nps.gov/DataStore/DownloadFile/740849,cached,64789,AKR_2314706,YUCH_2003grndsite.csv
https://irma.nps.gov/DataStore/DownloadFile/740850,cached,1050,AKR_2314706,YUCH_2003GRoundCOMMENTS.csv
https://irma.nps.gov/DataStore/DownloadFile/740851,cached,4793,AKR_2314706,YUCH_2003GRunveg.csv
https://irma.nps.gov/DataStore/DownloadFile/740852,cached,79488,AKR_2314706,YUCH_backuppreki_l2003grndsite.csv
https://irma.nps.gov/DataStore/DownloadFile/740853,cached,1453,AKR_2314706,YUCH_Dataentry_Notes.csv
https://irma.nps.gov/DataStore/DownloadFile/740854,cached,9735,AKR_2314706,YUCH_Fotoroster.csv
https://irma.nps.gov/DataStore/DownloadFile/740857,cached,904314,AKR_2314706,YUCH_species.csv
https://irma.nps.gov/DataStore/DownloadFile/740858,cached,34995,AKR_2314706,YUCH_tbl_image.csv
https://irma.nps.gov/DataStore/DownloadFile/740859,cached,673,AKR_2314706,YUCH_tbl_image_location.csv
https://irma.nps.gov/DataStore/DownloadFile/740860,cached,1176,AKR_2314706,YUCH_tbl_image_software.csv
https://irma.nps.gov/DataStore/DownloadFile/740861,cached,168,AKR_2314706,YUCH_tbl_parent.csv
https://irma.nps.gov/DataStore/DownloadFile/740862,cached,7776,AKR_2314706,YUCH_xref_image_parent.csv
