package,table,file,rows,columns
ABLI_2314392,sp_cov,ABLI_sp_cov.csv,1987,Plot_Event;PLANTS_Symbol;Field_Name;ComName;Family;ITIS_TSN;Stratum;Spp_Code;Cover_Code;Real_Cover;Within_Plot
ABLI_2314392,sp_cov2,ABLI_sp_cov2.csv,1992,Plot_Event;PLANTS_Symbol;Field_Name;Stratum;Spp_Code;Cover_Code;Real_Cover;Within_Plot
ABLI_2314392,tAA,ABLI_tAA.csv,71,AA_Code;Project_Name;Slope_Cat;Slope_Degrees;Aspect_Cat;Aspect_Degrees;Elevation;Elev_Units
ABLI_2314392,tAAEvents,ABLI_tAAEvents.csv,71,AA_Event;AA_Code;Event_Date;Surveyors;Field_X;Field_Y;GPS_Error;Satellites;UTM_Zone;AA_plotsize;AA_plotshape;Primary_Code;Secondary_Code;Classified_Code;AA_Photos;General_Comments;AA_Update;AA_User
ABLI_2314392,tConnect,ABLI_tConnect.csv,1,Connect_db
ABLI_2314392,tGlobal,ABLI_tGlobal.csv,10,User_Count;User_Name;User_Email;Last_Modified
ABLI_2314392,tPhotos,ABLI_tPhotos.csv,0,Photo_ID;Plot_Code;Photo_Date;Photo_Type;Photo_Bearing;Photo_Descript;Photographer;Camera_or_Roll;File_Name
ABLI_2314392,tPlotEventSpecies,ABLI_tPlotEventSpecies.csv,1992,Plot_Event;Stratum;Spp_Code;Cover_Code;Real_Cover;Within_Plot;Spp_Update;Spp_User
ABLI_2314392,tPlotEvents,ABLI_tPlotEvents.csv,28,Plot_Event;Plot_Code;Event_Date;Surveyors;Field_X;Field_Y;GPS_Error;Satellites;UTM_Zone;Plot_Shape;Plot_Radius;Plot_Width;Plot_Length;Observation_pt;Provisional_Community;NVC_Elcode;Representativeness;Stand_Size;Environmental_Comments;Plot_Photos;Bedrock;Large_Rocks;Small_Rocks;Sand;Litter;Wood;Water;Bare;Other;Other_describe;Leaf_Type;Leaf_Phenology;Physio_Class;T1_Hgt;T2_Hgt;T3_Hgt;S1_Hgt;S2_Hgt;S3_Hgt;H_Hgt;N_Hgt;V_Hgt;A1_Hgt;A2_Hgt;E_Hgt;T1_Cover;T2_Cover;T3_Cover;S1_Cover;S2_Cover;S3_Cover;H_Cover;N_Cover;V_Cover;A1_Cover;A2_Cover;E_Cover;All_Cover;General_Comments;Plot_Update;Plot_User
ABLI_2314392,tPlots,ABLI_tPlots.csv,28,Plot_Code;Project_Name;Plot_Directions;State;Land_Owner;Elevation;Elev_Units;Slope_Cat;Slope_Degrees;Aspect_Cat;Aspect_Degrees;Topo_Position;Landform;Surficial_Geology;Cowardin_System;Hydro_Regime;Hydrology_Evidence;Landscape_Comments;Soil_Texture;Soil_Drainage;Sensitive_Data;Public_X;Public_Y;Dist_XY;Public_Elev;Dist_Elev
ABLI_2314392,tProjectMetadata,ABLI_tProjectMetadata.csv,1,Project_Name;Park_Code;Project_Contact;Coordinate_System;Datum;Coordinate_Method;GPS_Filename;GPS_Unit;Sampling_Method;Calculation_Method;Taxon_Reference_Source;Project_Comments;T1_DefHgt;T2_DefHgt;T3_DefHgt;S1_DefHgt;S2_DefHgt;S3_DefHgt;H_DefHgt;N_DefHgt;V_DefHgt;A1_DefHgt;A2_DefHgt;E_DefHgt;Date_Created
ABLI_2314392,tSpecies,ABLI_tSpecies.csv,555,Spp_Code;Field_Name;Taxon_Reference;PLANTS_Symbol
ABLI_2314392,xConcept_Reference_lu,ABLI_xConcept_Reference_lu.csv,102,Taxon_Reference_Source
ABLI_2314392,xCoverClass_lu,ABLI_xCoverClass_lu.csv,10,Cover_Class;Range;MidPoint
ABLI_2314392,xHeight_Class_lu,ABLI_xHeight_Class_lu.csv,9,Height_Class;Sort_Order;Max_Val
ABLI_2314392,xHydro_Regime_lu,ABLI_xHydro_Regime_lu.csv,14,Hydro_Regime;Hydro_Definitions
ABLI_2314392,xLandform_lu,ABLI_xLandform_lu.csv,204,Landform;Lndfrm_Definition;Include_Rec
ABLI_2314392,xLeaf_Phenology_lu,ABLI_xLeaf_Phenology_lu.csv,7,Leaf_Phenology;SortOrder
ABLI_2314392,xLeaf_Type_lu,ABLI_xLeaf_Type_lu.csv,8,Leaf_Type;SortOrder
ABLI_2314392,xMapUnit_lu,ABLI_xMapUnit_lu.csv,14,MapUnit_Code;MapUnit
ABLI_2314392,xParks_lu,ABLI_xParks_lu.csv,1,Park_Code;Park_Name;State;Include_Rec
ABLI_2314392,xPhysio_Class_lu,ABLI_xPhysio_Class_lu.csv,8,Physio_Class;Physio_Definition;SortOrder
ABLI_2314392,xSoil_Drainage_lu,ABLI_xSoil_Drainage_lu.csv,6,Soil_Drainage;SortOrder
ABLI_2314392,xSoil_Texture_lu,ABLI_xSoil_Texture_lu.csv,13,Soil_Texture
ABLI_2314392,xState_lu,ABLI_xState_lu.csv,59,State_Code;State_Name;Include_Rec
ABLI_2314392,xStratum_lu,ABLI_xStratum_lu.csv,13,Stratum;Descript;SortOrder
ABLI_2314392,xSurficial_Geology_lu,ABLI_xSurficial_Geology_lu.csv,33,Surficial_Geology;Category;Include_Rec
ABLI_2314392,xTopo_Position_lu,ABLI_xTopo_Position_lu.csv,12,Topo_Position;SortOrder;Include_Rec
ABLI_2314392,xVegAssociation_lu,ABLI_xVegAssociation_lu.csv,15,NVC_Elcode;NVC_Association;Canada;East;Midwest;Southeast;West;Include_Rec
ACAD_2314393,AA_Observations,ACAD_AA_Observations.csv,724,"AA.Obs.Code;Air.Photo.Number;Polygon.Code;Polygon.Size;Provisional.Community.Name;Classified.Community.Name;TNC.Elcode;TNC.EONum.Suffix;Location.Code;Sublocation;Quad.Name;Quad.Code;Coord.System;GPS.File;GPS.Techniques;Field.UTM.X;Field.UTM.Y;Corrected.UTM.X;Corrected.UTM.Y;UTM.Zone;Field.Lat;Field.Long;Corrected.Lat;Corrected.Long;Survey.Date;Surveyors;Elevation;Elevation.Units;Slope;Aspect;Topo.Position;Landform;Surficial.Geology;Cowardin.System;Hydro.Regime;Salinity/Halinity;Hydrology.Evidence;Environmental.Comments;Landscape.Comments;%.Bedrock;%.Large.Rocks;%.Small.Rocks;%.Sand;%.Litter,.Duff;%.Wood;%.Water;%.Bare.Soil;%.Other;%.Other.Description;Leaf.Phenology;Leaf.Type;Physio.Class;T1.Hgt;T1.Cover;T2.Hgt;T2.Cover;T3.Hgt;T3.Cover;S1.Hgt;S1.Cover;S2.Hgt;S2.Cover;S3.Hgt;S3.Cover;H.Hgt;H.Cover;N.Hgt;N.Cover;V.Hgt;V.Cover;E.Hgt;E.Cover;Other.Measure1.Defined;Other.Measure2.Defined;Disturbance.Comments;Polygon.Heterogeneity.Comments;Other.Comments;Update;User;Species.Counter;Optional.Fields.Defined;Opt1;Opt2;Opt3;Opt4;Opt5"
ACAD_2314393,Geology_Classes,ACAD_Geology_Classes.csv,33,Sort.order;Designation;Exemplars/Qualifiers
ACAD_2314393,Jurisdictions,ACAD_Jurisdictions.csv,52,Jurisdiction.Code;Jurisdiction.Name
ACAD_2314393,Locations,ACAD_Locations.csv,260,Location.Code;Location.Name;Jurisdiction.Code;Organization;Plot.Code.Counter;AA.Code.Counter
ACAD_2314393,Plots-Species,ACAD_Plots-Species.csv,6059,Plot.Code;Plot.Species.Counter;Plant.Symbol;Scientific.Name;Common.Name;Family;Specimen.Number;Used.PLANTS;Source;Within.Plot;Stratum.Sort;Stratum;Diagnostic;Range.Cover;Real.Cover;Other.Measure1;Other.Measure2;DBH;Update;User
ACAD_2314393,Plots,ACAD_Plots.csv,179,"Plot.Code;SubPlot;SubPlot.Parent.Code;Air.Photo.Number;Polygon.Code;Provisional.Community.Name;Classified.Community.Name;TNC.Elcode;TNC.EONum.Suffix;Location.Code;Sublocation;Quad.Name;Quad.Code;Coord.System;GPS.File;GPS.Techniques;Field.UTM.X;Field.UTM.Y;Corrected.UTM.X;Corrected.UTM.Y;UTM.Zone;Field.Lat;Field.Long;Corrected.Lat;Corrected.Long;Survey.Date;Surveyors;Plot.Directions;X.Dimension;Y.Dimension;Plot.Shape;Photos;Roll.Number;Frame.Number;Permanent;Representativeness;Elevation;Elevation.Units;Slope;Aspect;Topo.Position;Landform;Surficial.Geology;Cowardin.System;Hydro.Regime;Salinity/Halinity;Hydrology.Evidence;Environmental.Comments;Landscape.Comments;Soil.Taxon/Description;Soil.Texture;Soil.Depth;Soil.Depth.Units;Soil.Drainage;%.Bedrock;%.Large.Rocks;%.Small.Rocks;%.Sand;%.Litter,.Duff;%.Wood;%.Water;%.Bare.Soil;%.Other;%.Other.Description;Leaf.Phenology;Leaf.Type;Physio.Class;T1.Hgt;T1.Cover;T2.Hgt;T2.Cover;T3.Hgt;T3.Cover;S1.Hgt;S1.Cover;S2.Hgt;S2.Cover;S3.Hgt;S3.Cover;H.Hgt;H.Cover;N.Hgt;N.Cover;V.Hgt;V.Cover;E.Hgt;E.Cover;Other.Measure1.Defined;Other.Measure2.Defined;Animal.Use.Evidence;Disturbance.Comments;Other.Comments;Update;User;Species.Counter;Optional.Fields.Defined;Opt1;Opt2;Opt3;Opt4;Opt5"
AGFO_2314394,sp_cov,AGFO_sp_cov.csv,1091,Plot_Event;PLANTS_Symbol;Field_Name;ComName;Family;ITIS_TSN;Stratum;Spp_Code;Within_Plot;Cover_Code;Real_Cover
AGFO_2314394,tAA,AGFO_tAA.csv,301,AA_Code;Project_Name;Slope_Cat;Slope_Degrees;Aspect_Cat;Aspect_Degrees;Elevation;Elev_Units
AGFO_2314394,tAAEvents,AGFO_tAAEvents.csv,301,AA_Event;AA_Code;Event_Date;Surveyors;Field_X;Field_Y;GPS_Error;Satellites;UTM_Zone;AA_plotsize;AA_plotshape;Primary_Code;Secondary_Code;Classified_Code;AA_Photos;General_Comments;AA_Update;AA_User
AGFO_2314394,tConnect,AGFO_tConnect.csv,1,Connect_db
AGFO_2314394,tGlobal,AGFO_tGlobal.csv,10,User_Count;User_Name;User_Email;Last_Modified
AGFO_2314394,tPhotos,AGFO_tPhotos.csv,0,Photo_ID;Plot_Code;Photo_Date;Photo_Type;Photo_Bearing;Photo_Descript;Photographer;Camera_or_Roll;File_Name
AGFO_2314394,tPlotEventSpecies,AGFO_tPlotEventSpecies.csv,1091,Plot_Event;Stratum;Spp_Code;Cover_Code;Real_Cover;Within_Plot;Spp_Update;Spp_User
AGFO_2314394,tPlotEvents,AGFO_tPlotEvents.csv,39,Plot_Event;Plot_Code;Event_Date;Surveyors;Field_X;Field_Y;GPS_Error;Satellites;UTM_Zone;Plot_Shape;Plot_Radius;Plot_Width;Plot_Length;Observation_pt;Provisional_Community;NVC_Elcode;Representativeness;Stand_Size;Environmental_Comments;Plot_Photos;Bedrock;Large_Rocks;Small_Rocks;Sand;Litter;Wood;Water;Bare;Other;Other_describe;Leaf_Type;Leaf_Phenology;Physio_Class;T1_Hgt;T2_Hgt;T3_Hgt;S1_Hgt;S2_Hgt;S3_Hgt;H_Hgt;N_Hgt;V_Hgt;A1_Hgt;A2_Hgt;E_Hgt;T1_Cover;T2_Cover;T3_Cover;S1_Cover;S2_Cover;S3_Cover;H_Cover;N_Cover;V_Cover;A1_Cover;A2_Cover;E_Cover;All_Cover;General_Comments;Plot_Update;Plot_User
AGFO_2314394,tPlots,AGFO_tPlots.csv,39,Plot_Code;Project_Name;Plot_Directions;State;Land_Owner;Elevation;Elev_Units;Slope_Cat;Slope_Degrees;Aspect_Cat;Aspect_Degrees;Topo_Position;Landform;Surficial_Geology;Cowardin_System;Hydro_Regime;Hydrology_Evidence;Landscape_Comments;Soil_Texture;Soil_Drainage;Sensitive_Data;Public_X;Public_Y;Dist_XY;Public_Elev;Dist_Elev
AGFO_2314394,tProjectMetadata,AGFO_tProjectMetadata.csv,1,Project_Name;Park_Code;Project_Contact;Coordinate_System;Datum;Coordinate_Method;GPS_Filename;GPS_Unit;Sampling_Method;Calculation_Method;Taxon_Reference_Source;Project_Comments;T1_DefHgt;T2_DefHgt;T3_DefHgt;S1_DefHgt;S2_DefHgt;S3_DefHgt;H_DefHgt;N_DefHgt;V_DefHgt;A1_DefHgt;A2_DefHgt;E_DefHgt;Date_Created
AGFO_2314394,tSpecies,AGFO_tSpecies.csv,223,Spp_Code;Field_Name;Taxon_Reference;PLANTS_Symbol
AGFO_2314394,xConcept_Reference_lu,AGFO_xConcept_Reference_lu.csv,102,Taxon_Reference_Source
AGFO_2314394,xCoverClass_lu,AGFO_xCoverClass_lu.csv,6,Cover_Class;Range;MidPoint
AGFO_2314394,xHeight_Class_lu,AGFO_xHeight_Class_lu.csv,10,Height_Class;Sort_Order;Max_Val
AGFO_2314394,xHydro_Regime_lu,AGFO_xHydro_Regime_lu.csv,15,Hydro_Regime;Hydro_Definitions
AGFO_2314394,xLandform_lu,AGFO_xLandform_lu.csv,205,Landform;Lndfrm_Definition;Include_Rec
AGFO_2314394,xLeaf_Phenology_lu,AGFO_xLeaf_Phenology_lu.csv,7,Leaf_Phenology;SortOrder
AGFO_2314394,xLeaf_Type_lu,AGFO_xLeaf_Type_lu.csv,8,Leaf_Type;SortOrder
AGFO_2314394,xMapUnit_lu,AGFO_xMapUnit_lu.csv,16,MapUnit_Code;MapUnit
AGFO_2314394,xParks_lu,AGFO_xParks_lu.csv,278,Park_Code;Park_Name;State;Include_Rec
AGFO_2314394,xPhysio_Class_lu,AGFO_xPhysio_Class_lu.csv,8,Physio_Class;Physio_Definition;SortOrder
AGFO_2314394,xSoil_Drainage_lu,AGFO_xSoil_Drainage_lu.csv,6,Soil_Drainage;SortOrder
AGFO_2314394,xSoil_Texture_lu,AGFO_xSoil_Texture_lu.csv,13,Soil_Texture
AGFO_2314394,xState_lu,AGFO_xState_lu.csv,59,State_Code;State_Name;Include_Rec
AGFO_2314394,xStratum_lu,AGFO_xStratum_lu.csv,13,Stratum;Descript;SortOrder
AGFO_2314394,xSurficial_Geology_lu,AGFO_xSurficial_Geology_lu.csv,34,Surficial_Geology;Category;Include_Rec
AGFO_2314394,xTopo_Position_lu,AGFO_xTopo_Position_lu.csv,12,Topo_Position;SortOrder;Include_Rec
AGFO_2314394,xVegAssociation_lu,AGFO_xVegAssociation_lu.csv,12,NVC_Elcode;NVC_Association;Canada;East;Midwest;Southeast;West;Include_Rec
AKR_2314397,ALAG_ALAG2010garmins,ALAG_ALAG2010garmins.csv,137,TYPE;IDENT;LAT;LONG;Y_PROJ;X_PROJ;COMMENT;DISPLAY;SYMBOL;UNUSED1;DIST;PROX_INDEX;COLOR;ALTITUDE;DEPTH;TEMP;TIME;WPT_CLASS;SUB_CLASS;ATTRIB;LINK;STATE;COUNTRY;CITY;ADDRESS;FACILITY;CROSSROAD;UNUSED2;ETE;DTYPE;MODEL;FILENAME;LTIME;GarminNum;datasheet;IDENTtext
AKR_2314397,ALAG_ALAG2010trimbles,ALAG_ALAG2010trimbles.csv,90,FID_;Transect;Crew_VEG;Crew_SOILS;Crew_OTHER;Camera;Photo_comm;PhotoCount;Plot_Lengt;Plot_Width;Slope_deg;Hydro;Aspect_Tru;Aspect_Tr2;LC_PA_Or_B;KATM_mapcl;MapClass_A;MapClass_c;KATMPlantA;PA_Area;PA_Comment;Site_Comme;UniqueID;Time_;Date_;Max_PDOP;Max_HDOP;Corr_Type;Rcvr_Type;GPS_Date;GPS_Time;Update_Sta;Feat_Name;Datafile;Unfilt_Pos;Filt_Pos;Data_Dicti;GPS_Week;GPS_Second;GPS_Height;Vert_Prec;Horz_Prec;Std_Dev;Northing;Easting;Point_ID
AKR_2314397,ALAG_PHOTOs_tbl_image,ALAG_PHOTOs_tbl_image.csv,468,image_id;image_caption;image_num;image_drive;image_path;image_location_id;image_subpath;image_file;image_anchor;image_date;image_cd;image_cd_image
AKR_2314397,ALAG_REF_AKspecies,ALAG_REF_AKspecies.csv,9621,Symbol;SciName;Genus;Species;SubspeciesPrefix;Subspecies;VarietyPrefix;Variety;Genera_BinomialAuthor;TrinomialAuthor;QuadranomialAuthor;Parents;CommonName;Category;Family;Order;Kingdom;Field18;SubDivision;Division;ITIS_TSN;GrowthHabit;NativeStatus;PLANTSFloristicArea;Habit
AKR_2314397,ALAG_REF_ALAGwKATMLC,ALAG_REF_ALAGwKATMLC.csv,90,Transect;TRANSECTs;CREW_VEG;CREW_SOILS;CREW_OTHER;CAMERA;SLOPE_DEG;HYDRO;ASPECT_TRU;LC_PA_OR_B;KATM_MAPCL;MAPCLASS_A;MAPCLASS_C;KATMPLANTA;PA_AREA;PA_COMMENT;SITE_COMME;TIME_;DATE_;GPS_HEIGHT;RASTERVALU;TYPE
AKR_2314397,ALAG_REF_AreaSize,ALAG_REF_AreaSize.csv,7,areaclass
AKR_2314397,ALAG_REF_BoundaryDistinctness,ALAG_REF_BoundaryDistinctness.csv,4,BoundariesDistinctness;Definition
AKR_2314397,ALAG_REF_BoundaryTopography,ALAG_REF_BoundaryTopography.csv,5,Topography;Definition
AKR_2314397,ALAG_REF_Camera,ALAG_REF_Camera.csv,6,Camera
AKR_2314397,ALAG_REF_DatasheetLC,ALAG_REF_DatasheetLC.csv,23,Order;ALAG_LC
AKR_2314397,ALAG_REF_Horizons,ALAG_REF_Horizons.csv,15,Horizon;Description
AKR_2314397,ALAG_REF_Hydrologic,ALAG_REF_Hydrologic.csv,7,HydrologicRegime
AKR_2314397,ALAG_REF_KATMLCclass,ALAG_REF_KATMLCclass.csv,71,KATMLC_CLASS
AKR_2314397,ALAG_REF_KATM_PlantAs,ALAG_REF_KATM_PlantAs.csv,85,KATM_PA;KATMPlantAssns
AKR_2314397,ALAG_REF_LCgen,ALAG_REF_LCgen.csv,24,KATM_LCgen
AKR_2314397,ALAG_REF_LandformsFeatures,ALAG_REF_LandformsFeatures.csv,18,Landforms;PrimaryFeature;LandformDef;PrimeFeatureDef
AKR_2314397,ALAG_REF_MottlesQuantity,ALAG_REF_MottlesQuantity.csv,3,MottlesQuantity;Definition
AKR_2314397,ALAG_REF_MottlesSize,ALAG_REF_MottlesSize.csv,6,MottlesSize;Definition
AKR_2314397,ALAG_REF_PAsize,ALAG_REF_PAsize.csv,7,areaclass
AKR_2314397,ALAG_REF_ParentMaterial,ALAG_REF_ParentMaterial.csv,18,ParentMaterialType;ParentMaterial
AKR_2314397,ALAG_REF_Physiography,ALAG_REF_Physiography.csv,10,Physiography
AKR_2314397,ALAG_REF_PlotType,ALAG_REF_PlotType.csv,5,Plottype_abbr;Plot_Type
AKR_2314397,ALAG_REF_RootAbundance,ALAG_REF_RootAbundance.csv,3,Root.Abundance;Definition
AKR_2314397,ALAG_REF_RootSize,ALAG_REF_RootSize.csv,5,Root.Size;Code;Diameter_mm
AKR_2314397,ALAG_REF_SoilMoisture,ALAG_REF_SoilMoisture.csv,6,SoilMoisture
AKR_2314397,ALAG_REF_Soil_Colour,ALAG_REF_Soil_Colour.csv,34,colour_matrix
AKR_2314397,ALAG_REF_SurfaceWater,ALAG_REF_SurfaceWater.csv,6,SurfaceWater
AKR_2314397,ALAG_REF_TextureClasses,ALAG_REF_TextureClasses.csv,15,Texture.Classes;TextureClassCode
AKR_2314397,ALAG_REF_Viereck,ALAG_REF_Viereck.csv,196,VKCode;VKTextName
AKR_2314397,ALAG_Reminders,ALAG_Reminders.csv,29,Reminders
AKR_2314397,ALAG_TBL_Cov_GRID,ALAG_TBL_Cov_GRID.csv,99,Transect;Transects;Conifer_pct;Conifer_Totalpct;Conifer_HT;BROAD_pct;BROAD_Totalpct;BROAD_HT;TALLSH_pct;TALLSH_Totalpct;TALLSH_HT;LOWSH_pct;LOWSH_Totalpct;LOWSH_HT;DWARFSH_pct;DWARFSH_Totalpct;DWARFSH_HT;FORB_pct;FORB_Totalpct;FORB_HT;Fern_allies_pct;Fern_allies_Totalpct;FERN_allies_HT;GRASS_pct;GRASS_Totalpct;GRASS_HT;SEDGE_pct;SEDGE_Totalpct;Sedge_HT;MOSS_Totalpct;LICHEN_Totalpct;WATER_Totalpct;Bare_Totalpct;OTHER_Totalpct;Other_specific;LITTER_pct;WOOD_pct;SILT_pct;SAND_pct;SM_ROCK_pct;LG_ROCK_pct;BEDROCK_pct;Stems_pct;MOSSGrCov_pct;LichenGrCov_pct;WATERGrCov_pct;CryptoCrustCrCover_pct;OTHERGrCov_pct;TREE_CORE;BEDROCK_TYPE
AKR_2314397,ALAG_TBL_SITE,ALAG_TBL_SITE.csv,95,Transect;Transects;KATM_mapcl;ALAG_mapcl;DatasheetLC;Crew_VEG;Crew_SOILS;Crew_OTHER;Camera;Photo_comm;PhotoCount;Plot_Lengt;Plot_Width;Slope_deg;Hydro;Aspect_Tru;LC_PA_Or_B;MapClass_A;DataSheetPA;KATMPA;PA_Area;PA_Comment;Site_Comment;Time_;Date_;Max_PDOP;Max_HDOP;Corr_Type;Rcvr_Type;GPS_Date;GPS_Time;Update_Sta;Feat_Name;Datafile;Unfilt_Pos;Filt_Pos;Data_Dicti;GPS_Week;GPS_Second;GPS_Height;Vert_Prec;Horz_Prec;Std_Dev;Northing;Easting;Point_ID;map_TYPE;Physiography;Garmin;SoilsDatasheet;SiteMemo;MapClass_c;VK_class;Alag_PA;UNIQUEID
AKR_2314397,ALAG_TBL_SoilProfile,ALAG_TBL_SoilProfile.csv,165,Transect;Transects;Depth_order;Depth_cm;Depth_range;Horizon;BoundaryDistinctness;BoundaryTopography;MatrixHueValueChroma;TextureUnder2mm;CoarseFragmentPctVol;MottleHueValueChroma;MottleQuantity;MottleSizeClass;pH;RootDiameterClass;RootAbundanceClass;Remarks;UNIQUEID
AKR_2314397,ALAG_TBL_SoilSITE,ALAG_TBL_SoilSITE.csv,88,Transect;Transects;Crew_VEG;Crew_SOILS;Crew_OTHER;GPS_DATE;GPS_TIME;Landform;Feature;Feature_comment;SurfaceH20;SurfaceH20_pH;ParentMaterial;ParentMat_Comment;CommonRootsDepth;HoleDepth;WaterTableDepth;BedrockDepth;PermafrostDepth;SoilMoisture;SampleComment;GeneralComment;SoilsDatasheet;GeneralSoilMemo;UNIQUEID
AKR_2314397,ALAG_TBL_Tree_Core,ALAG_TBL_Tree_Core.csv,12,Transect;Transects;Species;DBH_Cored;Height_Cored;Age;Number_Rings;Core_Comments;Core_Length;Breaks;Center;Bark;Steam;Created_By;UNIQUEID
AKR_2314397,ALAG_TBL_VegCover,ALAG_TBL_VegCover.csv,973,Transect;Transects;SciName;Symbol;COVER;TRACE;HEIGHT;COMMENT;DBH;VEG_TYPE;Voucher;Habit;UNIQUEID
AKR_2314397,ALAG_tbl_image,ALAG_tbl_image.csv,801,image_id;image_caption;image_num;image_drive;image_path;image_location_id;image_subpath;image_file;image_anchor;image_date;image_cd;image_cd_image
AKR_2314397,ALAG_tbl_image_location,ALAG_tbl_image_location.csv,2,image_location_id;imgloc_name;imgloc_drive;imgloc_path;imgloc_desc
AKR_2314397,ALAG_tbl_image_software,ALAG_tbl_image_software.csv,13,image_software_id;imgsoft_name;imgsoft_locationfile;imgsoft_extension;imgsoft_oleclass;imgsoft_class
AKR_2314397,ALAG_tbl_parent,ALAG_tbl_parent.csv,2,parent_id;parent_table;parent_field
AKR_2314397,ALAG_xref_image_parent,ALAG_xref_image_parent.csv,801,image_parent_id;image_id;parent_id;parent_value
AKR_2314402,ANIA_ANIA2010APR5_spcoded,ANIA_ANIA2010APR5_spcoded.csv,3922,Transect;Transects;SciName;Symbol;COVER;TRACE;HEIGHT;COMMENT;DBH;VEG_TYPE;Voucher;Symbol_1;SciName_1;Genus;Species;SubspeciesPrefix;Subspecies;VarietyPrefix;Variety;Genera_BinomialAuthor;TrinomialAuthor;QuadranomialAuthor;Parents;CommonName;Category;Family;Order_;Kingdom;Field18;SubDivision;Division;ITIS_TSN;GrowthHabit;NativeStatus;PLANTSFloristicArea;Habit
AKR_2314402,ANIA_Find_duplicates_2_for_sppList_2010,ANIA_Find_duplicates_2_for_sppList_2010.csv,299,SciName.Field;REF_AKspecies_Symbol.Field;Habit.Field;NumberOfDups
AKR_2314402,ANIA_Find_duplicates_for_sppList_2010,ANIA_Find_duplicates_for_sppList_2010.csv,289,SciName.Field;REF_AKspecies_Symbol.Field;NumberOfDups
AKR_2314402,ANIA_REF_AKspecies,ANIA_REF_AKspecies.csv,9601,Symbol;SciName;Genus;Species;SubspeciesPrefix;Subspecies;VarietyPrefix;Variety;Genera_BinomialAuthor;TrinomialAuthor;QuadranomialAuthor;Parents;CommonName;Category;Family;Order;Kingdom;Field18;SubDivision;Division;ITIS_TSN;GrowthHabit;NativeStatus;PLANTSFloristicArea;Habit
AKR_2314402,ANIA_REF_ANIA_vat,ANIA_REF_ANIA_vat.csv,48,CLASS_NAME;VALUE;not.in.ANIA
AKR_2314402,ANIA_REF_BoundaryDistinctness,ANIA_REF_BoundaryDistinctness.csv,4,BoundariesDistinctness;Definition
AKR_2314402,ANIA_REF_BoundaryTopography,ANIA_REF_BoundaryTopography.csv,5,Topography;Definition
AKR_2314402,ANIA_REF_Camera,ANIA_REF_Camera.csv,7,Camera
AKR_2314402,ANIA_REF_Feature,ANIA_REF_Feature.csv,54,Feature;Definition
AKR_2314402,ANIA_REF_GNIS,ANIA_REF_GNIS.csv,65,GNIS
AKR_2314402,ANIA_REF_Habit,ANIA_REF_Habit.csv,11,Habit
AKR_2314402,ANIA_REF_Horizons,ANIA_REF_Horizons.csv,15,Horizon;Description
AKR_2314402,ANIA_REF_Hydrologic,ANIA_REF_Hydrologic.csv,14,HydrologicRegime
AKR_2314402,ANIA_REF_Landforms,ANIA_REF_Landforms.csv,13,Landforms;Definition
AKR_2314402,ANIA_REF_MottlesQuantity,ANIA_REF_MottlesQuantity.csv,3,MottlesQuantity;Definition
AKR_2314402,ANIA_REF_MottlesSize,ANIA_REF_MottlesSize.csv,6,MottlesSize;Definition
AKR_2314402,ANIA_REF_PAsize,ANIA_REF_PAsize.csv,7,areaclass
AKR_2314402,ANIA_REF_ParentMaterial,ANIA_REF_ParentMaterial.csv,28,ParentMaterialType;PM_lineage;ParentMaterial
AKR_2314402,ANIA_REF_Physiography,ANIA_REF_Physiography.csv,9,Physiography
AKR_2314402,ANIA_REF_RootAbundance,ANIA_REF_RootAbundance.csv,3,Root.Abundance;Definition
AKR_2314402,ANIA_REF_RootSize,ANIA_REF_RootSize.csv,5,Root.Size;Code;Diameter_mm
AKR_2314402,ANIA_REF_SoilMoisture,ANIA_REF_SoilMoisture.csv,5,SoilMoisture
AKR_2314402,ANIA_REF_Soil_Colour,ANIA_REF_Soil_Colour.csv,34,colour_matrix
AKR_2314402,ANIA_REF_SurfaceWater,ANIA_REF_SurfaceWater.csv,7,SurfaceWater
AKR_2314402,ANIA_REF_TextureClasses,ANIA_REF_TextureClasses.csv,15,Texture.Classes;TextureClassCode
AKR_2314402,ANIA_REF_Viereck,ANIA_REF_Viereck.csv,196,VKCode;VKTextName
AKR_2314402,ANIA_Reminders,ANIA_Reminders.csv,13,Reminders
AKR_2314402,ANIA_TBL_ENV,ANIA_TBL_ENV.csv,200,Transect;Transects;Date_;Crew_VEG;Crew_SOILS;Area_Class;Plot_Lengt;Plot_width;Slope_deg;Aspect_Tru;altitude;AAplot;MapClass_DU;MapClass_field;LCCLassSize;PlantAssocSize;PLANT_COMM;Landform;Physiography;HydroReg;COMMENT_;BROAD_pct;BROAD_Totalpct;BROAD_HT;TALLSH_pct;TALLSH_Totalpct;TALLSH_HT;LOWSH_pct;LOWSH_Totalpct;LOWSH_HT;DWARFSH_pct;DWARFSH_Totalpct;DWARFSH_HT;FORB_pct;FORB_Totalpct;FORB_HT;Fern_allies_pct;Fern_allies_Totalpct;FERN_allies_HT;GRASS_pct;GRASS_Totalpct;GRASS_HT;SEDGE_pct;SEDGE_Totalpct;Sedge_HT;MOSS_Totalpct;LICHEN_Totalpct;WATER_Totalpct;Bare_Totalpct;OTHER_Totalpct;LITTER_pct;WOOD_pct;SILT_pct;SAND_pct;SM_ROCK_pct;LG_ROCK_pct;BEDROCK_pct;Stems_pct;MOSSGrCov_pct;LichenGrCov_pct;WATERGrCov_pct;CryptoCrustCrCover_pct;OTHERGrCov_pct;Feature;Feature_comment;SurfaceH20;SurfaceH20_pH;ParentMat_Comment;ParentMaterial;CommonRootsDepth;HoleDepth;WaterTableDepth;BedrockDepth;PermafrostDepth;SoilMoisture;GeneralComment
AKR_2314402,ANIA_TBL_SITE,ANIA_TBL_SITE.csv,211,Transect;Transects;Date_;Time_;Crew_VEG;Crew_SOILS;Crew_OTHER;Crew_lead;Camera;Area_Class;Plot_Lengt;Plot_width;Slope_deg;Aspect_Tru;Aspect_Tr2;Location;Hydro;field_mapc;DU_mapclas;Comments;Max_PDOP;Max_HDOP;Corr_Type;Rcvr_Type;GPS_Date;GPS_Time;Update_Sta;Feat_Name;Datafile;Unfilt_Pos;Filt_Pos;Data_Dicti;GPS_Week;GPS_Second;GPS_Height;Vert_Prec;Horz_Prec;Std_Dev;Northing;Easting;Point_ID;Lon;Lat;OBJECTID;type;ident;lat_1;long_;y_proj;x_proj;DTcomment;altitude;depth;model;Garminum;Garmin_err;Latitude2;Longitude2;Point_ID2;AAplot;MapClass_DU;MapClass_field;LCCLassSize;VK_CLASS;PlantAssocSize;PLANT_COMM;Landform;Physiography;HydroReg;COMMENT_memo;BROAD_pct;BROAD_Totalpct;BROAD_HT;TALLSH_pct;TALLSH_Totalpct;TALLSH_HT;LOWSH_pct;LOWSH_Totalpct;LOWSH_HT;DWARFSH_pct;DWARFSH_Totalpct;DWARFSH_HT;FORB_pct;FORB_Totalpct;FORB_HT;Fern_allies_pct;Fern_allies_Totalpct;FERN_allies_HT;GRASS_pct;GRASS_Totalpct;GRASS_HT;SEDGE_pct;SEDGE_Totalpct;Sedge_HT;MOSS_Totalpct;LICHEN_Totalpct;WATER_Totalpct;Bare_Totalpct;OTHER_Totalpct;Other_specific;LITTER_pct;WOOD_pct;SILT_pct;SAND_pct;SM_ROCK_pct;LG_ROCK_pct;BEDROCK_pct;Stems_pct;MOSSGrCov_pct;LichenGrCov_pct;WATERGrCov_pct;CryptoCrustCrCover_pct;OTHERGrCov_pct;TREE_CORE;BEDROCK_TYPE;Feature;Feature_comment;SurfaceH20;SurfaceH20_pH;ParentMat_Comment;ParentMaterial;CommonRootsDepth;HoleDepth;WaterTableDepth;BedrockDepth;PermafrostDepth;SoilMoisture;SampleComment;GeneralSoilComment;UNIQUEID
AKR_2314402,ANIA_TBL_SoilProfile,ANIA_TBL_SoilProfile.csv,652,Transect;Transects;Depth_order;Depth_cm;Depth_range;Horizon;BoundaryDistinctness;BoundaryTopography;MatrixHueValueChroma;TextureUnder2mm;CourseFragmentPctVol;MottleHueValueChroma;MottleQuantity;MottleSizeClass;pH;RootDiameterClass;RootAbundanceClass;Remarks
AKR_2314402,ANIA_TBL_Tree_Core,ANIA_TBL_Tree_Core.csv,0,Transect;Transects;Species;DBH_Cored;Height_Cored;Number_Rings;Core_Comments;Core_Length;Breaks;Center;Bark;Steam;Created_By
AKR_2314402,ANIA_TBL_VegCover,ANIA_TBL_VegCover.csv,3960,Transect;Transects;SciName;Symbol;COVER;TRACE;HEIGHT;COMMENT;DBH;VEG_TYPE;Voucher;UNIQUEID
AKR_2314402,ANIA_VegCover_AKRefQuery,ANIA_VegCover_AKRefQuery.csv,3960,Transect;SciName;REF_AKspecies_Symbol;COVER;TRACE;HEIGHT;COMMENT;VEG_TYPE;Voucher;Habit
AKR_2314402,ANIA__Garmins_2009,ANIA__Garmins_2009.csv,233,type;ident;lat;long;y_proj;x_proj;comment;display;symbol;unused1;dist;prox_index;color;altitude;depth;temp;time;wpt_class;sub_class;attrib;link;state;country;city;address;facility;crossroad;unused2;ete;dtype;model;filename;ltime;garminum;OTHER_ID;Transect
AKR_2314402,ANIA__Trimbles_2009,ANIA__Trimbles_2009.csv,197,Transect;Transects;Date_;Time_;UniqueID;Crew_VEG;Crew_SOILS;Crew_OTHER;Crew_lead;Camera;PhotoCount;Photo_comm;Area_Class;Plot_Lengt;Plot_width;Slope_pct;Aspect_Tru;Aspect_Tr2;Location;Hydro;field_mapc;DU_mapclas;GNISplace;Team;Comments;Samples;Veg_collec;Soil_sampl;funquotien;Max_PDOP;Max_HDOP;Corr_Type;Rcvr_Type;GPS_Date;GPS_Time;Update_Sta;Feat_Name;Datafile;Unfilt_Pos;Filt_Pos;Data_Dicti;GPS_Week;GPS_Second;GPS_Height;Vert_Prec;Horz_Prec;Std_Dev;Northing;Easting;Point_ID;Lon;Lat
AKR_2314402,ANIA_crust_samples_sent_for_id,ANIA_crust_samples_sent_for_id.csv,57,rank.for.ID;Transect;sample.number;CrustCover;collector;Genus.and.species;lifeform;Identified.by
AKR_2314402,ANIA_sppList_2010,ANIA_sppList_2010.csv,3960,SciName;REF_AKspecies_Symbol;Habit
AKR_2314402,ANIA_tbl_image,ANIA_tbl_image.csv,2525,image_id;image_caption;image_num;image_drive;image_path;image_location_id;image_subpath;image_file;image_anchor;image_date;image_cd;image_cd_image
AKR_2314402,ANIA_tbl_image_location,ANIA_tbl_image_location.csv,2,image_location_id;imgloc_name;imgloc_drive;imgloc_path;imgloc_desc
AKR_2314402,ANIA_tbl_image_software,ANIA_tbl_image_software.csv,13,image_software_id;imgsoft_name;imgsoft_locationfile;imgsoft_extension;imgsoft_oleclass;imgsoft_class
AKR_2314402,ANIA_tbl_parent,ANIA_tbl_parent.csv,1,parent_id;parent_table;parent_field
AKR_2314402,ANIA_xref_image_parent,ANIA_xref_image_parent.csv,2528,image_parent_id;image_id;parent_id;parent_value
AKR_2314521,DENA_Comments,DENA_Comments.csv,1,comment
AKR_2314521,DENA_HFILTERQ,DENA_HFILTERQ.csv,472,AHAP_FL;AHAP_RL;AHAP_FR;PLOT;GT_ID;SPECIES;SPECCODE;PERCENT;PCT_CL;PLNT_CL;HGT_CL;COLUMN;FORMTYPE;AHAPFLFR;AHAPRLFR
AKR_2314521,DENA_PreBroadleaffix_imcovde,DENA_PreBroadleaffix_imcovde.csv,4332,IMA_NUM;POLYGON;IMA_ID;SUFFIX;SPECIES;SPECCODE;PERCENT;COMMENT
AKR_2314521,DENA_PreBroadleaffix_imsitede,DENA_PreBroadleaffix_imsitede.csv,537,IMA_NUM;POLYGON;IMA_ID;SUFFIX;VKCODE;VIERECK;COMMENTS;SLOPE_CL;ASPECTCL;MOIST_CL;LANDFORM;SOILS;DATE;TEAM;SLIDE_RL;SLIDE_FR;RATING;IMA_NAME;PARK;FIELDCALL;CALCCALL;VEGTYPE
AKR_2314521,DENA_REVISION_tracking,DENA_REVISION_tracking.csv,5,Revision.tracking;date.fixed
AKR_2314521,DENA_SFILTERQ,DENA_SFILTERQ.csv,453,AHAP_FL;AHAP_RL;AHAP_FR;PLOT;GT_ID;SPECIES;SPECCODE;PERCENT;PCT_CL;PLNT_CL;HGT_CL;COLUMN;FORMTYPE;AHAPFLFR;AHAPRLFR
AKR_2314521,DENA_T1FILTERQ,DENA_T1FILTERQ.csv,42,AHAP_FL;AHAP_RL;AHAP_FR;PLOT;GT_ID;SPECIES;SPECCODE;PERCENT;PCT_CL;PLNT_CL;HGT_CL;COLUMN;FORMTYPE;AHAPFLFR;AHAPRLFR
AKR_2314521,DENA_T2FILTERQ,DENA_T2FILTERQ.csv,60,AHAP_FL;AHAP_RL;AHAP_FR;PLOT;GT_ID;SPECIES;SPECCODE;PERCENT;PCT_CL;PLNT_CL;HGT_CL;COLUMN;FORMTYPE;AHAPFLFR;AHAPRLFR
AKR_2314521,DENA_Xref_image_parent,DENA_Xref_image_parent.csv,1326,image_parent_id;image_id;parent_id;parent_value
AKR_2314521,DENA_col1filterq,DENA_col1filterq.csv,198,COLUMN;AHAP_FL;AHAP_RL;AHAP_FR;PLOT;GT_ID;SPECIES;SPECCODE;PERCENT;PCT_CL;PLNT_CL;HGT_CL;FORMTYPE;AHAPFLFR;AHAPRLFR
AKR_2314521,DENA_col2filterq,DENA_col2filterq.csv,352,COLUMN;AHAP_FL;AHAP_RL;AHAP_FR;PLOT;GT_ID;SPECIES;SPECCODE;PERCENT;PCT_CL;PLNT_CL;HGT_CL;FORMTYPE;AHAPFLFR;AHAPRLFR
AKR_2314521,DENA_col3filterq,DENA_col3filterq.csv,1007,COLUMN;AHAP_FL;AHAP_RL;AHAP_FR;PLOT;GT_ID;SPECIES;SPECCODE;PERCENT;PCT_CL;PLNT_CL;HGT_CL;FORMTYPE;AHAPFLFR;AHAPRLFR
AKR_2314521,DENA_col4filterq,DENA_col4filterq.csv,590,COLUMN;AHAP_FL;AHAP_RL;AHAP_FR;PLOT;GT_ID;SPECIES;SPECCODE;PERCENT;PCT_CL;PLNT_CL;HGT_CL;FORMTYPE;AHAPFLFR;AHAPRLFR
AKR_2314521,DENA_gcover,DENA_gcover.csv,2005,site_id;species;strata;cover;height;tall;low;comments;dbh;branches;UNIQUEID
AKR_2314521,DENA_gdetail,DENA_gdetail.csv,198,site_id;air.photo;latitude;longitude;lc;date;surveyors;photo.roll;photo.frame;waypoint;wperror;elevation;slope;aspect;landform;biome;hyrdo;comments;pH;texture;depth;depth2;berries;water;soil;bedrock;litter;wood;lrock;srock;sand;other;water.table;permafrost;platform;%tussock;hgttussock;orgmat;minsoil;rock;UNIQUEID
AKR_2314521,DENA_gtcovde,DENA_gtcovde.csv,3277,AHAP_FL;AHAP_RL;AHAP_FR;PLOT;GT_ID;SPECIES;SPECCODE;PERCENT;PCT_CL;PLNT_CL;HGT_CL;COLUMN;FORMTYPE;AHAPFLFR;AHAPRLFR
AKR_2314521,DENA_gtform1filterq,DENA_gtform1filterq.csv,11,AHAP_FL;AHAP_RL;AHAP_FR;PLOT;GT_ID;FORMTYPE;VKCODE;VIERECK;COMMENTS;USGSQUAD;ELEV;SLOPE_CL;ASPECTCL;SLOPEPCT;ASPECT;MOIST_CL;LANDFORM;SOILS;DATE;TEAM;SLIDE_RL;SLIDE_FR;TSP_RNG;VEGTYPE;MULTI_AG;MIDVEG;HERB;SHRUB;YNGGRTH;MATURE;OLDGRTH;WATER;INERT;AV_UP_FT;AV_UP_M;SIG_PCT1;SIG_PCT2;SIG_PCT3;SIG_PCT4;SIG_PCT5;UPR_TOT;HEIGHT1;HEIGHT2;HEIGHT3;HEIGHT4;HEIGHT5;TREE1PCT;TREE2PCT;SHRUBPCT;HERBPCT;RATING;PARK;FLDCODE;CALCCODE;GT_AIR_PH;AHAPFLFR;AHAPRLFR
AKR_2314521,DENA_gtform2filterq,DENA_gtform2filterq.csv,102,AHAP_FL;AHAP_RL;AHAP_FR;PLOT;GT_ID;FORMTYPE;VKCODE;VIERECK;COMMENTS;USGSQUAD;ELEV;SLOPE_CL;ASPECTCL;SLOPEPCT;ASPECT;MOIST_CL;LANDFORM;SOILS;DATE;TEAM;SLIDE_RL;SLIDE_FR;TSP_RNG;VEGTYPE;MULTI_AG;MIDVEG;HERB;SHRUB;YNGGRTH;MATURE;OLDGRTH;WATER;INERT;AV_UP_FT;AV_UP_M;SIG_PCT1;SIG_PCT2;SIG_PCT3;SIG_PCT4;SIG_PCT5;UPR_TOT;HEIGHT1;HEIGHT2;HEIGHT3;HEIGHT4;HEIGHT5;TREE1PCT;TREE2PCT;SHRUBPCT;HERBPCT;RATING;PARK;FLDCODE;CALCCODE;GT_AIR_PH;AHAPFLFR;AHAPRLFR
AKR_2314521,DENA_gtform3filterq,DENA_gtform3filterq.csv,183,AHAP_FL;AHAP_RL;AHAP_FR;PLOT;GT_ID;FORMTYPE;VKCODE;VIERECK;COMMENTS;USGSQUAD;ELEV;SLOPE_CL;ASPECTCL;SLOPEPCT;ASPECT;MOIST_CL;LANDFORM;SOILS;DATE;TEAM;SLIDE_RL;SLIDE_FR;TSP_RNG;VEGTYPE;MULTI_AG;MIDVEG;HERB;SHRUB;YNGGRTH;MATURE;OLDGRTH;WATER;INERT;AV_UP_FT;AV_UP_M;SIG_PCT1;SIG_PCT2;SIG_PCT3;SIG_PCT4;SIG_PCT5;UPR_TOT;HEIGHT1;HEIGHT2;HEIGHT3;HEIGHT4;HEIGHT5;TREE1PCT;TREE2PCT;SHRUBPCT;HERBPCT;RATING;PARK;FLDCODE;CALCCODE;GT_AIR_PH;AHAPFLFR;AHAPRLFR
AKR_2314521,DENA_gtsitede,DENA_gtsitede.csv,296,AHAP_FL;AHAP_RL;AHAP_FR;PLOT;GT_ID;FORMTYPE;VKCODE;VIERECK;COMMENTS;USGSQUAD;ELEV;SLOPE_CL;ASPECTCL;SLOPEPCT;ASPECT;MOIST_CL;LANDFORM;SOILS;DATE;TEAM;SLIDE_RL;SLIDE_FR;TSP_RNG;VEGTYPE;MULTI_AG;MIDVEG;HERB;SHRUB;YNGGRTH;MATURE;OLDGRTH;WATER;INERT;AV_UP_FT;AV_UP_M;SIG_PCT1;SIG_PCT2;SIG_PCT3;SIG_PCT4;SIG_PCT5;UPR_TOT;HEIGHT1;HEIGHT2;HEIGHT3;HEIGHT4;HEIGHT5;TREE1PCT;TREE2PCT;SHRUBPCT;HERBPCT;RATING;PARK;FLDCODE;CALCCODE;GT_AIR_PH;AHAPFLFR;AHAPRLFR
AKR_2314521,DENA_gvegsum,DENA_gvegsum.csv,1071,site_id;vegtype;height;gcov;strata;hcov
AKR_2314521,DENA_hcover,DENA_hcover.csv,2611,fva_id;species;strata;cover;height;tcover;tall;low;UNIQUEID
AKR_2314521,DENA_hdetail,DENA_hdetail.csv,365,fva_id;air.photo;latitude;longitude;lc;date;surveyors;photo.roll;photo.frame;video.tape;video.footage;digphoto.ses;digphoto.num;slope;aspect;landform;modifier;hyrdo;clumped;comments;tussocks;elevation;code;temp;UNIQUEID
AKR_2314521,DENA_hoverfototree,DENA_hoverfototree.csv,1372,PLOT;PHOTO;1
AKR_2314521,DENA_hovrFOTO,DENA_hovrFOTO.csv,1372,PLOT;PHOTO
AKR_2314521,DENA_ht1filterq,DENA_ht1filterq.csv,73,AHAP_FL;AHAP_RL;AHAP_FR;PLOT;GT_ID;SPECIES;SPECCODE;PERCENT;PCT_CL;PLNT_CL;HGT_CL;COLUMN;FORMTYPE;AHAPFLFR;AHAPRLFR
AKR_2314521,DENA_ht2filterq,DENA_ht2filterq.csv,21,AHAP_FL;AHAP_RL;AHAP_FR;PLOT;GT_ID;SPECIES;SPECCODE;PERCENT;PCT_CL;PLNT_CL;HGT_CL;COLUMN;FORMTYPE;AHAPFLFR;AHAPRLFR
AKR_2314521,DENA_ht3filterq,DENA_ht3filterq.csv,4,AHAP_FL;AHAP_RL;AHAP_FR;PLOT;GT_ID;SPECIES;SPECCODE;PERCENT;PCT_CL;PLNT_CL;HGT_CL;COLUMN;FORMTYPE;AHAPFLFR;AHAPRLFR
AKR_2314521,DENA_ht4filterq,DENA_ht4filterq.csv,3,AHAP_FL;AHAP_RL;AHAP_FR;PLOT;GT_ID;SPECIES;SPECCODE;PERCENT;PCT_CL;PLNT_CL;HGT_CL;COLUMN;FORMTYPE;AHAPFLFR;AHAPRLFR
AKR_2314521,DENA_ht5filterq,DENA_ht5filterq.csv,2,AHAP_FL;AHAP_RL;AHAP_FR;PLOT;GT_ID;SPECIES;SPECCODE;PERCENT;PCT_CL;PLNT_CL;HGT_CL;COLUMN;FORMTYPE;AHAPFLFR;AHAPRLFR
AKR_2314521,DENA_hvegsum,DENA_hvegsum.csv,1539,fva_id;vegtype;height;strata;hcov
AKR_2314521,DENA_imcovde,DENA_imcovde.csv,4331,IMA_NUM;POLYGON;IMA_ID;SUFFIX;SPECIES;SPECCODE;PERCENT;COMMENT
AKR_2314521,DENA_imsitede,DENA_imsitede.csv,536,IMA_NUM;POLYGON;IMA_ID;SUFFIX;VKCODE;VIERECK;COMMENTS;SLOPE_CL;ASPECTCL;MOIST_CL;LANDFORM;SOILS;DATE;TEAM;SLIDE_RL;SLIDE_FR;RATING;IMA_NAME;PARK;FIELDCALL;CALCCALL;VEGTYPE;correctionnotes;old_VKCODE;old_VIERECK
AKR_2314521,DENA_incidfototree,DENA_incidfototree.csv,352,PLOT;PHOTO;1
AKR_2314521,DENA_m_tbl_image_location,DENA_m_tbl_image_location.csv,7,image_location_id;imgloc_name;imgloc_drive;imgloc_path;imgloc_desc
AKR_2314521,DENA_siteFOTO,DENA_siteFOTO.csv,848,PLOT;PHOTO
AKR_2314521,DENA_sitefototree,DENA_sitefototree.csv,848,1;PLOT;PHOTO
AKR_2314521,DENA_tbl_image,DENA_tbl_image.csv,1326,image_id;image_caption;image_num;image_drive;image_path;image_location_id;image_subpath;image_file;image_anchor;image_date;image_cd;image_cd_image
AKR_2314521,DENA_tbl_image_location,DENA_tbl_image_location.csv,10,image_location_id;imgloc_name;imgloc_drive;imgloc_path;imgloc_desc
AKR_2314521,DENA_tbl_image_software,DENA_tbl_image_software.csv,13,image_software_id;imgsoft_name;imgsoft_locationfile;imgsoft_extension;imgsoft_oleclass;imgsoft_class
AKR_2314521,DENA_tbl_parent,DENA_tbl_parent.csv,4,parent_id;parent_table;parent_field;parent_data_type_code
AKR_2314521,DENA_waypoints,DENA_waypoints.csv,125,site_id;waypoint
AKR_2314551,GAAR_REF_Boundary_Distinct,GAAR_REF_Boundary_Distinct.csv,6,ID_bound;BoundaryDistinct_Code;NASIS;BoundaryDistinctness
AKR_2314551,GAAR_REF_Boundary_Topo,GAAR_REF_Boundary_Topo.csv,4,ID_bound_topo;Boundary_Topo_Code;Boundary_Topography;NASIS
AKR_2314551,GAAR_REF_Coarse_Texture,GAAR_REF_Coarse_Texture.csv,18,ID;Coarse_Text_code;Coarse_Text_Name;NASIS
AKR_2314551,GAAR_REF_DisturbClass,GAAR_REF_DisturbClass.csv,108,Dist_ID;Code;Disturbance.Class;ClassLevel
AKR_2314551,GAAR_REF_DomText,GAAR_REF_DomText.csv,12,ID_domtext;DomMin_Code;DomMin_Class;DomMin_define
AKR_2314551,GAAR_REF_DrainageCodes,GAAR_REF_DrainageCodes.csv,9,ID_drain;Drainage.code;Drainage.code.description
AKR_2314551,GAAR_REF_Ecotype_Veg_Structures,GAAR_REF_Ecotype_Veg_Structures.csv,22,EcoVeg_Str_Code;EcoVeg_Str_Name
AKR_2314551,GAAR_REF_Frag_Shape,GAAR_REF_Frag_Shape.csv,6,ID_frag_shp;Frag_Shape_Code;NASIS;Frag_Shape_Class
AKR_2314551,GAAR_REF_Frag_Size,GAAR_REF_Frag_Size.csv,4,ID_frag_sz;Frag_Size_Code;Frag_Size_Class
AKR_2314551,GAAR_REF_HORIZON,GAAR_REF_HORIZON.csv,19,ID_horiz;Horizon
AKR_2314551,GAAR_REF_Horizon_Suffix,GAAR_REF_Horizon_Suffix.csv,29,ID;Horizon_suff_code;Horizon_suff_Name
AKR_2314551,GAAR_REF_Lithofacies,GAAR_REF_Lithofacies.csv,28,ID_litho;Lithofacies_Code;Lithofacies_Class
AKR_2314551,GAAR_REF_MacrotopographyCodes,GAAR_REF_MacrotopographyCodes.csv,101,ID_macro;Alpha.Code;Macrosurface.Title;Name
AKR_2314551,GAAR_REF_MicrotopographyCodes,GAAR_REF_MicrotopographyCodes.csv,61,ID_micro;MicroCode;MicroName
AKR_2314551,GAAR_REF_Mottle_Abund,GAAR_REF_Mottle_Abund.csv,3,ID_mottle_ab;Mottle_Abund_Code;Mottle_Abund_Class
AKR_2314551,GAAR_REF_Mottle_Contrst,GAAR_REF_Mottle_Contrst.csv,3,ID_mottle_cnt;Mottle_Contrast_Code;Mottle_Contrast_Class;NASIS
AKR_2314551,GAAR_REF_Mottle_Size,GAAR_REF_Mottle_Size.csv,5,ID_mottle_sz;Mottle_Size_Code;Mottle_Size_Class;NASIS
AKR_2314551,GAAR_REF_NWIWaterRegimeCodes,GAAR_REF_NWIWaterRegimeCodes.csv,16,NWI.code;NWI.water.regime.description
AKR_2314551,GAAR_REF_Peat,GAAR_REF_Peat.csv,13,ID_peat;Peat_Code;Peat_Types
AKR_2314551,GAAR_REF_PhysiographyCodes,GAAR_REF_PhysiographyCodes.csv,9,ID_physiog;Physiography.code;Physiography.description
AKR_2314551,GAAR_REF_Redox_Type,GAAR_REF_Redox_Type.csv,7,ID;Redox_code;Redox_Type;NASIS;NASIS_Notes
AKR_2314551,GAAR_REF_Rupture_Resist_Block,GAAR_REF_Rupture_Resist_Block.csv,9,ID_rupt;Rupture_Resist_Block_Class;Rupture.Resist_Code_Class;Consistency.Class;NASIS
AKR_2314551,GAAR_REF_SampleMeth,GAAR_REF_SampleMeth.csv,12,met_SampMethCode;met_SampMethDesc
AKR_2314551,GAAR_REF_SiteChemistry,GAAR_REF_SiteChemistry.csv,6,che_ID;che_code;che_name;che_definition
AKR_2314551,GAAR_REF_SoilMoistureCodes,GAAR_REF_SoilMoistureCodes.csv,5,ID_moist;Soil.Moisture.code;Soil.moisture.description
AKR_2314551,GAAR_REF_Soil_Stickiness,GAAR_REF_Soil_Stickiness.csv,4,ID;Stickiness_Code;Stickiness_Name;NASIS
AKR_2314551,GAAR_REF_Soil_Structure,GAAR_REF_Soil_Structure.csv,11,ID_soil_str;Structure_Code;Structure_Type
AKR_2314551,GAAR_REF_Structure_Grade,GAAR_REF_Structure_Grade.csv,4,ID_strc_grade;Structure_Grade_Code;Structure_Grade_Class
AKR_2314551,GAAR_REF_Structure_Size,GAAR_REF_Structure_Size.csv,6,ID_strc_size;Structure_Size_Code;Structure_Size_Class;NASIS
AKR_2314551,GAAR_REF_TerrainUnitCodes,GAAR_REF_TerrainUnitCodes.csv,426,ID_TU_code;Terrain.alpha.code;Terrain.Title;Terrain.General.Group;NASIS;NASIS_Notes
AKR_2314551,GAAR_REF_Texture,GAAR_REF_Texture.csv,28,ID_tex;Texture_Code;Texture_Description;NASIS;NASIS_NOTES
AKR_2314551,GAAR_REF_VegCode4,GAAR_REF_VegCode4.csv,252,ID_vegcode;VegCode;VegetationTitle;VegCodeandTitle;EcotypeVeg;CodeNamelevIV;VegetationGeneralGroup;Vier_Code1;Vier_Code2;Vier_Code3;Vier_Code4;Vier_Description;Sort_Order
AKR_2314551,GAAR_REF_soil_code,GAAR_REF_soil_code.csv,321,Soil_Code_ID;Soil_Code;Soil_Class;Greater_Group;Soil_Class_Characters
AKR_2314551,GAAR_REF_soil_colour,GAAR_REF_soil_colour.csv,28,ID;colour_matrix
AKR_2314551,GAAR_REF_vegSynonymy,GAAR_REF_vegSynonymy.csv,352,Syn_REF_TAXON_Code;Syn_SynonymCode;Syn_Synonym_Name;Syn_Synonym_Reference;Syn_Authorities;Syn_Notes;Syn_Checked
AKR_2314551,GAAR_REF_vegTaxonomy,GAAR_REF_vegTaxonomy.csv,2095,ID_Taxon;spe_SpeciesCode;SpeciesName;Family;Genus;Species;ssp_var;LifeForm;Authorities;Class;GenusOnly;Unknown
AKR_2314551,GAAR_delivered_tbl_image_location,GAAR_delivered_tbl_image_location.csv,3,image_location_id;imgloc_name;imgloc_drive;imgloc_path;imgloc_desc
AKR_2314551,GAAR_delivered_tbl_image_software,GAAR_delivered_tbl_image_software.csv,8,image_software_id;imgsoft_name;imgsoft_locationfile;imgsoft_extension;imgsoft_oleclass;imgsoft_class
AKR_2314551,GAAR_qry_1Vascular_Taxa_list,GAAR_qry_1Vascular_Taxa_list.csv,621,Family;Authorities
AKR_2314551,GAAR_qry_1completeARCN_Specieslist,GAAR_qry_1completeARCN_Specieslist.csv,1202,Class;Family;Authorities;Syn_Authorities
AKR_2314551,GAAR_qry_2Non-vascular_Taxa_list,GAAR_qry_2Non-vascular_Taxa_list.csv,356,Family;Authorities
AKR_2314551,GAAR_qry_3_Ecological_Components_list,GAAR_qry_3_Ecological_Components_list.csv,1250,Unique_ID;Date;LatDD84;LongDD84;Physiog;Slope;Aspect;SurfGeomUnit;Microtopo;MicroRelief;VegClass4;Ecotype_abrrev;Flor_Class2;DominPlants
AKR_2314551,GAAR_qry_4_Environmental_Characteristics_list,GAAR_qry_4_Environmental_Characteristics_list.csv,1074,Unique_ID;NWIWaterReg;WaterDepth;Saturated30cm;SoilMoisture;LowMottDep;LowMatrDep;HydricSoil;Cryoturb;SurfOrg;CumOrg40;DomMineral40;DomText40;LoessThick;ThawDepth;FrostBoil;SitepH;SiteEC;che_name
AKR_2314551,GAAR_qry_5_Soil_codes_list,GAAR_qry_5_Soil_codes_list.csv,75,Soil_Code;Soil_Class;Greater_Group
AKR_2314551,GAAR_qry_Ecotype_Generation,GAAR_qry_Ecotype_Generation.csv,762,Unique_ID;Physiog;DomText40;SoilMoisture;SiteChemistry;Site_ChemCaps;EcoVegCaps;Plot_Ecotype;Calc_Ecotype
AKR_2314551,GAAR_qry_Ecotype_components,GAAR_qry_Ecotype_components.csv,38,Unique_ID;che_name;Terrain.Title;DomMin_Class;EcoVeg_Str_Name;Physiography.description;Soil.moisture.description
AKR_2314551,GAAR_qry_Soil_X_Geomorph_Crosstab,GAAR_qry_Soil_X_Geomorph_Crosstab.csv,156,Physiog;SoilClass2003;<>;Bxr;Bxw;C;Ch;Cs;Ct;Ctb;Ctc;Ell;Elu;Esac;Esda;Esdi;Esi;Esic;Fboa;Fbob;Fboi;Fbra;Fbrac;Fbrbf;Fbric;Fbrif;Fdob;Ffb;Ffi;Ffo;Ffric;Ffrif;Fhl;Fhlo;Fhm;Fhmc;Fhmo;Fhs;Fmoa;Fmob;Fmoi;Fmrac;Fmraf;Fmrb;Fmrbc;Fmri;Fmric;Fmrif;Fs;Fsa;Fsl;Fsu;Fto;Gfk;Gl;Gmo;Gmy;Gto;If;L;Lb;Lbg;Ldic;Ldim;Ldnc;Ldnm;Ltic;Ltim;Ltip;Ltiu;Ltnc;Ltnm;Ltnu;Mba;Mbi;Mta;Mti;Nd;Ns;Ob;Obc;Of;Ofc;Ofsh;Sc;Vmo;Vmy;Wels;Welsc;Welt;Wert;Wertg;Wld;Wldcm;Wldi;Wldim;Wldir;Wldit;Wlscm;Wlsi;Wlsid;Wlsim;Wlsir;Wlsit;Wmn;Wrhl;Wrhm;Wrln;Wrun
AKR_2314551,GAAR_qry_plant_taxa_list,GAAR_qry_plant_taxa_list.csv,25612,Unique_ID;spe_SpeciesCode;SpeciesName;Authorities;spe_Cover
AKR_2314551,GAAR_tbl_2007_AKNHP_Rare_Plant_List,GAAR_tbl_2007_AKNHP_Rare_Plant_List.csv,364,ID;Taxon;Global.Rank;State.Rank;Genus;Species;Ssp.or.Var;Ssp.or.Var.Name
AKR_2314551,GAAR_tbl_ARCN_Final_Plot_Data,GAAR_tbl_ARCN_Final_Plot_Data.csv,1250,env_ID;Plot_GID;Unique_ID;Data_Origin;Location_Code;Region;Transect;Date;Year;ObserverEnv;ObserverVeg;GeogLandmark;LatDD84;LongDD84;ElevGPS;PlotRadius;PlotType;Physiog;Slope;Aspect;SurfGeomUnit;SubGeomUnit;MacroTopo;Microtopo;MicroRelief;NWIWaterReg;WaterDepth;AboveBelow;Saturated30cm;Drainage;SoilMoisture;LowMottDep;LowMatrDep;HydricSoil;WaterpH;WaterEC;SoilpH;SoilpH_30;SoilEC;SitepH;SiteEC;SiteChemistry;pHGradient;ThawDepth;Permafrost;SurfOrg;CumOrg40;DomMineral40;DomText40;LoessThick;RootDepth;SurfFrag;FrostBoil;RockDepth;Cryoturb;SoilStrat;SoilSample;MaxObsDepth;SampleMeth;SoilClass2003;SoilAssocation;VegCompletness;VegClass4;Cutpoint;Aggr_VegL4;EcoVegStruct;DisturbClass;Flor_Class2;Plot_Ecotype;DominPlants;Fld_notes;Office_notes;Ecotype_analysis;EnvOutlier;VegOutlier;Ecotype_Rare;Aggr_Geom;Aggr_Text;Aggr_Drain;Aggr_Chem;VegRating;Use_for_Mapping;Aggr_Ecotype1;Ecotype_abrrev;Map_Ecotype;Map_Ecotype1;Map_VegClass;Map_Ecotype_ARCN;Map_ecotypeAbbrev_ARCN;Map_Veg_ARCN;Soil_Landscape
AKR_2314551,GAAR_tbl_ELS_Field_Plot_Data,GAAR_tbl_ELS_Field_Plot_Data.csv,763,Unique_ID;fld_PlotID;fld_Transect;fld_Date;fld_Time;fld_ObserverEnv;fld_ObserverVeg;fld_GeogLandmark;fld_LatDD84;fld_LongDD84;fld_ElevGPS;fld_AirphotoNo;fld_Pinprick;fld_PlotRadius;fld_PlotType;fld_Physiog;fld_Slope;fld_Aspect;fld_SurfGeomUnit;fld_SubGeomUnit;fld_Macrotopo;fld_Microtopo;fld_MicroRelief;fld_NWIWaterReg;fld_WaterDepth;fld_AboveBelow;fld_Saturated30cm;fld_Drainage;fld_SoilMoisture;fld_LowMottDep;fld_LowMatrDep;fld_HydricSoil;fld_WaterpH;fld_WaterEC;fld_SoilpH;fld_SoilpH_30;fld_SoilEC;fld_ThawDepth;fld_Permafrost;fld_SurfOrg;fld_CumOrg40;fld_DomMineral40;fld_DomText40;fld_LoessThick;fld_RootDepth;fld_RockDepth;fld_SurfFrag;fld_FrostBoil;fld_Cryoturb;fld_SoilStrat;fld_SoilSample;fld_SoilSampleDepth;fld_MaxObsDepth;fld_SampleMeth;fld_SoilClass2003;fld_VegCompleteness;fld_VegClass4;fld_Cutpoint;fld_Ecotypevegstr;fld_DisturbClass;fld_Ecotype;fld_notes;fld_photosTaken;fld_CameraName
AKR_2314551,GAAR_tbl_Parker_ARCN_Species_List,GAAR_tbl_Parker_ARCN_Species_List.csv,2100,ABR_spe_code;Species-.ALA.Taxonomy;Syn1(Hulten.if.multiples);Syn2;ALA_Notes_CLP;PRESENT.IN:;Genus;Species;SSP.or.Var;2nd.SPP;s.lat;Taxon_ABR_Format;Notes
AKR_2314551,GAAR_tbl_Soil_Elements,GAAR_tbl_Soil_Elements.csv,39,ele_ID;Unique_ID;ele_RockType;ele_GeneralGeology;ele_pH;ele_EC;ele_LimeEstimate;ele_ExtNO3-N;ele_ExtP;ele_ExtK;ele_ExtZn;ele_ExtFe;ele_ExtMn;ele_ExtCu;ele_PrctSi;ele_PrctOM;ele_TotCa;ele_TotMg;ele_TotNa;ele_TotK;ele_TotP;ele_TotAl;ele_TotFe;ele_TotMn;ele_TotTi;ele_TotCu;ele_TotZn;ele_TotNi;ele_TotMo;ele_TotCd;ele_TotCr;ele_TotSr;ele_TotB;ele_TotBa;ele_TotBe;ele_TotPb;ele_TotV;ele_TotSe;ele_TotS;ele_PctN;ele_PctC;ele_PctSand;ele_PctSilt;ele_PctClay;ele_Texture;ele_CaCO3;ele_SO4S;ele_notes
AKR_2314551,GAAR_tbl_Species_List_ARCN,GAAR_tbl_Species_List_ARCN.csv,1183,spe_SpeciesCode;SpeciesName
AKR_2314551,GAAR_tbl_VegCoverBySpecies,GAAR_tbl_VegCoverBySpecies.csv,25612,Veg_cov_ID;Unique_ID;anal_specode;spe_SpeciesCode;spe_FieldCall;spe_Cover;spe_Notes;spe_collected;spe_office_notes;spe_verify;Sent_for_Determination
AKR_2314551,GAAR_tbl_Veg_Structure,GAAR_tbl_Veg_Structure.csv,1169,str_ID;Unique_ID;str_NeedleleafTrCov;str_NeedleleafTrCC;str_BroadleafTrCov;str_BroadleafTrCC;str_DwarfBrdlfCov;str_DwarfBrdlfCC;str_DwarfNdleafCov;str_DwarfNdleafCC;str_StandDeadtreeCov;str_TallShrubCov;str_LowShbCov;str_DwarfShbCov;str_GraminoidsCov;str_tussockCov;str_ForbsCov;str_MossesCov;str_LichensCov;str_LitterCov;str_LitterAloneCov;str_BareSoilCov;str_WaterCov;notes
AKR_2314551,GAAR_tbl_image,GAAR_tbl_image.csv,4396,image_id;image_caption;image_num;image_drive;image_path;image_location_id;image_subpath;image_file;image_anchor;image_date;image_cd;image_cd_image
AKR_2314551,GAAR_tbl_image_location,GAAR_tbl_image_location.csv,3,image_location_id;imgloc_name;imgloc_drive;imgloc_path;imgloc_desc
AKR_2314551,GAAR_tbl_image_software,GAAR_tbl_image_software.csv,13,image_software_id;imgsoft_name;imgsoft_locationfile;imgsoft_extension;imgsoft_oleclass;imgsoft_class
AKR_2314551,GAAR_tbl_parent,GAAR_tbl_parent.csv,1,parent_id;parent_table;parent_field;parent_data_type_code
AKR_2314551,GAAR_tbl_soil,GAAR_tbl_soil.csv,1149,Soil_ID;Unique_ID;Lithofacies;Horizon_Number;TopDepth;BotDepth;Horizon.Thickness;Horizon_Designation;Horizon_Suffix;Boundary_distinctness;Boundary_topography;Texture_Modifier;Texture_Class;Second_Texture;Fragment_volume;Fragment_size;Fragment_shape;Peat_type;Color_matrix;Color_mottle;Color_moisture_state;Mottle_abundance;Mottle_size;Mottle_contrast;Redox_type;Structure_type;Structure_size;Structure_grade;Rupture_Resist_Block;Plasticity;Stickiness;Horizon_pH;Notes
AKR_2314551,GAAR_xref_image_parent,GAAR_xref_image_parent.csv,4431,image_parent_id;image_id;parent_id;parent_value
AKR_2314601,KEFJ_AIR_COVER,KEFJ_AIR_COVER.csv,1262,KEFJLCID;SPECIES;SPECIES_CODE;COVER;TRACE;HEIGHT;COMMENT;VEG_TYPE
AKR_2314601,KEFJ_AIR_SITE,KEFJ_AIR_SITE.csv,200,KEFJLCID;TRANSECT;PLOT;ALIAS;TYPE;IDENT;LAT;LONG;DATE_1;ELEVATION;MODEL;CREW;GPS;CAMERA_1;FRAMES_1;CAMERA_2;FRAMES_2;MODE;DATE_2;LC_CLASS;SLOPE;LANDFORM;AHAP_RL;AHAP_FR;BIOME;MOIST_CL;COMMENT;GPS_ERROR;NEEDLE_HT;BROAD_HT;TALLSH_HT;LOWSH_HT;DWARFSH_HT;FORB_HT;GRASS_HT;SEDGE_HT;MOSS_HT;LICHEN_HT;UNVEG_HT;WATER_HT;OTHER_HT;NEEDLE_GR;BROAD_GR;TALLSH_GR;LOWSH_GR;DWARFSH_GR;FORB_GR;GRASS_GR;SEDGE_GR;MOSS_GR;LICHEN_GR;UNVEG_GR;WATER_GR;OTHER_GR;BEDROCK;LG_ROCK;SM_ROCK;OTHER;DATUM;FORM
AKR_2314601,KEFJ_Biome,KEFJ_Biome.csv,6,Biome
AKR_2314601,KEFJ_Camera,KEFJ_Camera.csv,9,Camera
AKR_2314601,KEFJ_Data_entry_notes,KEFJ_Data_entry_notes.csv,108,Reminders
AKR_2314601,KEFJ_GROUND_COVER,KEFJ_GROUND_COVER.csv,7727,KEFJLCID;SPECIES;SPECIES_CODE;COVER;TRACE;HEIGHT;COMMENT;DBH;VEG_TYPE
AKR_2314601,KEFJ_GROUND_SITE,KEFJ_GROUND_SITE.csv,428,KEFJLCID;TRANSECT;PLOT;TRAN_PLOT;LAT;LONG;DATE_1;DATE_2;ELEVATION;SLOPE;ASPECT;PLOT_L;PLOT_W;CREW;MODE;TYPE;IDENT;MODEL;GPS;GPS_ERROR;DATUM;AHAP_RL;AHAP_FR;CAMERA_1;FRAMES_1;CAMERA_2;FRAMES_2;LC_CLASS;PLANT_COMM;PC_COMMENT;LANDFORM;BIOME;MOIST_CL;COMMENT;NEEDLE_HT;BROAD_HT;TALLSH_HT;LOWSH_HT;DWARFSH_HT;FORB_HT;GRASS_HT;SEDGE_HT;MOSS_HT;LICHEN_HT;UNVEG_HT;WATER_HT;OTHER_HT;NEEDLE_GR;BROAD_GR;TALLSH_GR;LOWSH_GR;DWARFSH_GR;FORB_GR;GRASS_GR;SEDGE_GR;MOSS_GR;LICHEN_GR;UNVEG_GR;WATER_GR;OTHER_GR;WATER;BEDROCK;LITTER;WOOD;CLAY;SILT;SAND;LG_ROCK;SM_ROCK;OTHER;BEDROCK_TYPE;TREE_CORE;PROFILE;SOIL_1;SOIL_PH1;ALK_1;FINE_1;COARSE_1;OHORIZ_1;SOIL_2;SOIL_PH2;ALK_2;FINE_2;COARSE_2;OHORIZ_2;FORM;AGE_RANGE;AGE_CLASS;AGE_ORDER;AGE_COMMENT;SAMPLE_SET
AKR_2314601,KEFJ_GR_COVER_limited,KEFJ_GR_COVER_limited.csv,7498,KEFJLCID;SPECIES;SPECIES_CODE;COVER;TRACE;HEIGHT;COMMENT;DBH;VEG_TYPE
AKR_2314601,KEFJ_LC_CLASS,KEFJ_LC_CLASS.csv,55,ID;LFORM;M_CODE;LC_CLASS;CANOPY
AKR_2314601,KEFJ_MOIST_CL,KEFJ_MOIST_CL.csv,6,MOIST_CL
AKR_2314601,KEFJ_PCT_Lookup,KEFJ_PCT_Lookup.csv,154,PCT_TYPE;PCT_CODE;PCT_COMMENT
AKR_2314601,KEFJ_Paste_Errors,KEFJ_Paste_Errors.csv,11,F1
AKR_2314601,KEFJ_Species,KEFJ_Species.csv,9808,Codename;Code;Family;Synonym
AKR_2314601,KEFJ_Species_limited,KEFJ_Species_limited.csv,9808,Codename;Code;Codename2;Codename3;Family;Synonym
AKR_2314601,KEFJ_Species_list_accepted,KEFJ_Species_list_accepted.csv,69,Recorded.Name;Accepted.Name
AKR_2314601,KEFJ_TREE_CORE,KEFJ_TREE_CORE.csv,142,ID;KEFJLCID;Species;DBH_Cored;Height_Cored;Number_Rings;Core_Comments;Core_Length;Breaks;Center;Bark;Steam;Created_By
AKR_2314601,KEFJ_tbl_image,KEFJ_tbl_image.csv,5126,image_id;image_caption;image_num;image_drive;image_path;image_location_id;image_subpath;image_file;image_anchor;image_date;image_cd;image_cd_image
AKR_2314601,KEFJ_tbl_image_location,KEFJ_tbl_image_location.csv,2,image_location_id;imgloc_name;imgloc_drive;imgloc_path
AKR_2314601,KEFJ_tbl_image_software,KEFJ_tbl_image_software.csv,13,image_software_id;imgsoft_name;imgsoft_locationfile;imgsoft_extension;imgsoft_oleclass;imgsoft_class
AKR_2314601,KEFJ_tbl_parent,KEFJ_tbl_parent.csv,2,parent_id;parent_table;parent_field
AKR_2314601,KEFJ_xref_image_parent,KEFJ_xref_image_parent.csv,5126,image_parent_id;image_id;parent_id;parent_value
AKR_2314604,KLGO_JointGPS,KLGO_JointGPS.csv,170,TYPE;IDENT;LAT;LONG;Y_PROJ;X_PROJ;COMMENT;ALTITUDE;FACILITY;MODEL;FID_1;Date;Time_1;UniqueID;Transect;Crew_VEG;Crew_2;Crew_3;Camera;Photo_comm;PlotType;Mapclass;MapClass_A;MapClass_c;Plot_Lengt;Plot_width;Slope_pct;Aspect_Tru;Hydro;PlantAssn;PA_Area;PA_Comment;Site_Comme;Max_PDOP;Max_HDOP;Corr_Type;Rcvr_Type;GPS_Date;GPS_Time;Update_Sta;Feat_Name;Datafile;Unfilt_Pos;Filt_Pos;Data_Dicti;GPS_Week;GPS_Second;GPS_Height;Vert_Prec;Horz_Prec;Std_Dev;Northing;Easting;Point_ID
AKR_2314604,KLGO_KLGO_Garmins2011,KLGO_KLGO_Garmins2011.csv,170,TYPE;IDENT;LAT;LONG;Y_PROJ;X_PROJ;COMMENT;DISPLAY;SYMBOL;UNUSED1;DIST;PROX_INDEX;COLOR;ALTITUDE;DEPTH;TEMP;TIME;WPT_CLASS;SUB_CLASS;ATTRIB;LINK;STATE;COUNTRY;CITY;ADDRESS;FACILITY;CROSSROAD;UNUSED2;ETE;DTYPE;MODEL;FILENAME;LTIME;GPS_ID
AKR_2314604,KLGO_REF_AKspecies,KLGO_REF_AKspecies.csv,9610,Symbol;SciName;Genus;Species;SubspeciesPrefix;Subspecies;VarietyPrefix;Variety;Genera_BinomialAuthor;TrinomialAuthor;QuadranomialAuthor;Parents;CommonName;Category;Family;Order;Kingdom;Field18;SubDivision;Division;ITIS_TSN;GrowthHabit;NativeStatus;PLANTSFloristicArea;Habit
AKR_2314604,KLGO_REF_AreaSize,KLGO_REF_AreaSize.csv,7,areaclass;sizecode
AKR_2314604,KLGO_REF_Camera,KLGO_REF_Camera.csv,8,Camera
AKR_2314604,KLGO_REF_Hydrologic,KLGO_REF_Hydrologic.csv,13,HydrologicRegime
AKR_2314604,KLGO_REF_Landforms,KLGO_REF_Landforms.csv,14,Landforms;Definition
AKR_2314604,KLGO_REF_MapClass,KLGO_REF_MapClass.csv,55,MapClass
AKR_2314604,KLGO_REF_PAClass,KLGO_REF_PAClass.csv,115,PAClass
AKR_2314604,KLGO_REF_PAsize,KLGO_REF_PAsize.csv,7,areaclass;classcode
AKR_2314604,KLGO_REF_Physiography,KLGO_REF_Physiography.csv,9,Physiography
AKR_2314604,KLGO_REF_PlotType,KLGO_REF_PlotType.csv,5,Plottype_abbr;Plot_Type
AKR_2314604,KLGO_REF_Viereck,KLGO_REF_Viereck.csv,196,VKCode;VKTextName
AKR_2314604,KLGO_Reminders,KLGO_Reminders.csv,4,Reminders
AKR_2314604,KLGO_TBL_Lifeform,KLGO_TBL_Lifeform.csv,180,Transect;Transects;Conifer_pct;Conifer_Totalpct;Conifer_HT;BROAD_pct;BROAD_Totalpct;BROAD_HT;TALLSH_pct;TALLSH_Totalpct;TALLSH_HT;LOWSH_pct;LOWSH_Totalpct;LOWSH_HT;DWARFSH_pct;DWARFSH_Totalpct;DWARFSH_HT;FORB_pct;FORB_Totalpct;FORB_HT;Fern_allies_pct;Fern_allies_Totalpct;FERN_allies_HT;GRASS_pct;GRASS_Totalpct;GRASS_HT;SEDGE_pct;SEDGE_Totalpct;Sedge_HT;MOSS_Totalpct;LICHEN_Totalpct;WATER_Totalpct;Bare_Totalpct;OTHER_Totalpct;Other_specific;LITTER_pct;WOOD_pct;SILT_pct;SAND_pct;SM_ROCK_pct;LG_ROCK_pct;BEDROCK_pct;Stems_pct;MOSSGrCov_pct;LichenGrCov_pct;WATERGrCov_pct;CryptoCrustCrCover_pct;OTHERGrCov_pct;TREE_CORE;BEDROCK_TYPE
AKR_2314604,KLGO_TBL_SITE,KLGO_TBL_SITE.csv,180,Transect;Transects;Date_;Time_;Crew_VEG;Crew_2;Crew_3;Camera;Area_Class;Plot_Lengt;Plot_width;Slope_deg;Aspect_Tru;PlotType;Hydro;field_mapc;MapClass;Comments;ident;lat_1;long_;y_proj;x_proj;DTcomment;altitude;model;Garminum;Garmin_err;MapClass_field;LCCLassSize;VK_CLASS;PlantAssocSize;PlantAssn;Landform;HydroReg;Disturbance;COMMENT_memo;UNIQUEID
AKR_2314604,KLGO_TBL_VegCover,KLGO_TBL_VegCover.csv,3364,Transect;Transects;SciName;Symbol;COVER;TRACE;HEIGHT;COMMENT;DBH;VEG_TYPE;Voucher;Habit;UNIQUEID
AKR_2314604,KLGO_TBL_VegCover_AKVC_Forest,KLGO_TBL_VegCover_AKVC_Forest.csv,1887,Transect;SciName;Symbol;COVER;HEIGHT;COMMENT;DBH;VEG_TYPE;Voucher;Habit;MapClass_field;VK_CLASS
AKR_2314604,KLGO_TBL_VegCover_AKVC_Forest_Crosstab,KLGO_TBL_VegCover_AKVC_Forest_Crosstab.csv,222,Habit;Symbol;SciName;1_15;1_16;2_06;2_07;2_09;2_1;3_01;3_02;3_04;3_05;3_07;3_08;4_01;4_02;4_04;4_05;4_06;4_07;4_09;5_01;5_02;5_03;5_04;5_05;5_06;5_07;6_01;6_02;6_03;6_04;6_05;6_06;7_01;7_02;7_03;7_04;7_05;8_01;8_02;8_04;8_05;8_06;9_01;9_02;9_03;9_04;9_05;10_01;10_02;10_03;10_04;11_02;11_03;11_04;11_05;11_06;12_01;12_03;12_04;13_01;13_02;13_03;13_04;14_04;14_05;14_06;14_07;14_09;15_06;19_01;19_02;19_03;19_04;19_05;19_06;19_07;20_01;20_02;20_04;20_07;21_02;21_04;21_05;21_07;23_01;23_04;23_06;30_01;30_02;30_03;30_04;30_05;30_07;30_08;30_09;31_01;32_01;32_02;32_03
AKR_2314604,KLGO_TBL_VegCover_AKVC_Forest_Height_Crosstab,KLGO_TBL_VegCover_AKVC_Forest_Height_Crosstab.csv,222,Habit;Symbol;SciName;1_15;1_16;2_06;2_07;2_09;2_1;3_01;3_02;3_04;3_05;3_07;3_08;4_01;4_02;4_04;4_05;4_06;4_07;4_09;5_01;5_02;5_03;5_04;5_05;5_06;5_07;6_01;6_02;6_03;6_04;6_05;6_06;7_01;7_02;7_03;7_04;7_05;8_01;8_02;8_04;8_05;8_06;9_01;9_02;9_03;9_04;9_05;10_01;10_02;10_03;10_04;11_02;11_03;11_04;11_05;11_06;12_01;12_03;12_04;13_01;13_02;13_03;13_04;14_04;14_05;14_06;14_07;14_09;15_06;19_01;19_02;19_03;19_04;19_05;19_06;19_07;20_01;20_02;20_04;20_07;21_02;21_04;21_05;21_07;23_01;23_04;23_06;30_01;30_02;30_03;30_04;30_05;30_07;30_08;30_09;31_01;32_01;32_02;32_03
AKR_2314604,KLGO_TBL_VegCover_Query,KLGO_TBL_VegCover_Query.csv,3364,SciName;Symbol;Habit;COVER
AKR_2314604,KLGO_TBL_VegCover_Query_Query,KLGO_TBL_VegCover_Query_Query.csv,401,SciName;Symbol;Habit;CountOfSciName1
AKR_2314604,KLGO_TBL_VegCover_and_AKVC_Query,KLGO_TBL_VegCover_and_AKVC_Query.csv,3363,Transect;SciName;Symbol;COVER;HEIGHT;COMMENT;DBH;VEG_TYPE;Voucher;Habit;MapClass_field;VK_CLASS
AKR_2314604,KLGO_TrimbleCorPlotExport,KLGO_TrimbleCorPlotExport.csv,50,Date;Time;UniqueID;Transect;Crew_VEG;Crew_2;Crew_3;Camera;Photo_comm;PlotType;Mapclass;MapClass_A;MapClass_c;Plot_Lengt;Plot_width;Slope_pct;Aspect_Tru;Hydro;PlantAssn;PA_Area;PA_Comment;Site_Comme;Max_PDOP;Max_HDOP;Corr_Type;Rcvr_Type;GPS_Date;GPS_Time;Update_Sta;Feat_Name;Datafile;Unfilt_Pos;Filt_Pos;Data_Dicti;GPS_Week;GPS_Second;GPS_Height;Vert_Prec;Horz_Prec;Std_Dev;Northing;Easting;Point_ID
AKR_2314604,KLGO_VegCover_AKRefQuery,KLGO_VegCover_AKRefQuery.csv,3334,Transect;SciName;REF_AKspecies_Symbol;COVER;TRACE;HEIGHT;COMMENT;VEG_TYPE;Voucher;Habit
AKR_2314604,KLGO_Win72010tbl_image_software,KLGO_Win72010tbl_image_software.csv,13,image_software_id;imgsoft_name;imgsoft_locationfile;imgsoft_extension;imgsoft_oleclass;imgsoft_class
AKR_2314604,KLGO__TBL_Cov_GRID,KLGO__TBL_Cov_GRID.csv,3,Transect;Transects;Conifer_pct;Conifer_Totalpct;Conifer_HT;BROAD_pct;BROAD_Totalpct;BROAD_HT;TALLSH_pct;TALLSH_Totalpct;TALLSH_HT;LOWSH_pct;LOWSH_Totalpct;LOWSH_HT;DWARFSH_pct;DWARFSH_Totalpct;DWARFSH_HT;FORB_pct;FORB_Totalpct;FORB_HT;Fern_allies_pct;Fern_allies_Totalpct;FERN_allies_HT;GRASS_pct;GRASS_Totalpct;GRASS_HT;SEDGE_pct;SEDGE_Totalpct;Sedge_HT;MOSS_Totalpct;LICHEN_Totalpct;WATER_Totalpct;Bare_Totalpct;OTHER_Totalpct;Other_specific;LITTER_pct;WOOD_pct;SILT_pct;SAND_pct;SM_ROCK_pct;LG_ROCK_pct;BEDROCK_pct;Stems_pct;MOSSGrCov_pct;LichenGrCov_pct;WATERGrCov_pct;CryptoCrustCrCover_pct;OTHERGrCov_pct;TREE_CORE;BEDROCK_TYPE
AKR_2314604,KLGO__Trimble_I082211A_Plot,KLGO__Trimble_I082211A_Plot.csv,46,Easting;Northing;Date;Time;UniqueID;Transect;Crew_VEG;Crew_2;Crew_3;Camera;Photo_comment;PlotType;Mapclass;MapClass_Area;MapClass_comment;Plot_Length;Plot_width;Slope_pct;Aspect_True_numeric;Hydro;PlantAssn;PA_Area;PA_Comments;Site_Comments;Point_ID
AKR_2314604,KLGO__someTrimbleRandM,KLGO__someTrimbleRandM.csv,12,ID;FID_;Date_;Time_;UniqueID;Transect;Crew_VEG;Crew_2;Crew_3;Camera;Photo_comm;PlotType;Mapclass;MapClass_A;MapClass_c;Plot_Lengt;Plot_width;Slope_pct;Aspect_Tru;Hydro;PlantAssn;PA_Area;PA_Comment;Site_Comme;Max_PDOP;Max_HDOP;Corr_Type;Rcvr_Type;GPS_Date;GPS_Time;Update_Sta;Feat_Name;Datafile;Unfilt_Pos;Filt_Pos;Data_Dicti;GPS_Week;GPS_Second;GPS_Height;Vert_Prec;Horz_Prec;Std_Dev;Northing;Easting;Point_ID
AKR_2314604,KLGO_tbl_image,KLGO_tbl_image.csv,1327,image_id;image_caption;image_num;image_drive;image_path;image_location_id;image_subpath;image_file;image_anchor;image_date;image_cd;image_cd_image
AKR_2314604,KLGO_tbl_image_location,KLGO_tbl_image_location.csv,2,image_location_id;imgloc_name;imgloc_drive;imgloc_path;imgloc_desc
AKR_2314604,KLGO_tbl_image_software,KLGO_tbl_image_software.csv,13,image_software_id;imgsoft_name;imgsoft_locationfile;imgsoft_extension;imgsoft_oleclass;imgsoft_class
AKR_2314604,KLGO_tbl_image_with_datasheetIdPics,KLGO_tbl_image_with_datasheetIdPics.csv,1493,image_id;image_caption;image_num;image_drive;image_path;image_location_id;image_subpath;image_file;image_anchor;image_date;image_cd;image_cd_image
AKR_2314604,KLGO_tbl_parent,KLGO_tbl_parent.csv,1,parent_id;parent_table;parent_field
AKR_2314604,KLGO_xref_image_parent,KLGO_xref_image_parent.csv,1492,image_parent_id;image_id;parent_id;parent_value
AKR_2314676,SITK_1993Plots,SITK_1993Plots.csv,19,plot_id;PLOT
AKR_2314676,SITK_2006Plots,SITK_2006Plots.csv,11,plot_id;PLOT
AKR_2314676,SITK_2006tabularized,SITK_2006tabularized.csv,531,PLOT_ID;PLOT;Species;PCTover;PCTunder;PCTcover;Ht_ft
AKR_2314676,SITK_EcoInv1993_data,SITK_EcoInv1993_data.csv,324,Plot_id;Plot;Stratum;Species;PctCover
AKR_2314676,SITK_Landform,SITK_Landform.csv,0,ID
AKR_2314676,SITK_REF_AKspecies,SITK_REF_AKspecies.csv,9621,Symbol;SciName;Genus;Species;SubspeciesPrefix;Subspecies;VarietyPrefix;Variety;Genera_BinomialAuthor;TrinomialAuthor;QuadranomialAuthor;Parents;CommonName;Category;Family;Order;Kingdom;Field18;SubDivision;Division;ITIS_TSN;GrowthHabit;NativeStatus;PLANTSFloristicArea;Habit
AKR_2314676,SITK_REF_AreaSize,SITK_REF_AreaSize.csv,7,areaclass
AKR_2314676,SITK_REF_Hydrologic,SITK_REF_Hydrologic.csv,12,HydrologicRegime;sort
AKR_2314676,SITK_REF_LandformsFeatures,SITK_REF_LandformsFeatures.csv,18,Landforms;PrimaryFeature;LandformDef;PrimeFeatureDef
AKR_2314676,SITK_REF_PAClass,SITK_REF_PAClass.csv,113,PAClass
AKR_2314676,SITK_REF_PlotType,SITK_REF_PlotType.csv,5,Plottype_abbr;Plot_Type
AKR_2314676,SITK_SITK_LC_PA_Cover_Crosstable,SITK_SITK_LC_PA_Cover_Crosstable.csv,128,SciName;Symbol;Habit;1;2;3;4;5;6;7;8;9;10;11;12;13;14;15;16;17;18;19;20;21;22;23;24;25;26;27
AKR_2314676,SITK_SITK_PA_Comms,SITK_SITK_PA_Comms.csv,15,Plant.Association./.Community
AKR_2314676,SITK_TBL_Cov_GRID,SITK_TBL_Cov_GRID.csv,27,Transect;Transects;Transectz;Conifer_pct;Conifer_Totalpct;Conifer_HT;BROAD_pct;BROAD_Totalpct;BROAD_HT;TALLSH_pct;TALLSH_Totalpct;TALLSH_HT;LOWSH_pct;LOWSH_Totalpct;LOWSH_HT;DWARFSH_pct;DWARFSH_Totalpct;DWARFSH_HT;FORB_pct;FORB_Totalpct;FORB_HT;Fern_allies_pct;Fern_allies_Totalpct;FERN_allies_HT;GRASS_pct;GRASS_Totalpct;GRASS_HT;SEDGE_pct;SEDGE_Totalpct;Sedge_HT;MOSS_pct;MOSS_Totalpct;LICHEN_pct;LICHEN_Totalpct;WATER_pct;WATER_Totalpct;BARE_pct;Bare_Totalpct;OTHER_pct;OTHER_Totalpct;Other_specific;LITTER_pct;WOOD_pct;SILT_pct;SAND_pct;SM_ROCK_pct;LG_ROCK_pct;BEDROCK_pct;Stems_pct;MOSSGrCov_pct;LichenGrCov_pct;WATERGrCov_pct;CryptoCrustCrCover_pct;OTHERGrCov_pct;TREE_CORE;BEDROCK_TYPE
AKR_2314676,SITK_TBL_Lifeform,SITK_TBL_Lifeform.csv,3,Transect;Transects;Conifer_pct;Conifer_Totalpct;Conifer_HT;BROAD_pct;BROAD_Totalpct;BROAD_HT;TALLSH_pct;TALLSH_Totalpct;TALLSH_HT;LOWSH_pct;LOWSH_Totalpct;LOWSH_HT;DWARFSH_pct;DWARFSH_Totalpct;DWARFSH_HT;FORB_pct;FORB_Totalpct;FORB_HT;Fern_allies_pct;Fern_allies_Totalpct;FERN_allies_HT;GRASS_pct;GRASS_Totalpct;GRASS_HT;SEDGE_pct;SEDGE_Totalpct;Sedge_HT;MOSS_Totalpct;LICHEN_Totalpct;WATER_Totalpct;Bare_Totalpct;OTHER_Totalpct;Other_specific;LITTER_pct;WOOD_pct;SILT_pct;SAND_pct;SM_ROCK_pct;LG_ROCK_pct;BEDROCK_pct;Stems_pct;MOSSGrCov_pct;LichenGrCov_pct;WATERGrCov_pct;CryptoCrustCrCover_pct;OTHERGrCov_pct;TREE_CORE;BEDROCK_TYPE
AKR_2314676,SITK_TBL_SITE,SITK_TBL_SITE.csv,27,Date_;Time_;UniqueID;Transects;Crew_VEG;Ricoh;Olympus;IR_camera;Lumix;Photo_comm;EcoUnit;PA_Area;MapClass_A;Plot_Lengt;Plot_width;Slope_pct;Aspect_Tru;Aspect_Tr2;Hydro;SITK_PA;PA_Comment;SITK_LC_com;SITK_LC_sci;Site_Comme;Transect;LC_PA_or_b;Landform;Disturbance;Comments;Antenna_ht;model;ident;Latitude;Longitude;y_proj;x_proj;altitude;g_transect;g_transects
AKR_2314676,SITK_TBL_VegCover,SITK_TBL_VegCover.csv,498,UniqueID;Transect;Transects;Transectz;SciName;Symbol;COVER;TRACE;HEIGHT;COMMENT;DBH;VEG_TYPE;Voucher;Habit
AKR_2314676,SITK___REMINDERS,SITK___REMINDERS.csv,6,Reminder
AKR_2314676,SITK___Uncorrected_Trimble_I,SITK___Uncorrected_Trimble_I.csv,26,Date_;Time_;UniqueID;Transect;Crew_VEG;Ricoh_came;Olympus1_c;IR_camera;Camera_oth;Photo_comm;EcoUnit;MapClass_A;MapClass_c;Plot_Lengt;Plot_width;Slope_pct;Aspect_Tru;Aspect_Tr2;Hydro;SITK_PA;PA_Area;PA_Comment;Site_Comme
AKR_2314676,SITK____SITK2012garmin,SITK____SITK2012garmin.csv,27,type;ident;Latitude;Longitude;y_proj;x_proj;comment;altitude;model
AKR_2314676,SITK____SITK2012garmin377plots,SITK____SITK2012garmin377plots.csv,27,type;ident;Latitude;Longitude;y_proj;x_proj;comment;display;symbol;dist;proximity;color;altitude;depth;temp;time;wpt_class;sub_class;attrib;link;state;country;city;address;zip;facility;crossroad;ete;dtype;model;filename;ltime;magvar;geoidheight;desc;fix;sat;hdop;vdop;pdop;ageofdgpsdata;dgpsid;dir
AKR_2314676,SITK____SITK2012garmin377plots_ImportErrors,SITK____SITK2012garmin377plots_ImportErrors.csv,81,Error;Field;Row
AKR_2314676,SITK_garmin377trim,SITK_garmin377trim.csv,27,type;ident;Latitude;Longitude;y_proj;x_proj;altitude;model;transect;transects
AKR_2314676,SITK_tbl_image,SITK_tbl_image.csv,370,image_id;image_caption;image_num;image_drive;image_path;image_location_id;image_subpath;image_file;image_anchor;image_date;image_cd;image_cd_image
AKR_2314676,SITK_tbl_image_location,SITK_tbl_image_location.csv,2,image_location_id;imgloc_name;imgloc_drive;imgloc_path;imgloc_desc
AKR_2314676,SITK_tbl_image_software,SITK_tbl_image_software.csv,13,image_software_id;imgsoft_name;imgsoft_locationfile;imgsoft_extension;imgsoft_oleclass;imgsoft_class
AKR_2314676,SITK_tbl_image_software_Windows8,SITK_tbl_image_software_Windows8.csv,13,image_software_id;imgsoft_name;imgsoft_locationfile;imgsoft_extension;imgsoft_oleclass;imgsoft_class
AKR_2314676,SITK_tbl_parent,SITK_tbl_parent.csv,1,parent_id;parent_table;parent_field
AKR_2314676,SITK_xref_image_parent,SITK_xref_image_parent.csv,370,image_parent_id;image_id;parent_id;parent_value
AKR_2314704,WRST_GDB_DatabaseLocks,WRST_GDB_DatabaseLocks.csv,0,LockID;LockType;UserName;MachineName
AKR_2314704,WRST_ORIGINAL_tbl_image_location,WRST_ORIGINAL_tbl_image_location.csv,22,image_location_id;imgloc_name;imgloc_drive;imgloc_path;imgloc_desc
AKR_2314704,WRST_Qry_Soilclass_&_UniqueID,WRST_Qry_Soilclass_&_UniqueID.csv,388,fnl_SoilClass2003;Soil_Class;Unique_ID;Region
AKR_2314704,WRST_Qry_pHGradient,WRST_Qry_pHGradient.csv,111,Unique_ID;fnl_SitepH;fld_SoilpH_30
AKR_2314704,WRST_REF_Boundary_Distinct,WRST_REF_Boundary_Distinct.csv,5,ID_bound;BoundaryDistinct_Code;BoundaryDistinctness
AKR_2314704,WRST_REF_Boundary_Topo,WRST_REF_Boundary_Topo.csv,4,ID_bound_topo;Boundary_Topo_Code;Boundary_Topography
AKR_2314704,WRST_REF_Coarse_Texture,WRST_REF_Coarse_Texture.csv,18,ID;Coarse_Text_code;Coarse_Text_Name
AKR_2314704,WRST_REF_DomText,WRST_REF_DomText.csv,7,ID_domtext;DomMin_Code;DomMin_Class;DomMin_define
AKR_2314704,WRST_REF_DrainageCodes,WRST_REF_DrainageCodes.csv,9,ID_drain;Drainage.code;Drainage.code.description
AKR_2314704,WRST_REF_Ecotype_Veg_Structures,WRST_REF_Ecotype_Veg_Structures.csv,19,EcoVeg_Str_Code;EcoVeg_Str_Name
AKR_2314704,WRST_REF_Frag_Shape,WRST_REF_Frag_Shape.csv,6,ID_frag_shp;Frag_Shape_Code;Frag_Shape_Class
AKR_2314704,WRST_REF_Frag_Size,WRST_REF_Frag_Size.csv,4,ID_frag_sz;Frag_Size_Code;Frag_Size_Class
AKR_2314704,WRST_REF_HORIZON,WRST_REF_HORIZON.csv,19,ID_horiz;Horizon
AKR_2314704,WRST_REF_HORIZON_04,WRST_REF_HORIZON_04.csv,12,ID_horiz;Horizon
AKR_2314704,WRST_REF_Horizon_Suffix,WRST_REF_Horizon_Suffix.csv,29,ID;Horizon_suff_code;Horizon_suff_Name
AKR_2314704,WRST_REF_Lithofacies,WRST_REF_Lithofacies.csv,28,ID_litho;Lithofacies_Code;Lithofacies_Class
AKR_2314704,WRST_REF_MacrotopographyCodes,WRST_REF_MacrotopographyCodes.csv,101,ID_macro;Alpha.Code;Macrosurface.Title;Name
AKR_2314704,WRST_REF_MicrotopographyCodes,WRST_REF_MicrotopographyCodes.csv,61,ID_micro;MicroCode;MicroName
AKR_2314704,WRST_REF_Mottle_Abund,WRST_REF_Mottle_Abund.csv,3,ID_mottle_ab;Mottle_Abund_Code;Mottle_Abund_Class
AKR_2314704,WRST_REF_Mottle_Contrst,WRST_REF_Mottle_Contrst.csv,3,ID_mottle_cnt;Mottle_Contrast_Code;Mottle_Contrast_Class
AKR_2314704,WRST_REF_Mottle_Size,WRST_REF_Mottle_Size.csv,5,ID_mottle_sz;Mottle_Size_Code;Mottle_Size_Class
AKR_2314704,WRST_REF_NWIWaterRegimeCodes,WRST_REF_NWIWaterRegimeCodes.csv,16,NWI.code;NWI.water.regime.description
AKR_2314704,WRST_REF_Peat,WRST_REF_Peat.csv,13,ID_peat;Peat_Code;Peat_Types
AKR_2314704,WRST_REF_PhysiographyCodes,WRST_REF_PhysiographyCodes.csv,9,ID_physiog;Physiography.code;Physiography.description
AKR_2314704,WRST_REF_Redox_Type,WRST_REF_Redox_Type.csv,7,ID;Redox_code;Redox_Type
AKR_2314704,WRST_REF_Rupture_Resist_Block,WRST_REF_Rupture_Resist_Block.csv,9,ID_rupt;Rupture_Resist_Block_Class;Rupture.Resist_Code_Class;Consistency.Class
AKR_2314704,WRST_REF_Rupture_Resist_Block_04,WRST_REF_Rupture_Resist_Block_04.csv,6,ID_rupt;Rupture_Resist_Block_Class;Rupture.Resist_Code_Class;Consistency.Class
AKR_2314704,WRST_REF_SampleMeth,WRST_REF_SampleMeth.csv,12,met_SampMethCode;met_SampMethDesc
AKR_2314704,WRST_REF_SiteChemistry,WRST_REF_SiteChemistry.csv,6,che_code;che_name;che_definition
AKR_2314704,WRST_REF_SoilMoistureCodes,WRST_REF_SoilMoistureCodes.csv,5,ID_moist;Soil.Moisture.code;Soil.moisture.description
AKR_2314704,WRST_REF_Soil_Sticki,WRST_REF_Soil_Sticki.csv,4,ID;Stickiness_Code;Stickiness_Name
AKR_2314704,WRST_REF_Soil_Structure,WRST_REF_Soil_Structure.csv,11,ID_soil_str;Structure_Code;Structure_Type
AKR_2314704,WRST_REF_Soil_Structure_04,WRST_REF_Soil_Structure_04.csv,7,ID_soil_str;Structure_Code;Structure_Type
AKR_2314704,WRST_REF_Structure_Grade,WRST_REF_Structure_Grade.csv,4,ID_strc_grade;Structure_Grade_Code;Structure_Grade_Class
AKR_2314704,WRST_REF_Structure_Grade_04,WRST_REF_Structure_Grade_04.csv,5,ID_strc_grade;Structure_Grade_Code;Structure_Grade_Class
AKR_2314704,WRST_REF_Structure_Size,WRST_REF_Structure_Size.csv,6,ID_strc_size;Structure_Size_Code;Structure_Size_Class
AKR_2314704,WRST_REF_Structure_Size_04,WRST_REF_Structure_Size_04.csv,5,ID_strc_size;Structure_Size_Code;Structure_Size_Class
AKR_2314704,WRST_REF_SurfaceFrag,WRST_REF_SurfaceFrag.csv,5,SurfFragCode;SurfFragDesc
AKR_2314704,WRST_REF_TerrainUnitCodes,WRST_REF_TerrainUnitCodes.csv,373,ID_TU_code;Terrain.alpha.code;Terrain.Title;Terrain.General.Group
AKR_2314704,WRST_REF_Text_modifier_04,WRST_REF_Text_modifier_04.csv,5,ID_tex_mod;Texture_modify_Code;Texture_modify_Class
AKR_2314704,WRST_REF_Texture,WRST_REF_Texture.csv,28,ID_tex;Texture_Code;Texture_Description
AKR_2314704,WRST_REF_Texture_04,WRST_REF_Texture_04.csv,15,ID_tex;Texture_Code;Texture_Description
AKR_2314704,WRST_REF_VegCode4,WRST_REF_VegCode4.csv,251,ID_vegcode;VegCode;VegetationTitle;VegCodeandTitle;EcotypeVeg;CodeNamelevIV;VegetationGeneralGroup
AKR_2314704,WRST_REF_ecotype_code_match,WRST_REF_ecotype_code_match.csv,164,ID_eco6;fnl_EcoType6;Ecotype6_Name;Phys_N;Texture_N;Moisture_N;Chem_N;veg_N
AKR_2314704,WRST_Ref_Climate_Yak_Ecot,WRST_Ref_Climate_Yak_Ecot.csv,228,ID;Unique_ID;EcotypAggr;Climate_Ecotype
AKR_2314704,WRST_Ref_climate_match,WRST_Ref_climate_match.csv,1,ID;climate;criteria
AKR_2314704,WRST_Ref_vegTaxonomy,WRST_Ref_vegTaxonomy.csv,1719,ID_Taxon;spe_SpeciesCode;SpeciesName;Family;Lifeform;Authorities
AKR_2314704,WRST_SelectedObjects,WRST_SelectedObjects.csv,0,SelectionID;ObjectID
AKR_2314704,WRST_Selections,WRST_Selections.csv,0,SelectionID;TargetName
AKR_2314704,WRST_UniqueID_EcoAggr,WRST_UniqueID_EcoAggr.csv,342,Unique_ID;AggrEco_tmp1;AggrEco_tmp2;Ecotype_Climate
AKR_2314704,WRST_qry_2006_chem,WRST_qry_2006_chem.csv,134,Unique_ID;fnl_Year;fld_WaterpH;fld_WaterEC;fld_SoilpH;fld_SoilEC;fnl_SitepH;fnl_SiteEC;fnl_SiteChemistry
AKR_2314704,WRST_qry_ABR_veg_cov,WRST_qry_ABR_veg_cov.csv,12376,Veg_cov_ID;Unique_ID;spe_SpeciesCode;spe_FieldCall;SpeciesName;spe_Cover;spe_Cover100;spe_Notes;spe_collected;spe_followup_temp;spe_verify
AKR_2314704,WRST_qry_Ecotype_with_Str_data,WRST_qry_Ecotype_with_Str_data.csv,94,EcotypAggr;Unique_ID;str_LitterAloneCov;str_BareSoilCov;str_WaterCov
AKR_2314704,WRST_qry_VegCov_NoYak,WRST_qry_VegCov_NoYak.csv,7806,Unique_ID;spe_SpeciesCode;spe_Cover;Region;Veg_cov_ID;SpeciesName
AKR_2314704,WRST_qry_Yak_AggEco,WRST_qry_Yak_AggEco.csv,34,EcotypAggr;<>;Chisana;Gakona;May.Creek;Nabesna;Yakutat
AKR_2314704,WRST_qry_ecotypeXvegClass,WRST_qry_ecotypeXvegClass.csv,540,AggrEco_tmp2;fnl_VegClass4
AKR_2314704,WRST_qry_ecotype_&_sppCover,WRST_qry_ecotype_&_sppCover.csv,1258,EcotypAggr;Unique_ID;spe_SpeciesCode;SpeciesName;spe_Cover
AKR_2314704,WRST_qry_ecotype_fields,WRST_qry_ecotype_fields.csv,79,Unique_ID;Region;FloristicClass;fnl_EcoType6;EcotypAggr;fnl_VegClass4;fnl_SoilClass2003;Soil_Class;Physiog_Text;fnl_DominPlants
AKR_2314704,WRST_qry_ecotype_review,WRST_qry_ecotype_review.csv,97,fnl_Physiog;SoilTextAggr;fnl_DomText40;GeomUnitAggr;fnl_MacroTopo;fnl_Drainage;DrainAggr;SoilChemAggr;AggrEco_tmp2;fnl_VegClass4;flor_merge;Unique_ID
AKR_2314704,WRST_qry_ecotype_review2,WRST_qry_ecotype_review2.csv,97,fnl_Physiog;SoilTextAggr;fnl_DomText40;fnl_SiteChemistry;AggrEco_tmp2;flor_merge;Unique_ID;GeomUnitAggr;SoilChemAggr;DrainAggr;fnl_Drainage;fnl_SurfGeomUnit;fnl_EnTOutlier;Ecotype_rare;Flor_rare
AKR_2314704,WRST_qry_env_code_to_name,WRST_qry_env_code_to_name.csv,1166,Unique_ID;Physiography.description;REF_TerrainUnitCodes.Terrain.Title;REF_TerrainUnitCodes_1.Terrain.Title;Macrosurface.Title;MicroName;NWI.water.regime.description;Drainage.code.description;Soil.moisture.description;che_name;met_SampMethDesc;Ecotype6_Name;VegetationTitle;REF_DomText.DomMin_Class;REF_DomText_1.DomMin_Class;Data_Origin;Soil_Class
AKR_2314704,WRST_qry_flor_yak,WRST_qry_flor_yak.csv,29,FloristicClass;Chisana;Gakona;May.Creek;Yakutat
AKR_2314704,WRST_qry_fnl_drain,WRST_qry_fnl_drain.csv,49,Unique_ID;fnl_VegClass4;fnl_Year
AKR_2314704,WRST_qry_geomXsoil,WRST_qry_geomXsoil.csv,1166,fld_PlotType;Unique_ID;fnl_Physiog;fnl_SurfGeomUnit;fnl_Drainage;fnl_DomText40;fnl_SoilClass2003;fnl_WaterDepth;fnl_SitepH;fld_Permafrost;fnl_CumOrg40
AKR_2314704,WRST_qry_glaciated_ecotype6,WRST_qry_glaciated_ecotype6.csv,40,fnl_Physiog;fnl_EcoType6
AKR_2314704,WRST_qry_plntID_hab_info,WRST_qry_plntID_hab_info.csv,608,Unique_ID;fld_Ecotype;fnl_DominPlants;fld_Physiog;fld_SoilMoisture;fld_VegClass4
AKR_2314704,WRST_qry_plot_listing,WRST_qry_plot_listing.csv,1166,Unique_ID;Region;fld_Date
AKR_2314704,WRST_qry_plot_physiog,WRST_qry_plot_physiog.csv,573,Unique_ID;fld_Physiog;fnl_Physiog;fld_VegClass4;fnl_VegClass4
AKR_2314704,WRST_qry_serial_example,WRST_qry_serial_example.csv,389,Unique_ID;spe_SpeciesCode;SpeciesName;spe_Cover;spe_Notes
AKR_2314704,WRST_qry_soil_plot_list,WRST_qry_soil_plot_list.csv,567,Unique_ID;Horizon_Number
AKR_2314704,WRST_qry_soil_properties_list,WRST_qry_soil_properties_list.csv,388,fld_PlotType;Unique_ID;fnl_SoilClass2003;Soil_Class;fnl_Drainage;fnl_WaterDepth;fnl_LowMottDep;fld_SoilpH;fnl_SitepH;fld_SoilpH_30;fnl_SiteEC;fnl_SiteChemistry;fnl_pHGradient;fnl_ThawDepth;fnl_SurfOrg;fnl_CumOrg40;fld_LoessThick
AKR_2314704,WRST_qry_soil_property_summary,WRST_qry_soil_property_summary.csv,45,fld_PlotType;fnl_SoilClass2003;Soil_Class;AvgOffnl_WaterDepth;AvgOffnl_SitepH;AvgOffnl_SiteEC;AvgOffnl_pHGradient;AvgOffnl_ThawDepth;AvgOffnl_RockDepth;AvgOffnl_SurfOrg;AvgOffnl_CumOrg40;Count.Of.tbl_EnvirVar
AKR_2314704,WRST_qry_subfrm_soil,WRST_qry_subfrm_soil.csv,2515,Soil_ID;Unique_ID;Lithofacies;Horizon_Number;TopDepth;BotDepth;Horizon.Thickness;Horizon_Designation;Horizon_Suffix;Boundary_distinctness;Boundary_topography;Texture_Modifier;Texture_Class;Second_Texture;Fragment_volume;Fragment_size;Fragment_shape;Peat_type;Color_matrix;Color_mottle;Color_moisture_state;Mottle_abundance;Mottle_size;Mottle_contrast;Redox_type;Structure_type;Structure_size;Structure_grade;Rupture_Resist_Block;Plasticity;Stickiness;Horizon_pH;Notes
AKR_2314704,WRST_qry_summary,WRST_qry_summary.csv,376,Unique_ID;Region;fld_Date;fnl_Transect;fnl_LatDD83;fnl_LongDD83;fld_ElevGPS;fnl_Physiog;fld_Slope;fld_Aspect;fnl_SurfGeomUnit;Terrain.Title;fnl_Microtopo;fld_MicroRelief;fnl_MacroTopo;fnl_SoilClass2003;Soil_Class;fnl_VegClass4;flor_merge;fnl_DominPlants;fnl_EcoType6;AggrEco_tmp2;fld_NWIWaterReg;fld_WaterDepth;fld_Saturated_30cm;fnl_Drainage;fnl_SoilMoisture;fnl_LowMottDep;fnl_LowMatrDep;fld_HydricSoil;fld_Cryoturb;fnl_SurfOrg;fnl_CumOrg40;fnl_DomMineral40;fnl_DomText40;fld_LoessThick;fnl_ThawDepth;fld_FrostBoil;fnl_SitepH;fnl_SiteEC;che_name;fnl_pHGradient
AKR_2314704,WRST_qry_vegXplot,WRST_qry_vegXplot.csv,17020,Region;Unique_ID;spe_SpeciesCode;spe_Cover;fnl_Physiog
AKR_2314704,WRST_qry_veg_cover_per_ecotype,WRST_qry_veg_cover_per_ecotype.csv,71,Unique_ID;spe_SpeciesCode;spe_Cover
AKR_2314704,WRST_qry_veg_data_for_Mary_Beth,WRST_qry_veg_data_for_Mary_Beth.csv,6555,Unique_ID;SpeciesName;Authorities;spe_SpeciesCode;Family;spe_collected;spe_Notes;spe_verify;fld_Date;fld_ObserverVeg;fld_Slope;fld_Aspect;fnl_LatDD83;fnl_LongDD83;fld_ElevGPS;fnl_SoilMoisture;fnl_SitepH;fnl_DominPlants;VegetationTitle;Drainage.code.description
AKR_2314704,WRST_qry_veg_physiog,WRST_qry_veg_physiog.csv,12376,fnl_Physiog;SpeciesName;spe_Cover
AKR_2314704,WRST_qry_veg_sort_tab_Yak,WRST_qry_veg_sort_tab_Yak.csv,2441,Unique_ID;SpeciesName;spe_Cover;EcotypAggr;Region;FloristicClass
AKR_2314704,WRST_qry_vegclass_structure,WRST_qry_vegclass_structure.csv,184,str_ID;Unique_ID;str_SiteID;str_Date;str_NeedleleafTrCov;str_NeedleleafTrCC;str_NeedleleafTrSC;str_NeedleleafTrTH;str_BroadleafTrCov;str_BroadleafTrCC;str_BroadleafTrSC;str_BroadleafTrTH;str_DwarfBrdlfCov;str_DwarfBrdlfCC;str_DwarfBrdlfTH;str_DwarfNdleafCov;str_DwarfNdleafCC;str_DwarfNdleafTH;str_StandingDeadNdleafCov;str_TallShrubCov;str_LowShbCov;str_DwarfShbCov;str_GraminoidsCov;str_tussockCov;str_ForbsCov;str_MossesCov;str_LichensCov;str_LitterCov;str_LitterAloneCov;str_BareSoilCov;str_WaterCov;notes;fnl_VegClass4
AKR_2314704,WRST_ref_soil_code,WRST_ref_soil_code.csv,301,Soil_Code;Soil_Class;Soil_Class_Characters
AKR_2314704,WRST_ref_soil_colour,WRST_ref_soil_colour.csv,28,ID;colour_matrix
AKR_2314704,WRST_tbl_2006_Field_Data,WRST_tbl_2006_Field_Data.csv,132,Unique_ID;FLD_PLOTID;FLD_DATE;FLD_TIME;Fnl_YEAR;FLD_OBSERVERENV;FLD_OBSERVERVEG;FLD_GEOGLANDMARK;FLD_LATDD83;FLD_LONGDD83;FLD_ELEVGPS;FLD_PINPRICK;FLD_PLOTRADIUS;FLD_PHYSIOG;FLD_SLOPE;FLD_ASPECT;FLD_MACROTOPO;FLD_MICROTOPO;FLD_MICRORELIEF;FLD_NWIWATERREG;FLD_WATERDEPTH;FLD_ABOVEBELOW;FLD_SATURATED_30CM;FLD_DRAINAGE;FLD_SURFGEOMUNIT;FLD_SUBGEOMUNIT;FLD_SOILMOISTURE;FLD_LOWMOTTDEP;FLD_LOWMATRDEP;FLD_HYDRICSOIL;FLD_WATERPH;FLD_WATEREC;FLD_SOILPH;FLD_SOILPH_30;FLD_SOILEC;FLD_THAWDEPTH;FLD_PERMAFROST;FLD_SURFORG;FLD_CUMORG40;FLD_DOMMINERAL40;FLD_DOMTEXT40;FLD_LOESSTHICK;FLD_ROOTDEPTH;FLD_ROCKDEPTH;FLD_SURFFRAG;FLD_FROSTBOIL;FLD_CRYOTURB;FLD_SOILSTRAT;FLD_SAMPDEPTH10;FLD_MAXOBSDEPTH;FLD_SAMPLEMETH;FLD_SOILCLASS2003;FLD_VEGCOMPLETNESS;FLD_VEGCLASS4;FLD_CUTPOINT;FLD_DISTURBCLASS;FLD_ECOTYPE;FLD_ECOTYPEVEGSTR;FLD_NOTES;Camera.name;Photos(3)
AKR_2314704,WRST_tbl_2006_chem,WRST_tbl_2006_chem.csv,133,Unique_ID;fnl_Year;txt_WaterpH;txt_WaterEC;txt_SoilpH;txt_SoilEC;fld_WaterpH;fld_WaterEC;fld_SoilpH;fld_SoilEC;fnl_SitepH;fnl_SiteEC;fnl_SiteChemistry
AKR_2314704,WRST_tbl_2006_spp_collect,WRST_tbl_2006_spp_collect.csv,190,Unique_ID;spe_SpeciesCode;spe_Cover;spe_Notes;spe_verify
AKR_2314704,WRST_tbl_Compiled_Field_Data,WRST_tbl_Compiled_Field_Data.csv,134,Unique_ID;FLD_PLOTID;YEAR;FLD_DATE;FLD_TIME;Camera.name;Photos(3);FLD_OBSERTERENV;FLD_OBSERTERVEG;FLD_GEOGLANDMARK;FLD_LATDD83;FLD_LONGDD83;FLD_ELEVGPS;FLD_PINPRICK;FLD_PLOTRADIUS;FLD_PHYSIOG;FLD_SLOPE;FLD_ASPECT;FLD_MACROTOPO;FLD_MICROTOPO;FLD_MICRORELIEF;FLD_NWIWATERREG;FLD_WATERDEPTH;FLD_ABOVEBELOW;FLD_SATURATED<30CM;FLD_DRAINAGE;FLD_SURFGEOMUNIT;FLD_SUBGEOMUNIT;FLD_SOILMOISTURE;FLD_LOWMOTTDEP;FLD_LOWMATRDEP;FLD_HYDRICSOIL;FLD_WATERPH;FLD_WATEREC;FLD_SOILPH;FLD_SOILPH_30;FLD_SOILEC;FLD_THAWDEPTH;FLD_PERMAFROST;FLD_SURFORG;FLD_CUMORG40;FLD_DOMMINERAL40;FLD_DOMTEXT40;FLD_LOESSTHICK;FLD_ROOTDEPTH;FLD_ROCKDEPTH;FLD_SURFFRAG;FLD_FROSTBOIL;FLD_CRYOTURB;FLD_SOILSTRAT;FLD_SAMPDEPTH10;FLD_MAXOBSDEPTH;FLD_SAMPLEMETH;FLD_SOILCLASS2003;FLD_VEGCOMPLETNESS;FLD_VEGCLASS4;FLD_CUTPOINT;FLD_DISTURBCLASS;FLD_ECOTYPE;FLD_ECOTYPEVEGSTR;FLD_NOTES
AKR_2314704,WRST_tbl_ELS_Plotdata_Template,WRST_tbl_ELS_Plotdata_Template.csv,0,env_ID;fnl_ProjectCode;Unique_ID;Data_Origin;Region;fld_PlotID;fnl_Transect;fld_Date;fld_Time;fnl_Year;fld_ObserverEnv;fld_ObserverVeg;fld_GndPhotoID;fld_VrtPhotoID;fld_SoilPhotoID;fld_GeogLandmark;fld_LatDD83;fld_LongDD83;fnl_LatDD83;fnl_LongDD83;fld_ElevGPS;fld_AirphotoNo;fld_Pinprick;fld_PlotRadius;fld_PlotType;fld_Physiog;fnl_Physiog;fld_Slope;fld_Aspect;fld_SurfGeomUnit;fnl_SurfGeomUnit;fld_SubGeomUnit;fnl_SubGeomUnit;fld_Macrotopo;fnl_MacroTopo;fld_Microtopo;fnl_Microtopo;fld_MicroRelief;fld_NWIWaterReg;fld_WaterDepth;fld_AboveBelow;fnl_WaterDepth;fld_Saturated_30cm;fld_Drainage;fnl_Drainage;fld_SoilMoisture;fnl_SoilMoisture;fld_LowMottDep;fnl_LowMottDep;fld_LowMatrDep;fnl_LowMatrDep;fld_HydricSoil;fld_WaterpH;fld_WaterEC;fld_SoilpH;fld_SoilEC;fld_SoilpH_30;fnl_SitepH;fnl_SiteEC;fnl_SiteChemistry;fnl_pHGradient;fld_ThawDepth;fnl_ThawDepth;fld_Permafrost;fld_SurfOrg;fnl_SurfOrg;fld_CumOrg40;fnl_CumOrg40;fld_DomMineral40;fnl_DomMineral40;fld_DomText40;fnl_DomText40;fld_LoessThick;fld_RootDepth;fld_RockDepth;fnl_RockDepth;fld_SurfFrag;fld_FrostBoil;fld_Cryoturb;fld_SoilStrat;fld_SampDepth10;fld_MaxObsDepth;fld_SampleMeth;fld_SoilClass2003;fnl_SoilClass2003;fnl_SoilClass1990;fld_VegCompletness;fld_VegClass4;fld_Cutpoint;fnl_VegClass4;fnl_VegClass3;fnl_MapVegCode;tmp_veg_merge1;FloristicClass;flor_merge;fld_DisturbClass;fld_Ecotype;fnl_EcoType6;AggrEco_tmp1;AggrEco_tmp2;EcotypAggr;fnl_EcotypeAggrCode2;Physiog_Text;fnl_DominPlants;fld_notes;fnl_notes;fnl_EnTOutlier;fnl_VegOutlier;GeomUnitAggr;SoilTextAggr;SoilChemAggr;DrainAggr
AKR_2314704,WRST_tbl_EnvVar_Final,WRST_tbl_EnvVar_Final.csv,1165,env_ID;fnl_ProjectCode;Unique_ID;Data_Origin;Region;Climate;fnl_Transect;fld_Date;fld_Time;fnl_Year;fld_ObserverEnv;fld_ObserverVeg;fld_GeogLandmark;fnl_LatDD83;fnl_LongDD83;fnl_ElevGPS;fld_PlotRadius;fld_PlotType;fnl_Physiog;fld_Slope;fld_Aspect;fnl_SurfGeomUnit;fnl_SubGeomUnit;fnl_MacroTopo;fnl_Microtopo;fld_MicroRelief;fnl_NWIWaterReg;fnl_WaterDepth;fld_above_below;fnl_Saturated_30cm;fnl_Drainage;fnl_SoilMoisture;fnl_LowMottDep;fnl_LowMatrDep;fnl_Hydric;fnl_SitepH;fnl_SiteEC;fnl_SiteChemistry;fnl_pHGradient;fnl_ThawDepth;fnl_Permafrost;fnl_SurfOrg;fnl_CumOrg40;fnl_DomMineral40;fnl_DomText40;fnl_LoessThick;fld_RootDepth;fnl_RockDepth;fld_SurfFrag;fld_FrostBoil;fld_Cryoturb;fld_SoilStrat;fnl_MaxObsDepth;fld_SampleMeth;fnl_SoilClass2003;fld_VegCompletness;fnl_Cutpoint;fnl_VegClass4;fnl_VegClass3;fnl_MapVegCode;fnl_FloristicClass;fld_DisturbClass;fnl_EcoType6;fnl_EcotypeAggr;Physiog_Text;fnl_DominPlants;fnl_env_data_review;fnl_veg_data_review;fld_notes;fnl_notes;fnl_EnTOutlier;fnl_VegOutlier;Flor_rare;Ecotype_rare;GeomUnitAggr;SoilTextAggr;SoilChemAggr;DrainAggr;fld_Ecotype_temp
AKR_2314704,WRST_tbl_EnvirVar,WRST_tbl_EnvirVar.csv,1166,env_ID;fnl_ProjectCode;Unique_ID;Data_Origin;Region;Climate;fld_PlotID;fnl_Transect;fld_Date;fld_Time;fnl_Year;fld_ObserverEnv;fld_ObserverVeg;fld_GndPhotoID;fld_VrtPhotoID;fld_SoilPhotoID;fld_GeogLandmark;fld_LatDD83;fld_LongDD83;fnl_LatDD83;fnl_LongDD83;fld_ElevGPS;fld_AirphotoNo;fld_Pinprick;fld_PlotRadius;fld_PlotType;fld_Physiog;fnl_Physiog;fld_Slope;fld_Aspect;fld_SurfGeomUnit;fnl_SurfGeomUnit;fld_SubGeomUnit;fnl_SubGeomUnit;fld_Macrotopo;fnl_MacroTopo;fld_Microtopo;fnl_Microtopo;fld_MicroRelief;fld_NWIWaterReg;fld_WaterDepth;fld_AboveBelow;fnl_WaterDepth;fld_Saturated_30cm;fld_Drainage;fnl_Drainage;fld_SoilMoisture;fnl_SoilMoisture;fld_LowMottDep;fnl_LowMottDep;fld_LowMatrDep;fnl_LowMatrDep;fld_HydricSoil;fld_WaterpH;fld_WaterEC;fld_SoilpH;fld_SoilEC;fld_SoilpH_30;fnl_SitepH;fnl_SiteEC;fnl_SiteChemistry;fnl_pHGradient;fld_ThawDepth;fnl_ThawDepth;fld_Permafrost;fld_SurfOrg;fnl_SurfOrg;fld_CumOrg40;fnl_CumOrg40;fld_DomMineral40;fnl_DomMineral40;fld_DomText40;fnl_DomText40;fld_LoessThick;fld_RootDepth;fld_RockDepth;fnl_RockDepth;fld_SurfFrag;fld_FrostBoil;fld_Cryoturb;fld_SoilStrat;fld_SampDepth10;fld_MaxObsDepth;fld_SampleMeth;fld_SoilClass2003;fnl_SoilClass2003;fnl_SoilClass1990;fld_VegCompletness;fld_VegClass4;fld_Cutpoint;fnl_VegClass4;fnl_VegClass3;fnl_MapVegCode;tmp_veg_merge1;FloristicClass;flor_merge;fld_DisturbClass;fld_Ecotype;fld_Ecotypevegstr;fnl_EcoType6;AggrEco_tmp1;AggrEco_tmp2;EcotypAggr;fnl_EcotypeAggrCode2;Physiog_Text;fnl_DominPlants;fld_notes;fnl_notes;fnl_EnTOutlier;fnl_VegOutlier;Flor_rare;Ecotype_rare;GeomUnitAggr;SoilTextAggr;SoilChemAggr;DrainAggr;Camera.name;Photos(3)
AKR_2314704,WRST_tbl_FlorMerge,WRST_tbl_FlorMerge.csv,341,ID;Unique_ID;flor.merge
AKR_2314704,WRST_tbl_GRS_plot,WRST_tbl_GRS_plot.csv,355,Trsite_id;Unique_ID;Modif;fld_Physiog;Hydrolog;fld_SoilMoisture;fld_Macrotopo;fld_notes;fnl_LatDD83;fnl_LongDD83;fld_PlotType;fld_VegClass4;fld_Cutpoint;fld_ObserTerVeg
AKR_2314704,WRST_tbl_GRS_structure,WRST_tbl_GRS_structure.csv,343,Unique_ID;Needleleaf_Tree;Broadleaf_Tree;Tall_Shrub;Low_Shrub;Dwarf_Shrub;Herbaceous;Bare_Soil_Litter;Water
AKR_2314704,WRST_tbl_GRS_veg,WRST_tbl_GRS_veg.csv,3080,ID_GRS_Veg;Unique_ID;spe_SpeciesCode;spe_FieldCall;SpeciesName;spe_Cover100;spe_Notes
AKR_2314704,WRST_tbl_Nabesna_Soil_profile,WRST_tbl_Nabesna_Soil_profile.csv,1090,Tbl_ID_nab_soil;Unique_ID;Horizon_Number;TopDepth;BotDepth;Horizon.Thickness;Lill_Horizon;Horizon_Designation;Horizon_Suffix;Texture_Modifier;Texture_Class;Second_Texture;Color_matrix;2nd.colour;pH;Lill_texture;notes
AKR_2314704,WRST_tbl_Nabesna_site,WRST_tbl_Nabesna_site.csv,262,Unique_ID;SiteNo;Data._origin;Soil_Map_Class;Soil_Class_1998;Lat(dd.mmmmm);Long(ddd.mmmmm);Date;AVCLev3_4_orig;AVCLev3_4_ABR;veg_cutpt;veg_cutpt_ABR;Elev(ft);Elev(m);treeline;slope%;slope_deg;aspect;aspect_deg;Geol_Unit;fnl_SurfGeomUnit;SurfaceForm_1;SurfaceForm_2;MacroTopo_ABR;Drainage_original;Drainage_ABR;seasonal_frost(cm);permafrost(cm);ATV_impact;fnl_SitepH
AKR_2314704,WRST_tbl_RawEnvData05,WRST_tbl_RawEnvData05.csv,186,ID;OBJECTID;env_ID;fnl_ProjectCode;Unique_ID;Data_Origin;Region;fld_PlotID;fnl_Transect;fld_Date;fld_Time;fnl_Year;fld_GeogLandmark;fld_ObserverEnv;fld_ObserverVeg;fld_GndPhotoID;fld_Pinprick;fld_PlotRadius;fld_PlotType;fld_Physiog;fld_Slope;fld_Aspect;fld_SurfGeomUnit;fld_SubGeomUnit;fld_Macrotopo;fld_Microtopo;fld_MicroRelief;fld_LowMottDep;fld_LowMatrDep;fld_NWIWaterReg;fld_WaterDepth;fnl_WaterDepth;fld_AboveBelow;fld_Saturated<30cm;fld_WaterpH;fld_WaterEC;fld_SoilpH;fld_SoilEC;fld_SoilpH_30;fld_ThawDepth;fld_Drainage;fld_SoilMoisture;fld_SurfOrg;fld_CumOrg40;fld_LoessThick;fld_RockDepth;fld_RootDepth;fld_SurfFrag;fld_HydricSoil;fld_Permafrost;fld_DomMineral40;fld_DomText40;fld_FrostBoil;fld_Cryoturb;fld_MaxObsDepth;fld_SoilStrat;fld_SampleMeth;fld_SoilClass2003;fld_VegCompletness;fld_VegClass4;fld_Cutpoint;fld_Ecotype;fld_DisturbClass;fld_notes;fld_LatDD83;fld_LongDD83;fld_X;fnl_LatDD83;fnl_LongDD83;fld_ElevGPS;fnl_DominPlants
AKR_2314704,WRST_tbl_Structure,WRST_tbl_Structure.csv,568,str_ID;Unique_ID;str_SiteID;str_Date;str_NeedleleafTrCov;str_NeedleleafTrCC;str_NeedleleafTrSC;str_NeedleleafTrTH;str_BroadleafTrCov;str_BroadleafTrCC;str_BroadleafTrSC;str_BroadleafTrTH;str_DwarfBrdlfCov;str_DwarfBrdlfCC;str_DwarfBrdlfTH;str_DwarfNdleafCov;str_DwarfNdleafCC;str_DwarfNdleafTH;str_StandingDeadNdleafCov;str_TallShrubCov;str_LowShbCov;str_DwarfShbCov;str_GraminoidsCov;str_tussockCov;str_ForbsCov;str_MossesCov;str_LichensCov;str_LitterCov;str_LitterAloneCov;str_BareSoilCov;str_WaterCov;notes
AKR_2314704,WRST_tbl_Structure_100,WRST_tbl_Structure_100.csv,244,ID_str100;Unique_ID;SiteID;NeedleTrCov;NeedleTrCC;NeedleTrHT;NeedleStndDead;BroadTrCov;BroadTrCC;BroadTrHT;DwfNeedleCov;DwfNeedleCC;DwfNeedleHT;DwfBroadCov;DwfBroadCC;DwfBroadHT;TallShrb;LowShrb;DwrfShrb;WhleTussk;Gramin;Forb;Moss;Lichen;Litter;BareSoil;Water
AKR_2314704,WRST_tbl_VegCoverBySpecies,WRST_tbl_VegCoverBySpecies.csv,17020,Veg_cov_ID;Unique_ID;spe_SpeciesCode;spe_FieldCall;SpeciesName;spe_Cover;spe_Cover100;spe_Notes;spe_collected;spe_followup_temp;spe_verify
AKR_2314704,WRST_tbl_hydric_mtj_2006,WRST_tbl_hydric_mtj_2006.csv,56,Unique_ID;FLD_PLOTID;FLD_HYDRICSOIL
AKR_2314704,WRST_tbl_image,WRST_tbl_image.csv,4031,image_id;image_caption;image_num;image_drive;image_path;image_location_id;image_subpath;image_file;image_anchor;image_date;image_cd;image_cd_image
AKR_2314704,WRST_tbl_image_location,WRST_tbl_image_location.csv,22,image_location_id;imgloc_name;imgloc_drive;imgloc_path;imgloc_desc
AKR_2314704,WRST_tbl_image_software,WRST_tbl_image_software.csv,9,image_software_id;imgsoft_name;imgsoft_locationfile;imgsoft_extension;imgsoft_oleclass;imgsoft_class
AKR_2314704,WRST_tbl_image_software1,WRST_tbl_image_software1.csv,13,image_software_id;imgsoft_name;imgsoft_locationfile;imgsoft_extension;imgsoft_oleclass;imgsoft_class
AKR_2314704,WRST_tbl_parent,WRST_tbl_parent.csv,1,parent_id;parent_table;parent_field;parent_data_type_code
AKR_2314704,WRST_tbl_plot_data_ThumbsPlus,WRST_tbl_plot_data_ThumbsPlus.csv,2867,Unique_ID;image_file;Data_Origin;Region;Climate;fld_PlotID;fnl_Transect;fld_Date;fnl_Year;fld_ObserverEnv;fld_ObserverVeg;fnl_LatDD83;fnl_LongDD83;fld_ElevGPS;fld_PlotType;fnl_Physiog;fld_Aspect;fld_Slope;fnl_SurfGeomUnit;fnl_SubGeomUnit;fnl_MacroTopo;fnl_Microtopo;fld_MicroRelief;fld_NWIWaterReg;fld_WaterDepth;fld_AboveBelow;fnl_WaterDepth;fnl_Drainage;fnl_SoilMoisture;fnl_LowMottDep;fnl_LowMatrDep;fnl_SitepH;fnl_SiteEC;fnl_SiteChemistry;fnl_pHGradient;fnl_ThawDepth;fld_Permafrost;fnl_SurfOrg;fnl_CumOrg40;fnl_DomMineral40;fnl_DomText40;fnl_SoilClass2003;fnl_VegClass4;FloristicClass;AggrEco_tmp2
AKR_2314704,WRST_tbl_soil,WRST_tbl_soil.csv,2515,Soil_ID;Unique_ID;Lithofacies;Horizon_Number;TopDepth;BotDepth;Horizon.Thickness;Horizon_Designation;Horizon_Suffix;Boundary_distinctness;Boundary_topography;Texture_Modifier;Texture_Class;Second_Texture;Fragment_volume;Fragment_size;Fragment_shape;Peat_type;Color_matrix;Color_mottle;Color_moisture_state;Mottle_abundance;Mottle_size;Mottle_contrast;Redox_type;Structure_type;Structure_size;Structure_grade;Rupture_Resist_Block;Plasticity;Stickiness;Horizon_pH;Notes
AKR_2314704,WRST_tbl_vegcov_raw06,WRST_tbl_vegcov_raw06.csv,3330,Unique_ID;Field_Plot;SpeciesCode;Field_Code;spe_Cover;Field_Notes;Notes_concat;spe_collected;Collector;Taxon;Family;Office.notes;spe_verify
AKR_2314704,WRST_veg_merge1,WRST_veg_merge1.csv,112,fnl_VegClass4;Veg_merge1
AKR_2314704,WRST_xref_image_parent,WRST_xref_image_parent.csv,3928,image_parent_id;image_id;parent_id;parent_value
AKR_2314706,YUCH_2003GRoundCOMMENTS,YUCH_2003GRoundCOMMENTS.csv,126,YUCHLCID;WAYPT;COMMENTS
AKR_2314706,YUCH_2003GRunveg,YUCH_2003GRunveg.csv,126,YUCHLCID;WAYPOINT;Water;BareSoil;Bedrock;Litter;Wood.>1;Wood.>3;Sand;LgRock;SmRock;Other;UNIQUEID
AKR_2314706,YUCH_2003grcov,YUCH_2003grcov.csv,1310,YUCHLCID;Waypt;species;spcode;cover;trace;height;comments;dbh;tall;low;strata;UNIQUEID
AKR_2314706,YUCH_2003grndsite,YUCH_2003grndsite.csv,91,YUCHLCid;TYPE;IDENT;LAT;LONG;GPS_COMMENT;DISPLAY;SYMBOL;UNUSED1;DIST;PROX_INDEX;COLOR;ALTITUDE;DEPTH;WPT_CLASS;SUB_CLASS;ATTRIB;LINK;STATE;COUNTRY;CITY;ADDRESS;FACILITY;CROSSROAD;UNUSED2;ETE;DTYPE;MODEL;transect;plot;YUCHid;crew;gps;camera;nondate_comment;mode;order;WAYPOINT;DATE_;TRANSECT2;PLOT2;PT;WPT_NUM;NAME;CORDTYPE;NORTH;EAST;DATUM;UNK;ELEV;ELEV_REF;ELEVUNIT;LC_Class;Surveyors;Slope;Aspect;Landform;AHAP_rl;AHAP_fr;35mmrl;35mmfr;dig_path;GRS_map;Biome;Hydroreg;Soil_PH;FireAshDepth;Soil_dep;H20table;permafr;profile;WAYPT;Fire_indicators;snags;scars;standage;oldesttree;burnintensity;burnmosaic;treedensity;FireHistoryDate;comments;Plot.size;GPS_error;Dep_unit;Needle_air;Broad_air;Tall_air;Low_air;Dwarf_air;Forb_air;Grass_air;Sedge_air;Moss_air;Lichen_air;Bare_air;h20_air;Tussock_air;Needle_gr;Broad_gr;Tall_gr;Low_gr;Dwarf_gr;Forb_gr;Grass_gr;Sedge_gr;Moss_gr;Lichen_gr;Bare_gr;h20_gr;Tussock_gr;Water;BareSoil;Bedrock;Litter;Wood.>.3in;Wood;Sand;LgRock;SmRock;Other;UNIQUEID
AKR_2314706,YUCH_Dataentry_Notes,YUCH_Dataentry_Notes.csv,12,Reminders
AKR_2314706,YUCH_Fotoroster,YUCH_Fotoroster.csv,494,Photo
AKR_2314706,YUCH_backuppreki_l2003grndsite,YUCH_backuppreki_l2003grndsite.csv,126,YUCHLCid;TYPE;IDENT;LAT;LONG;GPS_COMMENT;DISPLAY;SYMBOL;UNUSED1;DIST;PROX_INDEX;COLOR;ALTITUDE;DEPTH;WPT_CLASS;SUB_CLASS;ATTRIB;LINK;STATE;COUNTRY;CITY;ADDRESS;FACILITY;CROSSROAD;UNUSED2;ETE;DTYPE;MODEL;transect;plot;YUCHid;crew;gps;camera;nondate_comment;mode;order;WAYPOINT;DATE_;TRANSECT2;PLOT2;PT;WPT_NUM;NAME;CORDTYPE;NORTH;EAST;DATUM;UNK;ELEV;ELEV_REF;ELEVUNIT;LC_Class;Surveyors;Slope;Aspect;Landform;AHAP_rl;AHAP_fr;35mmrl;35mmfr;dig_path;GRS_map;Biome;Hydroreg;Soil_PH;FireAshDepth;Soil_dep;H20table;permafr;profile;WAYPT;Fire_indicators;snags;scars;standage;oldesttree;burnintensity;burnmosaic;treedensity;FireHistoryDate;comments;Plot.size;GPS_error;Dep_unit;Needle_air;Broad_air;Tall_air;Low_air;Dwarf_air;Forb_air;Grass_air;Sedge_air;Moss_air;Lichen_air;Bare_air;h20_air;Tussock_air;Needle_gr;Broad_gr;Tall_gr;Low_gr;Dwarf_gr;Forb_gr;Grass_gr;Sedge_gr;Moss_gr;Lichen_gr;Bare_gr;h20_gr;Tussock_gr;Water;BareSoil;Bedrock;Litter;Wood.>.3in;Wood;Sand;LgRock;SmRock;Other
AKR_2314706,YUCH_species,YUCH_species.csv,9736,Codename;Code;Codename2;Codename3;Family;Synonym
AKR_2314706,YUCH_tbl_image,YUCH_tbl_image.csv,601,image_id;image_caption;image_num;image_drive;image_path;image_location_id;image_subpath;image_file;image_anchor;image_date;image_cd;image_cd_image
AKR_2314706,YUCH_tbl_image_location,YUCH_tbl_image_location.csv,7,image_location_id;imgloc_name;imgloc_drive;imgloc_path;imgloc_desc
AKR_2314706,YUCH_tbl_image_software,YUCH_tbl_image_software.csv,13,image_software_id;imgsoft_name;imgsoft_locationfile;imgsoft_extension;imgsoft_oleclass;imgsoft_class
AKR_2314706,YUCH_tbl_parent,YUCH_tbl_parent.csv,4,parent_id;parent_table;parent_field;parent_data_type_code
AKR_2314706,YUCH_xref_image_parent,YUCH_xref_image_parent.csv,601,image_parent_id;image_id;parent_id;parent_value
ALFL_2314608,LAMR_ALFL_plots,LAMR_ALFL_plots.csv,182,Plot_Code;Plot_Event;Provisional_Community;Project_Name;Land_Owner;Field_X;Field_Y;UTM_Zone;GPS_Error;Event_Date;Surveyors;Plot_Directions;Plot_Width;Plot_Length;Plot_Shape;Plot_Photos;Representativeness;Environmental_Comments;Elevation;Elev_Units;Slope_Cat;Aspect_Cat;Topo_Position;Landform;Surficial_Geology;Cowardin_System;Hydro_Regime;Hydrology_Evidence;Soil_Texture;Soil_Drainage;Bedrock;Large_Rocks;Small_Rocks;Sand;Litter;Wood;Water;Bare;Other;Other_describe;Leaf_Type;Leaf_Phenology;Physio_Class;T2_Cover;T3_Cover;S1_Cover;S2_Cover;H_Cover;Landscape_Comments;General_Comments;Plot_Update;Plot_User
ALFL_2314608,LAMR_ALFL_sp_cov,LAMR_ALFL_sp_cov.csv,3887,Plot_Event;PLANTS_Symbol;Field_Name;ComName;Family;ITIS_TSN;Stratum;Spp_Code;Real_Cover;Within_Plot;Spp_Update;Spp_User
ALFL_2314608,LAMR_ALFL_sp_cov2,LAMR_ALFL_sp_cov2.csv,3897,Plot_Event;PLANTS_Symbol;Field_Name;Stratum;Spp_Code;Real_Cover;Within_Plot;Spp_Update;Spp_User
ALFL_2314608,LAMR_ALFL_tAA,LAMR_ALFL_tAA.csv,283,AA_Code;Project_Name;Slope_Cat;Slope_Degrees;Aspect_Cat;Aspect_Degrees;Elevation;Elev_Units
ALFL_2314608,LAMR_ALFL_tAAEvents,LAMR_ALFL_tAAEvents.csv,283,AA_Event;AA_Code;Event_Date;Surveyors;Field_X;Field_Y;GPS_Error;Satellites;UTM_Zone;AA_plotsize;AA_plotshape;Primary_Code;Secondary_Code;Classified_Code;AA_Photos;General_Comments;AA_Update;AA_User
ALFL_2314608,LAMR_ALFL_tConnect,LAMR_ALFL_tConnect.csv,1,Connect_db
ALFL_2314608,LAMR_ALFL_tGlobal,LAMR_ALFL_tGlobal.csv,3,User_Count;User_Name;User_Email;Last_Modified
ALFL_2314608,LAMR_ALFL_tPhotos,LAMR_ALFL_tPhotos.csv,2,Photo_ID;Plot_Code;Photo_Date;Photo_Type;Photo_Bearing;Photo_Descript;Photographer;Camera_or_Roll;File_Name
ALFL_2314608,LAMR_ALFL_tPlotEventSpecies,LAMR_ALFL_tPlotEventSpecies.csv,3897,Plot_Event;Stratum;Spp_Code;Cover_Code;Real_Cover;Within_Plot;Spp_Update;Spp_User
ALFL_2314608,LAMR_ALFL_tPlotEvents,LAMR_ALFL_tPlotEvents.csv,182,Plot_Event;Plot_Code;Event_Date;Surveyors;Field_X;Field_Y;GPS_Error;Satellites;UTM_Zone;Plot_Shape;Plot_Radius;Plot_Width;Plot_Length;Observation_pt;Provisional_Community;NVC_Elcode;Representativeness;Stand_Size;Environmental_Comments;Plot_Photos;Bedrock;Large_Rocks;Small_Rocks;Sand;Litter;Wood;Water;Bare;Other;Other_describe;Leaf_Type;Leaf_Phenology;Physio_Class;T1_Cover;T2_Cover;T3_Cover;S1_Cover;S2_Cover;S3_Cover;H_Cover;N_Cover;General_Comments;Plot_Update;Plot_User
ALFL_2314608,LAMR_ALFL_tPlots,LAMR_ALFL_tPlots.csv,182,Plot_Code;Project_Name;Plot_Directions;State;Land_Owner;Elevation;Elev_Units;Slope_Cat;Slope_Degrees;Aspect_Cat;Aspect_Degrees;Topo_Position;Landform;Surficial_Geology;Cowardin_System;Hydro_Regime;Hydrology_Evidence;Landscape_Comments;Soil_Texture;Soil_Drainage;Sensitive_Data;Public_X;Public_Y;Dist_XY;Public_Elev;Dist_Elev
ALFL_2314608,LAMR_ALFL_tProjectMetadata,LAMR_ALFL_tProjectMetadata.csv,2,Project_Name;Park_Code;Project_Contact;Coordinate_System;Datum;Coordinate_Method;GPS_Filename;GPS_Unit;Sampling_Method;Calculation_Method;Key_Nomenclature_Source;Project_Comments;T1_Hgt;T2_Hgt;T3_Hgt;S1_Hgt;S2_Hgt;S3_Hgt;H_Hgt;N_Hgt;V_Hgt;Date_Created
ALFL_2314608,LAMR_ALFL_tSpecies,LAMR_ALFL_tSpecies.csv,291,Spp_Code;Field_Name;Concept_Reference;PLANTS_Symbol
ALFL_2314608,LAMR_ALFL_xConcept_Reference_lu,LAMR_ALFL_xConcept_Reference_lu.csv,102,Key_Nomenclature_Source
ALFL_2314608,LAMR_ALFL_xCoverClass_lu,LAMR_ALFL_xCoverClass_lu.csv,12,Cover_Class;Range;MidPoint
ALFL_2314608,LAMR_ALFL_xHeight_Class_lu,LAMR_ALFL_xHeight_Class_lu.csv,12,Height_Class;Sort_Order
ALFL_2314608,LAMR_ALFL_xHydro_Regime_lu,LAMR_ALFL_xHydro_Regime_lu.csv,14,Hydro_Regime;Hydro_Definitions
ALFL_2314608,LAMR_ALFL_xLandform_lu,LAMR_ALFL_xLandform_lu.csv,204,Landform;Lndfrm_Definition;Include_Rec
ALFL_2314608,LAMR_ALFL_xLeaf_Phenology_lu,LAMR_ALFL_xLeaf_Phenology_lu.csv,7,Leaf_Phenology;SortOrder
ALFL_2314608,LAMR_ALFL_xLeaf_Type_lu,LAMR_ALFL_xLeaf_Type_lu.csv,8,Leaf_Type;SortOrder
ALFL_2314608,LAMR_ALFL_xMapUnit_lu,LAMR_ALFL_xMapUnit_lu.csv,34,MapUnit_Code;MapUnit
ALFL_2314608,LAMR_ALFL_xParks_lu,LAMR_ALFL_xParks_lu.csv,278,Park_Code;Park_Name;State;Include_Rec
ALFL_2314608,LAMR_ALFL_xPhysio_Class_lu,LAMR_ALFL_xPhysio_Class_lu.csv,8,Physio_Class;Physio_Definition;SortOrder
ALFL_2314608,LAMR_ALFL_xSoil_Drainage_lu,LAMR_ALFL_xSoil_Drainage_lu.csv,6,Soil_Drainage;SortOrder
ALFL_2314608,LAMR_ALFL_xSoil_Texture_lu,LAMR_ALFL_xSoil_Texture_lu.csv,13,Soil_Texture
ALFL_2314608,LAMR_ALFL_xState_lu,LAMR_ALFL_xState_lu.csv,59,State_Code;State_Name;Include_Rec
ALFL_2314608,LAMR_ALFL_xStratum_lu,LAMR_ALFL_xStratum_lu.csv,13,Stratum;Descript;SortOrder
ALFL_2314608,LAMR_ALFL_xSurficial_Geology_lu,LAMR_ALFL_xSurficial_Geology_lu.csv,51,Surficial_Geology;Category;Include_Rec
ALFL_2314608,LAMR_ALFL_xTopo_Position_lu,LAMR_ALFL_xTopo_Position_lu.csv,12,Topo_Position;SortOrder;Include_Rec
ALFL_2314608,LAMR_ALFL_xVegAssociation_lu,LAMR_ALFL_xVegAssociation_lu.csv,96,NVC_Elcode;NVC_Association;Canada;East;Midwest;Southeast;West;Include_Rec
ALPO_2314398,sp_cov,ALPO_sp_cov.csv,2365,Plot_Code;Plot_Event;PLANTS_Symbol;Sci_Name;ComName;Family;ITIS_TSN;Stratum;Spp_Code;Cover_Code;Real_Cover;Within_Plot
ALPO_2314398,tAA,ALPO_tAA.csv,134,AA_Code;Project_Name;Slope_Cat;Slope_Degrees;Aspect_Cat;Aspect_Degrees;Elevation;Elev_Units
ALPO_2314398,tAAEventSpecies,ALPO_tAAEventSpecies.csv,1456,AA_Event;Stratum;Spp_Code;Cover_Code;Real_Cover;Within_Plot;Spp_Update;Spp_User
ALPO_2314398,tAAEvents,ALPO_tAAEvents.csv,134,AA_Event;AA_Code;Event_Date;Surveyors;Field_X;Field_Y;GPS_Error;Satellites;UTM_Zone;AA_plotsize;AA_plotshape;Primary_Code;Secondary_Code;Classified_Code;AA_Photos;Classification_Comments;General_Comments;AA_Update;AA_User
ALPO_2314398,tConnect,ALPO_tConnect.csv,1,Connect_db
ALPO_2314398,tGlobal,ALPO_tGlobal.csv,14,User_Count;User_Name;User_Email;Last_Modified
ALPO_2314398,tPhotos,ALPO_tPhotos.csv,0,Photo_ID;Plot_Code;Photo_Date;Photo_Type;Photo_Bearing;Photo_Descript;Photographer;Camera_or_Roll;File_Name
ALPO_2314398,tPlotEventSpecies,ALPO_tPlotEventSpecies.csv,2365,Plot_Event;Stratum;Spp_Code;Cover_Code;Real_Cover;Within_Plot;Spp_Update;Spp_User
ALPO_2314398,tPlotEvents,ALPO_tPlotEvents.csv,77,Plot_Event;Plot_Code;Event_Date;Surveyors;Field_X;Field_Y;GPS_Error;Satellites;UTM_Zone;Plot_Shape;Plot_Radius;Plot_Width;Plot_Length;Observation_pt;Provisional_Community;NVC_Elcode;Representativeness;Stand_Size;Environmental_Comments;Plot_Photos;Bedrock;Large_Rocks;Small_Rocks;Sand;Litter;Wood;Water;Bare;Other;Other_describe;Leaf_Type;Leaf_Phenology;Physio_Class;T1_Hgt;T2_Hgt;T3_Hgt;S1_Hgt;S2_Hgt;S3_Hgt;H_Hgt;N_Hgt;V_Hgt;A1_Hgt;A2_Hgt;E_Hgt;T1_Cover;T2_Cover;T3_Cover;S1_Cover;S2_Cover;S3_Cover;H_Cover;N_Cover;V_Cover;A1_Cover;A2_Cover;E_Cover;All_Cover;General_Comments;Plot_Update;Plot_User
ALPO_2314398,tPlots,ALPO_tPlots.csv,77,Plot_Code;Project_Name;Plot_Directions;State;Land_Owner;Elevation;Elev_Units;Slope_Cat;Slope_Degrees;Aspect_Cat;Aspect_Degrees;Topo_Position;Landform;Surficial_Geology;Cowardin_System;Hydro_Regime;Hydrology_Evidence;Landscape_Comments;Soil_Texture;Soil_Drainage;Sensitive_Data;Public_X;Public_Y;Dist_XY;Public_Elev;Dist_Elev
ALPO_2314398,tProjectMetadata,ALPO_tProjectMetadata.csv,1,Project_Name;Park_Code;Project_Contact;Coordinate_System;Datum;Coordinate_Method;GPS_Filename;GPS_Unit;Sampling_Method;Calculation_Method;Taxon_Reference_Source;Project_Comments;T1_DefHgt;T2_DefHgt;T3_DefHgt;S1_DefHgt;S2_DefHgt;S3_DefHgt;H_DefHgt;N_DefHgt;V_DefHgt;A1_DefHgt;A2_DefHgt;E_DefHgt;Date_Created
ALPO_2314398,tSpecies,ALPO_tSpecies.csv,315,Spp_Code;Field_Name;Taxon_Reference;PLANTS_Symbol
ALPO_2314398,xConcept_Reference_lu,ALPO_xConcept_Reference_lu.csv,102,Taxon_Reference_Source
ALPO_2314398,xCoverClass_lu,ALPO_xCoverClass_lu.csv,10,Cover_Class;Range;MidPoint
ALPO_2314398,xHeight_Class_lu,ALPO_xHeight_Class_lu.csv,10,Height_Class;Sort_Order;Max_Val
ALPO_2314398,xHydro_Regime_lu,ALPO_xHydro_Regime_lu.csv,14,Hydro_Regime;Hydro_Definitions
ALPO_2314398,xLandform_lu,ALPO_xLandform_lu.csv,204,Landform;Lndfrm_Definition;Include_Rec
ALPO_2314398,xLeaf_Phenology_lu,ALPO_xLeaf_Phenology_lu.csv,7,Leaf_Phenology;SortOrder
ALPO_2314398,xLeaf_Type_lu,ALPO_xLeaf_Type_lu.csv,8,Leaf_Type;SortOrder
ALPO_2314398,xMapUnit_lu,ALPO_xMapUnit_lu.csv,36,MapUnit_Code;MapUnit
ALPO_2314398,xParks_lu,ALPO_xParks_lu.csv,278,Park_Code;Park_Name;State;Include_Rec
ALPO_2314398,xPhysio_Class_lu,ALPO_xPhysio_Class_lu.csv,8,Physio_Class;Physio_Definition;SortOrder
ALPO_2314398,xSoil_Drainage_lu,ALPO_xSoil_Drainage_lu.csv,6,Soil_Drainage;SortOrder
ALPO_2314398,xSoil_Texture_lu,ALPO_xSoil_Texture_lu.csv,13,Soil_Texture
ALPO_2314398,xState_lu,ALPO_xState_lu.csv,59,State_Code;State_Name;Include_Rec
ALPO_2314398,xStratum_lu,ALPO_xStratum_lu.csv,13,Stratum;Descript;SortOrder
ALPO_2314398,xSurficial_Geology_lu,ALPO_xSurficial_Geology_lu.csv,33,Surficial_Geology;Category;Include_Rec
ALPO_2314398,xTopo_Position_lu,ALPO_xTopo_Position_lu.csv,12,Topo_Position;SortOrder;Include_Rec
ALPO_2314398,xVegAssociation_lu,ALPO_xVegAssociation_lu.csv,15,NVC_Elcode;NVC_Association;Canada;East;Midwest;Southeast;West;Include_Rec
AMIS_2314399,PLOTS_v4_BE_AMIS_QA_01_spcov,AMIS_PLOTS_v4_BE_AMIS_QA_01_spcov.csv,8256,Project_Name;AA_Plot;Plot_Code;Plot_Event;Spp_Code;Plants_Symbol;Field_Name;ComName;Family;Stratum;Cover_Code;Real_Cover;Within_Plot;ITIS_TSN;Used_PLANTS;Spp_Update;Spp_User
AMIS_2314399,PLOTS_v4_BE_AMIS_QA_02_plots,AMIS_PLOTS_v4_BE_AMIS_QA_02_plots.csv,663,Project_Name;AA_Plot;Plot_Code;Plot_Event;Event_Date;Surveyors;Field_X;Field_Y;GPS_Error;Satellites;UTM_Zone;Plot_Shape;Plot_Radius;Plot_Width;Plot_Length;Observation_pt;State;Land_Owner;Plot_Directions;Elevation;Elev_Units;Slope_Cat;Slope_Degrees;Aspect_Cat;Aspect_Degrees;Topo_Position;Landform;Surficial_Geology;Cowardin_System;Hydro_Regime;Hydrology_Evidence;Landscape_Comments;Soil_Texture;Soil_Drainage;Provisional_Community;NVC_Elcode;NVC_Association;MapUnit;Representativeness;Stand_Size;Environmental_Comments;Plot_Photos;Bedrock;Large_Rocks;Small_Rocks;Sand;Litter;Wood;Standing_Dead;Water;Bare;Other;Other_describe;Leaf_Type;Leaf_Phenology;Physio_Class;T1_Hgt;T2_Hgt;T3_Hgt;S1_Hgt;S2_Hgt;S3_Hgt;H_Hgt;N_Hgt;V_Hgt;A1_Hgt;A2_Hgt;E_Hgt;T1_Cover;T2_Cover;T3_Cover;S1_Cover;S2_Cover;S3_Cover;H_Cover;N_Cover;V_Cover;A1_Cover;A2_Cover;E_Cover;All_Cover;Primary_Code;Primary_Name;Secondary_Code;Secondary_Name;Classified_Code;Classified_Name;General_Comments;Plot_Update;Plot_User
AMIS_2314399,PLOTS_v4_BE_AMIS_QA_03_duplicates_in_01,AMIS_PLOTS_v4_BE_AMIS_QA_03_duplicates_in_01.csv,0,Plot_Code;Spp_Code;Stratum;AA_Plot;Plot_Event;Field_Name;ComName;Cover_Code;Real_Cover;Within_Plot;Spp_Update;Spp_User
AMIS_2314399,PLOTS_v4_BE_AMIS_QA_04_duplicates_in_02,AMIS_PLOTS_v4_BE_AMIS_QA_04_duplicates_in_02.csv,0,Plot_Code;Project_Name;AA_Plot;Plot_Event;Event_Date;Surveyors;Field_X;Field_Y
AMIS_2314399,PLOTS_v4_BE_AMIS_QA_05_Plots_without_Species,AMIS_PLOTS_v4_BE_AMIS_QA_05_Plots_without_Species.csv,0,AA_Plot;Plot_Code;Plot_Event
AMIS_2314399,PLOTS_v4_BE_AMIS_QA_06_Spp_without_Plots,AMIS_PLOTS_v4_BE_AMIS_QA_06_Spp_without_Plots.csv,0,Plot_Event;Stratum;Spp_Code;Cover_Code;Real_Cover;Within_Plot;Spp_Update;Spp_User
AMIS_2314399,PLOTS_v4_BE_AMIS_tConnect,AMIS_PLOTS_v4_BE_AMIS_tConnect.csv,1,Connect_db
AMIS_2314399,PLOTS_v4_BE_AMIS_tGlobal,AMIS_PLOTS_v4_BE_AMIS_tGlobal.csv,78,User_Count;User_Name;User_Email;Last_Modified
AMIS_2314399,PLOTS_v4_BE_AMIS_tPhotos,AMIS_PLOTS_v4_BE_AMIS_tPhotos.csv,2577,Photo_ID;Plot_Code;Photo_Date;Photo_Type;Photo_Bearing;Photo_Descript;Photographer;Camera_or_Roll;File_Name
AMIS_2314399,PLOTS_v4_BE_AMIS_tPlotEventSpecies,AMIS_PLOTS_v4_BE_AMIS_tPlotEventSpecies.csv,8256,Plot_Event;Stratum;Spp_Code;Cover_Code;Real_Cover;Within_Plot;Spp_Update;Spp_User
AMIS_2314399,PLOTS_v4_BE_AMIS_tPlotEvents,AMIS_PLOTS_v4_BE_AMIS_tPlotEvents.csv,663,Plot_Event;Plot_Code;Event_Date;Surveyors;Field_X;Field_Y;GPS_Error;Satellites;UTM_Zone;Plot_Shape;Plot_Radius;Plot_Width;Plot_Length;Observation_pt;Provisional_Community;NVC_Elcode;Representativeness;Stand_Size;Environmental_Comments;Plot_Photos;Bedrock;Large_Rocks;Small_Rocks;Sand;Litter;Wood;Standing_Dead;Water;Bare;Other;Other_describe;Leaf_Type;Leaf_Phenology;Physio_Class;T1_Hgt;T2_Hgt;T3_Hgt;S1_Hgt;S2_Hgt;S3_Hgt;H_Hgt;N_Hgt;V_Hgt;A1_Hgt;A2_Hgt;E_Hgt;T1_Cover;T2_Cover;T3_Cover;S1_Cover;S2_Cover;S3_Cover;H_Cover;N_Cover;V_Cover;A1_Cover;A2_Cover;E_Cover;All_Cover;Primary_Code;Secondary_Code;Classified_Code;General_Comments;Plot_Update;Plot_User
AMIS_2314399,PLOTS_v4_BE_AMIS_tPlotEvents_Query,AMIS_PLOTS_v4_BE_AMIS_tPlotEvents_Query.csv,8256,Plot_Event;Plot_Code;Stratum;Cover_Code;Real_Cover;Field_Name
AMIS_2314399,PLOTS_v4_BE_AMIS_tPlots,AMIS_PLOTS_v4_BE_AMIS_tPlots.csv,663,Plot_Code;Project_Name;Plot_Directions;State;Land_Owner;Elevation;Elev_Units;Slope_Cat;Slope_Degrees;Aspect_Cat;Aspect_Degrees;Topo_Position;Landform;Surficial_Geology;Cowardin_System;Hydro_Regime;Hydrology_Evidence;Landscape_Comments;Soil_Texture;Soil_Drainage;AA_Plot
AMIS_2314399,PLOTS_v4_BE_AMIS_tProcessSteps,AMIS_PLOTS_v4_BE_AMIS_tProcessSteps.csv,1,Project_Name;Process_Step;Process_Date;Process_Person;Process_Notes
AMIS_2314399,PLOTS_v4_BE_AMIS_tProjectMetadata,AMIS_PLOTS_v4_BE_AMIS_tProjectMetadata.csv,1,Project_Name;Park_Code;Project_Contact;Coordinate_System;Datum;Coordinate_Method;GPS_Filename;GPS_Unit;Sampling_Method;Calculation_Method;PseudoSpecies;Taxon_Reference_Source;Project_Comments;T1_DefHgt;T2_DefHgt;T3_DefHgt;S1_DefHgt;S2_DefHgt;S3_DefHgt;H_DefHgt;N_DefHgt;V_DefHgt;A1_DefHgt;A2_DefHgt;E_DefHgt;Date_Created;dbVersion
AMIS_2314399,PLOTS_v4_BE_AMIS_tSpecies,AMIS_PLOTS_v4_BE_AMIS_tSpecies.csv,474,Spp_Code;Field_Name;Sensitive_Spp;Taxon_Reference;PLANTS_Symbol
AMIS_2314399,PLOTS_v4_BE_AMIS_tSpecies_Query,AMIS_PLOTS_v4_BE_AMIS_tSpecies_Query.csv,8256,Spp_Code;Plot_Code;Primary_Code;Secondary_Code;Classified_Code;General_Comments;Field_Name;PLANTS_Symbol;Stratum;Cover_Code;Real_Cover;Plot_Event
AMIS_2314399,PLOTS_v4_BE_AMIS_tSpecies_Query1,AMIS_PLOTS_v4_BE_AMIS_tSpecies_Query1.csv,474,Spp_Code;PLANTS_Symbol;Field_Name;ComName
AMIS_2314399,PLOTS_v4_BE_AMIS_xConcept_Reference_lu,AMIS_PLOTS_v4_BE_AMIS_xConcept_Reference_lu.csv,15,Taxon_Reference_Source
AMIS_2314399,PLOTS_v4_BE_AMIS_xCoverClass_lu,AMIS_PLOTS_v4_BE_AMIS_xCoverClass_lu.csv,10,Cover_Class;Range;MidPoint
AMIS_2314399,PLOTS_v4_BE_AMIS_xHeight_Class_lu,AMIS_PLOTS_v4_BE_AMIS_xHeight_Class_lu.csv,9,Height_Class;Sort_Order;Max_Val
AMIS_2314399,PLOTS_v4_BE_AMIS_xHydro_Regime_lu,AMIS_PLOTS_v4_BE_AMIS_xHydro_Regime_lu.csv,14,Hydro_Regime;Hydro_Definitions
AMIS_2314399,PLOTS_v4_BE_AMIS_xLandform_lu,AMIS_PLOTS_v4_BE_AMIS_xLandform_lu.csv,204,Landform;Lndfrm_Definition;Include_Rec
AMIS_2314399,PLOTS_v4_BE_AMIS_xLeaf_Phenology_lu,AMIS_PLOTS_v4_BE_AMIS_xLeaf_Phenology_lu.csv,7,Leaf_Phenology;SortOrder
AMIS_2314399,PLOTS_v4_BE_AMIS_xLeaf_Type_lu,AMIS_PLOTS_v4_BE_AMIS_xLeaf_Type_lu.csv,8,Leaf_Type;SortOrder
AMIS_2314399,PLOTS_v4_BE_AMIS_xMapUnit_lu,AMIS_PLOTS_v4_BE_AMIS_xMapUnit_lu.csv,0,MapUnit_Code;MapUnit
AMIS_2314399,PLOTS_v4_BE_AMIS_xParks_lu,AMIS_PLOTS_v4_BE_AMIS_xParks_lu.csv,3,Park_Code;Park_Name;State;Include_Rec
AMIS_2314399,PLOTS_v4_BE_AMIS_xPhysio_Class_lu,AMIS_PLOTS_v4_BE_AMIS_xPhysio_Class_lu.csv,8,Physio_Class;Physio_Definition;SortOrder
AMIS_2314399,PLOTS_v4_BE_AMIS_xSoil_Drainage_lu,AMIS_PLOTS_v4_BE_AMIS_xSoil_Drainage_lu.csv,6,Soil_Drainage;SortOrder
AMIS_2314399,PLOTS_v4_BE_AMIS_xSoil_Texture_lu,AMIS_PLOTS_v4_BE_AMIS_xSoil_Texture_lu.csv,13,Soil_Texture
AMIS_2314399,PLOTS_v4_BE_AMIS_xState_lu,AMIS_PLOTS_v4_BE_AMIS_xState_lu.csv,59,State_Code;State_Name;Include_Rec
AMIS_2314399,PLOTS_v4_BE_AMIS_xStratum_lu,AMIS_PLOTS_v4_BE_AMIS_xStratum_lu.csv,13,Stratum;Descript;SortOrder
AMIS_2314399,PLOTS_v4_BE_AMIS_xSurficial_Geology_lu,AMIS_PLOTS_v4_BE_AMIS_xSurficial_Geology_lu.csv,33,Surficial_Geology;Category;Include_Rec
AMIS_2314399,PLOTS_v4_BE_AMIS_xTopo_Position_lu,AMIS_PLOTS_v4_BE_AMIS_xTopo_Position_lu.csv,12,Topo_Position;SortOrder;Include_Rec
AMIS_2314399,PLOTS_v4_BE_AMIS_xVegAssociation_lu,AMIS_PLOTS_v4_BE_AMIS_xVegAssociation_lu.csv,31,NVC_Elcode;NVC_Association;Canada;East;Midwest;Southeast;West;Include_Rec
AMIS_2314399,PLOTS_v4_BE_AMIS_xVegAssociation_lu_Query,AMIS_PLOTS_v4_BE_AMIS_xVegAssociation_lu_Query.csv,8068,NVC_Elcode;NVC_Association;Plot_Code;Primary_Code;Classified_Code;Spp_Code;Field_Name;Stratum;Cover_Code;Real_Cover
AMME_2314400,qry_All_map_codes,AMME_qry_All_map_codes.csv,15,Primary_Code;MapUnit;NVC_Elcode
AMME_2314400,qry_Classified_map_codes,AMME_qry_Classified_map_codes.csv,12,Classified_Code;MapUnit;NVC_Elcode
AMME_2314400,qry_Primary_map_codes,AMME_qry_Primary_map_codes.csv,12,Primary_Code;MapUnit;NVC_Elcode
AMME_2314400,qry_Secondary_map_codes,AMME_qry_Secondary_map_codes.csv,5,Secondary_Code;MapUnit;NVC_Elcode
AMME_2314400,qry_plots,AMME_qry_plots.csv,20,Plot_Code;Provisional_Community;NVC_Association;Elevation;Elev_Units;Slope_Cat;Topo_Position;Landform;Surficial_Geology;Environmental_Comments;Leaf_Phenology;Leaf_Type;Physio_Class;Soil_Texture;Soil_Drainage
AMME_2314400,qry_sp_cov,AMME_qry_sp_cov.csv,185,Plot_Code;ITIS_TSN;Sci_Name;ComName;Family;Plants_Symbol_USDA;Stratum;Cover_Code;Real_Cover;Obs_Cover_Code;Within_Plot
AMME_2314400,sp_cov,AMME_sp_cov.csv,185,Plot_Code;PLANTS_Symbol;Field_Name;ComName;Family;ITIS_TSN;Stratum;Spp_Code;Cover_Code;Real_Cover;Within_Plot
AMME_2314400,tAA,AMME_tAA.csv,48,AA_Code;Project_Name;Slope_Cat;Slope_Degrees;Aspect_Cat;Aspect_Degrees;Elevation;Elev_Units;Comments
AMME_2314400,tAAEvents,AMME_tAAEvents.csv,48,AA_Event;AA_Code;Event_Date;Surveyors;Field_X;Field_Y;GPS_Error;Satellites;UTM_Zone;AA_plotsize;AA_plotshape;Primary_Code;Secondary_Code;Classified_Code;Point_Represent;Assoc_Represent;Key;Desc_Accurate;Classification_Comments;Key_Comments;Description_Comments;Landmarks;AA_Photos;General_Comments;AA_Update;AA_User
AMME_2314400,tAAPhotos,AMME_tAAPhotos.csv,226,PhotoID;AA_Code;ViewNumber;Time;CameraPosition;Bearing;Photographer;PhotoComments
AMME_2314400,tAAStratum,AMME_tAAStratum.csv,165,StratumID;VegetationID;Stratum;HeightClass;CoverClass
AMME_2314400,tAAVegetation,AMME_tAAVegetation.csv,48,VegetationID;AA_Event;LeafType;Physiognom;TotVegCover;CoverType;VegetationComments
AMME_2314400,tAAVegetationDetails,AMME_tAAVegetationDetails.csv,365,VegDetailID;StratumID;TSN;CoverPct;Diagnostic;IsPheno
AMME_2314400,tConnect,AMME_tConnect.csv,1,Connect_db
AMME_2314400,tGlobal,AMME_tGlobal.csv,0,User_Count;User_Name;User_Email;Last_Modified
AMME_2314400,tPhotos,AMME_tPhotos.csv,111,Photo_ID;Plot_Code;Photo_Date;Photo_Type;Photo_Bearing;Photo_Descript;Photographer;Camera_or_Roll;File_Name
AMME_2314400,tPlotEventSpecies,AMME_tPlotEventSpecies.csv,185,Plot_Event;Stratum;Spp_Code;Is_Dead;Cover_Code;Real_Cover;Obs_Cover_Code;Within_Plot;Spp_Update;Spp_User
AMME_2314400,tPlotEvents,AMME_tPlotEvents.csv,20,Plot_Event;Plot_Code;Event_Date;Surveyors;Field_X;Field_Y;GPS_Error;Satellites;UTM_Zone;Plot_Shape;Plot_Radius;Plot_Width;Plot_Length;Observation_pt;Provisional_Community;NVC_Elcode;Representativeness;Stand_Size;Environmental_Comments;Plot_Photos;Bedrock;Large_Rocks;Small_Rocks;Sand;Litter;Wood;Water;Bare;Microbiotic;Lichen;LichenGround;Other;Other_describe;Leaf_Type;Leaf_Phenology;Physio_Class;T1_Hgt;T2_Hgt;T3_Hgt;S1_Hgt;S2_Hgt;S3_Hgt;S_Hgt;H_Hgt;N_Hgt;V_Hgt;E_Hgt;G1_Hgt;G2_Hgt;F1_Hgt;F2_Hgt;T1_Cover;T2_Cover;T3_Cover;S1_Cover;S2_Cover;S3_Cover;S_Cover;H_Cover;N_Cover;V_Cover;E_Cover;G1_Cover;G2_Cover;F1_Cover;F2_Cover;All_Cover;MaxVegHeight;General_Comments;Plot_Update;Plot_User
AMME_2314400,tPlots,AMME_tPlots.csv,20,Plot_Code;Project_Name;Plot_Directions;State;Land_Owner;Elevation;Elev_Units;Slope_Cat;Slope_Degrees;Aspect_Cat;Aspect_Degrees;Topo_Position;Landform;Surficial_Geology;Cowardin_System;Hydro_Regime;Hydrology_Evidence;Landscape_Comments;Soil_Texture;Soil_Drainage;Sensitive_Data;Public_X;Public_Y;Dist_XY;Public_Elev;Dist_Elev;IsObservationPt;IsLegacyData
AMME_2314400,tProjectMetadata,AMME_tProjectMetadata.csv,1,Project_Name;Park_Code;Project_Contact;Coordinate_System;Datum;Coordinate_Method;GPS_Filename;GPS_Unit;Sampling_Method;Calculation_Method;Taxon_Reference_Source;Project_Comments;T1_DefHgt;T2_DefHgt;T3_DefHgt;S1_DefHgt;S2_DefHgt;S3_DefHgt;H_DefHgt;N_DefHgt;V_DefHgt;A1_DefHgt;A2_DefHgt;E_DefHgt;Date_Created
AMME_2314400,tSpecies,AMME_tSpecies.csv,115,Spp_Code;Field_Name;Taxon_Reference;PLANTS_Symbol;ITIS_TSN
AMME_2314400,xConcept_Reference_lu,AMME_xConcept_Reference_lu.csv,102,Taxon_Reference_Source
AMME_2314400,xCoverClassObs_lu,AMME_xCoverClassObs_lu.csv,4,CoverClass;Range;Sort_Order
AMME_2314400,xCoverClass_lu,AMME_xCoverClass_lu.csv,14,Cover_Class;Range;MidPoint;Sort_Order
AMME_2314400,xHeight_Class_lu,AMME_xHeight_Class_lu.csv,10,Height_Class;Range;Sort_Order;Max_Val
AMME_2314400,xHydro_Regime_lu,AMME_xHydro_Regime_lu.csv,14,Hydro_Regime;Hydro_Definitions
AMME_2314400,xLandform_lu,AMME_xLandform_lu.csv,17,Landform;Lndfrm_Definition;Include_Rec
AMME_2314400,xLeaf_Phenology_lu,AMME_xLeaf_Phenology_lu.csv,5,Leaf_Phenology;SortOrder
AMME_2314400,xLeaf_Type_lu,AMME_xLeaf_Type_lu.csv,7,Leaf_Type;SortOrder
AMME_2314400,xMapUnit_lu,AMME_xMapUnit_lu.csv,16,MapUnit_Code;MapUnit;NVC_Association;NVC_Elcode;NVC_CName
AMME_2314400,xParks_lu,AMME_xParks_lu.csv,278,Park_Code;Park_Name;State;Include_Rec
AMME_2314400,xPhysio_Class_lu,AMME_xPhysio_Class_lu.csv,11,Physio_Class;Physio_Definition;SortOrder
AMME_2314400,xSoil_Drainage_lu,AMME_xSoil_Drainage_lu.csv,6,Soil_Drainage;SortOrder
AMME_2314400,xSoil_Texture_lu,AMME_xSoil_Texture_lu.csv,19,Soil_Texture
AMME_2314400,xState_lu,AMME_xState_lu.csv,59,State_Code;State_Name;Include_Rec
AMME_2314400,xStratum_lu,AMME_xStratum_lu.csv,20,Stratum;Descript;SortOrder
AMME_2314400,xSurficial_Geology_lu,AMME_xSurficial_Geology_lu.csv,10,Surficial_Geology;Category;Include_Rec
AMME_2314400,xTopo_Position_lu,AMME_xTopo_Position_lu.csv,14,Topo_Position;SortOrder;Include_Rec
AMME_2314400,xVegAssociation_lu,AMME_xVegAssociation_lu.csv,12,NVC_Elcode;NVC_Association;Canada;East;Midwest;Southeast;West;Pacific;Include_Rec
APCO_2314403,sp_cov,APCO_sp_cov.csv,868,Plot_Event;PLANTS_Symbol;Field_Name;ComName;Family;ITIS_TSN;Stratum;Spp_Code;Cover_Code;Real_Cover;Within_Plot
APCO_2314403,tAA,APCO_tAA.csv,74,AA_Code;Project_Name;Slope_Cat;Slope_Degrees;Aspect_Cat;Aspect_Degrees;Elevation;Elev_Units
APCO_2314403,tAAEvents,APCO_tAAEvents.csv,74,AA_Event;AA_Code;Event_Date;Surveyors;Field_X;Field_Y;GPS_Error;Satellites;UTM_Zone;AA_plotsize;AA_plotshape;Primary_Code;Secondary_Code;Classified_Code;AA_Photos;General_Comments;AA_Update;AA_User
APCO_2314403,tConnect,APCO_tConnect.csv,1,Connect_db
APCO_2314403,tGlobal,APCO_tGlobal.csv,4,User_Count;User_Name;User_Email;Last_Modified
APCO_2314403,tPhotos,APCO_tPhotos.csv,0,Photo_ID;Plot_Code;Photo_Date;Photo_Type;Photo_Bearing;Photo_Descript;Photographer;Camera_or_Roll;File_Name
APCO_2314403,tPlotEventSpecies,APCO_tPlotEventSpecies.csv,868,Plot_Event;Stratum;Spp_Code;Cover_Code;Real_Cover;Within_Plot;Spp_Update;Spp_User
APCO_2314403,tPlotEvents,APCO_tPlotEvents.csv,14,Plot_Event;Plot_Code;Event_Date;Surveyors;Field_X;Field_Y;GPS_Error;Satellites;UTM_Zone;Plot_Shape;Plot_Radius;Plot_Width;Plot_Length;Observation_pt;Provisional_Community;NVC_Elcode;Representativeness;Stand_Size;Environmental_Comments;Plot_Photos;Bedrock;Large_Rocks;Small_Rocks;Sand;Litter;Wood;Water;Bare;Other;Other_describe;Leaf_Type;Leaf_Phenology;Physio_Class;T1_Hgt;T2_Hgt;T3_Hgt;S1_Hgt;S2_Hgt;S3_Hgt;H_Hgt;N_Hgt;V_Hgt;A1_Hgt;A2_Hgt;E_Hgt;T1_Cover;T2_Cover;T3_Cover;S1_Cover;S2_Cover;S3_Cover;H_Cover;N_Cover;V_Cover;A1_Cover;A2_Cover;E_Cover;All_Cover;General_Comments;Plot_Update;Plot_User
APCO_2314403,tPlots,APCO_tPlots.csv,14,Plot_Code;Project_Name;Plot_Directions;State;Land_Owner;Elevation;Elev_Units;Slope_Cat;Slope_Degrees;Aspect_Cat;Aspect_Degrees;Topo_Position;Landform;Surficial_Geology;Cowardin_System;Hydro_Regime;Hydrology_Evidence;Landscape_Comments;Soil_Texture;Soil_Drainage;Sensitive_Data;Public_X;Public_Y;Dist_XY;Public_Elev;Dist_Elev
APCO_2314403,tProjectMetadata,APCO_tProjectMetadata.csv,1,Project_Name;Park_Code;Project_Contact;Coordinate_System;Datum;Coordinate_Method;GPS_Filename;GPS_Unit;Sampling_Method;Calculation_Method;Taxon_Reference_Source;Project_Comments;T1_DefHgt;T2_DefHgt;T3_DefHgt;S1_DefHgt;S2_DefHgt;S3_DefHgt;H_DefHgt;N_DefHgt;V_DefHgt;A1_DefHgt;A2_DefHgt;E_DefHgt;Date_Created
APCO_2314403,tSpecies,APCO_tSpecies.csv,253,Spp_Code;Field_Name;Taxon_Reference;PLANTS_Symbol
APCO_2314403,xConcept_Reference_lu,APCO_xConcept_Reference_lu.csv,102,Taxon_Reference_Source
APCO_2314403,xCoverClass_lu,APCO_xCoverClass_lu.csv,9,Cover_Class;Range;MidPoint
APCO_2314403,xHeight_Class_lu,APCO_xHeight_Class_lu.csv,7,Height_Class;Sort_Order;Max_Val
APCO_2314403,xHydro_Regime_lu,APCO_xHydro_Regime_lu.csv,14,Hydro_Regime;Hydro_Definitions
APCO_2314403,xLandform_lu,APCO_xLandform_lu.csv,204,Landform;Lndfrm_Definition;Include_Rec
APCO_2314403,xLeaf_Phenology_lu,APCO_xLeaf_Phenology_lu.csv,7,Leaf_Phenology;SortOrder
APCO_2314403,xLeaf_Type_lu,APCO_xLeaf_Type_lu.csv,8,Leaf_Type;SortOrder
APCO_2314403,xMapUnit_lu,APCO_xMapUnit_lu.csv,13,MapUnit_Code;MapUnit
APCO_2314403,xParks_lu,APCO_xParks_lu.csv,278,Park_Code;Park_Name;State;Include_Rec
APCO_2314403,xPhysio_Class_lu,APCO_xPhysio_Class_lu.csv,8,Physio_Class;Physio_Definition;SortOrder
APCO_2314403,xSoil_Drainage_lu,APCO_xSoil_Drainage_lu.csv,6,Soil_Drainage;SortOrder
APCO_2314403,xSoil_Texture_lu,APCO_xSoil_Texture_lu.csv,13,Soil_Texture
APCO_2314403,xState_lu,APCO_xState_lu.csv,59,State_Code;State_Name;Include_Rec
APCO_2314403,xStratum_lu,APCO_xStratum_lu.csv,13,Stratum;Descript;SortOrder
APCO_2314403,xSurficial_Geology_lu,APCO_xSurficial_Geology_lu.csv,35,Surficial_Geology;Category;Include_Rec
APCO_2314403,xTopo_Position_lu,APCO_xTopo_Position_lu.csv,12,Topo_Position;SortOrder;Include_Rec
APCO_2314403,xVegAssociation_lu,APCO_xVegAssociation_lu.csv,8,NVC_Elcode;NVC_Association;Canada;East;Midwest;Southeast;West;Include_Rec
APIS_2314426,AA-Species,APIS_AA-Species.csv,9748,AA.Obs.Code;AA.Species.Counter;Plant.Symbol;Scientific.Name;Common.name;Family;Specimen.Number;Used.PLANTS;Source;Stratum.Sort;Stratum;Diagnostic;Range.Cover;Real.Cover;Other.Measure1;Other.Measure2;Update;User
APIS_2314426,AA_Observations,APIS_AA_Observations.csv,687,"AA.Obs.Code;County;Air.Photo.Number;Polygon.Code;Polygon.Size;Primary.Community.Name;Secondary.Community.Name;Classified.Community.Name;NVC.ELCODE;Classified.Community.Name.-.Secondary;NVC.ELCODE.-.Secondary;EONum.Suffix;Location.Code;Sublocation;Sublocation2;Quad.Name;Quad.Code;Coord.System;GPS.File;GPS.Techniques;Field.UTM.X;Field.UTM.Y;Corrected.UTM.X;Corrected.UTM.Y;UTM.Zone;GPS.Datum;GPS.Accuracy;Field.Lat;Field.Long;Corrected.Lat;Corrected.Long;Survey.Date;Surveyors;Elevation;Elevation.Units;Slope;Precise.Slope;Aspect;Precise.Aspect;Topo.Position;Landform;Surficial.Geology;Cowardin.System;Hydro.Regime;Salinity/Halinity;Hydrology.Evidence;Environmental.Comments;Landscape.Comments;%.Bedrock;%.Large.Rocks;%.Small.Rocks;%.Sand;%.Litter,.Duff;%.Wood;%.Water;%.Bare.Soil;%.Other;%.Other.Description;Leaf.Phenology;Leaf.Type;Physio.Class;T1.Hgt;T1.Cover;T2.Hgt;T2.Cover;T3.Hgt;T3.Cover;S1.Hgt;S1.Cover;S2.Hgt;S2.Cover;S3.Hgt;S3.Cover;H.Hgt;H.Cover;N.Hgt;N.Cover;V.Hgt;V.Cover;E.Hgt;E.Cover;Other.Measure1.Defined;Other.Measure2.Defined;Polygon.Heterogeneity.Comments;Classification.Comments;Disturbance.Comments;Other.Comments;Update;User;Species.Counter;Optional.Fields.Defined;Opt1;Opt2;Opt3;Opt4;Opt5;Files.Named"
APIS_2314426,Geology_Classes,APIS_Geology_Classes.csv,33,Sort.order;Designation;Exemplars/Qualifiers
APIS_2314426,Jurisdictions,APIS_Jurisdictions.csv,54,Jurisdiction.Code;Jurisdiction.Name
APIS_2314426,Locations,APIS_Locations.csv,260,Location.Code;Location.Name;Jurisdiction.Code;Organization;Plot.Code.Counter;AA.Code.Counter
APIS_2314426,Plots-Species,APIS_Plots-Species.csv,3568,Plot.Code;Plot.Species.Counter;Plant.Symbol;Scientific.Name;Common.Name;Original.Name;Family;Specimen.Number;Used.PLANTS;Source;Within.Plot;Stratum.Sort;Stratum;Diagnostic;Range.Cover;Real.Cover;Other.Measure1;Other.Measure2;DBH;Update;User
APIS_2314426,Plots,APIS_Plots.csv,153,"Plot.Code;County;SubPlot;SubPlot.Parent.Code;Air.Photo.Number;Polygon.Code;Provisional.Community.Name;Classified.Community.Name;NVC.ELCODE;EONum.Suffix;Location.Code;Sublocation;Sublocation2;Quad.Name;Quad.Code;Coord.System;GPS.File;GPS.Techniques;Field.UTM.X;Field.UTM.Y;Corrected.UTM.X;Corrected.UTM.Y;UTM.Zone;Field.Lat;Field.Long;Corrected.Lat;Corrected.Long;Survey.Date;Surveyors;Plot.Directions;X.Dimension;Y.Dimension;Plot.Shape;Photos;Roll.Number;Frame.Number;Permanent;Representativeness;Elevation;Elevation.Units;GPS.Datum;GPS.Accuracy;Slope;Precise.Slope;Aspect;Precise.Aspect;Topo.Position;Landform;Surficial.Geology;Cowardin.System;Hydro.Regime;Salinity/Halinity;Hydrology.Evidence;Environmental.Comments;Landscape.Comments;Soil.Taxon/Description;Soil.Texture;Soil.Depth;Soil.Depth.Units;Soil.Drainage;%.Bedrock;%.Large.Rocks;%.Small.Rocks;%.Sand;%.Litter,.Duff;%.Wood;%.Water;%.Bare.Soil;%.Other;%.Other.Description;Leaf.Phenology;Leaf.Type;Physio.Class;T1.Hgt;T1.Cover;T2.Hgt;T2.Cover;T3.Hgt;T3.Cover;S1.Hgt;S1.Cover;S2.Hgt;S2.Cover;S3.Hgt;S3.Cover;H.Hgt;H.Cover;N.Hgt;N.Cover;V.Hgt;V.Cover;E.Hgt;E.Cover;Other.Measure1.Defined;Other.Measure2.Defined;Animal.Use.Evidence;Disturbance.Comments;Other.Comments;Update;User;Species.Counter;Optional.Fields.Defined;Opt1;Opt2;Opt3;Opt4;Opt5"
APIS_2314426,Project_Metadata,APIS_Project_Metadata.csv,1,Name;Description;Start;Stop;Contributor;Plot.Selection.Design;Layout.Narrative;Cover.Method;Placement.Method;Taxon.Observation.Area;Cover.Dispersion;AutoTaxonCover;Stratum.Method;Stratum.Method.Description;Taxonomic.Citation
APIS_2314426,Species_List,APIS_Species_List.csv,799,Scientific.Name;Common.Name;Family
APPA_2314433,AA_SPP,APPA_AA_SPP.csv,88205,Plot_Event;Spp_Code;Sci_Name;ComName;Family;Stratum;Cover_Code;Real_Cover
APPA_2314433,QA_01_spcov,APPA_QA_01_spcov.csv,43055,Project_Name;AA_Plot;Plot_Code;Plot_Event;Spp_Code;Plants_Symbol;Field_Name;ComName;Family;Stratum;Cover_Code;Real_Cover;Within_Plot;ITIS_TSN;Used_PLANTS;Spp_Update;Spp_User
APPA_2314433,QA_03_duplicates_in_01,APPA_QA_03_duplicates_in_01.csv,0,Plot_Code;Spp_Code;Stratum;AA_Plot;Plot_Event;Field_Name;ComName;Cover_Code;Real_Cover;Within_Plot;Spp_Update;Spp_User
APPA_2314433,QA_05_Plots_without_Species,APPA_QA_05_Plots_without_Species.csv,45,AA_Plot;Plot_Code;Plot_Event
APPA_2314433,QA_06_Spp_without_Plots,APPA_QA_06_Spp_without_Plots.csv,0,Plot_Event;Stratum;Spp_Code;Cover_Code;Real_Cover;Within_Plot;Spp_Update;Spp_User
APPA_2314433,VP_SPP,APPA_VP_SPP.csv,43010,Plot_Event;Plants_Symbol;Sci_Name;ComName;Family;Stratum;Cover_Code;Real_Cover
APPA_2314433,tAA,APPA_tAA.csv,3265,Plot_Code;Project_Name;Plot_Directions;State;Land_Owner;Elevation;Elev_Units;Slope_Cat;Slope_Degrees;Aspect_Cat;Aspect_Degrees;Topo_Position;Landform;Surficial_Geology;Cowardin_System;Hydro_Regime;Hydrology_Evidence;Landscape_Comments;Soil_Texture;Soil_Drainage;AA_Plot
APPA_2314433,tAAEventSpecies,APPA_tAAEventSpecies.csv,88205,Plot_Event;Stratum;Spp_Code;Cover_Code;Real_Cover;Within_Plot;Spp_Update;Spp_User;Spp_Name_Code
APPA_2314433,tAAEventSpecies_SensitiveSpecies,APPA_tAAEventSpecies_SensitiveSpecies.csv,0,State;Plot_Code;Spp_Code
APPA_2314433,tAAEvents,APPA_tAAEvents.csv,3265,Plot_Event;Plot_Code;Event_Date;Project_Area;Surveyors;Field_X;Field_Y;GPS_Error;Satellites;UTM_Zone;X_NAD83z18N;Y_NAD83z18N;Plot_Shape;Plot_Radius;Plot_Width;Plot_Length;Observation_pt;Provisional_Community;NVC_Elcode;Representativeness;Stand_Size;Environmental_Comments;Plot_Photos;Bedrock;Large_Rocks;Small_Rocks;Sand;Litter;Wood;Standing_Dead;Water;Bare;Other;Other_describe;Leaf_Type;Leaf_Phenology;Physio_Class;T1_Hgt;T2_Hgt;T3_Hgt;S1_Hgt;S2_Hgt;S3_Hgt;H_Hgt;N_Hgt;V_Hgt;A1_Hgt;A2_Hgt;E_Hgt;T1_Cover;T2_Cover;T3_Cover;S1_Cover;S2_Cover;S3_Cover;H_Cover;N_Cover;V_Cover;A1_Cover;A2_Cover;E_Cover;All_Cover;Primary_Code;Secondary_Code;Office_Code;General_Comments;AA_Analysis_Note;Plot_Update;Plot_User
APPA_2314433,tAAEventsSpp_List,APPA_tAAEventsSpp_List.csv,88205,Plot_Event;Spp_Code;Sci_Name;ComName;Family;Stratum;Cover_Code;Real_Cover
APPA_2314433,tConnect,APPA_tConnect.csv,1,Connect_db
APPA_2314433,tGlobal,APPA_tGlobal.csv,2,User_Count;User_Name;User_Email;Last_Modified
APPA_2314433,tPhotos,APPA_tPhotos.csv,2134,Photo_ID;Plot_Code;Photo_Date;Photo_Type;Photo_Bearing;Photo_Descript;Photographer;Camera_or_Roll;File_Name
APPA_2314433,tPlotEventSpecies,APPA_tPlotEventSpecies.csv,43010,Plot_Event;Stratum;Spp_Code;Cover_Code;Real_Cover;Within_Plot;Spp_Update;Spp_User;Taxon_Code
APPA_2314433,tPlotEventSpp_List,APPA_tPlotEventSpp_List.csv,43010,Plot_Event;Spp_Code;Sci_Name;ComName;Family;Stratum;Cover_Code;Real_Cover
APPA_2314433,tPlotEvents,APPA_tPlotEvents.csv,1618,Plot_Event;Plot_Code;Event_Date;Surveyors;Field_X;Field_Y;GPS_Error;Satellites;X_NAD83z18N;Y_NAD83z18N;UTM_Zone;Plot_Shape;Plot_Radius;Plot_Width;Plot_Length;Observation_pt;Provisional_Community;NVC_Elcode;Representativeness;Stand_Size;Environmental_Comments;Plot_Photos;Bedrock;Large_Rocks;Small_Rocks;Sand;Litter;Wood;Standing_Dead;Water;Bare;Other;Other_describe;Leaf_Type;Leaf_Phenology;Physio_Class;T1_Hgt;T2_Hgt;T3_Hgt;S1_Hgt;S2_Hgt;S3_Hgt;H_Hgt;N_Hgt;V_Hgt;A1_Hgt;A2_Hgt;E_Hgt;T1_Cover;T2_Cover;T3_Cover;S1_Cover;S2_Cover;S3_Cover;H_Cover;N_Cover;V_Cover;A1_Cover;A2_Cover;E_Cover;All_Cover;Primary_Code;Secondary_Code;Classified_Code;General_Comments;Plot_Update;Plot_User
APPA_2314433,tPlots,APPA_tPlots.csv,1618,Plot_Code;Project_Name;Plot_Directions;State;Land_Owner;Elevation;Elev_Units;Slope_Cat;Slope_Degrees;Aspect_Cat;Aspect_Degrees;Topo_Position;Landform;Surficial_Geology;Cowardin_System;Hydro_Regime;Hydrology_Evidence;Landscape_Comments;Soil_Texture;Soil_Drainage;AA_Plot
APPA_2314433,tProcessSteps,APPA_tProcessSteps.csv,1,Project_Name;Process_Step;Process_Date;Process_Person;Process_Notes
APPA_2314433,tProjectMetadata,APPA_tProjectMetadata.csv,1,Project_Name;Park_Code;Project_Contact;Coordinate_System;Datum;Coordinate_Method;GPS_Filename;GPS_Unit;Sampling_Method;Calculation_Method;PseudoSpecies;Taxon_Reference_Source;Project_Comments;T1_DefHgt;T2_DefHgt;T3_DefHgt;S1_DefHgt;S2_DefHgt;S3_DefHgt;H_DefHgt;N_DefHgt;V_DefHgt;A1_DefHgt;A2_DefHgt;E_DefHgt;Date_Created;dbVersion
APPA_2314433,tSpecies,APPA_tSpecies.csv,2116,Spp_Code;Field_Name;Sensitive_Spp;Taxon_Reference;PLANTS_Symbol;Taxon_XField
APPA_2314433,tValidationEvents,APPA_tValidationEvents.csv,269,Validation_Site;Date;Project_Name;Project_Area;Primary_Observer;Assisting_Observer;Accuracy_Unit;Photos;X_Easting;Y_Northing;UTM_Zone;X_NAD83z18N;Y_NAD83z18N;Datum;GPS_Offset_Explanation;Primary_Call;ID_Problem;Secondary_Call;ID_Problem_Explanation;Absolute_Tree_Cover;Tree_Sp_1;Tree_Sp1_Value;Tree_Sp_2;Tree_Sp2_Value;Tree_Sp_3;Tree_Sp3_Value;Tree_Sp_4;Tree_Sp4_Value;Tree_Sp_5;Tree_Sp5_Value;Absolute_Shrub_Cover;Shrub_Sp_1;Shrub_Sp1_Value;Shrub_Sp_2;Shrub_Sp2_Value;Shrub_Sp_3;Shrub_Sp3_Value;Shrub_Sp_4;Shrub_Sp4_Value;Shrub_Sp_5;Shrub_Sp5_Value;Absolute_Herb_Cover;Herb_Sp_1;Herb_Sp1_Value;Herb_Sp_2;Herb_Sp2_Value;Herb_Sp_3;Herb_Sp3_Value;Herb_Sp_4;Herb_Sp4_Value;Herb_Sp_5;Herb_Sp5_Value;Other_Comments
APPA_2314433,tVerificationEvents,APPA_tVerificationEvents.csv,289,Verification_Site;Project_Name;Surveyors;Date;Project_Area;General_Location;State;X_Easting;Y_Northing;UTM_Zone;Datum;X_NAD83z18N;Y_NAD83z18N;Elevation;Elevation_Unit;Accuracy;Accuracy_Unit;Ground_Photos;NVC_Elcode;Alt_NVC_Elcode;Classification_Confidence;Key_Integrity;Key_Integrity_Explanation;Map_Class_Version_During_Verification;Classification_Location_Field_Agreement;Validation_of_Vegetation_Mapping_Explanation;Additional.Comments
APPA_2314433,xConcept_Reference_lu,APPA_xConcept_Reference_lu.csv,102,Taxon_Reference_Source
APPA_2314433,xCoverClass_lu,APPA_xCoverClass_lu.csv,11,Cover_Class;Range;MidPoint
APPA_2314433,xHeight_Class_lu,APPA_xHeight_Class_lu.csv,9,Height_Class;Sort_Order;Max_Val
APPA_2314433,xHydro_Regime_lu,APPA_xHydro_Regime_lu.csv,14,Hydro_Regime;Hydro_Definitions
APPA_2314433,xLandform_lu,APPA_xLandform_lu.csv,204,Landform;Lndfrm_Definition;Include_Rec
APPA_2314433,xLeaf_Phenology_lu,APPA_xLeaf_Phenology_lu.csv,7,Leaf_Phenology;SortOrder
APPA_2314433,xLeaf_Type_lu,APPA_xLeaf_Type_lu.csv,8,Leaf_Type;SortOrder
APPA_2314433,xMapUnit_lu,APPA_xMapUnit_lu.csv,0,MapUnit_Code;MapUnit
APPA_2314433,xParks_lu,APPA_xParks_lu.csv,278,Park_Code;Park_Name;State;Include_Rec
APPA_2314433,xPhysio_Class_lu,APPA_xPhysio_Class_lu.csv,8,Physio_Class;Physio_Definition;SortOrder
APPA_2314433,xSoil_Drainage_lu,APPA_xSoil_Drainage_lu.csv,6,Soil_Drainage;SortOrder
APPA_2314433,xSoil_Texture_lu,APPA_xSoil_Texture_lu.csv,13,Soil_Texture
APPA_2314433,xState_lu,APPA_xState_lu.csv,59,State_Code;State_Name;Include_Rec
APPA_2314433,xStratum_lu,APPA_xStratum_lu.csv,13,Stratum;Descript;SortOrder
APPA_2314433,xSurficial_Geology_lu,APPA_xSurficial_Geology_lu.csv,33,Surficial_Geology;Category;Include_Rec
APPA_2314433,xTopo_Position_lu,APPA_xTopo_Position_lu.csv,12,Topo_Position;SortOrder;Include_Rec
APPA_2314433,xVegAssociation_lu,APPA_xVegAssociation_lu.csv,6986,NVC_Elcode;Classified.Community.Name;Canada;East;Midwest;Southeast;West;Include_Rec
ARCH_2314435,Qry_GIS_veg,ARCH_Qry_GIS_veg.csv,589,PlotCode;Waypoint;PlotID;SiteName;ProvCommunityName;AerialPhotoNo;UTM.Error;Surveyors;BPUCode
ARCH_2314435,c_slgI,ARCH_c_slgI.csv,9125,PlotCode;UTMEasting;UTMNorthing;PlotID;SurveyDate;PlotLength;PlotAzimuth;PlotWidth;PlotDiam;PlotRepresentation;PlotShape;VegetationID;ProvCommunityName;Alliance;Associations;Physiognom;EmergHt;EmergCovTot;CanHt;CanCovTot;SubHt;SubCovTot;TallShHt;TallShCovTot;ShrubHt;ShrubCovTot;DwarfHt;DwarfCovTot;HerbHt;HerbCovTot;GramHt;GramCovTot;ForbHt;ForbCovTot;FernHt;FernCovTot;SeedlHt;SeedlCovTot;NonvasHt;NonvasCovTot;VineHt;VineTotCov;EpiHt;EpiTotCov
ARCH_2314435,h_piii_remoteclass_slgi,ARCH_h_piii_remoteclass_slgi.csv,9125,PlotCode;UTMEasting;UTMNorthing;PlotID;SurveyDate;PlotLength;PlotAzimuth;PlotWidth;PlotDiam;PlotRepresentation;PlotShape;VegetationID;ProvCommunityName;Alliance;Associations;Physiognom;EmergHt;EmergCovTot;CanHt;CanCovTot;SubHt;SubCovTot;TallShHt;TallShCovTot;ShrubHt;ShrubCovTot;DwarfHt;DwarfCovTot;HerbHt;HerbCovTot;GramHt;GramCovTot;ForbHt;ForbCovTot;FernHt;FernCovTot;SeedlHt;SeedlCovTot;NonvasHt;NonvasCovTot;VineHt;VineTotCov;EpiHt;EpiTotCov
ARCH_2314435,qryTallyPlantSpecies,ARCH_qryTallyPlantSpecies.csv,356,TSN;FamilyName;LatinName;Authority;FullName;CountOfTSN
ARCH_2314435,slgI,ARCH_slgI.csv,9125,PlotCode;UTMEasting;UTMNorthing;PlotID;SurveyDate;PlotLength;PlotAzimuth;PlotWidth;PlotDiam;PlotRepresentation;PlotShape;VegetationID;ProvCommunityName;Alliance;Associations;Physiognom;EmergHt;EmergCovTot;CanHt;CanCovTot;SubHt;SubCovTot;TallShHt;TallShCovTot;ShrubHt;ShrubCovTot;DwarfHt;DwarfCovTot;HerbHt;HerbCovTot;GramHt;GramCovTot;ForbHt;ForbCovTot;FernHt;FernCovTot;SeedlHt;SeedlCovTot;NonvasHt;NonvasCovTot;VineHt;VineTotCov;EpiHt;EpiTotCov
ARCH_2314435,slgII,ARCH_slgII.csv,9125,PlotID;PlotCode;SurveyDate;PlotLength;PlotAzimuth;PlotWidth;PlotDiam;PlotRepresentation;PlotShape;UTMEasting;UTMNorthing;VegetationID;ProvCommunityName;Alliance;Associations;Physiognom;Stratum;TSN;CoverClass
ARCH_2314435,slgnames,ARCH_slgnames.csv,589,PlotID;PlotCode;PlotShape;ProvCommunityName
ARCH_2314435,tblAADetails,ARCH_tblAADetails.csv,784,AAID;AACode;SurveyDate;Surveyors;CameraUsed
ARCH_2314435,tblAAEnvironment,ARCH_tblAAEnvironment.csv,784,EnvironmentID;AAID;Slope;Aspect;TopoPosition;Elevation;ElevSource;EnvironmentalComments;Geology;BareSoil;Bedrock;Sand;Moss;Other;OtherPctDesc;Litter;Rocks;Lichen;Gravel;LiveVegLitter;LiveVegWood;Wood;LichenRocks;LichenGround;DarkCyanobacteria;Water
ARCH_2314435,tblAAEnvironmentDetails,ARCH_tblAAEnvironmentDetails.csv,922,EnvDetailID;EnvironmentID;Landform
ARCH_2314435,tblAALocation,ARCH_tblAALocation.csv,784,AACode;SiteName;USGSQuad;State;County;ParkCode;GPSFileName;GPSUnit;UTMEasting;UTMNorthing;UTMZone;DiffCorrected;Datum;PDOP;UTM.Error;InPark;GPSComments;RepresentPWP;RepresentATD;ClassificationComments;PlotShape
ARCH_2314435,tblAAPhotos,ARCH_tblAAPhotos.csv,885,PhotoID;AAID;PhotoType;PhotoRoll;PhotoFrame;PhotoOther;Photographer;PhotoComments;NCPNImageFileID
ARCH_2314435,tblAAVegAssociation,ARCH_tblAAVegAssociation.csv,1207,VegAssocID;AAID;VegAssocCode;FieldKey;NewName;Post_Field_Name;VegAssocRank;OtherAssocCode
ARCH_2314435,tblAAVegetation,ARCH_tblAAVegetation.csv,784,VegetationID;AAID;ProvCommunityName;Alliance;Associations;Phenology;LeafType;LeafTypeComments;Physiognom;EmergHt;EmergCovTot;EmergCovPercent;CanHt;CanCovTot;CanCovPercent;SubHt;SubCovTot;SubCovPercent;TallShHt;TallShCovTot;TallShCovPercent;ShrubHt;ShrubCovTot;ShrubCovPercent;DwarfHt;DwarfCovTot;DwarfCovPercent;HTotalHt;HTotalCover;HTotalCoverPercent;H4Ht;H4Cover;H4CoverPercent;NonvasHt;NonvasCovTot;NonvasCovPercent;VineHt;VineTotCov;VineTotPercent;EpiHt;EpiTotCov;EpiTotPercent;PlantSpeciesComments;MultipleAssoc
ARCH_2314435,tblAAVegetationDetails,ARCH_tblAAVegetationDetails.csv,6276,VegDetailID;VegetationID;Stratum;TSN;Species;CoverClass;CoverPct;Diagnostic;Dead
ARCH_2314435,tblDataMgmtLog,ARCH_tblDataMgmtLog.csv,24,ActionDate;ActionMonth;ActionYear;Action;Who
ARCH_2314435,tblEnvironment,ARCH_tblEnvironment.csv,589,EnvironmentID;PlotID;Elevation;Slope;Aspect;TopoPosition;Geology;CowardinSystem;Hydrology;EnvironmentalComments;BareSoil;Bedrock;Sand;Moss;Other;OtherPctDesc;Litter;Rocks;Lichen;Wood;Gravel;Water;Cryptogam;SoilTexture;SoilDrainage;AnimalUseComments;DisturbanceComments;OtherComments;LandscapeComments;SoilTaxonDesc;LiveVegLitter;LiveVegWood;LichenRocks;LichenGround;DarkCyanobacteria;TotalPct
ARCH_2314435,tblEnvironmentDetails,ARCH_tblEnvironmentDetails.csv,691,EnvDetailID;EnvironmentID;Landform
ARCH_2314435,tblFinalAssociationNamesAA,ARCH_tblFinalAssociationNamesAA.csv,1203,AACode;ELC_Code;VegAssocName;VegAssocRank
ARCH_2314435,tblFinalAssociationNamesPlots,ARCH_tblFinalAssociationNamesPlots.csv,589,PlotCode;ELC_Code;Association_Name
ARCH_2314435,tblFuels,ARCH_tblFuels.csv,334,FuelsID;PlotID;PPDFPhotoGuide;PJPhotoGuide;SBPhotoGuide;PJAgeClass;LitterOrigin;LitterNorth;LitterEast;LitterSouth;LitterWest;DuffOrigin;DuffNorth;DuffEast;DuffSouth;DuffWest;IsSubplot
ARCH_2314435,tblFuelsDetails,ARCH_tblFuelsDetails.csv,552,FuelsDetailID;FuelsID;StemCount;StemDiameter;TSN;WoodlandCrownWidth;WoodlandCrownHeight;ForestCrownBaseHeight;ForestCrownHeight;CrownRatio;StructureStage;Comments
ARCH_2314435,tblGeneralPhotos,ARCH_tblGeneralPhotos.csv,0,GenPhotoID;GenPhotoParkCode;GenPhotoDate;GenPhotographer;GenPhotoDesc;GenPhotoUTME;GenPhotoUTMN;GenUTMZone;GenPhotoRoll10;GenPhotoFrame;GenPhotoDigFile;GenPhotoComments
ARCH_2314435,tblGeneralSpecimens,ARCH_tblGeneralSpecimens.csv,43,GenSpecimenID;GenSpecFamily;GenSpecLatinName;GenSpecCollector;GenSpecCollectNum;GenSpecAccNumber;GenSpecCatNumber;GenSpecDate;GenSpecUTMN;GenSpecUTME;GenSpecCounty;GenSpecElev;GenSpecLocality;GenSpecHabitat;GenSpecAssocSpec;GenSpecComments
ARCH_2314435,tblNCPNPlants,ARCH_tblNCPNPlants.csv,5557,TSN;FamilyName;LatinName;Authority;Synonym;CommonName;Exotic;Sensitive;GrowthHabit;PLANTSCode;FullName
ARCH_2314435,tblPhotos,ARCH_tblPhotos.csv,1279,PhotoID;PlotID;PhotoType;PhotoRoll;PhotoFrame;PhotoOther;Photographer;PhotoComments;NCPNImageFileID
ARCH_2314435,tblPlotDetails,ARCH_tblPlotDetails.csv,589,PlotID;PlotCode;SurveyDate;Surveyors;PlotLength;PlotAzimuth;PlotWidth;PlotDiam;PlotHasPhotos;PlotRepresentation;PlotShape
ARCH_2314435,tblPlotLocation,ARCH_tblPlotLocation.csv,589,PlotCode;BPUCode;State;ParkCode;SiteName;USGSQuad;AerialPhotoNo;Waypoint;UTMEasting;UTMNorthing;Datum;UTMZone;UTM.Error;DiffCorrected;DirectionsToPlot;County;GPSUnit;GPSComments;InPark;IsObservationPt
ARCH_2314435,tblVegetation,ARCH_tblVegetation.csv,589,VegetationID;PlotID;ProvCommunityName;FinalNVCName;Alliance;Associations;Phenology;LeafType;LeafTypeComments;Physiognom;EmergHt;EmergCovTot;CanHt;CanCovTot;SubHt;SubCovTot;TallShHt;TallShCovTot;ShrubHt;ShrubCovTot;DwarfHt;DwarfCovTot;HerbHt;HerbCovTot;GramHt;GramCovTot;ForbHt;ForbCovTot;FernHt;FernCovTot;SeedlHt;SeedlCovTot;NonvasHt;NonvasCovTot;VineHt;VineTotCov;EpiHt;EpiTotCov
ARCH_2314435,tblVegetationDetails,ARCH_tblVegetationDetails.csv,9125,VegDetailID;VegetationID;Stratum;TSN;Species;CoverClass;SpecimenCollected;CollectedBy;SpecimenNumber;NPSAccessionNumber;NPSCatalogNumber;Diagnostic;SpecimenLocality;SpecimenHabitat;SpecimenAssocSpecies;SpecimenComments
ARCH_2314435,tbl_Final_Classification,ARCH_tbl_Final_Classification.csv,589,ID;PlotCode;Final.NVC.Name
ARCH_2314435,tlkpAAVegAssocRanks,ARCH_tlkpAAVegAssocRanks.csv,3,VegAssocRank
ARCH_2314435,tlkpAAVegAssociation,ARCH_tlkpAAVegAssociation.csv,160,VegAssocCode;VegAssocName
ARCH_2314435,tlkpAlliances,ARCH_tlkpAlliances.csv,46,Alliance
ARCH_2314435,tlkpAssociations,ARCH_tlkpAssociations.csv,73,Associations
ARCH_2314435,tlkpCamera,ARCH_tlkpCamera.csv,3,CameraType;CameraComments
ARCH_2314435,tlkpCover,ARCH_tlkpCover.csv,12,CoverClass;CoverClassPercent
ARCH_2314435,tlkpCoverAA,ARCH_tlkpCoverAA.csv,14,CoverClass
ARCH_2314435,tlkpCowardin,ARCH_tlkpCowardin.csv,4,CowardinSystem
ARCH_2314435,tlkpGeology,ARCH_tlkpGeology.csv,30,Geology
ARCH_2314435,tlkpHeightClass,ARCH_tlkpHeightClass.csv,10,HeightClass;HeightClassRange
ARCH_2314435,tlkpHydrology,ARCH_tlkpHydrology.csv,7,Hydrology
ARCH_2314435,tlkpLandform,ARCH_tlkpLandform.csv,120,Landform
ARCH_2314435,tlkpLeafPhen,ARCH_tlkpLeafPhen.csv,5,Phenology
ARCH_2314435,tlkpLeafType,ARCH_tlkpLeafType.csv,9,LeafType
ARCH_2314435,tlkpPJAge,ARCH_tlkpPJAge.csv,5,PJAgeClass;PJAgeDescription
ARCH_2314435,tlkpParks,ARCH_tlkpParks.csv,16,ParkCode;ParkName
ARCH_2314435,tlkpPhotoComments,ARCH_tlkpPhotoComments.csv,4,PhotoComments
ARCH_2314435,tlkpPhotoTypes,ARCH_tlkpPhotoTypes.csv,6,PhotoType
ARCH_2314435,tlkpPhotographer,ARCH_tlkpPhotographer.csv,6,Photographer
ARCH_2314435,tlkpPhysiogClass,ARCH_tlkpPhysiogClass.csv,10,Physiognom
ARCH_2314435,tlkpPlotShapes,ARCH_tlkpPlotShapes.csv,8,PlotShape
ARCH_2314435,tlkpSoilDrainage,ARCH_tlkpSoilDrainage.csv,6,SoilDrainage
ARCH_2314435,tlkpSoilTexture,ARCH_tlkpSoilTexture.csv,19,SoilTexture
ARCH_2314435,tlkpStates,ARCH_tlkpStates.csv,52,StateCode;StateName
ARCH_2314435,tlkpStrata,ARCH_tlkpStrata.csv,14,Stratum;StratumDefinition
ARCH_2314435,tlkpStructureStages,ARCH_tlkpStructureStages.csv,4,StructureStage
ARCH_2314435,tlkpSurveyors,ARCH_tlkpSurveyors.csv,15,SurveyorName
ARCH_2314435,tlkpTopography,ARCH_tlkpTopography.csv,31,TopoPosition
ARCH_2314435,tlkpUSGS_Quad,ARCH_tlkpUSGS_Quad.csv,41,USGSQuad;USGSQuadCode
ARCH_2314435,tlkpUTMZone,ARCH_tlkpUTMZone.csv,1,UTMZone
ARCH_2314435,zFieldWidths,ARCH_zFieldWidths.csv,19,FieldWidth;FieldWidthDescription
ARCH_2314435,zLookupFields,ARCH_zLookupFields.csv,29,TableName;SortOrder;FieldName;FieldLabel;FieldWidth;ControlType;RowSource;ColumnCount;ColumnWidths
ARCH_2314435,zLookupTables,ARCH_zLookupTables.csv,25,TableName;ListName;Description
ARPO_2314437,tAA,ARPO_tAA.csv,68,AA_Code;Project_Name;Slope_Cat;Slope_Degrees;Aspect_Cat;Aspect_Degrees;Elevation;Elev_Units
ARPO_2314437,tAAEvents,ARPO_tAAEvents.csv,68,AA_Event;AA_Code;Event_Date;Surveyors;Field_X;Field_Y;GPS_Error;Satellites;UTM_Zone;AA_plotsize;AA_plotshape;Primary_Code;Secondary_Code;Classified_Code;AA_Photos;General_Comments;AA_Update;AA_User
ARPO_2314437,tAA_tPlots,ARPO_tAA_tPlots.csv,181,Plot_Code;Project_Name;Plot_Directions;State;Land_Owner;Elevation;Elev_Units;Slope_Cat;Slope_Degrees;Aspect_Cat;Aspect_Degrees;Topo_Position;Landform;Surficial_Geology;Cowardin_System;Hydro_Regime;Hydrology_Evidence;Landscape_Comments;Soil_Texture;Soil_Drainage;Sensitive_Data;Public_X;Public_Y;Dist_XY;Public_Elev;Dist_Elev
ARPO_2314437,tConnect,ARPO_tConnect.csv,1,Connect_db
ARPO_2314437,tGlobal,ARPO_tGlobal.csv,97,User_Count;User_Name;User_Email;Last_Modified
ARPO_2314437,tPhotos,ARPO_tPhotos.csv,161,Photo_ID;Plot_Code;Photo_Date;Photo_Type;Photo_Bearing;Photo_Descript;Photographer;Camera_or_Roll;File_Name
ARPO_2314437,tPlotEventSpecies,ARPO_tPlotEventSpecies.csv,1334,Plot_Event;Stratum;Spp_Code;Cover_Code;Real_Cover;Within_Plot;Spp_Update;Spp_User
ARPO_2314437,tPlotEvents,ARPO_tPlotEvents.csv,113,Plot_Event;Plot_Code;Event_Date;Surveyors;Field_X;Field_Y;GPS_Error;Satellites;UTM_Zone;Plot_Shape;Plot_Radius;Plot_Width;Plot_Length;Observation_pt;Provisional_Community;NVC_Elcode;Representativeness;Stand_Size;Environmental_Comments;Plot_Photos;Bedrock;Large_Rocks;Small_Rocks;Sand;Litter;Wood;Water;Bare;Other;Other_describe;Leaf_Type;Leaf_Phenology;Physio_Class;T1_Cover;T2_Cover;T3_Cover;S1_Cover;S2_Cover;S3_Cover;H_Cover;N_Cover;General_Comments;Plot_Update;Plot_User
ARPO_2314437,tPlots,ARPO_tPlots.csv,113,Plot_Code;Project_Name;Plot_Directions;State;Land_Owner;Elevation;Elev_Units;Slope_Cat;Slope_Degrees;Aspect_Cat;Aspect_Degrees;Topo_Position;Landform;Surficial_Geology;Cowardin_System;Hydro_Regime;Hydrology_Evidence;Landscape_Comments;Soil_Texture;Soil_Drainage;Sensitive_Data;Public_X;Public_Y;Dist_XY;Public_Elev;Dist_Elev
ARPO_2314437,tProjectMetadata,ARPO_tProjectMetadata.csv,1,Project_Name;Park_Code;Project_Contact;Coordinate_System;Datum;Coordinate_Method;GPS_Filename;GPS_Unit;Sampling_Method;Calculation_Method;Key_Nomenclature_Source;Project_Comments;T1_Hgt;T2_Hgt;T3_Hgt;S1_Hgt;S2_Hgt;S3_Hgt;H_Hgt;N_Hgt;V_Hgt;Date_Created
ARPO_2314437,tSpecies,ARPO_tSpecies.csv,241,Spp_Code;Field_Name;Concept_Reference;PLANTS_Symbol
ARPO_2314437,xConcept_Reference_lu,ARPO_xConcept_Reference_lu.csv,102,Key_Nomenclature_Source
ARPO_2314437,xCoverClass_lu,ARPO_xCoverClass_lu.csv,7,Cover_Class;Range;MidPoint
ARPO_2314437,xHeight_Class_lu,ARPO_xHeight_Class_lu.csv,12,Height_Class;Sort_Order
ARPO_2314437,xHydro_Regime_lu,ARPO_xHydro_Regime_lu.csv,14,Hydro_Regime;Hydro_Definitions
ARPO_2314437,xLandform_lu,ARPO_xLandform_lu.csv,204,Landform;Lndfrm_Definition;Include_Rec
ARPO_2314437,xLeaf_Phenology_lu,ARPO_xLeaf_Phenology_lu.csv,7,Leaf_Phenology;SortOrder
ARPO_2314437,xLeaf_Type_lu,ARPO_xLeaf_Type_lu.csv,7,Leaf_Type;SortOrder
ARPO_2314437,xMapUnit_lu,ARPO_xMapUnit_lu.csv,11,MapUnit_Code;MapUnit
ARPO_2314437,xParks_lu,ARPO_xParks_lu.csv,278,Park_Code;Park_Name;State;Include_Rec
ARPO_2314437,xPhysio_Class_lu,ARPO_xPhysio_Class_lu.csv,7,Physio_Class;Physio_Definition;SortOrder
ARPO_2314437,xSoil_Drainage_lu,ARPO_xSoil_Drainage_lu.csv,6,Soil_Drainage;SortOrder
ARPO_2314437,xSoil_Texture_lu,ARPO_xSoil_Texture_lu.csv,13,Soil_Texture
ARPO_2314437,xState_lu,ARPO_xState_lu.csv,59,State_Code;State_Name;Include_Rec
ARPO_2314437,xStratum_lu,ARPO_xStratum_lu.csv,13,Stratum;Descript;SortOrder
ARPO_2314437,xSurficial_Geology_lu,ARPO_xSurficial_Geology_lu.csv,33,Surficial_Geology;Category;Include_Rec
ARPO_2314437,xTopo_Position_lu,ARPO_xTopo_Position_lu.csv,12,Topo_Position;SortOrder;Include_Rec
ARPO_2314437,xVegAssociation_lu,ARPO_xVegAssociation_lu.csv,7412,NVC_Elcode;NVC_Association;Canada;East;Midwest;Southeast;West;Include_Rec
ASIS_2314461,1993veg_map_nps_FROM_FH_POINTS,ASIS_1993veg_map_nps_FROM_FH_POINTS.csv,6734,AREA;PERIMETER;ATTRIBUTE;PolygonID;Local_Name;Form_Code;Form_Name;Allia_Code;Allian_Sci;Allian_Eng;Assoc_Code;Assoc_Sci;Assoc_Eng;Local_2Nam;Form_2code;Allia_2cod;Allian_2sc;Allian_2En;assoc_2sci;Assoc_2Eng;Form_2Nam;Assoc_2cod;Cowardin
ASIS_2314461,AA_Observations,ASIS_AA_Observations.csv,455,"AA.Obs.Code;County;Air.Photo.Number;Polygon.Code;Polygon.Size;Primary.Community.Name;Secondary.Community.Name;Classified.Community.Name;NVC.ELCODE;EONum.Suffix;Location.Code;Sublocation;Sublocation2;Quad.Name;Quad.Code;Coord.System;GPS.File;GPS.Techniques;Field.UTM.X;Field.UTM.Y;Corrected.UTM.X;Corrected.UTM.Y;UTM.Zone;GPS.Datum;GPS.Accuracy;Field.Lat;Field.Long;Corrected.Lat;Corrected.Long;Survey.Date;Surveyors;Elevation;Elevation.Units;Slope;Precise.Slope;Aspect;Precise.Aspect;Topo.Position;Landform;Surficial.Geology;Cowardin.System;Hydro.Regime;Salinity/Halinity;Hydrology.Evidence;Environmental.Comments;Landscape.Comments;%.Bedrock;%.Large.Rocks;%.Small.Rocks;%.Sand;%.Litter,.Duff;%.Wood;%.Water;%.Bare.Soil;%.Other;%.Other.Description;Leaf.Phenology;Leaf.Type;Physio.Class;T1.Hgt;T1.Cover;T2.Hgt;T2.Cover;T3.Hgt;T3.Cover;S1.Hgt;S1.Cover;S2.Hgt;S2.Cover;S3.Hgt;S3.Cover;H.Hgt;H.Cover;N.Hgt;N.Cover;V.Hgt;V.Cover;E.Hgt;E.Cover;Other.Measure1.Defined;Other.Measure2.Defined;Polygon.Heterogeneity.Comments;Classification.Comments;Disturbance.Comments;Other.Comments;Update;User;Species.Counter;Optional.Fields.Defined;Opt1;Opt2;Opt3;Opt4;Opt5"
ASIS_2314461,AA_Observations_Coordinates,ASIS_AA_Observations_Coordinates.csv,458,IDENT;AA.Obs.Code;LAT;LONG;Y_PROJ;X_PROJ
ASIS_2314461,AA_Species,ASIS_AA_Species.csv,2866,AA.Obs.Code;AA.Species.Counter;Plant.Symbol;Common.Name;Scientific.Name;Family;Specimen.Number;Source;Used.PLANTS;Stratum;Stratum.Sort;Diagnostic;Range.Cover;Other.Measure1;Real.Cover;Other.Measure2;Update;ID;User
ASIS_2314461,ASIS_positional_AA_pts,ASIS_ASIS_positional_AA_pts.csv,105,Point_ID;UTM_X;UTM_Y;OBSERVER;ERROR__MET
ASIS_2314461,ASIS_veg_AA_2009,ASIS_ASIS_veg_AA_2009.csv,464,TYPE;IDENT;LAT;LONG;Y_PROJ;X_PROJ;COMMENT;checked;Fld_ID_1;Fld_ID_2;Fld_ID_3;Adjacent;Comments;MAPPED
ASIS_2314461,ASIS_veg_plots_1994,ASIS_ASIS_veg_plots_1994.csv,100,Id;PLOT_CODE;NVC_CODE;ASSOC_NAME
ASIS_2314461,Find_duplicates_for_1993veg_map_nps_FROM_FH_POINTS,ASIS_Find_duplicates_for_1993veg_map_nps_FROM_FH_POINTS.csv,0,PolygonID.Field;NumberOfDups
ASIS_2314461,Find_duplicates_for_AA_Observations__GPS,ASIS_Find_duplicates_for_AA_Observations__GPS.csv,2,GPS.File;AA.Obs.Code
ASIS_2314461,Find_duplicates_for_ASIS_positional_AA_pts,ASIS_Find_duplicates_for_ASIS_positional_AA_pts.csv,0,Point_ID.Field;NumberOfDups
ASIS_2314461,Find_duplicates_for_ASIS_veg_AA_2009,ASIS_Find_duplicates_for_ASIS_veg_AA_2009.csv,0,IDENT.Field;NumberOfDups
ASIS_2314461,Find_duplicates_for_Plot_Code,ASIS_Find_duplicates_for_Plot_Code.csv,0,Plot.Code;Location.Code;Survey.Date
ASIS_2314461,Geology_Classes,ASIS_Geology_Classes.csv,33,Sort.order;Designation;Exemplars/Qualifiers
ASIS_2314461,Jurisdictions,ASIS_Jurisdictions.csv,54,Jurisdiction.Code;Jurisdiction.Name
ASIS_2314461,Locations,ASIS_Locations.csv,260,Location.Code;Location.Name;Jurisdiction.Code;Organization;Plot.Code.Counter;AA.Code.Counter
ASIS_2314461,Plots-Species,ASIS_Plots-Species.csv,1112,Plot.Code;Plot.Species.Counter;Plant.Symbol;Scientific.Name;Common.name;Family;Specimen.Number;Used.PLANTS;Source;Within.Plot;Stratum.Sort;Stratum;Diagnostic;Range.Cover;Real.Cover;Other.Measure1;Other.Measure2;DBH;Update;User
ASIS_2314461,Plots-Species_-_old,ASIS_Plots-Species_-_old.csv,841,Plot.Code;Plot.Species.Counter;Plant.Symbol;Scientific.Name;Common.Name;Family;Specimen.Number;Used.PLANTS;Source;Within.Plot;Stratum.Sort;Stratum;Diagnostic;Range.Cover;Real.Cover;Other.Measure1;Other.Measure2;DBH;Update;User
ASIS_2314461,Plots,ASIS_Plots.csv,114,"Plot.Code;County;SubPlot;SubPlot.Parent.Code;Air.Photo.Number;Polygon.Code;Provisional.Community.Name;Classified.Community.Name;NVC.ELCODE;EONum.Suffix;Location.Code;Sublocation;Sublocation2;Quad.Name;Quad.Code;Coord.System;GPS.File;GPS.Techniques;Field.UTM.X;Field.UTM.Y;Corrected.UTM.X;Corrected.UTM.Y;UTM.Zone;Field.Lat;Field.Long;Corrected.Lat;Corrected.Long;Survey.Date;Surveyors;Plot.Directions;X.Dimension;Y.Dimension;Plot.Shape;Photos;Roll.Number;Frame.Number;Permanent;Representativeness;Elevation;Elevation.Units;GPS.Datum;GPS.Accuracy;Slope;Precise.Slope;Aspect;Precise.Aspect;Topo.Position;Landform;Surficial.Geology;Cowardin.System;Hydro.Regime;Salinity/Halinity;Hydrology.Evidence;Environmental.Comments;Landscape.Comments;Soil.Taxon/Description;Soil.Texture;Soil.Depth;Soil.Depth.Units;Soil.Drainage;%.Bedrock;%.Large.Rocks;%.Small.Rocks;%.Sand;%.Litter,.Duff;%.Wood;%.Water;%.Bare.Soil;%.Other;%.Other.Description;Leaf.Phenology;Leaf.Type;Physio.Class;T1.Hgt;T1.Cover;T2.Hgt;T2.Cover;T3.Hgt;T3.Cover;S1.Hgt;S1.Cover;S2.Hgt;S2.Cover;S3.Hgt;S3.Cover;H.Hgt;H.Cover;N.Hgt;N.Cover;V.Hgt;V.Cover;E.Hgt;E.Cover;Other.Measure1.Defined;Other.Measure2.Defined;Animal.Use.Evidence;Disturbance.Comments;Other.Comments;Update;User;Species.Counter;Optional.Fields.Defined;Opt1;Opt2;Opt3;Opt4;Opt5"
ASIS_2314461,Plots_ExportErrors,ASIS_Plots_ExportErrors.csv,1,Error;Field;Row
ASIS_2314461,Project_Metadata,ASIS_Project_Metadata.csv,1,Name;Description;Start;Stop;Contributor;Plot.Selection.Design;Layout.Narrative;Cover.Method;Placement.Method;Taxon.Observation.Area;Cover.Dispersion;AutoTaxonCover;Stratum.Method;Stratum.Method.Description;Taxonomic.Citation
ASIS_2314461,QRY_CommonName_missing,ASIS_QRY_CommonName_missing.csv,163,Plant.Symbol;Scientific.Name;Common.name;Family
ASIS_2314461,~TMPCLP464031,ASIS_~TMPCLP464031.csv,458,IDENT;AA.Obs.Code;LAT;LONG;Y_PROJ;X_PROJ;COMMENT
ASIS_2314461,~TMPCLP465641,ASIS_~TMPCLP465641.csv,458,IDENT;AA.Obs.Code;LAT;LONG;Y_PROJ;X_PROJ
AZRU_2314464,sp_cov,AZRU_sp_cov.csv,194,PlotCode;PLANTS_Symbol;Field_Name;ComName;Family;ITIS_TSN;Stratum;Spp_Code;PercentCover
AZRU_2314464,sp_cov2,AZRU_sp_cov2.csv,197,PlotCode;PLANTS_Symbol;Field_Name;Stratum;Spp_Code;PercentCover
AZRU_2314464,tblDominants,AZRU_tblDominants.csv,19,DomID;VegetationID;DominantSpecies;Stratum
AZRU_2314464,tblEnvironment,AZRU_tblEnvironment.csv,18,EnvironmentID;PlotID;Elevation;Slope;Aspect;TopoPosition;Landform;Geology;CowardinSystem;Hydrology;EnvironmentalComments;BareSoil;Bedrock;Sand;Moss;Other;OtherPctDesc;Litter;Rocks;Lichen;Wood;Gravel;Water;Cryptogam;SoilTexture;SoilTextDesc;SoilDrainage;AnimalUseComments;DisturbanceComments
AZRU_2314464,tblPhotos,AZRU_tblPhotos.csv,67,PhotoID;PlotID;View;Photo_Name
AZRU_2314464,tblPlotDetails,AZRU_tblPlotDetails.csv,18,PlotID;PlotCode;SurveyDate;Surveyors;PlotLength;PlotAzimuth;PlotWidth;PlotDiam;PlotHasPhotos;PlotRepresentation;PlotRepresentation2;PlotMarker;MarkerLocation
AZRU_2314464,tblPlotLocation,AZRU_tblPlotLocation.csv,18,PlotCode;BPUCode;State;ParkCode;UTMEasting;UTMNorthing;Datum;UTMZone;UTM.Error;DiffCorrected;DirectionsToPlot;GPSUnit;GPSComments;County;USGSQuad;Landowner;ParkSite
AZRU_2314464,tblSpecies,AZRU_tblSpecies.csv,85,Spp_Code;Field_Name;Taxon_Reference;PLANTS_Symbol
AZRU_2314464,tblVegetation,AZRU_tblVegetation.csv,18,VegetationID;PlotID;ProvCommunityName;NVC_Elcode;Phenology;LeafType;ClassificationComments;Physiognom;EmergHt;EmergCovTot;CanHt;CanCovTot;SubHt;SubCovTot;SeedlHt;SeedlCovTot;TallShHt;TallShCovTot;ShortShHt;ShortShCovTot;DwarfShrubHt;DwarfShrubCov;TotHerbHt;TotHerbCov;GramHt;GramCovTot;ForbHt;ForbCovTot;FernHt;FernCovTot;NonVasHt;NonVasCovTot;VineHt;VineCovTot;EpihpyteHt;EpihpyteCovTot
AZRU_2314464,tblVegetationDetails,AZRU_tblVegetationDetails.csv,197,SpTableID;PlotID;VegetationID;Species;PercentCover;Diagnostic;Stratum;Spp_Code
AZRU_2314464,tlkpAssociation,AZRU_tlkpAssociation.csv,8,ID;NVC.Association;Code
AZRU_2314464,tlkpCover,AZRU_tlkpCover.csv,12,CoverClass;CoverClassPercent;Midpoint
AZRU_2314464,tlkpCowardin,AZRU_tlkpCowardin.csv,4,CowardinCode;Cowardin
AZRU_2314464,tlkpGPSUnit,AZRU_tlkpGPSUnit.csv,4,GPSUnit
AZRU_2314464,tlkpGeology,AZRU_tlkpGeology.csv,5,GeoCode;Geology;Geo_FM;Geo_Mbr;Geo_Age;Geo_Lith
AZRU_2314464,tlkpHeightClass,AZRU_tlkpHeightClass.csv,10,HeightClass;HeightClassRange
AZRU_2314464,tlkpHydrology,AZRU_tlkpHydrology.csv,7,HydroCode;Hydrology
AZRU_2314464,tlkpLandform,AZRU_tlkpLandform.csv,75,LFCode;LandForm
AZRU_2314464,tlkpLandowner,AZRU_tlkpLandowner.csv,2,Landowner
AZRU_2314464,tlkpParks,AZRU_tlkpParks.csv,19,ParkCode;ParkName
AZRU_2314464,tlkpSoilDrainage,AZRU_tlkpSoilDrainage.csv,6,SDClass;SDDescription
AZRU_2314464,tlkpSoilTexture,AZRU_tlkpSoilTexture.csv,13,SoilCode;SoilTexture
AZRU_2314464,tlkpStates,AZRU_tlkpStates.csv,4,StateCode;StateName
AZRU_2314464,tlkpSurveyors,AZRU_tlkpSurveyors.csv,9,SurveyorName
AZRU_2314464,tlkpTopography,AZRU_tlkpTopography.csv,12,TopoCode;TopoPosition;TopoDescription
AZRU_2314464,tlkpUSGS_Quad,AZRU_tlkpUSGS_Quad.csv,2,USGSQuad;USGSQuadCode
AZRU_2314464,tlkpUTMZone,AZRU_tlkpUTMZone.csv,3,UTMZone
AZRU_2314464,tlkp_PLANTS,AZRU_tlkp_PLANTS.csv,83,Plants_Symbol;Sci_Name;ComName;SciName_w_Auth;Family;ITIS_TSN
BADL_2314465,sp_cov,BADL_sp_cov.csv,2412,Plot_Event;PLANTS_Symbol;Field_Name;ComName;Family;ITIS_TSN;Stratum;Spp_Code;Within_Plot;Cover_Code;Real_Cover
BADL_2314465,tAA,BADL_tAA.csv,468,AA_Code;Project_Name;Slope_Cat;Slope_Degrees;Aspect_Cat;Aspect_Degrees;Elevation;Elev_Units;Topo_Position
BADL_2314465,tAAEvents,BADL_tAAEvents.csv,468,AA_Event;AA_Code;Event_Date;Surveyors;Field_X;Field_Y;Corrected_UTM_X;Corrected_UTM_Y;GPS_Error;Satellites;UTM_Zone;AA_plotsize;AA_plotshape;Provisional_Community;Primary_Code;Secondary_Code;Classified_Code;Nearby_VegAssoc2;Nearby_VegAssoc3;Major_Species;Classification;AA_Photos;General_Comments;AA_Update;AA_User
BADL_2314465,tConnect,BADL_tConnect.csv,1,Connect_db
BADL_2314465,tGlobal,BADL_tGlobal.csv,7,User_Count;User_Name;User_Email;Last_Modified
BADL_2314465,tPhotos,BADL_tPhotos.csv,0,Photo_ID;Plot_Code;Photo_Date;Photo_Type;Photo_Bearing;Photo_Descript;Photographer;Camera_or_Roll;File_Name
BADL_2314465,tPlotEventSpecies,BADL_tPlotEventSpecies.csv,2412,Plot_Event;Stratum;Spp_Code;Cover_Code;Real_Cover;Within_Plot;Spp_Update;Spp_User
BADL_2314465,tPlotEvents,BADL_tPlotEvents.csv,268,Plot_Event;Plot_Code;Event_Date;Surveyors;Field_X;Field_Y;Corrected_UTM_X;Corrected_UTM_Y;GPS_Error;Satellites;UTM_Zone;Plot_Shape;Plot_Radius;Plot_Width;Plot_Length;Observation_pt;Provisional_Community;NVC_Elcode;Representativeness;Stand_Size;Environmental_Comments;Plot_Photos;Bedrock;Large_Rocks;Small_Rocks;Sand;Litter;Wood;Water;Bare;Other;Other_describe;Leaf_Type;Leaf_Phenology;Physio_Class;T1_Hgt;T2_Hgt;T3_Hgt;S1_Hgt;S2_Hgt;S3_Hgt;H_Hgt;N_Hgt;V_Hgt;A1_Hgt;A2_Hgt;E_Hgt;T1_Cover;T2_Cover;T3_Cover;S1_Cover;S2_Cover;S3_Cover;H_Cover;N_Cover;V_Cover;A1_Cover;A2_Cover;E_Cover;All_Cover;General_Comments;Plot_Update;Plot_User
BADL_2314465,tPlots,BADL_tPlots.csv,268,Plot_Code;Project_Name;Plot_Directions;State;Land_Owner;Elevation;Elev_Units;Slope_Cat;Slope_Degrees;Aspect_Cat;Aspect_Degrees;Topo_Position;Landform;Surficial_Geology;Cowardin_System;Hydro_Regime;Hydrology_Evidence;Landscape_Comments;Soil_Texture;Soil_Drainage;Sensitive_Data;Public_X;Public_Y;Dist_XY;Public_Elev;Dist_Elev
BADL_2314465,tProjectMetadata,BADL_tProjectMetadata.csv,1,Project_Name;Park_Code;Project_Contact;Coordinate_System;Datum;Coordinate_Method;GPS_Filename;GPS_Unit;Sampling_Method;Calculation_Method;Taxon_Reference_Source;Project_Comments;T1_DefHgt;T2_DefHgt;T3_DefHgt;S1_DefHgt;S2_DefHgt;S3_DefHgt;H_DefHgt;N_DefHgt;V_DefHgt;A1_DefHgt;A2_DefHgt;E_DefHgt;Date_Created
BADL_2314465,tSpecies,BADL_tSpecies.csv,276,Spp_Code;Field_Name;Taxon_Reference;PLANTS_Symbol
BADL_2314465,xConcept_Reference_lu,BADL_xConcept_Reference_lu.csv,102,Taxon_Reference_Source
BADL_2314465,xCoverClass_lu,BADL_xCoverClass_lu.csv,6,Cover_Class;Range;MidPoint
BADL_2314465,xHeight_Class_lu,BADL_xHeight_Class_lu.csv,10,Height_Class;Sort_Order;Max_Val
BADL_2314465,xHydro_Regime_lu,BADL_xHydro_Regime_lu.csv,16,Hydro_Regime;Hydro_Definitions
BADL_2314465,xLandform_lu,BADL_xLandform_lu.csv,253,Landform;Lndfrm_Definition;Include_Rec
BADL_2314465,xLeaf_Phenology_lu,BADL_xLeaf_Phenology_lu.csv,11,Leaf_Phenology;SortOrder
BADL_2314465,xLeaf_Type_lu,BADL_xLeaf_Type_lu.csv,10,Leaf_Type;SortOrder
BADL_2314465,xMapUnit_lu,BADL_xMapUnit_lu.csv,23,MapUnit_Code;MapUnit
BADL_2314465,xParks_lu,BADL_xParks_lu.csv,278,Park_Code;Park_Name;State;Include_Rec
BADL_2314465,xPhysio_Class_lu,BADL_xPhysio_Class_lu.csv,9,Physio_Class;Physio_Definition;SortOrder
BADL_2314465,xSoil_Drainage_lu,BADL_xSoil_Drainage_lu.csv,6,Soil_Drainage;SortOrder
BADL_2314465,xSoil_Texture_lu,BADL_xSoil_Texture_lu.csv,13,Soil_Texture
BADL_2314465,xState_lu,BADL_xState_lu.csv,59,State_Code;State_Name;Include_Rec
BADL_2314465,xStratum_lu,BADL_xStratum_lu.csv,13,Stratum;Descript;SortOrder
BADL_2314465,xSurficial_Geology_lu,BADL_xSurficial_Geology_lu.csv,34,Surficial_Geology;Category;Include_Rec
BADL_2314465,xTopo_Position_lu,BADL_xTopo_Position_lu.csv,76,Topo_Position;SortOrder;Include_Rec
BADL_2314465,xVegAssociation_lu,BADL_xVegAssociation_lu.csv,27,NVC_Elcode;NVC_Association;Canada;East;Midwest;Southeast;West;Include_Rec
BAND_2314466,tAA,BAND_tAA.csv,211,AA_Code;NHNM_Plot_ID;Project_Name;Calc_X;Calc_Y;Slope_Cat;Slope_Degrees;Aspect_Cat;Aspect_Degrees;Elevation;Elev_Units;AutoKeyMaker
BAND_2314466,tAAEvents,BAND_tAAEvents.csv,211,AA_Event;AA_Code;NHNM_Plot_ID;Event_Date;Surveyors;Field_X;Field_Y;GPS_Error;UTM_Zone;PMapUnit_Code;SMapUnit_Code;AA_Photos;AA_Update;AA_User
BAND_2314466,tAAPhotos,BAND_tAAPhotos.csv,582,Photo_ID;AA_Code;NHNM_Plot_ID;Photo_Date;Photo_Type;Photo_Bearing;Photo_Descript;Photographer;Camera_or_Roll;File_Name
BAND_2314466,tAASpp,BAND_tAASpp.csv,2727,LifeForm;ACRO1;NM_K_Symbol;Abundance;ID
BAND_2314466,tAAStrata,BAND_tAAStrata.csv,840,AA_Code;AA_Event;NHNM_Plot_ID;StratumCode;EcomonRecID;ID
BAND_2314466,tConnect,BAND_tConnect.csv,1,Connect_db
BAND_2314466,tGlobal,BAND_tGlobal.csv,8,User_Count;User_Name;User_Email;Last_Modified
BAND_2314466,tPhotos,BAND_tPhotos.csv,1416,Photo_ID;Plot_Code;NHNM_Plot_ID;Photo_Date;Photo_Type;Photo_Bearing;Photo_Descript;Photographer;Camera_or_Roll;File_Name
BAND_2314466,tPlotEventSpecies,BAND_tPlotEventSpecies.csv,9927,Plot_Event;Spp_Code;Within_Plot;Total_Plot_Cover;Calculation_Method;Range_Plot_Cover;Real_Plot_Cover;Spp_Update;Spp_User;EcomonRecID
BAND_2314466,tPlotEventSpeciesStratum,BAND_tPlotEventSpeciesStratum.csv,10618,Plot_Event;Spp_Code;Stratum;Diagnostic;Range_Stratum_Cover;Real_Stratum_Cover;EcomonRecID
BAND_2314466,tPlotEvents,BAND_tPlotEvents.csv,711,Plot_Event;Plot_Code;NHNM_Plot_ID;Event_Date;Surveyors;Field_X;Field_Y;GPS_Error;UTM_Zone;Plot_Shape;Plot_Radius;Plot_Width;Plot_Length;Observation_pt;Provisional_Community;NVC_Elcode;Representativeness;Stand_Size;Environmental_Comments;Plot_Photos;Bedrock;Large_Rocks;Small_Rocks;Sand;Litter;Wood;Water;Bare;Other;Other_describe;Leaf_Type;Leaf_Phenology;Physio_Class;T1_Hgt;T1_Cover;T2_Hgt;T2_Cover;T3_Hgt;T3_Cover;S1_Hgt;S1_Cover;S2_Hgt;S2_Cover;H_Hgt;H_Cover;N_Hgt;N_Cover;V_Hgt;V_Cover;Plot_Update;Plot_User;EcomonRecID;NVC_Elcode_Secondary
BAND_2314466,tPlots,BAND_tPlots.csv,711,Plot_Code;NHNM_Plot_ID;Plot_Type;Project_Name;Subproject_Name;Calc_X;Calc_Y;Plot_Directions;Elevation;Elev_Units;Slope_Cat;Slope_Degrees;Aspect_Cat;Aspect_Degrees;Topo_Position;Landform;Surficial_Geology;Cowardin_System;Hydro_Regime;Hydrology_Evidence;Landscape_Comments;Soil_Texture;Soil_Drainage;AutoKeyMaker
BAND_2314466,tProjectMetadata,BAND_tProjectMetadata.csv,1,Project_Name;Parent_Project_Code;Parent_Project_RecID;Park_Code;Coordinate_System;Datum;Coordinate_Method;GPS_Filename;GPS_Unit;Sampling_Method;Key_Nomenclature_Source;Project_Comments;Date_Created;Subproject_Code;Subproject_RecID
BAND_2314466,tSpecies,BAND_tSpecies.csv,604,Spp_Code;Field_Name;Concept_Reference;PLANTS_Symbol;ComName
BAND_2314466,xCoverClass_lu,BAND_xCoverClass_lu.csv,10,Cover_Class;Range;MidPoint
BAND_2314466,xHydro_Regime_lu,BAND_xHydro_Regime_lu.csv,14,Hydro_Regime;Hydro_Definitions
BAND_2314466,xLandform_lu,BAND_xLandform_lu.csv,204,Landform;Lndfrm_Definition;Include_Rec
BAND_2314466,xLeaf_Phenology_lu,BAND_xLeaf_Phenology_lu.csv,7,Leaf_Phenology;SortOrder
BAND_2314466,xLeaf_Type_lu,BAND_xLeaf_Type_lu.csv,8,Leaf_Type;SortOrder
BAND_2314466,xMapUnit_lu,BAND_xMapUnit_lu.csv,64,MapUnit_Code;MapUnit;Parent_Project_Code
BAND_2314466,xParks_lu,BAND_xParks_lu.csv,278,Park_Code;Park_Name;State;Include_Rec
BAND_2314466,xPhysio_Class_lu,BAND_xPhysio_Class_lu.csv,8,Physio_Class;Physio_Definition;SortOrder
BAND_2314466,xSoil_Drainage_lu,BAND_xSoil_Drainage_lu.csv,6,Soil_Drainage;SortOrder
BAND_2314466,xSoil_Texture_lu,BAND_xSoil_Texture_lu.csv,8,Soil_Texture
BAND_2314466,xStratum_lu,BAND_xStratum_lu.csv,8,Stratum;Descript;SortOrder
BAND_2314466,xSurficial_Geology_lu,BAND_xSurficial_Geology_lu.csv,33,Surficial_Geology;Category;Include_Rec
BAND_2314466,xTopo_Position_lu,BAND_xTopo_Position_lu.csv,12,Topo_Position;SortOrder;Include_Rec
BAND_2314466,xVegAssociation_lu,BAND_xVegAssociation_lu.csv,111,NVC_Elcode;NVC_Association;Canada;East;Midwest;Southeast;West;Include_Rec;NML6RecID;NML6Name
BEOL_2314467,plots,BEOL_plots.csv,55,Plot_Code;Provisional_Community;Project_Name;Land_Owner;State;Field_X;Field_Y;UTM_Zone;GPS_Error;Event_Date;Surveyors;Plot_Directions;Plot_Width;Plot_Length;Plot_Shape;Plot_Radius;Plot_Photos;Representativeness;Environmental_Comments;Elevation;Elev_Units;Slope_Degrees;Aspect_Degrees;Topo_Position;Landform;Surficial_Geology;Cowardin_System;Hydro_Regime;Soil_Texture;Soil_Drainage;Bedrock;Large_Rocks;Small_Rocks;Sand;Litter;Wood;Water;Bare;Other;Leaf_Type;Leaf_Phenology;Physio_Class;T1_Cover;T2_Cover;S1_Cover;S2_Cover;H_Cover;N_Cover;General_Comments
BEOL_2314467,sp_cov,BEOL_sp_cov.csv,1344,Plot_Event;PLANTS_Symbol;Field_Name;ComName;Family;Stratum;Spp_Code;Cover_Code;Real_Cover
BEOL_2314467,tAA,BEOL_tAA.csv,219,AA_Code;Project_Name;Slope_Cat;Slope_Degrees;Aspect_Cat;Aspect_Degrees;Elevation;Elev_Units
BEOL_2314467,tAAEvents,BEOL_tAAEvents.csv,219,AA_Event;AA_Code;Event_Date;Surveyors;Field_X;Field_Y;GPS_Error;Satellites;UTM_Zone;AA_plotsize;AA_plotshape;Primary_Code;Secondary_Code;Classified_Code;AA_Photos;General_Comments;AA_Update;AA_User
BEOL_2314467,tConnect,BEOL_tConnect.csv,1,Connect_db
BEOL_2314467,tGlobal,BEOL_tGlobal.csv,3,User_Count;User_Name;User_Email;Last_Modified
BEOL_2314467,tPhotos,BEOL_tPhotos.csv,812,Photo_ID;Plot_Code;Photo_Date;Photo_Type;Photo_Bearing;Photo_Descript;Photographer;Camera_or_Roll;File_Name
BEOL_2314467,tPlotEventSpecies,BEOL_tPlotEventSpecies.csv,1344,Plot_Event;Stratum;Spp_Code;Cover_Code;Real_Cover;Within_Plot;Spp_Update;Spp_User
BEOL_2314467,tPlotEvents,BEOL_tPlotEvents.csv,55,Plot_Event;Plot_Code;Event_Date;Surveyors;Field_X;Field_Y;GPS_Error;Satellites;UTM_Zone;Plot_Shape;Plot_Radius;Plot_Width;Plot_Length;Observation_pt;Provisional_Community;NVC_Elcode;Representativeness;Stand_Size;Environmental_Comments;Plot_Photos;Bedrock;Large_Rocks;Small_Rocks;Sand;Litter;Wood;Water;Bare;Other;Other_describe;Leaf_Type;Leaf_Phenology;Physio_Class;T1_Cover;T2_Cover;T3_Cover;S1_Cover;S2_Cover;S3_Cover;H_Cover;N_Cover;General_Comments;Plot_Update;Plot_User
BEOL_2314467,tPlots,BEOL_tPlots.csv,55,Plot_Code;Project_Name;Plot_Directions;State;Land_Owner;Elevation;Elev_Units;Slope_Cat;Slope_Degrees;Aspect_Cat;Aspect_Degrees;Topo_Position;Landform;Surficial_Geology;Cowardin_System;Hydro_Regime;Hydrology_Evidence;Landscape_Comments;Soil_Texture;Soil_Drainage;Sensitive_Data;Public_X;Public_Y;Dist_XY;Public_Elev;Dist_Elev
BEOL_2314467,tProjectMetadata,BEOL_tProjectMetadata.csv,2,Project_Name;Park_Code;Project_Contact;Coordinate_System;Datum;Coordinate_Method;GPS_Filename;GPS_Unit;Sampling_Method;Calculation_Method;Key_Nomenclature_Source;Project_Comments;T1_Hgt;T2_Hgt;T3_Hgt;S1_Hgt;S2_Hgt;S3_Hgt;H_Hgt;N_Hgt;V_Hgt;Date_Created
BEOL_2314467,tSpecies,BEOL_tSpecies.csv,155,Spp_Code;Field_Name;Concept_Reference;PLANTS_Symbol
BEOL_2314467,tblFuels,BEOL_tblFuels.csv,46,FuelsID;Plot_Code;PlotID;PPDFPhotoGuide;PJPhotoGuide;SBPhotoGuide;PJAgeClass;LitterOrigin;LitterNorth;LitterEast;LitterSouth;LitterWest;DuffOrigin;DuffNorth;DuffEast;DuffSouth;DuffWest;IsSubplot;ShortGrass;ModerateGrass;TallGrass;ShortBrush;ModerateBrush;TallBrush;ShortNeedle;LongNeedle;Deciduous;Jackpots;Unburnable;Other;Comments;SubSampleLength;SubSampleWidth
BEOL_2314467,xConcept_Reference_lu,BEOL_xConcept_Reference_lu.csv,102,Key_Nomenclature_Source
BEOL_2314467,xCoverClass_lu,BEOL_xCoverClass_lu.csv,12,Cover_Class;Range;MidPoint
BEOL_2314467,xHeight_Class_lu,BEOL_xHeight_Class_lu.csv,12,Height_Class;Sort_Order
BEOL_2314467,xHydro_Regime_lu,BEOL_xHydro_Regime_lu.csv,14,Hydro_Regime;Hydro_Definitions
BEOL_2314467,xLandform_lu,BEOL_xLandform_lu.csv,204,Landform;Lndfrm_Definition;Include_Rec
BEOL_2314467,xLeaf_Phenology_lu,BEOL_xLeaf_Phenology_lu.csv,7,Leaf_Phenology;SortOrder
BEOL_2314467,xLeaf_Type_lu,BEOL_xLeaf_Type_lu.csv,8,Leaf_Type;SortOrder
BEOL_2314467,xMapUnit_lu,BEOL_xMapUnit_lu.csv,17,MapUnit_Code;MapUnit
BEOL_2314467,xParks_lu,BEOL_xParks_lu.csv,278,Park_Code;Park_Name;State;Include_Rec
BEOL_2314467,xPhysio_Class_lu,BEOL_xPhysio_Class_lu.csv,8,Physio_Class;Physio_Definition;SortOrder
BEOL_2314467,xSoil_Drainage_lu,BEOL_xSoil_Drainage_lu.csv,6,Soil_Drainage;SortOrder
BEOL_2314467,xSoil_Texture_lu,BEOL_xSoil_Texture_lu.csv,13,Soil_Texture
BEOL_2314467,xState_lu,BEOL_xState_lu.csv,59,State_Code;State_Name;Include_Rec
BEOL_2314467,xStratum_lu,BEOL_xStratum_lu.csv,13,Stratum;Descript;SortOrder
BEOL_2314467,xSurficial_Geology_lu,BEOL_xSurficial_Geology_lu.csv,25,Surficial_Geology;Category;Include_Rec
BEOL_2314467,xTopo_Position_lu,BEOL_xTopo_Position_lu.csv,12,Topo_Position;SortOrder;Include_Rec
BEOL_2314467,xVegAssociation_lu,BEOL_xVegAssociation_lu.csv,13,NVC_Elcode;NVC_Association;Canada;East;Midwest;Southeast;West;Include_Rec
BIBE_2314468,PLOTS_v4_BE_BIBE_tConnect,BIBE_PLOTS_v4_BE_BIBE_tConnect.csv,1,Connect_db
BIBE_2314468,PLOTS_v4_BE_BIBE_tGlobal,BIBE_PLOTS_v4_BE_BIBE_tGlobal.csv,6,User_Count;User_Name;User_Email;Last_Modified
BIBE_2314468,PLOTS_v4_BE_BIBE_tPhotos,BIBE_PLOTS_v4_BE_BIBE_tPhotos.csv,3995,Photo_ID;Plot_Code;Photo_Date;Photo_Type;Photo_Bearing;Photo_Descript;Photographer;Camera_or_Roll;File_Name
BIBE_2314468,PLOTS_v4_BE_BIBE_tPlotEventSpecies,BIBE_PLOTS_v4_BE_BIBE_tPlotEventSpecies.csv,29444,Plot_Event;Stratum;Spp_Code;Cover_Code;Real_Cover;Within_Plot;Spp_Update;Spp_User
BIBE_2314468,PLOTS_v4_BE_BIBE_tPlotEventSpecies_Query,BIBE_PLOTS_v4_BE_BIBE_tPlotEventSpecies_Query.csv,29444,Plot_Event;tSpecies_Spp_Code;Field_Name;Sensitive_Spp;Taxon_Reference;tSpecies_PLANTS_Symbol;xPLANTS_lu_Plants_Symbol;Sci_Name;ComName;SciName_w_Auth;Family;ITIS_TSN;Stratum;tPlotEventSpecies_Spp_Code;Cover_Code;Real_Cover;Within_Plot;Spp_Update;Spp_User
BIBE_2314468,PLOTS_v4_BE_BIBE_tPlotEvents,BIBE_PLOTS_v4_BE_BIBE_tPlotEvents.csv,1614,Plot_Event;Plot_Code;Event_Date;Surveyors;Field_X;Field_Y;GPS_Error;Satellites;UTM_Zone;Plot_Shape;Plot_Radius;Plot_Width;Plot_Length;Observation_pt;Provisional_Community;NVC_Elcode;Representativeness;Stand_Size;Environmental_Comments;Plot_Photos;Bedrock;Large_Rocks;Small_Rocks;Sand;Litter;Wood;Standing_Dead;Water;Bare;Other;Other_describe;Leaf_Type;Leaf_Phenology;Physio_Class;T1_Hgt;T2_Hgt;T3_Hgt;S1_Hgt;S2_Hgt;S3_Hgt;H_Hgt;N_Hgt;V_Hgt;A1_Hgt;A2_Hgt;E_Hgt;T1_Cover;T2_Cover;T3_Cover;S1_Cover;S2_Cover;S3_Cover;H_Cover;N_Cover;V_Cover;A1_Cover;A2_Cover;E_Cover;All_Cover;Primary_Code;Secondary_Code;Classified_Code;General_Comments;Plot_Update;Plot_User
BIBE_2314468,PLOTS_v4_BE_BIBE_tPlotEvents_Query,BIBE_PLOTS_v4_BE_BIBE_tPlotEvents_Query.csv,29444,tPlotEvents_Plot_Event;Plot_Code;Event_Date;Surveyors;Field_X;Field_Y;GPS_Error;Satellites;UTM_Zone;Plot_Shape;Plot_Radius;Plot_Width;Plot_Length;Observation_pt;Provisional_Community;NVC_Elcode;Representativeness;Stand_Size;Environmental_Comments;Plot_Photos;Bedrock;Large_Rocks;Small_Rocks;Sand;Litter;Wood;Standing_Dead;Water;Bare;Other;Other_describe;Leaf_Type;Leaf_Phenology;Physio_Class;T1_Hgt;T2_Hgt;T3_Hgt;S1_Hgt;S2_Hgt;S3_Hgt;H_Hgt;N_Hgt;V_Hgt;A1_Hgt;A2_Hgt;E_Hgt;T1_Cover;T2_Cover;T3_Cover;S1_Cover;S2_Cover;S3_Cover;H_Cover;N_Cover;V_Cover;A1_Cover;A2_Cover;E_Cover;All_Cover;Primary_Code;Secondary_Code;Classified_Code;General_Comments;Plot_Update;Plot_User;tPlotEventSpecies_Plot_Event;Stratum;tPlotEventSpecies_Spp_Code;Cover_Code;Real_Cover;Within_Plot;Spp_Update;Spp_User;tSpecies_Spp_Code;Field_Name;Sensitive_Spp;Taxon_Reference;tSpecies_PLANTS_Symbol;xPLANTS_lu_Plants_Symbol;Sci_Name;ComName;SciName_w_Auth;Family;ITIS_TSN
BIBE_2314468,PLOTS_v4_BE_BIBE_tPlots,BIBE_PLOTS_v4_BE_BIBE_tPlots.csv,1614,Plot_Code;Project_Name;Plot_Directions;State;Land_Owner;Elevation;Elev_Units;Slope_Cat;Slope_Degrees;Aspect_Cat;Aspect_Degrees;Topo_Position;Landform;Surficial_Geology;Cowardin_System;Hydro_Regime;Hydrology_Evidence;Landscape_Comments;Soil_Texture;Soil_Drainage;AA_Plot
BIBE_2314468,PLOTS_v4_BE_BIBE_tProcessSteps,BIBE_PLOTS_v4_BE_BIBE_tProcessSteps.csv,1,Project_Name;Process_Step;Process_Date;Process_Person;Process_Notes
BIBE_2314468,PLOTS_v4_BE_BIBE_tProjectMetadata,BIBE_PLOTS_v4_BE_BIBE_tProjectMetadata.csv,1,Project_Name;Park_Code;Project_Contact;Coordinate_System;Datum;Coordinate_Method;GPS_Filename;GPS_Unit;Sampling_Method;Calculation_Method;PseudoSpecies;Taxon_Reference_Source;Project_Comments;T1_DefHgt;T2_DefHgt;T3_DefHgt;S1_DefHgt;S2_DefHgt;S3_DefHgt;H_DefHgt;N_DefHgt;V_DefHgt;A1_DefHgt;A2_DefHgt;E_DefHgt;Date_Created;dbVersion
BIBE_2314468,PLOTS_v4_BE_BIBE_tSpecies,BIBE_PLOTS_v4_BE_BIBE_tSpecies.csv,850,Spp_Code;Field_Name;Sensitive_Spp;Taxon_Reference;PLANTS_Symbol
BIBE_2314468,PLOTS_v4_BE_BIBE_xConcept_Reference_lu,BIBE_PLOTS_v4_BE_BIBE_xConcept_Reference_lu.csv,20,Taxon_Reference_Source
BIBE_2314468,PLOTS_v4_BE_BIBE_xCoverClass_lu,BIBE_PLOTS_v4_BE_BIBE_xCoverClass_lu.csv,10,Cover_Class;Range;MidPoint
BIBE_2314468,PLOTS_v4_BE_BIBE_xHeight_Class_lu,BIBE_PLOTS_v4_BE_BIBE_xHeight_Class_lu.csv,9,Height_Class;Sort_Order;Max_Val
BIBE_2314468,PLOTS_v4_BE_BIBE_xHydro_Regime_lu,BIBE_PLOTS_v4_BE_BIBE_xHydro_Regime_lu.csv,14,Hydro_Regime;Hydro_Definitions
BIBE_2314468,PLOTS_v4_BE_BIBE_xLandform_lu,BIBE_PLOTS_v4_BE_BIBE_xLandform_lu.csv,204,Landform;Lndfrm_Definition;Include_Rec
BIBE_2314468,PLOTS_v4_BE_BIBE_xLeaf_Phenology_lu,BIBE_PLOTS_v4_BE_BIBE_xLeaf_Phenology_lu.csv,7,Leaf_Phenology;SortOrder
BIBE_2314468,PLOTS_v4_BE_BIBE_xLeaf_Type_lu,BIBE_PLOTS_v4_BE_BIBE_xLeaf_Type_lu.csv,8,Leaf_Type;SortOrder
BIBE_2314468,PLOTS_v4_BE_BIBE_xMapUnit_lu,BIBE_PLOTS_v4_BE_BIBE_xMapUnit_lu.csv,0,MapUnit_Code;MapUnit
BIBE_2314468,PLOTS_v4_BE_BIBE_xParks_lu,BIBE_PLOTS_v4_BE_BIBE_xParks_lu.csv,278,Park_Code;Park_Name;State;Include_Rec
BIBE_2314468,PLOTS_v4_BE_BIBE_xPhysio_Class_lu,BIBE_PLOTS_v4_BE_BIBE_xPhysio_Class_lu.csv,8,Physio_Class;Physio_Definition;SortOrder
BIBE_2314468,PLOTS_v4_BE_BIBE_xSoil_Drainage_lu,BIBE_PLOTS_v4_BE_BIBE_xSoil_Drainage_lu.csv,6,Soil_Drainage;SortOrder
BIBE_2314468,PLOTS_v4_BE_BIBE_xSoil_Texture_lu,BIBE_PLOTS_v4_BE_BIBE_xSoil_Texture_lu.csv,13,Soil_Texture
BIBE_2314468,PLOTS_v4_BE_BIBE_xState_lu,BIBE_PLOTS_v4_BE_BIBE_xState_lu.csv,60,State_Code;State_Name;Include_Rec
BIBE_2314468,PLOTS_v4_BE_BIBE_xStratum_lu,BIBE_PLOTS_v4_BE_BIBE_xStratum_lu.csv,13,Stratum;Descript;SortOrder
BIBE_2314468,PLOTS_v4_BE_BIBE_xSurficial_Geology_lu,BIBE_PLOTS_v4_BE_BIBE_xSurficial_Geology_lu.csv,33,Surficial_Geology;Category;Include_Rec
BIBE_2314468,PLOTS_v4_BE_BIBE_xTopo_Position_lu,BIBE_PLOTS_v4_BE_BIBE_xTopo_Position_lu.csv,12,Topo_Position;SortOrder;Include_Rec
BIBE_2314468,PLOTS_v4_BE_BIBE_xVegAssociationHierarchy_lu,BIBE_PLOTS_v4_BE_BIBE_xVegAssociationHierarchy_lu.csv,59,NVC_ElCode;USNVC_Association;Park_Name;Map_Code;Alliance_Name;Alliance_Code;Group_Name;Group_Code;Macrogroup_Name;Macrogroup_Code;Division_Name;Division_Code;Formation_Name;Formation_Code;Subclass_Name;Subclass_Code;Class_Name;Class_Code
BIBE_2314468,PLOTS_v4_BE_BIBE_xVegAssociation_lu,BIBE_PLOTS_v4_BE_BIBE_xVegAssociation_lu.csv,59,NVC_Elcode;NVC_Association;Canada;East;Midwest;Southeast;West;Include_Rec
BIBE_2314468,PLOTS_v4_BE_BIBE_~TMPCLP605031,BIBE_PLOTS_v4_BE_BIBE_~TMPCLP605031.csv,0,F1
BICA_2314477,tAA,BICA_tAA.csv,869,AA_Code;Project_Name;Slope_Cat;Slope_Degrees;Aspect_Cat;Aspect_Degrees;Elevation;Elev_Units
BICA_2314477,tAAEventSpecies,BICA_tAAEventSpecies.csv,4663,AA_Event;Stratum;Spp_Code;Cover_Code;Real_Cover;Within_Plot;Spp_Update;Spp_User
BICA_2314477,tAAEvents,BICA_tAAEvents.csv,869,AA_Event;AA_Code;Event_Date;Surveyors;Field_X;Field_Y;GPS_Error;Satellites;UTM_Zone;AA_plotsize;AA_plotshape;Primary_Code;Secondary_Code;Classified_Code;AA_Photos;General_Comments;AA_Update;AA_User;Rep_Point;Rep_Assoc;Bedrock;Large_Rocks;Small_Rocks;Sand;Litter;Wood;Standing_Dead;Water;Bare;Basal_Area;Other;Other_describe;Leaf_Type;Leaf_Phenology;Physio_Class;T1_Hgt;T2_Hgt;T3_Hgt;S1_Hgt;S2_Hgt;S3_Hgt;H_Hgt;N_Hgt;V_Hgt;A1_Hgt;A2_Hgt;E_Hgt;T1_Cover;T2_Cover;T3_Cover;S1_Cover;S2_Cover;S3_Cover;H_Cover;N_Cover;V_Cover;A1_Cover;A2_Cover;E_Cover
BICA_2314477,tClassifiedTypes,BICA_tClassifiedTypes.csv,256,Plot_Code;Classified_NVC_Elcode;NVC_Association
BICA_2314477,tConnect,BICA_tConnect.csv,1,Connect_db
BICA_2314477,tGlobal,BICA_tGlobal.csv,9,User_Count;User_Name;User_Email;Last_Modified
BICA_2314477,tNewAACODEstring,BICA_tNewAACODEstring.csv,869,Expr1;AA_Code
BICA_2314477,tPhotos,BICA_tPhotos.csv,4669,Photo_ID;Plot_Code;Photo_Date;Photo_Type;Photo_Bearing;Photo_Descript;Photographer;Camera_or_Roll;File_Name
BICA_2314477,tPlotEventSpecies,BICA_tPlotEventSpecies.csv,5178,Plot_Event;Stratum;Spp_Code;Cover_Code;Real_Cover;Within_Plot;Spp_Update;Spp_User
BICA_2314477,tPlotEvents,BICA_tPlotEvents.csv,355,Plot_Event;Plot_Code;Event_Date;Surveyors;Field_X;Field_Y;GPS_Error;Satellites;UTM_Zone;Plot_Shape;Plot_Radius;Plot_Width;Plot_Length;Observation_pt;Provisional_Community;Provisional_NVC_Elcode;Classified_Community;Classified_NVC_Elcode;Representativeness;Stand_Size;Environmental_Comments;Plot_Photos;Bedrock;Large_Rocks;Small_Rocks;Sand;Litter;Wood;Standing_Dead;Water;Bare;Other;Other_describe;Leaf_Type;Leaf_Phenology;Physio_Class;T1_Hgt;T2_Hgt;T3_Hgt;S1_Hgt;S2_Hgt;S3_Hgt;H_Hgt;N_Hgt;V_Hgt;A1_Hgt;A2_Hgt;E_Hgt;T1_Cover;T2_Cover;T3_Cover;S1_Cover;S2_Cover;S3_Cover;H_Cover;N_Cover;V_Cover;A1_Cover;A2_Cover;E_Cover;All_Cover;General_Comments;Plot_Update;Plot_User
BICA_2314477,tPlots,BICA_tPlots.csv,355,Plot_Code;Project_Name;Plot_Directions;State;Land_Owner;Elevation;Elev_Units;Slope_Cat;Slope_Degrees;Aspect_Cat;Aspect_Degrees;Topo_Position;Landform;Surficial_Geology;Cowardin_System;Hydro_Regime;Hydrology_Evidence;Landscape_Comments;Soil_Texture;Soil_Drainage
BICA_2314477,tProcessSteps,BICA_tProcessSteps.csv,2,Project_Name;Process_Step;Process_Date;Process_Person;Process_Notes
BICA_2314477,tProjectMetadata,BICA_tProjectMetadata.csv,3,Project_Name;Park_Code;Project_Contact;Coordinate_System;Datum;Coordinate_Method;GPS_Filename;GPS_Unit;Sampling_Method;Calculation_Method;PseudoSpecies;Taxon_Reference_Source;Project_Comments;T1_DefHgt;T2_DefHgt;T3_DefHgt;S1_DefHgt;S2_DefHgt;S3_DefHgt;H_DefHgt;N_DefHgt;V_DefHgt;A1_DefHgt;A2_DefHgt;E_DefHgt;Date_Created;dbVersion
BICA_2314477,tSpecies,BICA_tSpecies.csv,540,Spp_Code;Field_Name;Sensitive_Spp;Taxon_Reference;PLANTS_Symbol
BICA_2314477,tUnknownSpecies,BICA_tUnknownSpecies.csv,178,Plot_Event;Stratum;Spp_Code;Cover_Code;Real_Cover;Within_Plot;Spp_Update;Spp_User
BICA_2314477,xConcept_Reference_lu,BICA_xConcept_Reference_lu.csv,102,Taxon_Reference_Source
BICA_2314477,xCoverClass_lu,BICA_xCoverClass_lu.csv,10,Cover_Class;Range;MidPoint
BICA_2314477,xHeight_Class_lu,BICA_xHeight_Class_lu.csv,9,Height_Class;Sort_Order;Max_Val
BICA_2314477,xHydro_Regime_lu,BICA_xHydro_Regime_lu.csv,14,Hydro_Regime;Hydro_Definitions
BICA_2314477,xLandform_lu,BICA_xLandform_lu.csv,208,Landform;Lndfrm_Definition;Include_Rec
BICA_2314477,xLeaf_Phenology_lu,BICA_xLeaf_Phenology_lu.csv,7,Leaf_Phenology;SortOrder
BICA_2314477,xLeaf_Type_lu,BICA_xLeaf_Type_lu.csv,8,Leaf_Type;SortOrder
BICA_2314477,xMapUnit_lu,BICA_xMapUnit_lu.csv,0,MapUnit_Code;MapUnit
BICA_2314477,xPLANTS_LU,BICA_xPLANTS_LU.csv,452,Plants_Symbol;Sci_Name;ComName;SciName_w_Auth;Family;ITIS_TSN
BICA_2314477,xParks_lu,BICA_xParks_lu.csv,278,Park_Code;Park_Name;State;Include_Rec
BICA_2314477,xPhysio_Class_lu,BICA_xPhysio_Class_lu.csv,8,Physio_Class;Physio_Definition;SortOrder
BICA_2314477,xSoil_Drainage_lu,BICA_xSoil_Drainage_lu.csv,6,Soil_Drainage;SortOrder
BICA_2314477,xSoil_Texture_lu,BICA_xSoil_Texture_lu.csv,13,Soil_Texture
BICA_2314477,xState_lu,BICA_xState_lu.csv,59,State_Code;State_Name;Include_Rec
BICA_2314477,xStratum_lu,BICA_xStratum_lu.csv,13,Stratum;Descript;SortOrder
BICA_2314477,xSurficial_Geology_lu,BICA_xSurficial_Geology_lu.csv,33,Surficial_Geology;Category;Include_Rec
BICA_2314477,xTopo_Position_lu,BICA_xTopo_Position_lu.csv,12,Topo_Position;SortOrder;Include_Rec
BICA_2314477,xVegAssociation_lu,BICA_xVegAssociation_lu.csv,53,NVC_Elcode;NVC_Association;Canada;East;Midwest;Southeast;West;Include_Rec
BIHO_2314751,biho_aadata_1Data_Plot_Info,BIHO_biho_aadata_1Data_Plot_Info.csv,208,AA.Point;Point.Shape;Date;Surveyors;GPS_Error;More_Assoc;PNC;PNC_Map_Code;PNC_New;PNC_Other;SNC;SNC_Map_Code;SNC_New;SNC_Other;TNC;TNC_Map_Code;TNC_New;TNC_Other;Representativeness;Class_Comments;Elevation;Slope;Aspect;Landform_Code;Com_Envir;LF_Phen;LF_Type;Phys_Cls
BIHO_2314751,biho_aadata_3Data_Surface_NV,BIHO_biho_aadata_3Data_Surface_NV.csv,802,AA.Point;Sur_Type;Cover
BIHO_2314751,biho_aadata_4Data_Veg_Strata,BIHO_biho_aadata_4Data_Veg_Strata.csv,534,AA.Point;Strata;Height;Cover_Scale;Species_Name_Dom;Cover_Scale_Dom;Species_Name_Sec;Cover_Scale_Sec;AA.Plot.#
BIHO_2314751,biho_aadata_GPS_spp_Query,BIHO_biho_aadata_GPS_spp_Query.csv,530,AA_POINT;UTM_X;UTM_Y;Strata;Cover_Scale;Species_Name_Dom;Cover_Scale_Dom;Species_Name_Sec;Cover_Scale_Sec
BIHO_2314751,biho_aadata_LUT_Class_List,BIHO_biho_aadata_LUT_Class_List.csv,33,Code;Association;NVC
BIHO_2314751,biho_aadata_LUT_County,BIHO_biho_aadata_LUT_County.csv,1,County_Code;County_Name
BIHO_2314751,biho_aadata_LUT_Cover_Scale,BIHO_biho_aadata_LUT_Cover_Scale.csv,11,Cvr_Scale;Scale
BIHO_2314751,biho_aadata_LUT_Height,BIHO_biho_aadata_LUT_Height.csv,5,Ht_Code;Height
BIHO_2314751,biho_aadata_LUT_LF_Phen,BIHO_biho_aadata_LUT_LF_Phen.csv,6,LF_Phen
BIHO_2314751,biho_aadata_LUT_LF_Stata,BIHO_biho_aadata_LUT_LF_Stata.csv,11,Lifeform_Code;Life_Form
BIHO_2314751,biho_aadata_LUT_LF_Type,BIHO_biho_aadata_LUT_LF_Type.csv,8,LF_Type
BIHO_2314751,biho_aadata_LUT_Map_Code,BIHO_biho_aadata_LUT_Map_Code.csv,15,PNC_Map_Code;Map_Code;NVC
BIHO_2314751,biho_aadata_LUT_Park,BIHO_biho_aadata_LUT_Park.csv,1,Park_Name;Park
BIHO_2314751,biho_aadata_LUT_Phys_Cls,BIHO_biho_aadata_LUT_Phys_Cls.csv,8,Phys_Cls
BIHO_2314751,biho_aadata_LUT_Points,BIHO_biho_aadata_LUT_Points.csv,208,MAP_CODE;Park_Name;AA_POINT;UTM_X;UTM_Y;VALUE;UTM_Zone
BIHO_2314751,biho_aadata_LUT_Species,BIHO_biho_aadata_LUT_Species.csv,47,Species_Name;TSN;Abundance
BIHO_2314751,biho_aadata_LUT_Sub_Unit,BIHO_biho_aadata_LUT_Sub_Unit.csv,1,Sub_Unit;Sub_Unit_Name
BIHO_2314751,biho_aadata_LUT_Topo,BIHO_biho_aadata_LUT_Topo.csv,9,Topo_Code;Topo_Description
BIHO_2314751,biho_aadata_LUT_Unveg,BIHO_biho_aadata_LUT_Unveg.csv,10,Sur_Type
BIHO_2314751,biho_aadata_Q_Plot_Connect,BIHO_biho_aadata_Q_Plot_Connect.csv,208,AA.Point;AA_POINT;Park_Name;UTM_X;UTM_Y;MAP_CODE
BIHO_2314751,biho_aadata_Q_Show_Info,BIHO_biho_aadata_Q_Show_Info.csv,207,AA.Point;Point.Shape;Date;Surveyors;GPS_Error;More_Assoc;PNC;PNC_Map_Code;PNC_New;PNC_Other;SNC;SNC_Map_Code;SNC_New;SNC_Other;TNC;TNC_Map_Code;TNC_New;TNC_Other;Representativeness;Class_Comments;Elevation;Slope;Aspect;Landform_Code;Com_Envir;LF_Phen;LF_Type;Phys_Cls;MAP_CODE;Park_Name;AA_POINT;UTM_X;UTM_Y;VALUE
BIHO_2314751,biho_aadata_Switchboard_Items,BIHO_biho_aadata_Switchboard_Items.csv,3,SwitchboardID;ItemNumber;ItemText;Command;Argument
BIHO_2314751,biho_aadata_tAAtPlots,BIHO_biho_aadata_tAAtPlots.csv,208,AA_Code;Project_Name;State;Land_Owner;Elevation;Elev_Units;Slope_Degrees;Aspect_Degrees;Landform;Sensitive_Data
BIHO_2314751,biho_plotdata_Comment_List,BIHO_biho_plotdata_Comment_List.csv,95,Plot;Plot_Comments;Topo_comment;Veg_comment;Dominant_sp_outside;Disturbance.Comments;Burned_vegetation;Plowed_vegetation;Wildlife_comment;Pygmy_rabbit;Sage_grouse;Champion_tree;Hedgehog;Other_comment;Invasive_spp;Fire_comment;Plot#
BIHO_2314751,biho_plotdata_Envir_Descr,BIHO_biho_plotdata_Envir_Descr.csv,95,Park_Name;Plot;Elevation;Slope;Aspect;Kipuka;Landform_Code;Topo;Cowardin;Non_Tidal;Soil_Text;Soil_drain;Plot#
BIHO_2314751,biho_plotdata_Fuel_Stand2,BIHO_biho_plotdata_Fuel_Stand2.csv,95,Park_Name;Plot;Fuel_>3;Fuel_<3;Duff_depth;Litter_depth;Fuel_depth;PFM;FCC;Shrb_Health;Cheat_Grass;Plot_2
BIHO_2314751,biho_plotdata_LUT_Cheat_Cover,BIHO_biho_plotdata_LUT_Cheat_Cover.csv,6,Cheat_Grass
BIHO_2314751,biho_plotdata_LUT_Comm_Name,BIHO_biho_plotdata_LUT_Comm_Name.csv,20,CN;CN_Short;CN_Code;ESN;ESN_Code;n_plots;n_total
BIHO_2314751,biho_plotdata_LUT_County,BIHO_biho_plotdata_LUT_County.csv,1,County_Code;County_Name
BIHO_2314751,biho_plotdata_LUT_Cover_Scale,BIHO_biho_plotdata_LUT_Cover_Scale.csv,11,Cvr_Scale;Scale;Forb_Cover_Scale;Forb_Scale
BIHO_2314751,biho_plotdata_LUT_Cowardin,BIHO_biho_plotdata_LUT_Cowardin.csv,4,Cowardin
BIHO_2314751,biho_plotdata_LUT_Duff_Depth,BIHO_biho_plotdata_LUT_Duff_Depth.csv,6,Duff_Depth
BIHO_2314751,biho_plotdata_LUT_EcoSys_Code,BIHO_biho_plotdata_LUT_EcoSys_Code.csv,13,ESN;ESC
BIHO_2314751,biho_plotdata_LUT_FCC,BIHO_biho_plotdata_LUT_FCC.csv,3,FCC
BIHO_2314751,biho_plotdata_LUT_FUEL_2,BIHO_biho_plotdata_LUT_FUEL_2.csv,4,Fuel_2
BIHO_2314751,biho_plotdata_LUT_Forbs_HT,BIHO_biho_plotdata_LUT_Forbs_HT.csv,4,ForbHT
BIHO_2314751,biho_plotdata_LUT_Fuel_1,BIHO_biho_plotdata_LUT_Fuel_1.csv,5,Fuel_1
BIHO_2314751,biho_plotdata_LUT_Fuel_Depth,BIHO_biho_plotdata_LUT_Fuel_Depth.csv,3,Fuel_Depth
BIHO_2314751,biho_plotdata_LUT_Grass_HT,BIHO_biho_plotdata_LUT_Grass_HT.csv,4,GrassHT
BIHO_2314751,biho_plotdata_LUT_Height,BIHO_biho_plotdata_LUT_Height.csv,5,Ht_Code;Height
BIHO_2314751,biho_plotdata_LUT_LF_Phen,BIHO_biho_plotdata_LUT_LF_Phen.csv,7,LF_Phen
BIHO_2314751,biho_plotdata_LUT_LF_Stata,BIHO_biho_plotdata_LUT_LF_Stata.csv,12,Lifeform_Code;Life_Form
BIHO_2314751,biho_plotdata_LUT_LF_Type,BIHO_biho_plotdata_LUT_LF_Type.csv,6,LF_Type
BIHO_2314751,biho_plotdata_LUT_Landform,BIHO_biho_plotdata_LUT_Landform.csv,0,Landform_Code;LF_Description
BIHO_2314751,biho_plotdata_LUT_Litter_Depth,BIHO_biho_plotdata_LUT_Litter_Depth.csv,3,Lit_Depth
BIHO_2314751,biho_plotdata_LUT_Non_Tidal,BIHO_biho_plotdata_LUT_Non_Tidal.csv,6,Non_Tidal
BIHO_2314751,biho_plotdata_LUT_PFM,BIHO_biho_plotdata_LUT_PFM.csv,7,PFM;Description
BIHO_2314751,biho_plotdata_LUT_Park,BIHO_biho_plotdata_LUT_Park.csv,1,Park_Name;Park
BIHO_2314751,biho_plotdata_LUT_Phys_Cls,BIHO_biho_plotdata_LUT_Phys_Cls.csv,8,Phys_Cls
BIHO_2314751,biho_plotdata_LUT_Shrb_HT,BIHO_biho_plotdata_LUT_Shrb_HT.csv,4,ShrbHT
BIHO_2314751,biho_plotdata_LUT_Soil_Drainage,BIHO_biho_plotdata_LUT_Soil_Drainage.csv,3,Soil_drain
BIHO_2314751,biho_plotdata_LUT_Soil_Texture,BIHO_biho_plotdata_LUT_Soil_Texture.csv,9,Soil_Text
BIHO_2314751,biho_plotdata_LUT_Species,BIHO_biho_plotdata_LUT_Species.csv,574,Species_Name;TSN;Abundance;Noxious_class
BIHO_2314751,biho_plotdata_LUT_Sub_Unit,BIHO_biho_plotdata_LUT_Sub_Unit.csv,1,Sub_Unit;Sub_Unit_Name
BIHO_2314751,biho_plotdata_LUT_Topo,BIHO_biho_plotdata_LUT_Topo.csv,9,Topo_Code;Topo_Description
BIHO_2314751,biho_plotdata_LUT_US_Health,BIHO_biho_plotdata_LUT_US_Health.csv,6,Shrb_Health
BIHO_2314751,biho_plotdata_LUT_Unveg,BIHO_biho_plotdata_LUT_Unveg.csv,12,Sur_Type
BIHO_2314751,biho_plotdata_Photos,BIHO_biho_plotdata_Photos.csv,95,Park_Name;Plot;Photo_Num;Azimuth;Photo_Link;Photo_Location;Photo;Plot#
BIHO_2314751,biho_plotdata_Photos_Query,BIHO_biho_plotdata_Photos_Query.csv,95,Photo_Link;Photo_Location
BIHO_2314751,biho_plotdata_Plot_Comments_Links,BIHO_biho_plotdata_Plot_Comments_Links.csv,95,Park_Name;Plot;Comment_HyperLink;Comment_Location;Plot#;Keyword;Field1
BIHO_2314751,biho_plotdata_Plot_Community,BIHO_biho_plotdata_Plot_Community.csv,95,Park_Name;Plot;CN;ESN;TVC;Elcode;Plot.#
BIHO_2314751,biho_plotdata_Plot_GPS_Data,BIHO_biho_plotdata_Plot_GPS_Data.csv,95,Park_Name;Plot;GPS;UTM_Y;UTM_X;Zone;Datum;Error;PDOP;Plot.#
BIHO_2314751,biho_plotdata_Plot_Info,BIHO_biho_plotdata_Plot_Info.csv,95,Park_Name;Plot;Sub_Unit;State;County;Site_Name;OP;Surveryors;Date;P_Length;P_Width;Azm;Time_to_PL;Tvl_to_PL;Plot#
BIHO_2314751,biho_plotdata_Q_Envir,BIHO_biho_plotdata_Q_Envir.csv,95,Plot;Elevation;Slope;Aspect;Topo_Code;Topo_Description;Cowardin;Non_Tidal;Soil_Text;Soil_drain;Comment_HyperLink
BIHO_2314751,biho_plotdata_Q_Fuels2,BIHO_biho_plotdata_Q_Fuels2.csv,95,Plot;Park_Name;OP;P_Length;P_Width;PFM;Description;FCC;Fuel_<3;Fuel_>3;Fuel_depth;Litter_depth;Duff_depth;Shrb_Health;Cheat_Grass;Comment_HyperLink
BIHO_2314751,biho_plotdata_Q_Noxious_Species,BIHO_biho_plotdata_Q_Noxious_Species.csv,2091,Park_Name;Plot;Species_Name;Noxious_class
BIHO_2314751,biho_plotdata_Q_Plot_Comments,BIHO_biho_plotdata_Q_Plot_Comments.csv,95,Park_Name;Plot;Surveryors;Date;P_Length;P_Width;Azm;Comment_Location;Comment_HyperLink;Photo_Location;Photo_Link;Keyword
BIHO_2314751,biho_plotdata_Q_Plot_Information,BIHO_biho_plotdata_Q_Plot_Information.csv,95,Park_Name;Park;Sub_Unit;Sub_Unit_Name;State;County;County_Name;Plot;OP;Surveryors;Date;P_Length;P_Width;Azm;Time_to_PL;Tvl_to_PL;ESN;ESC;Site_Name;GPS;UTM_X;UTM_Y;Zone;Error;Datum;PDOP
BIHO_2314751,biho_plotdata_Q_Plot_Species,BIHO_biho_plotdata_Q_Plot_Species.csv,2091,Park_Name;CN;Plot;Plant_No;Com_Species;Cvr_Class;Noxious_class;UTM_Y;UTM_X;Lifeform_Code;TSN;Scale;Status
BIHO_2314751,biho_plotdata_Q_SUFNV_Cross,BIHO_biho_plotdata_Q_SUFNV_Cross.csv,95,Park_Name;Plot;Bedrock;Large_Rocks;Small_Rocks;Sand;Bare_Soil;Wood;Litter_Duff;Nonvascular;Water;Other
BIHO_2314751,biho_plotdata_Q_Veg_Desc,BIHO_biho_plotdata_Q_Veg_Desc.csv,95,Park_Name;Plot;CN;ESN;Elcode;TVC;LF_Phen;LF_Type;Phys_Cls;OP
BIHO_2314751,biho_plotdata_Q_Veg_Strata,BIHO_biho_plotdata_Q_Veg_Strata.csv,95,Park_Name;Plot;Forb_Dom_Sp;Forb_Sec_Sp;Forb_Height_Scale;Forb_Cover_Scale;Grass_Dom_Sp;Grass_Sec_Sp;Grass_Height_Scale;Grass_Cover_Scale;Herb_Dom_Sp;Herb_Sec_Sp;Herb_Height_Scale;Herb_Cover_Scale;Non_Vas_Dom_Sp;Non_Vas_Sec_Sp;Non_Vas_Height_Scale;Non_Vas_Cover_Scale;Outside_Dom_Sp;Outside_Sec_Sp;Outside_Height_Scale;Outside_Cover_Scale;S1_Dom_Sp;S1_Sec_Sp;S1_Height_Scale;S1_Cover_Scale;S2_Dom_Sp;S2_Sec_Sp;S2_Height_Scale;S2_Cover_Scale;S3_Dom_Sp;S3_Sec_Sp;S3_Height_Scale;S3_Cover_Scale;T1_Dom_Sp;T1_Sec_Sp;T1_Height_Scale;T1_Cover_Scale;T2_Dom_Sp;T2_Sec_Sp;T2_Height_Scale;T2_Cover_Scale;T3_Dom_Sp;T3_Sec_Sp;T3_Height_Scale;T3_Cover_Scale;T4_Dom_SP;T4_Sec_Sp;T4_Height_Scale;T4_Cover_Scale
BIHO_2314751,biho_plotdata_Qtemp_Veg_Strata_Cover,BIHO_biho_plotdata_Qtemp_Veg_Strata_Cover.csv,95,Park_Name;Plot;F;G;S1;S2;T1;T2;T3
BIHO_2314751,biho_plotdata_Qtemp_Veg_Strata_Dom_SP,BIHO_biho_plotdata_Qtemp_Veg_Strata_Dom_SP.csv,95,Park_Name;Plot;F;G;S1;S2;T1;T2;T3
BIHO_2314751,biho_plotdata_Qtemp_Veg_Strata_Height,BIHO_biho_plotdata_Qtemp_Veg_Strata_Height.csv,95,Park_Name;Plot;F;G;S1;S2;T1;T2;T3
BIHO_2314751,biho_plotdata_Qtemp_Veg_Strata_Sec_SP,BIHO_biho_plotdata_Qtemp_Veg_Strata_Sec_SP.csv,95,Park_Name;Plot;F;G;S1;S2;T1;T2;T3
BIHO_2314751,biho_plotdata_SUFNV_Cross,BIHO_biho_plotdata_SUFNV_Cross.csv,95,Park_Name;Plot;Bedrock;Large_Rocks;Small_Rocks;Sand;Bare_Soil;Wood;Litter_Duff;Nonvascular;Water;Other
BIHO_2314751,biho_plotdata_Species_List,BIHO_biho_plotdata_Species_List.csv,2091,Park_Name;Plot;Plant_No;Lifeform_Code;Cvr_Class;Status;Com_Species;Other_Species;Collected;Plots
BIHO_2314751,biho_plotdata_Surface_NV,BIHO_biho_plotdata_Surface_NV.csv,426,Park_Name;Plot;Sur_Type;Cover
BIHO_2314751,biho_plotdata_Surface_NV_Crosstab,BIHO_biho_plotdata_Surface_NV_Crosstab.csv,95,"Plot;BARE.SOIL;COBBLES.(7_5-25CM);CRYPTOGRAMMIC.CRUST;GRAVEL.(2MM-7_5MM);LARGE.ROCKS.(>25.CM);LITTER,.DUFF;NONVASCULAR;SAND._1-_2.CM;WATER;WOOD.(>1.CM)"
BIHO_2314751,biho_plotdata_Veg_Descr,BIHO_biho_plotdata_Veg_Descr.csv,95,Park_Name;Plot;LF_Phen;LF_Type;Phys_Cls;Plot#
BIHO_2314751,biho_plotdata_Veg_Strata,BIHO_biho_plotdata_Veg_Strata.csv,357,Park_Name;Plot;Strata;Height;Cover_Scale;Species_Name_Dom;Species_Name_Sec;Plots
BIHO_2314751,biho_plotdata_Veg_Strata_Cross,BIHO_biho_plotdata_Veg_Strata_Cross.csv,95,Park_Name;Plot;Forb_Dom_Sp;Forb_Sec_Sp;Forb_Height_Scale;Forb_Cover_Scale;Grass_Dom_Sp;Grass_Sec_Sp;Grass_Height_Scale;Grass_Cover_Scale;Herb_Dom_Sp;Herb_Sec_Sp;Herb_Height_Scale;Herb_Cover_Scale;Non_Vas_Dom_Sp;Non_Vas_Sec_Sp;Non_Vas_Height_Scale;Non_Vas_Cover_Scale;Outside_Dom_Sp;Outside_Sec_Sp;Outside_Height_Scale;Outside_Cover_Scale;S1_Dom_Sp;S1_Sec_Sp;S1_Height_Scale;S1_Cover_Scale;S2_Dom_Sp;S2_Sec_Sp;S2_Height_Scale;S2_Cover_Scale;S3_Dom_Sp;S3_Sec_Sp;S3_Height_Scale;S3_Cover_Scale;T1_Dom_Sp;T1_Sec_Sp;T1_Height_Scale;T1_Cover_Scale;T2_Dom_Sp;T2_Sec_Sp;T2_Height_Scale;T2_Cover_Scale;T3_Dom_Sp;T3_Sec_Sp;T3_Height_Scale;T3_Cover_Scale;T4_Dom_SP;T4_Sec_Sp;T4_Height_Scale;T4_Cover_Scale
BIHO_2314751,biho_plotdata_sp_cov,BIHO_biho_plotdata_sp_cov.csv,2091,Plot;Plant_No;Com_Species;TSN;Lifeform_Code;Life_Form;Cvr_Class;Scale;Status;Collected
BITH_2314478,Local_descriptions,BITH_Local_descriptions.csv,2,Plot_Event;Classified_Code;General_Comments;Elevation;Slope_Degrees;Aspect_Degrees;Topo_Position;Landform;Soil_Texture;Bedrock;Large_Rocks;Small_Rocks;Sand;Litter;Wood;Water;Bare;Other;Other_describe;Physio_Class
BITH_2314478,Paste_Errors,BITH_Paste_Errors.csv,5,F1;F2;F3;F4;F5;F6;F7;F8;F9
BITH_2314478,QA_01_spcov,BITH_QA_01_spcov.csv,16760,Project_Name;AA_Plot;Plot_Code;Plot_Event;Spp_Code;Plants_Symbol;Field_Name;ComName;Family;Stratum;Cover_Code;Real_Cover;Within_Plot;ITIS_TSN;Used_PLANTS;Spp_Update;Spp_User
BITH_2314478,QA_02_plots,BITH_QA_02_plots.csv,1217,Project_Name;AA_Plot;Plot_Code;Plot_Event;Event_Date;Surveyors;Field_X;Field_Y;GPS_Error;Satellites;UTM_Zone;Plot_Shape;Plot_Radius;Plot_Width;Plot_Length;Observation_pt;State;Land_Owner;Plot_Directions;Elevation;Elev_Units;Slope_Cat;Slope_Degrees;Aspect_Cat;Aspect_Degrees;Topo_Position;Landform;Surficial_Geology;Cowardin_System;Hydro_Regime;Hydrology_Evidence;Landscape_Comments;Soil_Texture;Soil_Drainage;Provisional_Community;NVC_Elcode;NVC_Association;MapUnit;Representativeness;Stand_Size;Environmental_Comments;Plot_Photos;Bedrock;Large_Rocks;Small_Rocks;Sand;Litter;Wood;Standing_Dead;Water;Bare;Other;Other_describe;Leaf_Type;Leaf_Phenology;Physio_Class;T1_Hgt;T2_Hgt;T3_Hgt;S1_Hgt;S2_Hgt;S3_Hgt;H_Hgt;N_Hgt;V_Hgt;A1_Hgt;A2_Hgt;E_Hgt;T1_Cover;T2_Cover;T3_Cover;S1_Cover;S2_Cover;S3_Cover;H_Cover;N_Cover;V_Cover;A1_Cover;A2_Cover;E_Cover;All_Cover;Primary_Code;Primary_Name;Secondary_Code;Secondary_Name;Classified_Code;Classified_Name;General_Comments;Plot_Update;Plot_User
BITH_2314478,QA_03_duplicates_in_01,BITH_QA_03_duplicates_in_01.csv,0,Plot_Code;Spp_Code;Stratum;AA_Plot;Plot_Event;Field_Name;ComName;Cover_Code;Real_Cover;Within_Plot;Spp_Update;Spp_User
BITH_2314478,QA_04_duplicates_in_02,BITH_QA_04_duplicates_in_02.csv,2,Plot_Code;Project_Name;AA_Plot;Plot_Event;Event_Date;Surveyors;Field_X;Field_Y
BITH_2314478,QA_05_Plots_without_Species,BITH_QA_05_Plots_without_Species.csv,28,AA_Plot;Plot_Code;Plot_Event
BITH_2314478,QA_06_Spp_without_Plots,BITH_QA_06_Spp_without_Plots.csv,0,Plot_Event;Stratum;Spp_Code;Cover_Code;Real_Cover;Within_Plot;Spp_Update;Spp_User
BITH_2314478,tConnect,BITH_tConnect.csv,1,Connect_db
BITH_2314478,tGlobal,BITH_tGlobal.csv,27,User_Count;User_Name;User_Email;Last_Modified
BITH_2314478,tPhotos,BITH_tPhotos.csv,4705,Photo_ID;Plot_Code;Photo_Date;Photo_Type;Photo_Bearing;Photo_Descript;Photographer;Camera_or_Roll;File_Name
BITH_2314478,tPlotEventSpecies,BITH_tPlotEventSpecies.csv,16732,Plot_Event;Stratum;Spp_Code;PseudoSpp;Cover_Code;Real_Cover;Within_Plot;Spp_Update;Spp_User
BITH_2314478,tPlotEvents,BITH_tPlotEvents.csv,1214,Plot_Event;Plot_Code;Event_Date;Surveyors;Field_X;Field_Y;GPS_Error;Satellites;UTM_Zone;Plot_Shape;Plot_Radius;Plot_Width;Plot_Length;Observation_pt;Provisional_Community;NVC_Elcode;Representativeness;Stand_Size;Environmental_Comments;Plot_Photos;Bedrock;Large_Rocks;Small_Rocks;Sand;Litter;Wood;Standing_Dead;Water;Bare;Other;Other_describe;Leaf_Type;Leaf_Phenology;Physio_Class;T1_Hgt;T2_Hgt;T3_Hgt;S1_Hgt;S2_Hgt;S3_Hgt;H_Hgt;N_Hgt;V_Hgt;A1_Hgt;A2_Hgt;E_Hgt;T1_Cover;T2_Cover;T3_Cover;S1_Cover;S2_Cover;S3_Cover;H_Cover;N_Cover;V_Cover;A1_Cover;A2_Cover;E_Cover;All_Cover;Primary_Code;Secondary_Code;Classified_Code;General_Comments;Plot_Update;Plot_User
BITH_2314478,tPlots,BITH_tPlots.csv,1216,Plot_Code;Project_Name;Plot_Directions;State;Land_Owner;Elevation;Elev_Units;Slope_Cat;Slope_Degrees;Aspect_Cat;Aspect_Degrees;Topo_Position;Landform;Surficial_Geology;Cowardin_System;Hydro_Regime;Hydrology_Evidence;Landscape_Comments;Soil_Texture;Soil_Drainage;AA_Plot
BITH_2314478,tProcessSteps,BITH_tProcessSteps.csv,1,Project_Name;Process_Step;Process_Date;Process_Person;Process_Notes
BITH_2314478,tProjectMetadata,BITH_tProjectMetadata.csv,1,Project_Name;Park_Code;Project_Contact;Coordinate_System;Datum;Coordinate_Method;GPS_Filename;GPS_Unit;Sampling_Method;Calculation_Method;PseudoSpecies;Taxon_Reference_Source;Project_Comments;T1_DefHgt;T2_DefHgt;T3_DefHgt;S1_DefHgt;S2_DefHgt;S3_DefHgt;H_DefHgt;N_DefHgt;V_DefHgt;A1_DefHgt;A2_DefHgt;E_DefHgt;Date_Created;dbVersion
BITH_2314478,tSpecies,BITH_tSpecies.csv,1229,Spp_Code;Field_Name;Sensitive_Spp;Taxon_Reference;PLANTS_Symbol
BITH_2314478,xConcept_Reference_lu,BITH_xConcept_Reference_lu.csv,102,Taxon_Reference_Source
BITH_2314478,xCoverClass_lu,BITH_xCoverClass_lu.csv,12,Cover_Class;Range;MidPoint
BITH_2314478,xHeight_Class_lu,BITH_xHeight_Class_lu.csv,9,Height_Class;Sort_Order;Max_Val
BITH_2314478,xHydro_Regime_lu,BITH_xHydro_Regime_lu.csv,14,Hydro_Regime;Hydro_Definitions
BITH_2314478,xLandform_lu,BITH_xLandform_lu.csv,204,Landform;Lndfrm_Definition;Include_Rec
BITH_2314478,xLeaf_Phenology_lu,BITH_xLeaf_Phenology_lu.csv,7,Leaf_Phenology;SortOrder
BITH_2314478,xLeaf_Type_lu,BITH_xLeaf_Type_lu.csv,8,Leaf_Type;SortOrder
BITH_2314478,xMapUnit_lu,BITH_xMapUnit_lu.csv,0,MapUnit_Code;MapUnit
BITH_2314478,xParks_lu,BITH_xParks_lu.csv,278,Park_Code;Park_Name;State;Include_Rec
BITH_2314478,xPhysio_Class_lu,BITH_xPhysio_Class_lu.csv,8,Physio_Class;Physio_Definition;SortOrder
BITH_2314478,xSoil_Drainage_lu,BITH_xSoil_Drainage_lu.csv,6,Soil_Drainage;SortOrder
BITH_2314478,xSoil_Texture_lu,BITH_xSoil_Texture_lu.csv,13,Soil_Texture
BITH_2314478,xState_lu,BITH_xState_lu.csv,59,State_Code;State_Name;Include_Rec
BITH_2314478,xStratum_lu,BITH_xStratum_lu.csv,13,Stratum;Descript;SortOrder
BITH_2314478,xSurficial_Geology_lu,BITH_xSurficial_Geology_lu.csv,33,Surficial_Geology;Category;Include_Rec
BITH_2314478,xTopo_Position_lu,BITH_xTopo_Position_lu.csv,12,Topo_Position;SortOrder;Include_Rec
BITH_2314478,xVegAssociation_lu,BITH_xVegAssociation_lu.csv,5863,NVC_Elcode;NVC_Association;Canada;East;Midwest;Southeast;West;Include_Rec
BLCA_2314480,2003_Prelim_Classification,BLCA_2003_Prelim_Classification.csv,392,ID;PlotCode;Preliminary.NVCS.Plant.Asociation;Confidence;Comments
BLCA_2314480,2003_Prelim_classif_by_group,BLCA_2003_Prelim_classif_by_group.csv,418,ID;PlotCode;Preliminary.NVCS.Plant.Asociation;Confidence;Comments;Field5;Field6
BLCA_2314480,Find_duplicates_for_qrycheck,BLCA_Find_duplicates_for_qrycheck.csv,0,PlotCode;PlotID;ProvCommunityName;Alliance;Associations
BLCA_2314480,Find_duplicates_for_tblVegetation,BLCA_Find_duplicates_for_tblVegetation.csv,0,PlotID;ProvCommunityName;VegetationID
BLCA_2314480,aaGPS_Data_Log,BLCA_aaGPS_Data_Log.csv,100,Plot_code;OP_code;Plot_type;Originator;Plot_Date;Process;Process_Date;GPS_filename;Data_Dictionary;GPS_unit;LOCATION;PARK;COMMENT;VERT_PREC;HORZ_PREC;NORTHING;EASTING;PHYSIO_CLA;DOMINANTS;PLOT_DIMEN;SURVEYORS;CORR_TYPE;RCVR_TYPE;GPS_TIME;FILT_POS
BLCA_2314480,qryAlliance,BLCA_qryAlliance.csv,68,ID;PlotCode;Preliminary.NVCS.Plant.Asociation;Confidence;Comments
BLCA_2314480,qryAssociation,BLCA_qryAssociation.csv,324,ID;PlotCode;Preliminary.NVCS.Plant.Asociation;Confidence;Comments
BLCA_2314480,qryLocationPlots11-24,BLCA_qryLocationPlots11-24.csv,112,PlotCode;ParkCode;SiteName;USGSQuad;UTMEasting;UTMNorthing;Datum;UTM.Error;DiffCorrected;IsObservationPt
BLCA_2314480,qrycheck,BLCA_qrycheck.csv,128,PlotCode;ProvCommunityName;Alliance;Associations;PlotID
BLCA_2314480,tblAADetails,BLCA_tblAADetails.csv,761,AAID;AACode;SurveyDate;Surveyors;CameraUsed
BLCA_2314480,tblAAEnvironment,BLCA_tblAAEnvironment.csv,757,EnvironmentID;AAID;Slope;Aspect;TopoPosition;Elevation;ElevSource;EnvironmentalComments;BareSoil;Bedrock;Sand;Moss;Other;OtherPctDesc;Litter;Rocks;Lichen;Gravel;LiveVegLitter;LiveVegWood;Wood;LichenRocks;LichenGround;DarkCyanobacteria;Water;Geology;BBareSoil;BBedrock;BSand;BOther;BLitter;BRocks;BGravel;BWood
BLCA_2314480,tblAAEnvironmentDetails,BLCA_tblAAEnvironmentDetails.csv,819,EnvDetailID;EnvironmentID;Landform
BLCA_2314480,tblAALocation,BLCA_tblAALocation.csv,762,AACode;SiteName;State;County;ParkCode;GPSFileName;GPSUnit;UTMEasting;UTMNorthing;UTMZone;DiffCorrected;Datum;PDOP;UTM.Error;InPark;GPSComments;RepresentPWP;RepresentATD;ClassificationComments;PlotShape;USGSQuad
BLCA_2314480,tblAAPhotos,BLCA_tblAAPhotos.csv,1497,PhotoID;AAID;PhotoType;PhotoRoll;PhotoFrame;PhotoOther;Photographer;PhotoComments;NCPNImageFileID
BLCA_2314480,tblAAVegAssociation,BLCA_tblAAVegAssociation.csv,1224,VegAssocID;AAID;VegAssocCode;VegAssocRank;FieldKey;NewName;Post_Field_Name;OtherAssocCode
BLCA_2314480,tblAAVegetation,BLCA_tblAAVegetation.csv,761,VegetationID;AAID;ProvCommunityName;Alliance;Associations;Phenology;LeafType;LeafTypeComments;Physiognom;EmergHt;EmergCovTot;EmergCovPercent;CanHt;CanCovTot;CanCovPercent;SubHt;SubCovTot;SubCovPercent;TallShHt;TallShCovTot;TallShCovPercent;ShrubHt;ShrubCovTot;ShrubCovPercent;DwarfHt;DwarfCovTot;DwarfCovPercent;HerbHt;HerbCovTot;HerbCovPercent;NonvasHt;NonvasCovTot;NonvasCovPercent;VineHt;VineTotCov;VineTotPercent;EpiHt;EpiTotCov;EpiTotPercent;GramHt;GramCovTot;GramCovPercent;ForbHt;ForbCovTot;ForbCovPercent;FernHt;FernCovTot;FernCovPercent;SeedlHt;SeedlCovTot;SeedCovPercent;OutsidePlotHt;OutsidePlotTotCov;OutsidePlotTotPercent;HTotalHt;HTotalCover;HTotalCoverPercent;H4Ht;H4Cover;H4CoverPercent;PlantSpeciesComments;ClassificationComments;MultipleAssoc;BEmergCovTot;BCanCovTot;BSubCovTot;BTallShCovTot;BShrubCovTot;BDwarfCovTot;BHerbCovTot;BNonvasCovTot;BVineTotCov;BEpiTotCov;BSeedlCovTot;BHTotalCover;BH4Cover;CEmergCovTot;CCanCovTot;CSubCovTot;CTallShCovTot;CShrubCovTot;CDwarfCovTot;CHerbCovTot;CNonvasCovTot;CVineTotCov;CEpiTotCov;CSeedlCovTot;CHTotalCover;CH4Cover
BLCA_2314480,tblAAVegetationDetails,BLCA_tblAAVegetationDetails.csv,6054,VegDetailID;VegetationID;Stratum;TSN;Species;CoverClass;CoverPct;Diagnostic;Dead
BLCA_2314480,tblAAVegetation_BU,BLCA_tblAAVegetation_BU.csv,761,VegetationID;AAID;ProvCommunityName;Alliance;Associations;Phenology;LeafType;LeafTypeComments;Physiognom;EmergHt;EmergCovTot;EmergCovPercent;CanHt;CanCovTot;CanCovPercent;SubHt;SubCovTot;SubCovPercent;TallShHt;TallShCovTot;TallShCovPercent;ShrubHt;ShrubCovTot;ShrubCovPercent;DwarfHt;DwarfCovTot;DwarfCovPercent;HerbHt;HerbCovTot;HerbCovPercent;NonvasHt;NonvasCovTot;NonvasCovPercent;VineHt;VineTotCov;VineTotPercent;EpiHt;EpiTotCov;EpiTotPercent;GramHt;GramCovTot;GramCovPercent;ForbHt;ForbCovTot;ForbCovPercent;FernHt;FernCovTot;FernCovPercent;SeedlHt;SeedlCovTot;SeedCovPercent;OutsidePlotHt;OutsidePlotTotCov;OutsidePlotTotPercent;HTotalHt;HTotalCover;HTotalCoverPercent;H4Ht;H4Cover;H4CoverPercent;PlantSpeciesComments;ClassificationComments;MultipleAssoc;BEmergCovTot;BCanCovTot;BSubCovTot;BTallShCovTot;BShrubCovTot;BDwarfCovTot;BHerbCovTot;BNonvasCovTot;BVineTotCov;BEpiTotCov;BSeedlCovTot;BHTotalCover;BH4Cover;CEmergCovTot;CCanCovTot;CSubCovTot;CTallShCovTot;CShrubCovTot;CDwarfCovTot;CHerbCovTot;CNonvasCovTot;CVineTotCov;CEpiTotCov;CSeedlCovTot;CHTotalCover;CH4Cover
BLCA_2314480,tblDataMgmtLog,BLCA_tblDataMgmtLog.csv,24,ActionDate;ActionMonth;ActionYear;Action;Who
BLCA_2314480,tblEnvironment,BLCA_tblEnvironment.csv,128,EnvironmentID;PlotID;Elevation;Slope;Aspect;TopoPosition;Landform;Geology;CowardinSystem;Hydrology;EnvironmentalComments;BareSoil;Bedrock;Sand;Moss;Other;OtherPctDesc;Litter;Rocks;Lichen;Wood;Gravel;Water;Cryptogam;SoilTexture;SoilDrainage;AnimalUseComments;DisturbanceComments;OtherComments;LandscapeComments;SoilTaxonDesc;LiveVegLitter;LiveVegWood;LichenRocks;LichenGround;MossPct;DarkCyanobacteria;TotalPct
BLCA_2314480,tblEnvironmentDetails,BLCA_tblEnvironmentDetails.csv,133,EnvDetailID;EnvironmentID;Landform
BLCA_2314480,tblFinalAssociationNamesAA,BLCA_tblFinalAssociationNamesAA.csv,761,PlotCode;ELC_Code;Association_Name
BLCA_2314480,tblFinalAssociationNamesPlots,BLCA_tblFinalAssociationNamesPlots.csv,113,PlotCode;ELC_Code;Association_Name
BLCA_2314480,tblFuels,BLCA_tblFuels.csv,118,FuelsID;PlotID;GOPhotoGuide;ASPPhotoGuide;PPDFPhotoGuide;PJPhotoGuide;SBPhotoGuide;PJAgeClass;LitterOrigin;LitterNorth;LitterEast;LitterSouth;LitterWest;DuffOrigin;DuffNorth;DuffEast;DuffSouth;DuffWest;IsSubplot;FuelsComments
BLCA_2314480,tblFuelsDetails,BLCA_tblFuelsDetails.csv,526,FuelsDetailID;FuelsID;StemCount;StemDiameter;TSN;WoodlandCrownBaseHeight;WoodlandTotalHeight;WoodlandCrownWidth;WoodlandCrownHeight;WoodlandCrownRatio;ForestCrownBaseHeight;ForestTotalHeight;ForestCrownHeight;CrownRatio;StructureStage;Comments
BLCA_2314480,tblNCPNPlants,BLCA_tblNCPNPlants.csv,5559,TSN;FamilyName;LatinName;Authority;Synonym;CommonName;Exotic;Sensitive;GrowthHabit;PLANTSCode;FullName
BLCA_2314480,tblPhotos,BLCA_tblPhotos.csv,234,PhotoID;PlotID;PhotoType;PhotoRoll;PhotoFrame;PhotoOther;Photographer;PhotoComments;NCPNImageFileID
BLCA_2314480,tblPlotCodeLink,BLCA_tblPlotCodeLink.csv,128,NewPlotCode;OldPlotCode;TempCode
BLCA_2314480,tblPlotDetails,BLCA_tblPlotDetails.csv,128,PlotID;PlotCode;SurveyDate;Surveyors;PlotLength;PlotAzimuth;PlotWidth;PlotDiam;PlotHasPhotos;PlotRepresentation;PlotShape
BLCA_2314480,tblPlotLocation,BLCA_tblPlotLocation.csv,128,PlotCode;BPUCode;State;ParkCode;SiteName;USGSQuad;AerialPhotoNo;Waypoint;UTMEasting;UTMNorthing;Datum;UTMZone;UTM.Error;DiffCorrected;DirectionsToPlot;County;GPSUnit;GPSComments;InPark;IsObservationPt
BLCA_2314480,tblVegetation,BLCA_tblVegetation.csv,128,VegetationID;PlotID;ProvCommunityName;Alliance;Associations;FinalNVCName;Phenology;LeafType;LeafTypeComments;Physiognom;EmergHt;EmergCovTot;CanHt;CanCovTot;SubHt;SubCovTot;TallShHt;TallShCovTot;ShrubHt;ShrubCovTot;DwarfHt;DwarfCovTot;HerbHt;HerbCovTot;GramHt;GramCovTot;ForbHt;ForbCovTot;FernHt;FernCovTot;SeedlHt;SeedlCovTot;NonvasHt;NonvasCovTot;VineHt;VineTotCov;EpiHt;EpiTotCov;TotalPct;CoverRelative
BLCA_2314480,tblVegetationDetails,BLCA_tblVegetationDetails.csv,2550,VegDetailID;VegetationID;Stratum;TSN;Species;CoverClass;PercentCover;Diagnostic;SpecimenCollected;CollectedBy;NPSAccessionNumber;NPSCatalogNumber;SpecimenNumber;SpecimenLocality;SpecimenHabitat;SpecimenAssocSpecies
BLCA_2314480,tbl_AA_Quads_Import,BLCA_tbl_AA_Quads_Import.csv,757,AACode;County;USGSQuad
BLCA_2314480,tbl_Final_Classification,BLCA_tbl_Final_Classification.csv,513,ID;PlotCode;Elcode;Final.NVC.Name
BLCA_2314480,tbl_Plot_Quads_Import,BLCA_tbl_Plot_Quads_Import.csv,128,PlotCode;USGSQuad;County;New_InPark
BLCA_2314480,tbl_aa_photonames,BLCA_tbl_aa_photonames.csv,1689,OLDImageFileID;ImageFileID;LocationRef
BLCA_2314480,tlkpAAVegAssocRanks,BLCA_tlkpAAVegAssocRanks.csv,3,VegAssocRank
BLCA_2314480,tlkpAAVegAssociation,BLCA_tlkpAAVegAssociation.csv,106,VegAssocCode;VegAssocName
BLCA_2314480,tlkpAlliances,BLCA_tlkpAlliances.csv,66,Alliance
BLCA_2314480,tlkpAssociations,BLCA_tlkpAssociations.csv,149,Associations
BLCA_2314480,tlkpAssociations_OLD,BLCA_tlkpAssociations_OLD.csv,273,Associations
BLCA_2314480,tlkpCamera,BLCA_tlkpCamera.csv,1,CameraType;CameraComments
BLCA_2314480,tlkpCover,BLCA_tlkpCover.csv,9,CoverClass;CoverClassDesc
BLCA_2314480,tlkpCoverAA,BLCA_tlkpCoverAA.csv,12,CoverClass;CoverPct
BLCA_2314480,tlkpCoverSave,BLCA_tlkpCoverSave.csv,15,CoverClass;CoverClassDesc
BLCA_2314480,tlkpCowardin,BLCA_tlkpCowardin.csv,4,CowardinSystem
BLCA_2314480,tlkpElevSource,BLCA_tlkpElevSource.csv,3,ElevSource
BLCA_2314480,tlkpGeology,BLCA_tlkpGeology.csv,67,Geology
BLCA_2314480,tlkpHeightClass,BLCA_tlkpHeightClass.csv,10,HeightClass
BLCA_2314480,tlkpHydrology,BLCA_tlkpHydrology.csv,7,Hydrology
BLCA_2314480,tlkpLandform,BLCA_tlkpLandform.csv,97,Landform
BLCA_2314480,tlkpLeafPhen,BLCA_tlkpLeafPhen.csv,12,Phenology
BLCA_2314480,tlkpLeafType,BLCA_tlkpLeafType.csv,9,LeafType
BLCA_2314480,tlkpPJAge,BLCA_tlkpPJAge.csv,5,PJAgeClass
BLCA_2314480,tlkpParks,BLCA_tlkpParks.csv,16,ParkCode;ParkName
BLCA_2314480,tlkpPhotoComments,BLCA_tlkpPhotoComments.csv,4,PhotoComments
BLCA_2314480,tlkpPhotoTypes,BLCA_tlkpPhotoTypes.csv,4,PhotoType
BLCA_2314480,tlkpPhotographer,BLCA_tlkpPhotographer.csv,7,Photographer
BLCA_2314480,tlkpPhysiogClass,BLCA_tlkpPhysiogClass.csv,8,Physiognom
BLCA_2314480,tlkpPlotShapes,BLCA_tlkpPlotShapes.csv,8,PlotShape
BLCA_2314480,tlkpSoilDrainage,BLCA_tlkpSoilDrainage.csv,6,SoilDrainage
BLCA_2314480,tlkpSoilTexture,BLCA_tlkpSoilTexture.csv,19,SoilTexture
BLCA_2314480,tlkpStates,BLCA_tlkpStates.csv,52,StateCode;StateName
BLCA_2314480,tlkpStrata,BLCA_tlkpStrata.csv,14,Stratum
BLCA_2314480,tlkpStructureStages,BLCA_tlkpStructureStages.csv,4,StructureStage
BLCA_2314480,tlkpSurveyors,BLCA_tlkpSurveyors.csv,23,SurveyorName
BLCA_2314480,tlkpTopography,BLCA_tlkpTopography.csv,31,TopoPosition
BLCA_2314480,tlkpUSGS_Quad,BLCA_tlkpUSGS_Quad.csv,11,USGSQuad;USGSQuadCode
BLCA_2314480,tlkpUTMZone,BLCA_tlkpUTMZone.csv,3,UTMZone
BLCA_2314480,zFieldWidths,BLCA_zFieldWidths.csv,19,FieldWidth;FieldWidthDescription
BLCA_2314480,zLookupFields,BLCA_zLookupFields.csv,30,TableName;SortOrder;FieldName;FieldLabel;FieldWidth;ControlType;RowSource;ColumnCount;ColumnWidths
BLCA_2314480,zLookupTables,BLCA_zLookupTables.csv,25,TableName;ListName;Description
BLUE_2314481,sp_cov,BLUE_sp_cov.csv,7582,Plot_Code;Plot_Event;PLANTS_Symbol;Sci_Name;ComName;Family;ITIS_TSN;Stratum;Spp_Code;Cover_Code;Real_Cover;Within_Plot
BLUE_2314481,tAA,BLUE_tAA.csv,310,AA_Code;Project_Name;Slope_Cat;Slope_Degrees;Aspect_Cat;Aspect_Degrees;Elevation;Elev_Units
BLUE_2314481,tAAEventSpecies,BLUE_tAAEventSpecies.csv,1728,AA_Event;Stratum;Spp_Code;Cover_Code;Real_Cover;Within_Plot;Spp_Update;Spp_User
BLUE_2314481,tAAEvents,BLUE_tAAEvents.csv,310,AA_Event;AA_Code;Event_Date;Surveyors;Field_X;Field_Y;GPS_Error;Satellites;UTM_Zone;AA_plotsize;AA_plotshape;Primary_Code;Secondary_Code;Classified_Code;AA_Photos;Canopy_Closure;Canopy_Hgt;Canopy_Base;General_Comments;AA_Update;AA_User
BLUE_2314481,tConnect,BLUE_tConnect.csv,1,Connect_db
BLUE_2314481,tGlobal,BLUE_tGlobal.csv,8,User_Count;User_Name;User_Email;Last_Modified
BLUE_2314481,tPhotos,BLUE_tPhotos.csv,0,Photo_ID;Plot_Code;Photo_Date;Photo_Type;Photo_Bearing;Photo_Descript;Photographer;Camera_or_Roll;File_Name
BLUE_2314481,tPlotEventSpecies,BLUE_tPlotEventSpecies.csv,7582,Plot_Event;Stratum;Spp_Code;Cover_Code;Real_Cover;Within_Plot;Spp_Update;Spp_User
BLUE_2314481,tPlotEvents,BLUE_tPlotEvents.csv,135,Plot_Event;Plot_Code;Event_Date;Surveyors;Field_X;Field_Y;GPS_Error;Satellites;UTM_Zone;Plot_Shape;Plot_Radius;Plot_Width;Plot_Length;Observation_pt;Provisional_Community;NVC_Elcode;Representativeness;Stand_Size;Environmental_Comments;Plot_Photos;Bedrock;Large_Rocks;Small_Rocks;Sand;Litter;Wood;Water;Bare;Other;Other_describe;Leaf_Type;Leaf_Phenology;Physio_Class;T1_Hgt;T2_Hgt;T3_Hgt;S1_Hgt;S2_Hgt;S3_Hgt;H_Hgt;N_Hgt;V_Hgt;A1_Hgt;A2_Hgt;E_Hgt;T1_Cover;T2_Cover;T3_Cover;S1_Cover;S2_Cover;S3_Cover;H_Cover;N_Cover;V_Cover;A1_Cover;A2_Cover;E_Cover;All_Cover;General_Comments;Plot_Update;Plot_User
BLUE_2314481,tPlotSoils,BLUE_tPlotSoils.csv,110,Plot.Code;Former.Plot.Code;Comment;Project;LabNumber;TEC;pH;SMP.Buffer;OrganicMatter;ENR;ENR-text;SolubleSulfur;Al_ppm;B_ppm;B_ppm-text;Ca;Ca_ppm;Ca_pct;Cu_ppm;Cu_ppm-text;Fe_ppm;H_pct;K;K-text;K_ppm;K_ppm-text;K_pct;Mg;Mg_ppm;Mg_pct;Mn_ppm;Mn_ppm-text;Na;Na_ppm;Na_pct;P;P_ppm;Zn_ppm
BLUE_2314481,tPlots,BLUE_tPlots.csv,135,Plot_Code;Project_Name;Plot_Directions;State;Land_Owner;Elevation;Elev_Units;Slope_Cat;Slope_Degrees;Aspect_Cat;Aspect_Degrees;Topo_Position;Landform;Surficial_Geology;Cowardin_System;Hydro_Regime;Hydrology_Evidence;Landscape_Comments;Soil_Texture;Soil_Drainage;Sensitive_Data;Public_X;Public_Y;Dist_XY;Public_Elev;Dist_Elev
BLUE_2314481,tProjectMetadata,BLUE_tProjectMetadata.csv,1,Project_Name;Park_Code;Project_Contact;Coordinate_System;Datum;Coordinate_Method;GPS_Filename;GPS_Unit;Sampling_Method;Calculation_Method;Taxon_Reference_Source;Project_Comments;T1_DefHgt;T2_DefHgt;T3_DefHgt;S1_DefHgt;S2_DefHgt;S3_DefHgt;H_DefHgt;N_DefHgt;V_DefHgt;A1_DefHgt;A2_DefHgt;E_DefHgt;Date_Created
BLUE_2314481,tSpecies,BLUE_tSpecies.csv,707,Spp_Code;Field_Name;Taxon_Reference;PLANTS_Symbol
BLUE_2314481,xConcept_Reference_lu,BLUE_xConcept_Reference_lu.csv,102,Taxon_Reference_Source
BLUE_2314481,xCoverClass_lu,BLUE_xCoverClass_lu.csv,10,Cover_Class;Range;MidPoint
BLUE_2314481,xHeight_Class_lu,BLUE_xHeight_Class_lu.csv,10,Height_Class;Sort_Order;Max_Val
BLUE_2314481,xHydro_Regime_lu,BLUE_xHydro_Regime_lu.csv,18,Hydro_Regime;Hydro_Definitions
BLUE_2314481,xLandform_lu,BLUE_xLandform_lu.csv,218,Landform;Lndfrm_Definition;Include_Rec
BLUE_2314481,xLeaf_Phenology_lu,BLUE_xLeaf_Phenology_lu.csv,8,Leaf_Phenology;SortOrder
BLUE_2314481,xLeaf_Type_lu,BLUE_xLeaf_Type_lu.csv,9,Leaf_Type;SortOrder
BLUE_2314481,xMapUnit_lu,BLUE_xMapUnit_lu.csv,35,MapUnit_Code;MapUnit
BLUE_2314481,xParks_lu,BLUE_xParks_lu.csv,278,Park_Code;Park_Name;State;Include_Rec
BLUE_2314481,xPhysio_Class_lu,BLUE_xPhysio_Class_lu.csv,8,Physio_Class;Physio_Definition;SortOrder
BLUE_2314481,xSoil_Drainage_lu,BLUE_xSoil_Drainage_lu.csv,7,Soil_Drainage;SortOrder
BLUE_2314481,xSoil_Texture_lu,BLUE_xSoil_Texture_lu.csv,18,Soil_Texture
BLUE_2314481,xState_lu,BLUE_xState_lu.csv,59,State_Code;State_Name;Include_Rec
BLUE_2314481,xStratum_lu,BLUE_xStratum_lu.csv,13,Stratum;Descript;SortOrder
BLUE_2314481,xSurficial_Geology_lu,BLUE_xSurficial_Geology_lu.csv,34,Surficial_Geology;Category;Include_Rec
BLUE_2314481,xTopo_Position_lu,BLUE_xTopo_Position_lu.csv,12,Topo_Position;SortOrder;Include_Rec
BLUE_2314481,xVegAssociation_lu,BLUE_xVegAssociation_lu.csv,20,NVC_Elcode;NVC_Association;Canada;East;Midwest;Southeast;West;Include_Rec
BOHA_2314482,AA-Photos,BOHA_AA-Photos.csv,18,ID;AA_Photo_ID;AA.obs.code;Photo_Type;Photographer;Photo_Direction;Photo_Comments;Photo_Path;Image_ID
BOHA_2314482,AA-Species,BOHA_AA-Species.csv,829,AA.Obs.Code;AA.Species.Counter;Plant.Symbol;Scientific.Name;Common.Name;Family;Specimen.Number;Used.PLANTS;Source;Stratum.Sort;Stratum;Diagnostic;Range.Cover;Real.Cover;Other.Measure1;Other.Measure2;Update;User
BOHA_2314482,AA-Species_with_common_names,BOHA_AA-Species_with_common_names.csv,828,AA.Obs.Code;AA.Species.Counter;Plant.Symbol;Scientific.Name;Common.name;Family;Specimen.Number;Used.PLANTS;Source;Stratum.Sort;Stratum;Diagnostic;Range.Cover;Real.Cover;Other.Measure1;Other.Measure2;Update;User
BOHA_2314482,AA_Observations,BOHA_AA_Observations.csv,172,"AA.Obs.Code;County;Air.Photo.Number;Polygon.Code;Polygon.Size;Primary.Community.Name;Secondary.Community.Name;Classified.Community.Name;NVC.ELCODE;EONum.Suffix;Location.Code;Sublocation;Sublocation2;Quad.Name;Quad.Code;Coord.System;GPS.File;GPS.Techniques;Field.UTM.X;Field.UTM.Y;Corrected.UTM.X;Corrected.UTM.Y;UTM.Zone;GPS.Datum;GPS.Accuracy;Field.Lat;Field.Long;Corrected.Lat;Corrected.Long;Survey.Date;Surveyors;Elevation;Elevation.Units;Slope;Precise.Slope;Aspect;Precise.Aspect;Topo.Position;Landform;Surficial.Geology;Cowardin.System;Hydro.Regime;Salinity/Halinity;Hydrology.Evidence;Environmental.Comments;Landscape.Comments;%.Bedrock;%.Large.Rocks;%.Small.Rocks;%.Sand;%.Litter,.Duff;%.Wood;%.Water;%.Bare.Soil;%.Other;%.Other.Description;Leaf.Phenology;Leaf.Type;Physio.Class;T1.Hgt;T1.Cover;T2.Hgt;T2.Cover;T3.Hgt;T3.Cover;S1.Hgt;S1.Cover;S2.Hgt;S2.Cover;S3.Hgt;S3.Cover;H.Hgt;H.Cover;N.Hgt;N.Cover;V.Hgt;V.Cover;E.Hgt;E.Cover;Other.Measure1.Defined;Other.Measure2.Defined;Polygon.Heterogeneity.Comments;Classification.Comments;Disturbance.Comments;Other.Comments;Update;User;Species.Counter;Optional.Fields.Defined;Opt1;Opt2;Opt3;Opt4;Opt5"
BOHA_2314482,Geology_Classes,BOHA_Geology_Classes.csv,33,Sort.order;Designation;Exemplars/Qualifiers
BOHA_2314482,Jurisdictions,BOHA_Jurisdictions.csv,54,Jurisdiction.Code;Jurisdiction.Name
BOHA_2314482,List_plots_&_NVC,BOHA_List_plots_&_NVC.csv,47,Plot.Code;Classified.Community.Name;NVC.ELCODE
BOHA_2314482,Locations,BOHA_Locations.csv,262,Location.Code;Location.Name;Jurisdiction.Code;Organization;Plot.Code.Counter;AA.Code.Counter
BOHA_2314482,Plots-Photos,BOHA_Plots-Photos.csv,105,ID;Plot.code;Photo_Type;Photographer;Photo_Direction;Photo_Comments;Photo_Path;Image_ID
BOHA_2314482,Plots-Species,BOHA_Plots-Species.csv,597,Plot.Code;Plot.Species.Counter;Plant.Symbol;Scientific.Name;Common.Name;Family;Specimen.Number;Used.PLANTS;Source;Within.Plot;Stratum.Sort;Stratum;Diagnostic;Range.Cover;Real.Cover;Other.Measure1;Other.Measure2;DBH;Update;User
BOHA_2314482,Plots-Species_Cross-tab-by-sum,BOHA_Plots-Species_Cross-tab-by-sum.csv,257,Plant.Symbol;Scientific.Name;Stratum;BOHA_01;BOHA_02;BOHA_03;BOHA_04;BOHA_05;BOHA_06;BOHA_07;BOHA_08;BOHA_09;BOHA_10;BOHA_11;BOHA_12;BOHA_13;BOHA_14;BOHA_15;BOHA_16;BOHA_17;BOHA_18;BOHA_19;BOHA_20;BOHA_21;BOHA_22;BOHA_23;BOHA_24;BOHA_25;BOHA_26;BOHA_27;BOHA_28;BOHA_29;BOHA_30;BOHA_31;BOHA_32;BOHA_33;BOHA_34;BOHA_35;BOHA_36;BOHA_37;BOHA_38;BOHA_39;BOHA_40;BOHA_41;BOHA_42;BOHA_43;BOHA_44;BOHA_45;BOHA_46;BOHA_47
BOHA_2314482,Plots,BOHA_Plots.csv,47,"Plot.Code;County;SubPlot;SubPlot.Parent.Code;Air.Photo.Number;Polygon.Code;Provisional.Community.Name;Classified.Community.Name;NVC.ELCODE;EONum.Suffix;Location.Code;Sublocation;Sublocation2;Quad.Name;Quad.Code;Coord.System;GPS.File;GPS.Techniques;Field.UTM.X;Field.UTM.Y;Corrected.UTM.X;Corrected.UTM.Y;UTM.Zone;Field.Lat;Field.Long;Corrected.Lat;Corrected.Long;Survey.Date;Surveyors;Plot.Directions;X.Dimension;Y.Dimension;Plot.Shape;Photos;Roll.Number;Frame.Number;Permanent;Representativeness;Elevation;Elevation.Units;GPS.Datum;GPS.Accuracy;Slope;Precise.Slope;Aspect;Precise.Aspect;Topo.Position;Landform;Surficial.Geology;Cowardin.System;Hydro.Regime;Salinity/Halinity;Hydrology.Evidence;Environmental.Comments;Landscape.Comments;Soil.Taxon/Description;Soil.Texture;Soil.Depth;Soil.Depth.Units;Soil.Drainage;%.Bedrock;%.Large.Rocks;%.Small.Rocks;%.Sand;%.Litter,.Duff;%.Wood;%.Water;%.Bare.Soil;%.Other;%.Other.Description;Leaf.Phenology;Leaf.Type;Physio.Class;T1.Hgt;T1.Cover;T2.Hgt;T2.Cover;T3.Hgt;T3.Cover;S1.Hgt;S1.Cover;S2.Hgt;S2.Cover;S3.Hgt;S3.Cover;H.Hgt;H.Cover;N.Hgt;N.Cover;V.Hgt;V.Cover;E.Hgt;E.Cover;Other.Measure1.Defined;Other.Measure2.Defined;Animal.Use.Evidence;Disturbance.Comments;Other.Comments;Update;User;Species.Counter;Optional.Fields.Defined;Opt1;Opt2;Opt3;Opt4;Opt5"
BOHA_2314482,Project_Metadata,BOHA_Project_Metadata.csv,1,Name;Description;Start;Stop;Contributor;Plot.Selection.Design;Layout.Narrative;Cover.Method;Placement.Method;Taxon.Observation.Area;Cover.Dispersion;AutoTaxonCover;Stratum.Method;Stratum.Method.Description;Taxonomic.Citation
BOHA_2314482,SppComp_by_plot,BOHA_SppComp_by_plot.csv,49,Plot.Code;Stratum;Scientific.Name;Real.Cover
BOWA_2314483,sp_cov,BOWA_sp_cov.csv,378,Plot_Event;PLANTS_Symbol;Field_Name;ComName;Family;ITIS_TSN;Stratum;Spp_Code;Cover_Code;Real_Cover;Within_Plot
BOWA_2314483,tAA,BOWA_tAA.csv,0,AA_Code;Project_Name;Slope_Cat;Slope_Degrees;Aspect_Cat;Aspect_Degrees;Elevation;Elev_Units
BOWA_2314483,tAAEvents,BOWA_tAAEvents.csv,0,AA_Event;AA_Code;Event_Date;Surveyors;Field_X;Field_Y;GPS_Error;Satellites;UTM_Zone;AA_plotsize;AA_plotshape;Primary_Code;Secondary_Code;Classified_Code;AA_Photos;General_Comments;AA_Update;AA_User
BOWA_2314483,tConnect,BOWA_tConnect.csv,1,Connect_db
BOWA_2314483,tGlobal,BOWA_tGlobal.csv,6,User_Count;User_Name;User_Email;Last_Modified
BOWA_2314483,tPhotos,BOWA_tPhotos.csv,0,Photo_ID;Plot_Code;Photo_Date;Photo_Type;Photo_Bearing;Photo_Descript;Photographer;Camera_or_Roll;File_Name
BOWA_2314483,tPlotEventSpecies,BOWA_tPlotEventSpecies.csv,378,Plot_Event;Stratum;Spp_Code;Cover_Code;Real_Cover;Within_Plot;Spp_Update;Spp_User
BOWA_2314483,tPlotEvents,BOWA_tPlotEvents.csv,6,Plot_Event;Plot_Code;Event_Date;Surveyors;Field_X;Field_Y;GPS_Error;Satellites;UTM_Zone;Plot_Shape;Plot_Radius;Plot_Width;Plot_Length;Observation_pt;Provisional_Community;NVC_Elcode;Representativeness;Stand_Size;Environmental_Comments;Plot_Photos;Bedrock;Large_Rocks;Small_Rocks;Sand;Litter;Wood;Water;Bare;Other;Other_describe;Leaf_Type;Leaf_Phenology;Physio_Class;T1_Hgt;T2_Hgt;T3_Hgt;S1_Hgt;S2_Hgt;S3_Hgt;H_Hgt;N_Hgt;V_Hgt;A1_Hgt;A2_Hgt;E_Hgt;T1_Cover;T2_Cover;T3_Cover;S1_Cover;S2_Cover;S3_Cover;H_Cover;N_Cover;V_Cover;A1_Cover;A2_Cover;E_Cover;All_Cover;General_Comments;Plot_Update;Plot_User
BOWA_2314483,tPlots,BOWA_tPlots.csv,6,Plot_Code;Project_Name;Plot_Directions;State;Land_Owner;Elevation;Elev_Units;Slope_Cat;Slope_Degrees;Aspect_Cat;Aspect_Degrees;Topo_Position;Landform;Surficial_Geology;Cowardin_System;Hydro_Regime;Hydrology_Evidence;Landscape_Comments;Soil_Texture;Soil_Drainage;Sensitive_Data;Public_X;Public_Y;Dist_XY;Public_Elev;Dist_Elev
BOWA_2314483,tProjectMetadata,BOWA_tProjectMetadata.csv,1,Project_Name;Park_Code;Project_Contact;Coordinate_System;Datum;Coordinate_Method;GPS_Filename;GPS_Unit;Sampling_Method;Calculation_Method;Taxon_Reference_Source;Project_Comments;T1_DefHgt;T2_DefHgt;T3_DefHgt;S1_DefHgt;S2_DefHgt;S3_DefHgt;H_DefHgt;N_DefHgt;V_DefHgt;A1_DefHgt;A2_DefHgt;E_DefHgt;Date_Created
BOWA_2314483,tSpecies,BOWA_tSpecies.csv,147,Spp_Code;Field_Name;Taxon_Reference;PLANTS_Symbol
BOWA_2314483,xConcept_Reference_lu,BOWA_xConcept_Reference_lu.csv,102,Taxon_Reference_Source
BOWA_2314483,xCoverClass_lu,BOWA_xCoverClass_lu.csv,9,Cover_Class;Range;MidPoint
BOWA_2314483,xHeight_Class_lu,BOWA_xHeight_Class_lu.csv,7,Height_Class;Sort_Order;Max_Val
BOWA_2314483,xHydro_Regime_lu,BOWA_xHydro_Regime_lu.csv,14,Hydro_Regime;Hydro_Definitions
BOWA_2314483,xLandform_lu,BOWA_xLandform_lu.csv,204,Landform;Lndfrm_Definition;Include_Rec
BOWA_2314483,xLeaf_Phenology_lu,BOWA_xLeaf_Phenology_lu.csv,7,Leaf_Phenology;SortOrder
BOWA_2314483,xLeaf_Type_lu,BOWA_xLeaf_Type_lu.csv,8,Leaf_Type;SortOrder
BOWA_2314483,xMapUnit_lu,BOWA_xMapUnit_lu.csv,10,MapUnit_Code;MapUnit
BOWA_2314483,xParks_lu,BOWA_xParks_lu.csv,278,Park_Code;Park_Name;State;Include_Rec
BOWA_2314483,xPhysio_Class_lu,BOWA_xPhysio_Class_lu.csv,8,Physio_Class;Physio_Definition;SortOrder
BOWA_2314483,xSoil_Drainage_lu,BOWA_xSoil_Drainage_lu.csv,6,Soil_Drainage;SortOrder
BOWA_2314483,xSoil_Texture_lu,BOWA_xSoil_Texture_lu.csv,13,Soil_Texture
BOWA_2314483,xState_lu,BOWA_xState_lu.csv,59,State_Code;State_Name;Include_Rec
BOWA_2314483,xStratum_lu,BOWA_xStratum_lu.csv,13,Stratum;Descript;SortOrder
BOWA_2314483,xSurficial_Geology_lu,BOWA_xSurficial_Geology_lu.csv,35,Surficial_Geology;Category;Include_Rec
BOWA_2314483,xTopo_Position_lu,BOWA_xTopo_Position_lu.csv,12,Topo_Position;SortOrder;Include_Rec
BOWA_2314483,xVegAssociation_lu,BOWA_xVegAssociation_lu.csv,3,NVC_Elcode;NVC_Association;Canada;East;Midwest;Southeast;West;Include_Rec
BRCA_2314485,BRCA_Final_Classification,BRCA_BRCA_Final_Classification.csv,408,PlotCode;ELCODE;Classif_GK;Combined.Data.Analysis.Apriori.Groups;GK_Comments
BRCA_2314485,Calls,BRCA_Calls.csv,902,AACode;Primary;Secondary;Tertiary;50m
BRCA_2314485,Find_duplicates_for_Query3,BRCA_Find_duplicates_for_Query3.csv,0,PlotCode.Field;PhotoRoll.Field;PhotoFrame.Field;NumberOfDups
BRCA_2314485,Find_duplicates_for_tblPhotos,BRCA_Find_duplicates_for_tblPhotos.csv,28,PhotoRoll;PhotoFrame;PhotoID
BRCA_2314485,GPS_Data_Download,BRCA_GPS_Data_Download.csv,902,ID;AA_Code;Camera;New_Associ;Rep_of_Pt_;Rep_Assoc_;Slope_D;Aspect_D;Topo_Posit;Landform;Leaf_Pheno;Leaf_Type;Physiognom;Notes;Max_PDOP;Corr_Type;Rcvr_Type;GPS_Date;GPS_Time;Update_Sta;Datafile;Unfilt_Pos;Filt_Pos;Data_Dicti;GPS_Height;Vert_Prec;Horz_Prec;Std_Dev;Northing;Easting;QuadName;County;State;Surveyor;PlotShape;Park
BRCA_2314485,Plot_calls,BRCA_Plot_calls.csv,549,PlotCode;ProvCommunityName;Associations
BRCA_2314485,Qry_GIS,BRCA_Qry_GIS.csv,549,PlotCode;Waypoint;PlotID;SiteName;ProvCommunityName;AerialPhotoNo;UTM.Error;Surveyors;BPUCode
BRCA_2314485,Query2,BRCA_Query2.csv,10988,PlotCode;CoverClass;ObsPointCoverClass
BRCA_2314485,Query3,BRCA_Query3.csv,1199,PlotCode;PhotoID;PlotID;PhotoType;PhotoRoll;PhotoFrame;PhotoOther;Photographer;PhotoComments;NCPNImageFileID
BRCA_2314485,qry_sel_All_Ranks,BRCA_qry_sel_All_Ranks.csv,902,AACode;Primary;Secondary;Tertiary;50m
BRCA_2314485,qry_sel_Secondary,BRCA_qry_sel_Secondary.csv,156,AAID;Secondary;Tertiary
BRCA_2314485,qry_sel_Tertiary,BRCA_qry_sel_Tertiary.csv,15,AAID;Tertiary
BRCA_2314485,tblAADetails,BRCA_tblAADetails.csv,902,AAID;AACode;SurveyDate;Surveyors;CameraUsed
BRCA_2314485,tblAAEnvironment,BRCA_tblAAEnvironment.csv,902,EnvironmentID;AAID;Slope;Aspect;TopoPosition;Elevation;ElevSource;EnvironmentalComments;Geology;BareSoil;Bedrock;Sand;Moss;Other;OtherPctDesc;Litter;Rocks;Lichen;Gravel;LiveVegLitter;LiveVegWood;Wood;LichenRocks;LichenGround;DarkCyanobacteria;Water
BRCA_2314485,tblAAEnvironmentDetails,BRCA_tblAAEnvironmentDetails.csv,948,EnvDetailID;EnvironmentID;Landform
BRCA_2314485,tblAALocation,BRCA_tblAALocation.csv,902,AACode;SiteName;State;County;ParkCode;GPSFileName;GPSUnit;UTMEasting;UTMNorthing;UTMZone;DiffCorrected;Datum;PDOP;UTM.Error;InPark;GPSComments;RepresentPWP;RepresentATD;ClassificationComments;PlotShape;USGSQuad;PMU;SMU;TMU
BRCA_2314485,tblAAPhotos,BRCA_tblAAPhotos.csv,950,PhotoID;AAID;PhotoType;PhotoRoll;PhotoFrame;PhotoOther;Photographer;PhotoComments;NCPNImageFileID
BRCA_2314485,tblAAVegAssociation,BRCA_tblAAVegAssociation.csv,1172,VegAssocID;AAID;VegAssocCode;VegAssocRank;FieldKey;NewName;Post_Field_Name;OtherAssocCode;VegAssocName
BRCA_2314485,tblAAVegetation,BRCA_tblAAVegetation.csv,902,VegetationID;AAID;ProvCommunityName;Alliance;Associations;Phenology;LeafType;LeafTypeComments;Physiognom;EmergHt;EmergCovTot;EmergCovPercent;CanHt;CanCovTot;CanCovPercent;SubHt;SubCovTot;SubCovPercent;TallShHt;TallShCovTot;TallShCovPercent;ShrubHt;ShrubCovTot;ShrubCovPercent;DwarfHt;DwarfCovTot;DwarfCovPercent;HerbHt;HerbCovTot;HerbCovPercent;NonvasHt;NonvasCovTot;NonvasCovPercent;VineHt;VineTotCov;VineTotPercent;EpiHt;EpiTotCov;EpiTotPercent;GramHt;GramCovTot;GramCovPercent;ForbHt;ForbCovTot;ForbCovPercent;FernHt;FernCovTot;FernCovPercent;SeedlHt;SeedlCovTot;SeedCovPercent;OutsidePlotHt;OutsidePlotTotCov;OutsidePlotTotPercent;PlantSpeciesComments;MultipleAssoc
BRCA_2314485,tblAAVegetationDetails,BRCA_tblAAVegetationDetails.csv,7030,VegDetailID;VegetationID;Stratum;TSN;Species;CoverClass;CoverPct;Diagnostic;Dead
BRCA_2314485,tblBPU,BRCA_tblBPU.csv,0,BPU_record_ID;centroid_x;centroid_y;hectares;BPU_code;district;gradsect_year;BPU_comments
BRCA_2314485,tblDataMgmtLog,BRCA_tblDataMgmtLog.csv,18,ActionDate;ActionMonth;ActionYear;Action;Who
BRCA_2314485,tblEnvironment,BRCA_tblEnvironment.csv,549,EnvironmentID;PlotID;Elevation;ElevSource;Slope;Aspect;TopoPosition;Landform;Geology;CowardinSystem;Hydrology;EnvironmentalComments;BareSoil;Bedrock;Sand;Moss;Other;OtherPctDesc;Litter;Rocks;Lichen;Wood;Gravel;Water;Cryptogam;SoilTexture;SoilDrainage;AnimalUseComments;DisturbanceComments;OtherComments;LandscapeComments;SoilTaxonDesc;LiveVegLitter;LiveVegWood;LichenRocks;LichenGround;DarkCyanobacteria;TotalPct
BRCA_2314485,tblEnvironmentDetails,BRCA_tblEnvironmentDetails.csv,629,EnvDetailID;EnvironmentID;Landform
BRCA_2314485,tblFinalAssociationNamesAA,BRCA_tblFinalAssociationNamesAA.csv,1043,PlotCode;ELC_Code;Association_Name
BRCA_2314485,tblFinalAssociationNamesPlots,BRCA_tblFinalAssociationNamesPlots.csv,549,PlotCode;ELC_Code;Association_Name
BRCA_2314485,tblFireTrees,BRCA_tblFireTrees.csv,3833,FireTreesID;FuelID;RecordType;Plot_Size;SpeciesCode;Live;DBH;DRC;Height;Measured;HeightToCrown;HeightMeasured;StructuralStage;Comments;Twin
BRCA_2314485,tblFuelSummary,BRCA_tblFuelSummary.csv,363,FuelID;PlotCode;Plot_Size;Surveyor;FuelModel;T1Slope;T1Azimuth;T1OneHrTally;T1TenHrTally;T1HunHrTally;T2Slope;T2Azimuth;T2OneHrTally;T2TenHrTally;T2HunHrTally;Comments
BRCA_2314485,tblFuelsLD,BRCA_tblFuelsLD.csv,250,LDID;FuelID;T1Litter15;T1Litter20;T1Litter25;T1Litter30;T1Litter35;T1Litter40;T1Litter45;T1Litter50;T1Litter55;T1Litter60;T1Duff15;T1Duff20;T1Duff25;T1Duff30;T1Duff35;T1Duff40;T1Duff45;T1Duff50;T1Duff55;T1Duff60;T2Litter15;T2Litter20;T2Litter25;T2Litter30;T2Litter35;T2Litter40;T2Litter45;T2Litter50;T2Litter55;T2Litter60;T2Duff15;T2Duff20;T2Duff25;T2Duff30;T2Duff35;T2Duff40;T2Duff45;T2Duff50;T2Duff55;T2Duff60
BRCA_2314485,tblFuelsLWI,BRCA_tblFuelsLWI.csv,552,LWIID;FuelID;TransectNumber;Diameter;DecayClass
BRCA_2314485,tblGeneralPhotos,BRCA_tblGeneralPhotos.csv,0,GenPhotoID;GenPhotoParkCode;GenPhotoDate;GenPhotographer;GenPhotoDesc;GenPhotoUTME;GenPhotoUTMN;GenUTMZone;GenPhotoRoll10;GenPhotoFrame;GenPhotoDigFile;GenPhotoComments
BRCA_2314485,tblGeneralSpecimens,BRCA_tblGeneralSpecimens.csv,42,GenSpecimenID;GenSpecFamily;GenSpecLatinName;GenSpecCollector;GenSpecCollectNum;GenSpecAccNumber;GenSpecCatNumber;GenSpecDate;GenSpecUTMN;GenSpecUTME;GenSpecCounty;GenSpecElev;GenSpecLocality;GenSpecHabitat;GenSpecAssocSpec;GenSpecComments
BRCA_2314485,tblNCPNPlants,BRCA_tblNCPNPlants.csv,5581,TSN;FamilyName;LatinName;Authority;Synonym;CommonName;Exotic;Sensitive;GrowthHabit;PLANTSCode;FullName
BRCA_2314485,tblPhotos,BRCA_tblPhotos.csv,1199,PhotoID;PlotID;PhotoType;PhotoRoll;PhotoFrame;PhotoOther;Photographer;PhotoComments;NCPNImageFileID
BRCA_2314485,tblPlotCodeLink,BRCA_tblPlotCodeLink.csv,0,NewPlotCode;OldPlotCode
BRCA_2314485,tblPlotDetails,BRCA_tblPlotDetails.csv,549,PlotID;PlotCode;SurveyDate;Surveyors;PlotLength;PlotAzimuth;PlotWidth;PlotDiam;PlotHasPhotos;PlotRepresentation;PlotShape;CameraUsed;ObsPointArea
BRCA_2314485,tblPlotLocation,BRCA_tblPlotLocation.csv,549,PlotCode;BPUCode;State;ParkCode;SiteName;USGSQuad;AerialPhotoNo;Waypoint;UTMEasting;UTMNorthing;Datum;UTMZone;UTM.Error;PDOP;DiffCorrected;DirectionsToPlot;County;GPSUnit;GPSComments;InPark;IsObservationPt;ObservationType;ObservationComment;TagNumber;TagUTMX;TagUTMY
BRCA_2314485,tblTempOtherVouchers,BRCA_tblTempOtherVouchers.csv,0,ID;Collection;Colllector;Comments;Northing;Easting
BRCA_2314485,tblVegetation,BRCA_tblVegetation.csv,549,VegetationID;PlotID;ProvCommunityName;Alliance;Associations;Phenology;LeafType;LeafTypeComments;Physiognom;EmergHt;EmergCovTot;EmergCovPercent;CanHt;CanCovTot;CanCovPercent;SubHt;SubCovTot;SubCovPercent;TallShHt;TallShCovTot;TallShCovPercent;ShrubHt;ShrubCovTot;ShrubCovPercent;DwarfHt;DwarfCovTot;SwarfCovPercent;HerbHt;HerbCovTot;HerbCovPercent;GramHt;GramCovTot;GramCovPercent;ForbHt;ForbCovTot;ForbCovPercent;FernHt;FernCovTot;FernCovPercent;SeedlHt;SeedlCovTot;SeedCovPercent;NonvasHt;NonvasCovTot;NonvasCovPercent;VineHt;VineTotCov;VineTotPercent;EpiHt;EpiTotCov;EpiTotPercent;OutsidePlotHt;OutsidePlotTotCov;OutsidePlotTotPercent;PlantSpeciesComments
BRCA_2314485,tblVegetationDetails,BRCA_tblVegetationDetails.csv,10988,VegDetailID;VegetationID;Stratum;TSN;Species;CoverClass;ObsPointCoverClass;PercentCover;IsDead;Diagnostic;SpecimenCollected;CollectedBy;NPSAccessionNumber;NPSCatalogNumber;SpecimenNumber;SpecimenLocality;SpecimenHabitat;SpecimenAssocSpecies
BRCA_2314485,tbl_GPS_Import,BRCA_tbl_GPS_Import.csv,902,AA_Code;Camera;PlotShape;Slope_D;Aspect_D;Topo_Posit;Landform;Leaf_Pheno;Leaf_Type;Physiognom;Notes;status;Max_PDOP;Max_HDOP;Corr_Type;Rcvr_Type;GPS_Date;GPS_Time;Update_Sta;Datafile;Unfilt_Pos;Filt_Pos;Data_Dicti;GPS_Height;Vert_Prec;Horz_Prec;Std_Dev;Northing;Easting;Surveyor;Code;QuadName;County;State;Park
BRCA_2314485,tlkpAAVegAssocRanks,BRCA_tlkpAAVegAssocRanks.csv,3,VegAssocRank
BRCA_2314485,tlkpAAVegAssociation,BRCA_tlkpAAVegAssociation.csv,126,VegAssocCode;VegAssocName
BRCA_2314485,tlkpAlliances,BRCA_tlkpAlliances.csv,64,Alliance
BRCA_2314485,tlkpAssociations,BRCA_tlkpAssociations.csv,275,Associations
BRCA_2314485,tlkpCamera,BRCA_tlkpCamera.csv,3,CameraType;CameraComments
BRCA_2314485,tlkpCover,BRCA_tlkpCover.csv,17,CoverClass
BRCA_2314485,tlkpCoverAA,BRCA_tlkpCoverAA.csv,12,CoverClass
BRCA_2314485,tlkpCoverObs,BRCA_tlkpCoverObs.csv,4,CoverClass
BRCA_2314485,tlkpCowardin,BRCA_tlkpCowardin.csv,4,CowardinSystem
BRCA_2314485,tlkpDamageCodes,BRCA_tlkpDamageCodes.csv,31,DamageCode;LMCode;DamageDescription;DamageDetails
BRCA_2314485,tlkpElevSource,BRCA_tlkpElevSource.csv,2,ElevSource
BRCA_2314485,tlkpFireSpecies,BRCA_tlkpFireSpecies.csv,10,SpeciesCode
BRCA_2314485,tlkpFuelModels,BRCA_tlkpFuelModels.csv,13,ModelNumber;ModelType;ModelName;ModelDescription
BRCA_2314485,tlkpGeology,BRCA_tlkpGeology.csv,16,Geology
BRCA_2314485,tlkpHeightClass,BRCA_tlkpHeightClass.csv,10,HeightClass
BRCA_2314485,tlkpHydrology,BRCA_tlkpHydrology.csv,7,Hydrology
BRCA_2314485,tlkpLandForm,BRCA_tlkpLandForm.csv,198,LandForm
BRCA_2314485,tlkpLeafPhen,BRCA_tlkpLeafPhen.csv,5,Phenology
BRCA_2314485,tlkpLeafType,BRCA_tlkpLeafType.csv,9,LeafType
BRCA_2314485,tlkpObservationType,BRCA_tlkpObservationType.csv,3,ObservationType
BRCA_2314485,tlkpPJAge,BRCA_tlkpPJAge.csv,5,PJAgeClass
BRCA_2314485,tlkpParks,BRCA_tlkpParks.csv,4,ParkCode;ParkName
BRCA_2314485,tlkpPhotoComments,BRCA_tlkpPhotoComments.csv,4,PhotoComments
BRCA_2314485,tlkpPhotoTypes,BRCA_tlkpPhotoTypes.csv,6,PhotoType
BRCA_2314485,tlkpPhotographer,BRCA_tlkpPhotographer.csv,7,Photographer
BRCA_2314485,tlkpPhysiogClass,BRCA_tlkpPhysiogClass.csv,10,Physiognom
BRCA_2314485,tlkpPlotDiameter,BRCA_tlkpPlotDiameter.csv,2,PlotDiameter
BRCA_2314485,tlkpPlotShapes,BRCA_tlkpPlotShapes.csv,2,PlotShape
BRCA_2314485,tlkpProvisionalCommunities,BRCA_tlkpProvisionalCommunities.csv,56,ID;NVC.Elcode;NVC.Association.Name;CARE.plots;COLM.plots;NABR.plots;HOVE.plots;ARCH.plots
BRCA_2314485,tlkpSoilDrainage,BRCA_tlkpSoilDrainage.csv,6,SoilDrainage
BRCA_2314485,tlkpSoilTexture,BRCA_tlkpSoilTexture.csv,19,SoilTexture
BRCA_2314485,tlkpStates,BRCA_tlkpStates.csv,52,StateCode;StateName
BRCA_2314485,tlkpStrata,BRCA_tlkpStrata.csv,15,Stratum
BRCA_2314485,tlkpStructuralStage,BRCA_tlkpStructuralStage.csv,5,StageCode;StageName;StageDescription
BRCA_2314485,tlkpStructureStages,BRCA_tlkpStructureStages.csv,4,StructureStage
BRCA_2314485,tlkpSurveyors,BRCA_tlkpSurveyors.csv,22,SurveyorName
BRCA_2314485,tlkpTopography,BRCA_tlkpTopography.csv,9,TopoPosition
BRCA_2314485,tlkpUSGS_Quad,BRCA_tlkpUSGS_Quad.csv,2,USGSQuad;USGSQuadCode
BRCA_2314485,tlkpUTMZone,BRCA_tlkpUTMZone.csv,1,UTMZone
BRCA_2314485,tlu_MU_Codes,BRCA_tlu_MU_Codes.csv,49,MU_CODE;MU_NAME
BRCA_2314485,xrefDamageCodes,BRCA_xrefDamageCodes.csv,930,DamageID;FireTreeID;DamageCode
BRCA_2314485,zFieldWidths,BRCA_zFieldWidths.csv,19,FieldWidth;FieldWidthDescription
BRCA_2314485,zFieldWidthsold,BRCA_zFieldWidthsold.csv,20,FieldWidth;FieldWidthDescription
BRCA_2314485,zLookupFields,BRCA_zLookupFields.csv,29,TableName;SortOrder;FieldName;FieldLabel;FieldWidth;ControlType;RowSource;ColumnCount;ColumnWidths
BRCA_2314485,zLookupFieldsold,BRCA_zLookupFieldsold.csv,37,TableName;SortOrder;FieldName;FieldLabel;FieldWidth;ControlType;RowSource;ColumnCount;ColumnWidths
BRCA_2314485,zLookupTables,BRCA_zLookupTables.csv,25,TableName;ListName;Description
BRCA_2314485,zLookupTablesold,BRCA_zLookupTablesold.csv,29,TableName;ListName;Description
BRCA_2314485,ztblFuels,BRCA_ztblFuels.csv,0,FuelsID;PlotID;PPDFPhotoGuide;PJPhotoGuide;SBPhotoGuide;PJAgeClass;LitterOrigin;LitterNorth;LitterEast;LitterSouth;LitterWest;DuffOrigin;DuffNorth;DuffEast;DuffSouth;DuffWest;IsSubplot
BRCA_2314485,ztblFuelsDetails,BRCA_ztblFuelsDetails.csv,0,FuelsDetailID;FuelsID;StemCount;StemDiameter;DBH;DRC;AVG;TSN;WoodlandCrownWidth;WoodlandCrownHeight;ForestCrownBaseHeight;ForestCrownHeight;CrownRatio;StructureStage;Comments
BUFF_2314486,AA-Species,BUFF_AA-Species.csv,5475,AA.Obs.Code;AA.Species.Counter;Plant.Symbol;Scientific.Name;Common.Name;Family;Specimen.Number;Used.PLANTS;Source;Stratum.Sort;Stratum;Diagnostic;Range.Cover;Real.Cover;Other.Measure1;Other.Measure2;Update;User
BUFF_2314486,AA_Observations,BUFF_AA_Observations.csv,891,"AA.Obs.Code;County;Air.Photo.Number;Polygon.Code;Polygon.Size;Primary.Community.Name;Secondary.Community.Name;Classified.Community.Name;NVC.ELCODE;EONum.Suffix;Location.Code;Sublocation;Sublocation2;Quad.Name;Quad.Code;Coord.System;GPS.File;GPS.Techniques;Field.UTM.X;Field.UTM.Y;UTM.Zone;GPS.Datum;GPS.Accuracy;Field.Lat;Field.Long;Survey.Date;Surveyors;Elevation;Elevation.Units;Slope;Precise.Slope;Aspect;Precise.Aspect;Topo.Position;Landform;Surficial.Geology;Cowardin.System;Hydro.Regime;Salinity/Halinity;Hydrology.Evidence;Environmental.Comments;Landscape.Comments;%.Bedrock;%.Large.Rocks;%.Small.Rocks;%.Sand;%.Litter,.Duff;%.Wood;%.Water;%.Bare.Soil;%.Other;%.Other.Description;Leaf.Phenology;Leaf.Type;Physio.Class;T1.Hgt;T1.Cover;T2.Hgt;T2.Cover;T3.Hgt;T3.Cover;S1.Hgt;S1.Cover;S2.Hgt;S2.Cover;S3.Hgt;S3.Cover;H.Hgt;H.Cover;N.Hgt;N.Cover;V.Hgt;V.Cover;E.Hgt;E.Cover;Other.Measure1.Defined;Other.Measure2.Defined;Polygon.Heterogeneity.Comments;Classification.Comments;Disturbance.Comments;Other.Comments;Update;User;Species.Counter;Optional.Fields.Defined;Opt1;Opt2;Opt3;Opt4;Opt5;Corrected.Lat;Corrected.Long;Corrected.UTM.Y;Corrected.UTM.X"
BUFF_2314486,Cover_Classes,BUFF_Cover_Classes.csv,10,Range.Cover;Real.Cover
BUFF_2314486,Plots-Species,BUFF_Plots-Species.csv,19876,Plot.Code;Plot.Species.Counter;Plant.Symbol;Scientific.Name;Common.Name;Family;Specimen.Number;Used.PLANTS;Source;Within.Plot;Stratum.Sort;Stratum;Diagnostic;Range.Cover;Real.Cover;Other.Measure1;Other.Measure2;DBH;Update;User
BUFF_2314486,Plots,BUFF_Plots.csv,250,"Plot.Code;County;SubPlot;SubPlot.Parent.Code;Air.Photo.Number;Polygon.Code;Provisional.Community.Name;Classified.Community.Name;NVC.ELCODE;EONum.Suffix;Location.Code;Sublocation;Sublocation2;Quad.Name;Quad.Code;Coord.System;GPS.File;GPS.Techniques;Field.UTM.X;Field.UTM.Y;Corrected.UTM.X;Corrected.UTM.Y;UTM.Zone;Field.Lat;Field.Long;Corrected.Lat;Corrected.Long;Survey.Date;Surveyors;Plot.Directions;X.Dimension;Y.Dimension;Plot.Shape;Photos;Roll.Number;Frame.Number;Permanent;Representativeness;Elevation;Elevation.Units;GPS.Datum;GPS.Accuracy;Slope;Precise.Slope;Aspect;Precise.Aspect;Topo.Position;Landform;Surficial.Geology;Cowardin.System;Hydro.Regime;Salinity/Halinity;Hydrology.Evidence;Environmental.Comments;Landscape.Comments;Soil.Taxon/Description;Soil.Texture;Soil.Depth;Soil.Depth.Units;Soil.Drainage;%.Bedrock;%.Large.Rocks;%.Small.Rocks;%.Sand;%.Litter,.Duff;%.Wood;%.Water;%.Bare.Soil;%.Other;%.Other.Description;Leaf.Phenology;Leaf.Type;Physio.Class;T1.Hgt;T1.Cover;T2.Hgt;T2.Cover;T3.Hgt;T3.Cover;S1.Hgt;S1.Cover;S2.Hgt;S2.Cover;S3.Hgt;S3.Cover;H.Hgt;H.Cover;N.Hgt;N.Cover;V.Hgt;V.Cover;E.Hgt;E.Cover;Other.Measure1.Defined;Other.Measure2.Defined;Animal.Use.Evidence;Disturbance.Comments;Other.Comments;Update;User;Species.Counter;Optional.Fields.Defined;Opt1;Opt2;Opt3;Opt4;Opt5"
BUFF_2314486,Project_Metadata,BUFF_Project_Metadata.csv,1,Name;Description;Start;Stop;Contributor;Plot.Selection.Design;Layout.Narrative;Cover.Method;Placement.Method;Taxon.Observation.Area;Cover.Dispersion;AutoTaxonCover;Stratum.Method;Stratum.Method.Description;Taxonomic.Citation
CACH_2314487,tblAAPhotos,CACH_tblAAPhotos.csv,806,PlotAACode;PhotoFiles;Aspect1;Aspect2;Aspect3;PhotoComments
CACH_2314487,tblAAPlotDetails,CACH_tblAAPlotDetails.csv,806,PlotAACode;SurveyDate;Surveyors
CACH_2314487,tblAAPlotLocation,CACH_tblAAPlotLocation.csv,806,PlotAACode;UTMEasting;UTMNorthing;UTMError;Elevation;USGSQuad;AA_Analysis;ShapefilePT
CACH_2314487,tblAAVegetation,CACH_tblAAVegetation.csv,806,PlotAACode;FieldMapClass;FieldMapClassConf;FieldConfExplanation;OtherFieldMapClasses1;OtherFieldMapClasses2;Association;AssociationConf;AssociationConfExplanation;OtherAssociation1;OtherAssociation2
CACH_2314487,tblAAVegetationDetails,CACH_tblAAVegetationDetails.csv,6349,PlantsID;PlotAACode;Stratum;CoverClass;Species
CACH_2314487,tblEnvironment,CACH_tblEnvironment.csv,145,EnvironmentID;PlotID;PlotCode;Elevation;Slope;Aspect;TopoPosition;SurfaceRocks;SoilTexture;CowardinSystem;Hydrology;Sand;Gravel;Cobble;Stone;Boulder;Bedrock;Litter;Moss;Lichen;Cryptogam;EnvironmentalComments;AnimalUseComments;DisturbanceComments
CACH_2314487,tblEnvironmentDetails,CACH_tblEnvironmentDetails.csv,150,EnvDetailID;EnvironmentID;Landform
CACH_2314487,tblMultistemDBH,CACH_tblMultistemDBH.csv,472,MultiStemID;OverstoryTreeDetailID;dbh;drc
CACH_2314487,tblOverstoryTreeDetails,CACH_tblOverstoryTreeDetails.csv,1703,OverstoryTreeDetailID;TreeID;Species;dbh;drc;MultiStemAvg
CACH_2314487,tblPIEnvironment,CACH_tblPIEnvironment.csv,61,PlotPICode;Elevation;Slope;Aspect;TopoPosition;Landform;CowardinSystem;EnvironmentalComments;Bedrock;Litter;Wood;LargeRocks;SmallRocks;Sand;BareSoil;Other;LeafPhen;LeafType;PhyClass
CACH_2314487,tblPIPlotDetails,CACH_tblPIPlotDetails.csv,61,SiteDesID;PlotPICode;SurveyDate;Surveyors
CACH_2314487,tblPIPlotLocation,CACH_tblPIPlotLocation.csv,61,PlotPICode;UTMEasting;UTMNorthing;UTMZone;ShapefilePT
CACH_2314487,tblPIVegetation,CACH_tblPIVegetation.csv,59,VegCoverID;PlotPICode;ProvCommunityName;EmergCovPercent;CanHt;CanCovPercent;SubHt;SubCovPercent;TallShHt;TallShCovPercent;ShortShHt;ShortShCovPercent;DwarfShHt;DwarfShCovPercent;HerbHt;HerbCovPercent;PI_Notes
CACH_2314487,tblPIVegetationDetails,CACH_tblPIVegetationDetails.csv,397,PlantsID;PlotPICode;Stratum;Species
CACH_2314487,tblPhotos,CACH_tblPhotos.csv,289,ImageID;PlotID;PhotoName;PhotoDate;PhotoDir
CACH_2314487,tblPlotDetails,CACH_tblPlotDetails.csv,145,PlotID;PlotCode;SurveyDate;Surveyors;PlotDiam;PlotHasPhotos;PlotRepresentation;PlotShape;StandardPlot
CACH_2314487,tblPlotLocation,CACH_tblPlotLocation.csv,145,PlotCode;USGSQuad;UTMEasting;UTMNorthing;Datum;UTMZone;UTMError;DirectionsToPlot
CACH_2314487,tblTree,CACH_tblTree.csv,127,TreeID;PlotCode;SurveyDate;Surveyors
CACH_2314487,tblVegetation,CACH_tblVegetation.csv,145,VegetationID;PlotID;PlotCode;ProvCommunityName;Alliance;Association;Phenology;LeafType;LeafTypeComments;Physiognom;TotTreeHt;TotTreeCovPercent;TreeDominants;EmergHt;EmergCovTot;EmergDominants;CanHt;CanCovTot;CanDominants;SubHt;SubCovTot;SubDominants;SeedlHt;SeedlCovTot;SeedlDominants;TotShrubHt;TotShrubCov;ShrubDominants;TallShHt;TallShCovTot;TallShDominants;ShortShHt;ShortShCovTot;ShortShDominants;HerbHt;HerbCovTot;HerbDominants;GramHt;GramCovTot;GramDominants;ForbHt;ForbCovTot;ForbDominants;TotVegCover
CACH_2314487,tblVegetationDetails,CACH_tblVegetationDetails.csv,3198,SpTableID;PlotID;PlotCode;Species;CoverClass;Comments
CACH_2314487,tlkpAAAssociation,CACH_tlkpAAAssociation.csv,46,PlantComm;BaseMapClass;MapClassCode;SequenceNumber
CACH_2314487,tlkpAACover,CACH_tlkpAACover.csv,9,Cover_ID;CoverCode;CoverClass
CACH_2314487,tlkpAAMapClass,CACH_tlkpAAMapClass.csv,55,SequenceNumber;BaseMapClasses;MapClassCode
CACH_2314487,tlkpAANCPNPlants,CACH_tlkpAANCPNPlants.csv,936,SpeciesCode;TSN;FamilyName;LatinName;Authority;CommonName;Exotic;Sensitive
CACH_2314487,tlkpAAStrata,CACH_tlkpAAStrata.csv,3,Strata_ID;StrataCode;Strata
CACH_2314487,tlkpAAUSGS_Quad,CACH_tlkpAAUSGS_Quad.csv,12,USGSQuad;UniqueID
CACH_2314487,tlkpAssociation,CACH_tlkpAssociation.csv,49,AssoCode;NVCSAssoc
CACH_2314487,tlkpCover,CACH_tlkpCover.csv,9,CoverClass;CoverClassPercent;PC_Ord
CACH_2314487,tlkpCowardin,CACH_tlkpCowardin.csv,4,CowardinCode;Cowardin
CACH_2314487,tlkpGeology,CACH_tlkpGeology.csv,3,GeoCode;Geology
CACH_2314487,tlkpHeightClass,CACH_tlkpHeightClass.csv,8,HeightClass;HeightClassRange
CACH_2314487,tlkpHydrology,CACH_tlkpHydrology.csv,7,HydroCode;Hydrology
CACH_2314487,tlkpLandform,CACH_tlkpLandform.csv,120,LandCode;LandForm
CACH_2314487,tlkpLeafPhen,CACH_tlkpLeafPhen.csv,8,PhenCode;Phenology
CACH_2314487,tlkpLeafType,CACH_tlkpLeafType.csv,13,LeafCode;Leaftype
CACH_2314487,tlkpNCPNPlants,CACH_tlkpNCPNPlants.csv,838,SpeciesCode;TSN;FamilyName;LatinName;Authority;CommonName;Exotic;Sensitive
CACH_2314487,tlkpPICover,CACH_tlkpPICover.csv,9,Cover_ID;CoverCode;CoverClass
CACH_2314487,tlkpPICowardin,CACH_tlkpPICowardin.csv,4,Cowardin_ID;CowardinCode;Cowardin
CACH_2314487,tlkpPIHeight,CACH_tlkpPIHeight.csv,10,Height_ID;HeightCode;Height
CACH_2314487,tlkpPIHydro,CACH_tlkpPIHydro.csv,6,Hydro_ID;HydroCode;Hydro
CACH_2314487,tlkpPILeafPhen,CACH_tlkpPILeafPhen.csv,7,Leafphen_ID;PhenCode;Phenology
CACH_2314487,tlkpPILeafType,CACH_tlkpPILeafType.csv,7,LeafType_ID;LeafTypeCode;LeafType
CACH_2314487,tlkpPINCPNPlants,CACH_tlkpPINCPNPlants.csv,838,SpeciesCode;TSN;FamilyName;LatinName;Authority;Synonym;CommonName;Exotic;Sensitive
CACH_2314487,tlkpPIPhyClass,CACH_tlkpPIPhyClass.csv,7,Phy_ID;PhyClassCode;PhyClass
CACH_2314487,tlkpPISalinity,CACH_tlkpPISalinity.csv,3,Salinity_ID;SalinityCode;Salinity
CACH_2314487,tlkpPIStrata,CACH_tlkpPIStrata.csv,10,Strata_ID;StrataCode;Strata
CACH_2314487,tlkpPhysiogClass,CACH_tlkpPhysiogClass.csv,10,PhysCode;Physiognomic
CACH_2314487,tlkpPlotShapes,CACH_tlkpPlotShapes.csv,8,PlotShape
CACH_2314487,tlkpProvCommName,CACH_tlkpProvCommName.csv,97,ProvCommName;Alliance;Association
CACH_2314487,tlkpSoilTexture,CACH_tlkpSoilTexture.csv,19,SoilCode;SoilTexture
CACH_2314487,tlkpSurfaceRocks,CACH_tlkpSurfaceRocks.csv,3,RockCode;Rocks
CACH_2314487,tlkpTopography,CACH_tlkpTopography.csv,31,TopoCode;TopoPosition
CACO_2314488,sp_cov,CACO_sp_cov.csv,1613,Plot_Event;PLANTS_Symbol;Field_Name;ComName;Family;ITIS_TSN;Stratum;Spp_Code;Within_Plot;Cover_Code;Real_Cover
CACO_2314488,sp_cov2,CACO_sp_cov2.csv,1647,Plot_Event;PLANTS_Symbol;Field_Name;Stratum;Spp_Code;Within_Plot;Cover_Code;Real_Cover
CACO_2314488,tAA,CACO_tAA.csv,492,AA_Code;Project_Name;Slope_Cat;Slope_Degrees;Aspect_Cat;Aspect_Degrees;Elevation;Elev_Units
CACO_2314488,tAAEvents,CACO_tAAEvents.csv,492,AA_Event;AA_Code;Event_Date;Surveyors;Field_X;Field_Y;GPS_Error;Satellites;UTM_Zone;AA_plotsize;AA_plotshape;Primary_Code;Secondary_Code;Classified_Code;AA_Photos;General_Comments;AA_Update;AA_User
CACO_2314488,tConnect,CACO_tConnect.csv,1,Connect_db
CACO_2314488,tGlobal,CACO_tGlobal.csv,19,User_Count;User_Name;User_Email;Last_Modified
CACO_2314488,tPhotos,CACO_tPhotos.csv,0,Photo_ID;Plot_Code;Photo_Date;Photo_Type;Photo_Bearing;Photo_Descript;Photographer;Camera_or_Roll;File_Name
CACO_2314488,tPlotEventSpecies,CACO_tPlotEventSpecies.csv,1647,Plot_Event;Stratum;Spp_Code;Cover_Code;Real_Cover;Within_Plot;Spp_Update;Spp_User
CACO_2314488,tPlotEvents,CACO_tPlotEvents.csv,127,Plot_Event;Plot_Code;Event_Date;Surveyors;Field_X;Field_Y;GPS_Error;Satellites;UTM_Zone;Plot_Shape;Plot_Radius;Plot_Width;Plot_Length;Observation_pt;Provisional_Community;NVC_Elcode;Representativeness;Stand_Size;Environmental_Comments;Plot_Photos;Bedrock;Large_Rocks;Small_Rocks;Sand;Litter;Wood;Water;Bare;Other;Other_describe;Leaf_Type;Leaf_Phenology;Physio_Class;T1_Cover;T2_Cover;T3_Cover;S1_Cover;S2_Cover;S3_Cover;H_Cover;N_Cover;General_Comments;Plot_Update;Plot_User
CACO_2314488,tPlots,CACO_tPlots.csv,127,Plot_Code;Project_Name;Plot_Directions;State;Land_Owner;Elevation;Elev_Units;Slope_Cat;Slope_Degrees;Aspect_Cat;Aspect_Degrees;Topo_Position;Landform;Surficial_Geology;Cowardin_System;Hydro_Regime;Hydrology_Evidence;Landscape_Comments;Soil_Texture;Soil_Drainage;Sensitive_Data;Public_X;Public_Y;Dist_XY;Public_Elev;Dist_Elev
CACO_2314488,tProjectMetadata,CACO_tProjectMetadata.csv,1,Project_Name;Park_Code;Project_Contact;Coordinate_System;Datum;Coordinate_Method;GPS_Filename;GPS_Unit;Sampling_Method;Calculation_Method;Key_Nomenclature_Source;Project_Comments;T1_Hgt;T2_Hgt;T3_Hgt;S1_Hgt;S2_Hgt;S3_Hgt;H_Hgt;N_Hgt;V_Hgt;Date_Created
CACO_2314488,tSpecies,CACO_tSpecies.csv,322,Spp_Code;Field_Name;Concept_Reference;PLANTS_Symbol
CACO_2314488,xConcept_Reference_lu,CACO_xConcept_Reference_lu.csv,102,Key_Nomenclature_Source
CACO_2314488,xCoverClass_lu,CACO_xCoverClass_lu.csv,6,Cover_Class;Range;MidPoint
CACO_2314488,xHeight_Class_lu,CACO_xHeight_Class_lu.csv,12,Height_Class;Sort_Order
CACO_2314488,xHydro_Regime_lu,CACO_xHydro_Regime_lu.csv,15,Hydro_Regime;Hydro_Definitions
CACO_2314488,xLandform_lu,CACO_xLandform_lu.csv,205,Landform;Lndfrm_Definition;Include_Rec
CACO_2314488,xLeaf_Phenology_lu,CACO_xLeaf_Phenology_lu.csv,7,Leaf_Phenology;SortOrder
CACO_2314488,xLeaf_Type_lu,CACO_xLeaf_Type_lu.csv,8,Leaf_Type;SortOrder
CACO_2314488,xMapUnit_lu,CACO_xMapUnit_lu.csv,74,MapUnit_Code;MapUnit
CACO_2314488,xParks_lu,CACO_xParks_lu.csv,278,Park_Code;Park_Name;State;Include_Rec
CACO_2314488,xPhysio_Class_lu,CACO_xPhysio_Class_lu.csv,8,Physio_Class;Physio_Definition;SortOrder
CACO_2314488,xSoil_Drainage_lu,CACO_xSoil_Drainage_lu.csv,6,Soil_Drainage;SortOrder
CACO_2314488,xSoil_Texture_lu,CACO_xSoil_Texture_lu.csv,13,Soil_Texture
CACO_2314488,xState_lu,CACO_xState_lu.csv,59,State_Code;State_Name;Include_Rec
CACO_2314488,xStratum_lu,CACO_xStratum_lu.csv,13,Stratum;Descript;SortOrder
CACO_2314488,xSurficial_Geology_lu,CACO_xSurficial_Geology_lu.csv,33,Surficial_Geology;Category;Include_Rec
CACO_2314488,xTopo_Position_lu,CACO_xTopo_Position_lu.csv,12,Topo_Position;SortOrder;Include_Rec
CACO_2314488,xVegAssociation_lu,CACO_xVegAssociation_lu.csv,70,NVC_Elcode;NVC_Association;Canada;East;Midwest;Southeast;West;Include_Rec
CAGR_2314489,tAA,CAGR_tAA.csv,0,AA_Code;Project_Name;Slope_Cat;Slope_Degrees;Aspect_Cat;Aspect_Degrees;Elevation;Elev_Units
CAGR_2314489,tAAEvents,CAGR_tAAEvents.csv,0,AA_Event;AA_Code;Event_Date;Surveyors;Field_X;Field_Y;GPS_Error;Satellites;UTM_Zone;AA_plotsize;AA_plotshape;Primary_Code;Secondary_Code;Classified_Code;AA_Photos;General_Comments;AA_Update;AA_User
CAGR_2314489,tConnect,CAGR_tConnect.csv,1,Connect_db
CAGR_2314489,tGlobal,CAGR_tGlobal.csv,55,User_Count;User_Name;User_Email;Last_Modified
CAGR_2314489,tPhotos,CAGR_tPhotos.csv,69,Photo_ID;Plot_Code;Photo_Date;Photo_Type;Photo_Bearing;Photo_Descript;Photographer;Camera_or_Roll;File_Name
CAGR_2314489,tPlotEventSpecies,CAGR_tPlotEventSpecies.csv,241,Plot_Event;Stratum;Spp_Code;Cover_Code;Real_Cover;Within_Plot;Spp_Update;Spp_User
CAGR_2314489,tPlotEvents,CAGR_tPlotEvents.csv,25,Plot_Event;Plot_Code;Event_Date;Surveyors;Field_X;Field_Y;GPS_Error;Satellites;UTM_Zone;Plot_Shape;Plot_Radius;Plot_Width;Plot_Length;Observation_pt;Provisional_Community;NVC_Elcode;Representativeness;Stand_Size;Environmental_Comments;Plot_Photos;Bedrock;Large_Rocks;Small_Rocks;Sand;Litter;Wood;Water;Bare;Other;Other_describe;Leaf_Type;Leaf_Phenology;Physio_Class;T1_Cover;T2_Cover;T3_Cover;S1_Cover;S2_Cover;S3_Cover;H_Cover;N_Cover;General_Comments;Plot_Update;Plot_User
CAGR_2314489,tPlots,CAGR_tPlots.csv,25,Plot_Code;Project_Name;Plot_Directions;State;Land_Owner;Elevation;Elev_Units;Slope_Cat;Slope_Degrees;Aspect_Cat;Aspect_Degrees;Topo_Position;Landform;Surficial_Geology;Cowardin_System;Hydro_Regime;Hydrology_Evidence;Landscape_Comments;Soil_Texture;Soil_Drainage;Sensitive_Data;Public_X;Public_Y;Dist_XY;Public_Elev;Dist_Elev
CAGR_2314489,tProjectMetadata,CAGR_tProjectMetadata.csv,1,Project_Name;Park_Code;Project_Contact;Coordinate_System;Datum;Coordinate_Method;GPS_Filename;GPS_Unit;Sampling_Method;Calculation_Method;Key_Nomenclature_Source;Project_Comments;T1_Hgt;T2_Hgt;T3_Hgt;S1_Hgt;S2_Hgt;S3_Hgt;H_Hgt;N_Hgt;V_Hgt;Date_Created
CAGR_2314489,tSpecies,CAGR_tSpecies.csv,3019,Spp_Code;Field_Name;Concept_Reference;PLANTS_Symbol
CAGR_2314489,xConcept_Reference_lu,CAGR_xConcept_Reference_lu.csv,102,Key_Nomenclature_Source
CAGR_2314489,xCoverClass_lu,CAGR_xCoverClass_lu.csv,9,Cover_Class;Range;MidPoint
CAGR_2314489,xHeight_Class_lu,CAGR_xHeight_Class_lu.csv,12,Height_Class;Sort_Order
CAGR_2314489,xHydro_Regime_lu,CAGR_xHydro_Regime_lu.csv,14,Hydro_Regime;Hydro_Definitions
CAGR_2314489,xLandform_lu,CAGR_xLandform_lu.csv,206,Landform;Lndfrm_Definition;Include_Rec
CAGR_2314489,xLeaf_Phenology_lu,CAGR_xLeaf_Phenology_lu.csv,7,Leaf_Phenology;SortOrder
CAGR_2314489,xLeaf_Type_lu,CAGR_xLeaf_Type_lu.csv,8,Leaf_Type;SortOrder
CAGR_2314489,xMapUnit_lu,CAGR_xMapUnit_lu.csv,42,MapUnit_Code;MapUnit
CAGR_2314489,xParks_lu,CAGR_xParks_lu.csv,278,Park_Code;Park_Name;State;Include_Rec
CAGR_2314489,xPhysio_Class_lu,CAGR_xPhysio_Class_lu.csv,11,Physio_Class;Physio_Definition;SortOrder
CAGR_2314489,xSoil_Drainage_lu,CAGR_xSoil_Drainage_lu.csv,6,Soil_Drainage;SortOrder
CAGR_2314489,xSoil_Texture_lu,CAGR_xSoil_Texture_lu.csv,13,Soil_Texture
CAGR_2314489,xState_lu,CAGR_xState_lu.csv,59,State_Code;State_Name;Include_Rec
CAGR_2314489,xStratum_lu,CAGR_xStratum_lu.csv,13,Stratum;Descript;SortOrder
CAGR_2314489,xSurficial_Geology_lu,CAGR_xSurficial_Geology_lu.csv,42,Surficial_Geology;Category;Include_Rec
CAGR_2314489,xTopo_Position_lu,CAGR_xTopo_Position_lu.csv,12,Topo_Position;SortOrder;Include_Rec
CAGR_2314489,xVegAssociation_lu,CAGR_xVegAssociation_lu.csv,7433,NVC_Elcode;NVC_Association;Canada;East;Midwest;Southeast;West;Include_Rec
CAHA_2314490,tAA,CAHA_tAA.csv,440,AA_Code;Project_Name;Slope_Cat;Slope_Degrees;Aspect_Cat;Aspect_Degrees;Elevation;Elev_Units
CAHA_2314490,tAAEvents,CAHA_tAAEvents.csv,440,AA_Event;AA_Code;Event_Date;Surveyors;Field_X;Field_Y;GPS_Error;Satellites;UTM_Zone;AA_plotsize;AA_plotshape;Primary_Code;Secondary_Code;Classified_Code;AA_Photos;General_Comments;AA_Update;AA_User
CAHA_2314490,tConnect,CAHA_tConnect.csv,1,Connect_db
CAHA_2314490,tGlobal,CAHA_tGlobal.csv,45,User_Count;User_Name;User_Email;Last_Modified
CAHA_2314490,tPhotos,CAHA_tPhotos.csv,567,Photo_ID;Plot_Code;Photo_Date;Photo_Type;Photo_Bearing;Photo_Descript;Photographer;Camera_or_Roll;File_Name
CAHA_2314490,tPlotEventSpecies,CAHA_tPlotEventSpecies.csv,853,Plot_Event;Stratum;Spp_Code;Cover_Code;Real_Cover;Within_Plot;Spp_Update;Spp_User
CAHA_2314490,tPlotEvents,CAHA_tPlotEvents.csv,151,Plot_Event;Plot_Code;Event_Date;Surveyors;Field_X;Field_Y;GPS_Error;Satellites;UTM_Zone;Plot_Shape;Plot_Radius;Plot_Width;Plot_Length;Observation_pt;Provisional_Community;NVC_Elcode;Representativeness;Stand_Size;Environmental_Comments;Plot_Photos;Bedrock;Large_Rocks;Small_Rocks;Sand;Litter;Wood;Water;Bare;Other;Other_describe;Leaf_Type;Leaf_Phenology;Physio_Class;T1_Hgt;T2_Hgt;T3_Hgt;S1_Hgt;S2_Hgt;S3_Hgt;H_Hgt;N_Hgt;V_Hgt;A1_Hgt;A2_Hgt;E_Hgt;T1_Cover;T2_Cover;T3_Cover;S1_Cover;S2_Cover;S3_Cover;H_Cover;N_Cover;V_Cover;A1_Cover;A2_Cover;E_Cover;All_Cover;General_Comments;Plot_Update;Plot_User
CAHA_2314490,tPlots,CAHA_tPlots.csv,151,Plot_Code;Project_Name;Plot_Directions;State;Land_Owner;Elevation;Elev_Units;Slope_Cat;Slope_Degrees;Aspect_Cat;Aspect_Degrees;Topo_Position;Landform;Surficial_Geology;Cowardin_System;Hydro_Regime;Hydrology_Evidence;Landscape_Comments;Soil_Texture;Soil_Drainage;Sensitive_Data;Public_X;Public_Y;Dist_XY;Public_Elev;Dist_Elev
CAHA_2314490,tProjectMetadata,CAHA_tProjectMetadata.csv,1,Project_Name;Park_Code;Project_Contact;Coordinate_System;Datum;Coordinate_Method;GPS_Filename;GPS_Unit;Sampling_Method;Calculation_Method;Taxon_Reference_Source;Project_Comments;T1_DefHgt;T2_DefHgt;T3_DefHgt;S1_DefHgt;S2_DefHgt;S3_DefHgt;H_DefHgt;N_DefHgt;V_DefHgt;A1_DefHgt;A2_DefHgt;E_DefHgt;Date_Created
CAHA_2314490,tSpecies,CAHA_tSpecies.csv,199,Spp_Code;Field_Name;Taxon_Reference;PLANTS_Symbol
CAHA_2314490,xConcept_Reference_lu,CAHA_xConcept_Reference_lu.csv,102,Taxon_Reference_Source
CAHA_2314490,xCoverClass_lu,CAHA_xCoverClass_lu.csv,10,Cover_Class;Range;MidPoint
CAHA_2314490,xHeight_Class_lu,CAHA_xHeight_Class_lu.csv,9,Height_Class;Sort_Order;Max_Val
CAHA_2314490,xHydro_Regime_lu,CAHA_xHydro_Regime_lu.csv,14,Hydro_Regime;Hydro_Definitions
CAHA_2314490,xLandform_lu,CAHA_xLandform_lu.csv,204,Landform;Lndfrm_Definition;Include_Rec
CAHA_2314490,xLeaf_Phenology_lu,CAHA_xLeaf_Phenology_lu.csv,7,Leaf_Phenology;SortOrder
CAHA_2314490,xLeaf_Type_lu,CAHA_xLeaf_Type_lu.csv,8,Leaf_Type;SortOrder
CAHA_2314490,xMapUnit_lu,CAHA_xMapUnit_lu.csv,0,MapUnit_Code;MapUnit
CAHA_2314490,xParks_lu,CAHA_xParks_lu.csv,278,Park_Code;Park_Name;State;Include_Rec
CAHA_2314490,xPhysio_Class_lu,CAHA_xPhysio_Class_lu.csv,8,Physio_Class;Physio_Definition;SortOrder
CAHA_2314490,xSoil_Drainage_lu,CAHA_xSoil_Drainage_lu.csv,6,Soil_Drainage;SortOrder
CAHA_2314490,xSoil_Texture_lu,CAHA_xSoil_Texture_lu.csv,13,Soil_Texture
CAHA_2314490,xState_lu,CAHA_xState_lu.csv,59,State_Code;State_Name;Include_Rec
CAHA_2314490,xStratum_lu,CAHA_xStratum_lu.csv,13,Stratum;Descript;SortOrder
CAHA_2314490,xSurficial_Geology_lu,CAHA_xSurficial_Geology_lu.csv,33,Surficial_Geology;Category;Include_Rec
CAHA_2314490,xTopo_Position_lu,CAHA_xTopo_Position_lu.csv,12,Topo_Position;SortOrder;Include_Rec
CAHA_2314490,xVegAssociation_lu,CAHA_xVegAssociation_lu.csv,7412,NVC_Elcode;NVC_Association;Canada;East;Midwest;Southeast;West;Include_Rec
CALO_2314491,tAA,CALO_tAA.csv,258,AA_Code;Project_Name;Slope_Cat;Slope_Degrees;Aspect_Cat;Aspect_Degrees;Elevation;Elev_Units
CALO_2314491,tAAEvents,CALO_tAAEvents.csv,258,AA_Event;AA_Code;Event_Date;Surveyors;Field_X;Field_Y;GPS_Error;Satellites;UTM_Zone;AA_plotsize;AA_plotshape;Primary_Code;Secondary_Code;Classified_Code;AA_Photos;General_Comments;AA_Update;AA_User
CALO_2314491,tConnect,CALO_tConnect.csv,1,Connect_db
CALO_2314491,tGlobal,CALO_tGlobal.csv,49,User_Count;User_Name;User_Email;Last_Modified
CALO_2314491,tPhotos,CALO_tPhotos.csv,693,Photo_ID;Plot_Code;Photo_Date;Photo_Type;Photo_Bearing;Photo_Descript;Photographer;Camera_or_Roll;File_Name
CALO_2314491,tPlotEventSpecies,CALO_tPlotEventSpecies.csv,1039,Plot_Event;Stratum;Spp_Code;Cover_Code;Real_Cover;Within_Plot;Spp_Update;Spp_User
CALO_2314491,tPlotEvents,CALO_tPlotEvents.csv,191,Plot_Event;Plot_Code;Event_Date;Surveyors;Field_X;Field_Y;GPS_Error;Satellites;UTM_Zone;Plot_Shape;Plot_Radius;Plot_Width;Plot_Length;Observation_pt;Provisional_Community;NVC_Elcode;Representativeness;Stand_Size;Environmental_Comments;Plot_Photos;Bedrock;Large_Rocks;Small_Rocks;Sand;Litter;Wood;Water;Bare;Other;Other_describe;Leaf_Type;Leaf_Phenology;Physio_Class;T1_Hgt;T2_Hgt;T3_Hgt;S1_Hgt;S2_Hgt;S3_Hgt;H_Hgt;N_Hgt;V_Hgt;A1_Hgt;A2_Hgt;E_Hgt;T1_Cover;T2_Cover;T3_Cover;S1_Cover;S2_Cover;S3_Cover;H_Cover;N_Cover;V_Cover;A1_Cover;A2_Cover;E_Cover;All_Cover;General_Comments;Plot_Update;Plot_User
CALO_2314491,tPlots,CALO_tPlots.csv,191,Plot_Code;Project_Name;Plot_Directions;State;Land_Owner;Elevation;Elev_Units;Slope_Cat;Slope_Degrees;Aspect_Cat;Aspect_Degrees;Topo_Position;Landform;Surficial_Geology;Cowardin_System;Hydro_Regime;Hydrology_Evidence;Landscape_Comments;Soil_Texture;Soil_Drainage;Sensitive_Data;Public_X;Public_Y;Dist_XY;Public_Elev;Dist_Elev
CALO_2314491,tProjectMetadata,CALO_tProjectMetadata.csv,1,Project_Name;Park_Code;Project_Contact;Coordinate_System;Datum;Coordinate_Method;GPS_Filename;GPS_Unit;Sampling_Method;Calculation_Method;Taxon_Reference_Source;Project_Comments;T1_DefHgt;T2_DefHgt;T3_DefHgt;S1_DefHgt;S2_DefHgt;S3_DefHgt;H_DefHgt;N_DefHgt;V_DefHgt;A1_DefHgt;A2_DefHgt;E_DefHgt;Date_Created
CALO_2314491,tSpecies,CALO_tSpecies.csv,163,Spp_Code;Field_Name;Taxon_Reference;PLANTS_Symbol
CALO_2314491,xConcept_Reference_lu,CALO_xConcept_Reference_lu.csv,102,Taxon_Reference_Source
CALO_2314491,xCoverClass_lu,CALO_xCoverClass_lu.csv,10,Cover_Class;Range;MidPoint
CALO_2314491,xHeight_Class_lu,CALO_xHeight_Class_lu.csv,9,Height_Class;Sort_Order;Max_Val
CALO_2314491,xHydro_Regime_lu,CALO_xHydro_Regime_lu.csv,14,Hydro_Regime;Hydro_Definitions
CALO_2314491,xLandform_lu,CALO_xLandform_lu.csv,204,Landform;Lndfrm_Definition;Include_Rec
CALO_2314491,xLeaf_Phenology_lu,CALO_xLeaf_Phenology_lu.csv,7,Leaf_Phenology;SortOrder
CALO_2314491,xLeaf_Type_lu,CALO_xLeaf_Type_lu.csv,8,Leaf_Type;SortOrder
CALO_2314491,xMapUnit_lu,CALO_xMapUnit_lu.csv,0,MapUnit_Code;MapUnit
CALO_2314491,xParks_lu,CALO_xParks_lu.csv,278,Park_Code;Park_Name;State;Include_Rec
CALO_2314491,xPhysio_Class_lu,CALO_xPhysio_Class_lu.csv,8,Physio_Class;Physio_Definition;SortOrder
CALO_2314491,xSoil_Drainage_lu,CALO_xSoil_Drainage_lu.csv,6,Soil_Drainage;SortOrder
CALO_2314491,xSoil_Texture_lu,CALO_xSoil_Texture_lu.csv,13,Soil_Texture
CALO_2314491,xState_lu,CALO_xState_lu.csv,59,State_Code;State_Name;Include_Rec
CALO_2314491,xStratum_lu,CALO_xStratum_lu.csv,13,Stratum;Descript;SortOrder
CALO_2314491,xSurficial_Geology_lu,CALO_xSurficial_Geology_lu.csv,33,Surficial_Geology;Category;Include_Rec
CALO_2314491,xTopo_Position_lu,CALO_xTopo_Position_lu.csv,12,Topo_Position;SortOrder;Include_Rec
CALO_2314491,xVegAssociation_lu,CALO_xVegAssociation_lu.csv,7412,NVC_Elcode;NVC_Association;Canada;East;Midwest;Southeast;West;Include_Rec
CANA_2314492,QA_01_spcov,CANA_QA_01_spcov.csv,2234,Project_Name;AA_Plot;Plot_Code;Plot_Event;Spp_Code;Plants_Symbol;Field_Name;ComName;Family;Stratum;Cover_Code;Real_Cover;Within_Plot;ITIS_TSN;Used_PLANTS;Spp_Update;Spp_User
CANA_2314492,QA_02_plots,CANA_QA_02_plots.csv,582,Project_Name;AA_Plot;Plot_Code;Plot_Event;Event_Date;Surveyors;Field_X;Field_Y;GPS_Error;Satellites;UTM_Zone;Plot_Shape;Plot_Radius;Plot_Width;Plot_Length;Observation_pt;State;Land_Owner;Plot_Directions;Elevation;Elev_Units;Slope_Cat;Slope_Degrees;Aspect_Cat;Aspect_Degrees;Topo_Position;Landform;Surficial_Geology;Cowardin_System;Hydro_Regime;Hydrology_Evidence;Landscape_Comments;Soil_Texture;Soil_Drainage;Provisional_Community;NVC_Elcode;NVC_Association;MapUnit;Representativeness;Stand_Size;Environmental_Comments;Plot_Photos;Bedrock;Large_Rocks;Small_Rocks;Sand;Litter;Wood;Standing_Dead;Water;Bare;Other;Other_describe;Leaf_Type;Leaf_Phenology;Physio_Class;T1_Hgt;T2_Hgt;T3_Hgt;S1_Hgt;S2_Hgt;S3_Hgt;H_Hgt;N_Hgt;V_Hgt;A1_Hgt;A2_Hgt;E_Hgt;T1_Cover;T2_Cover;T3_Cover;S1_Cover;S2_Cover;S3_Cover;H_Cover;N_Cover;V_Cover;A1_Cover;A2_Cover;E_Cover;All_Cover;Primary_Code;Primary_Name;Secondary_Code;Secondary_Name;Classified_Code;Classified_Name;General_Comments;Plot_Update;Plot_User
CANA_2314492,QA_03_duplicates_in_01,CANA_QA_03_duplicates_in_01.csv,0,Plot_Code;Spp_Code;Stratum;AA_Plot;Plot_Event;Field_Name;ComName;Cover_Code;Real_Cover;Within_Plot;Spp_Update;Spp_User
CANA_2314492,QA_04_duplicates_in_02,CANA_QA_04_duplicates_in_02.csv,0,Plot_Code;Project_Name;AA_Plot;Plot_Event;Event_Date;Surveyors;Field_X;Field_Y
CANA_2314492,QA_05_Plots_without_Species,CANA_QA_05_Plots_without_Species.csv,0,AA_Plot;Plot_Code;Plot_Event
CANA_2314492,QA_06_Spp_without_Plots,CANA_QA_06_Spp_without_Plots.csv,0,Plot_Event;Stratum;Spp_Code;Cover_Code;Real_Cover;Within_Plot;Spp_Update;Spp_User
CANA_2314492,USysApplicationLog,CANA_USysApplicationLog.csv,28615,ID;SourceObject;Data.Macro.Instance.ID;Error.Number;Category;Object.Type;Description;Context;Created
CANA_2314492,tConnect,CANA_tConnect.csv,1,Connect_db
CANA_2314492,tGlobal,CANA_tGlobal.csv,36,User_Count;User_Name;User_Email;Last_Modified
CANA_2314492,tPhotos,CANA_tPhotos.csv,2294,Photo_ID;Plot_Code;Photo_Date;Photo_Type;Photo_Bearing;Photo_Descript;Photographer;Camera_or_Roll;File_Name
CANA_2314492,tPlotEventSpecies,CANA_tPlotEventSpecies.csv,2234,Plot_Event;Stratum;Spp_Code;Cover_Code;Real_Cover;Within_Plot;Spp_Update;Spp_User
CANA_2314492,tPlotEvents,CANA_tPlotEvents.csv,582,Plot_Event;Plot_Code;Event_Date;Surveyors;Field_X;Field_Y;GPS_Error;Satellites;UTM_Zone;Plot_Shape;Plot_Radius;Plot_Width;Plot_Length;Observation_pt;Provisional_Community;NVC_Elcode;Representativeness;Stand_Size;Environmental_Comments;Plot_Photos;Bedrock;Large_Rocks;Small_Rocks;Sand;Litter;Wood;Standing_Dead;Water;Bare;Other;Other_describe;Leaf_Type;Leaf_Phenology;Physio_Class;T1_Hgt;T2_Hgt;T3_Hgt;S1_Hgt;S2_Hgt;S3_Hgt;H_Hgt;N_Hgt;V_Hgt;A1_Hgt;A2_Hgt;E_Hgt;T1_Cover;T2_Cover;T3_Cover;S1_Cover;S2_Cover;S3_Cover;H_Cover;N_Cover;V_Cover;A1_Cover;A2_Cover;E_Cover;All_Cover;Primary_Code;Secondary_Code;Classified_Code;General_Comments;Plot_Update;Plot_User;Representativeness_Comment
CANA_2314492,tPlots,CANA_tPlots.csv,582,Plot_Code;Project_Name;Plot_Directions;State;Land_Owner;Elevation;Elev_Units;Slope_Cat;Slope_Degrees;Aspect_Cat;Aspect_Degrees;Topo_Position;Landform;Surficial_Geology;Cowardin_System;Hydro_Regime;Hydrology_Evidence;Landscape_Comments;Soil_Texture;Soil_Drainage;AA_Plot;PlotKeyWork
CANA_2314492,tProcessSteps,CANA_tProcessSteps.csv,1,Project_Name;Process_Step;Process_Date;Process_Person;Process_Notes
CANA_2314492,tProjectMetadata,CANA_tProjectMetadata.csv,1,Project_Name;Park_Code;Project_Contact;Coordinate_System;Datum;Coordinate_Method;GPS_Filename;GPS_Unit;Sampling_Method;Calculation_Method;PseudoSpecies;Taxon_Reference_Source;Project_Comments;T1_DefHgt;T2_DefHgt;T3_DefHgt;S1_DefHgt;S2_DefHgt;S3_DefHgt;H_DefHgt;N_DefHgt;V_DefHgt;A1_DefHgt;A2_DefHgt;E_DefHgt;Date_Created;dbVersion
CANA_2314492,tSpecies,CANA_tSpecies.csv,34646,Spp_Code;Field_Name;Sensitive_Spp;Taxon_Reference;PLANTS_Symbol
CANA_2314492,xConcept_Reference_lu,CANA_xConcept_Reference_lu.csv,102,Taxon_Reference_Source
CANA_2314492,xCoverClass_lu,CANA_xCoverClass_lu.csv,10,Cover_Class;Range;MidPoint
CANA_2314492,xHeight_Class_lu,CANA_xHeight_Class_lu.csv,9,Height_Class;Sort_Order;Max_Val
CANA_2314492,xHydro_Regime_lu,CANA_xHydro_Regime_lu.csv,14,Hydro_Regime;Hydro_Definitions
CANA_2314492,xLandform_lu,CANA_xLandform_lu.csv,204,Landform;Lndfrm_Definition;Include_Rec
CANA_2314492,xLeaf_Phenology_lu,CANA_xLeaf_Phenology_lu.csv,7,Leaf_Phenology;SortOrder
CANA_2314492,xLeaf_Type_lu,CANA_xLeaf_Type_lu.csv,8,Leaf_Type;SortOrder
CANA_2314492,xMapUnit_lu,CANA_xMapUnit_lu.csv,0,MapUnit_Code;MapUnit
CANA_2314492,xParks_lu,CANA_xParks_lu.csv,278,Park_Code;Park_Name;State;Include_Rec
CANA_2314492,xPhysio_Class_lu,CANA_xPhysio_Class_lu.csv,8,Physio_Class;Physio_Definition;SortOrder
CANA_2314492,xSoil_Drainage_lu,CANA_xSoil_Drainage_lu.csv,6,Soil_Drainage;SortOrder
CANA_2314492,xSoil_Texture_lu,CANA_xSoil_Texture_lu.csv,13,Soil_Texture
CANA_2314492,xState_lu,CANA_xState_lu.csv,59,State_Code;State_Name;Include_Rec
CANA_2314492,xStratum_lu,CANA_xStratum_lu.csv,13,Stratum;Descript;SortOrder
CANA_2314492,xSurficial_Geology_lu,CANA_xSurficial_Geology_lu.csv,33,Surficial_Geology;Category;Include_Rec
CANA_2314492,xTopo_Position_lu,CANA_xTopo_Position_lu.csv,12,Topo_Position;SortOrder;Include_Rec
CANA_2314492,xVegAssociation_lu,CANA_xVegAssociation_lu.csv,5866,NVC_Elcode;NVC_Association;Canada;East;Midwest;Southeast;West;Include_Rec
CANY_2314493,GPS_Data_Download,CANY_GPS_Data_Download.csv,27,ID;AA_Code;MapUnit1;MapUnit2;MapUnit3;Camera;New_Associ;Rep_of_Pt_;Rep_Assoc_;Slope_D;Aspect_D;Topo_Posit;Landform;Leaf_Pheno;Leaf_Type;Physiognom;Notes;Max_PDOP;Corr_Type;Rcvr_Type;GPS_Date;GPS_Time;Update_Sta;Datafile;Unfilt_Pos;Filt_Pos;Data_Dicti;GPS_Height;Vert_Prec;Horz_Prec;Std_Dev;Northing;Easting;QuadName;County;State;Surveyor;PlotShape;Park
CANY_2314493,tblAADetails,CANY_tblAADetails.csv,2043,AAID;AACode;SurveyDate;Surveyors;CameraUsed
CANY_2314493,tblAAEnvironment,CANY_tblAAEnvironment.csv,2043,EnvironmentID;AAID;Slope;Aspect;TopoPosition;Elevation;ElevSource;EnvironmentalComments;Geology;BareSoil;Bedrock;Sand;Moss;Other;OtherPctDesc;Litter;Rocks;Lichen;Gravel;LiveVegLitter;LiveVegWood;Wood;LichenRocks;LichenGround;DarkCyanobacteria;Water
CANY_2314493,tblAAEnvironmentDetails,CANY_tblAAEnvironmentDetails.csv,2360,EnvDetailID;EnvironmentID;Landform
CANY_2314493,tblAALocation,CANY_tblAALocation.csv,2043,AACode;SiteName;USGSQuad;State;County;ParkCode;GPSFileName;GPSUnit;UTMEasting;UTMNorthing;UTMZone;DiffCorrected;Datum;PDOP;UTM.Error;InPark;GPSComments;RepresentPWP;RepresentATD;ClassificationComments;PlotShape;PMU;SMU;TMU
CANY_2314493,tblAAPhotos,CANY_tblAAPhotos.csv,2327,PhotoID;AAID;PhotoType;PhotoRoll;PhotoFrame;PhotoOther;Photographer;PhotoComments;NCPNImageFileID
CANY_2314493,tblAAVegAssociation,CANY_tblAAVegAssociation.csv,2847,VegAssocID;AAID;VegAssocCode;VegAssocRank;FieldKey;NewName;Post_Field_Name;OtherAssocCode
CANY_2314493,tblAAVegetation,CANY_tblAAVegetation.csv,2042,VegetationID;AAID;ProvCommunityName;Alliance;Associations;Phenology;LeafType;LeafTypeComments;Physiognom;EmergHt;EmergCovTot;EmergCovPercent;CanHt;CanCovTot;CanCovPercent;SubHt;SubCovTot;SubCovPercent;TallShHt;TallShCovTot;TallShCovPercent;ShrubHt;ShrubCovTot;ShrubCovPercent;DwarfHt;DwarfCovTot;DwarfCovPercent;HTotalHt;HTotalCover;HTotalCoverPercent;H4Ht;H4Cover;H4CoverPercent;NonvasHt;NonvasCovTot;NonvasCovPercent;VineHt;VineTotCov;VineTotPercent;EpiHt;EpiTotCov;EpiTotPercent;PlantSpeciesComments;MultipleAssoc
CANY_2314493,tblAAVegetationDetails,CANY_tblAAVegetationDetails.csv,17762,VegDetailID;VegetationID;Stratum;TSN;Species;CoverClass;CoverPct;Diagnostic;Dead
CANY_2314493,tblAA_Amy,CANY_tblAA_Amy.csv,2040,AACode;UTMEasting;UTMNorthing;PMU;SMU;TMU;OtherCode1;OtherCode2;OtherCode3
CANY_2314493,tblBPU,CANY_tblBPU.csv,327,BPU_record_ID;centroid_x;centroid_y;hectares;BPU_code;district;gradsect_year;BPU_comments
CANY_2314493,tblDataMgmtLog,CANY_tblDataMgmtLog.csv,18,ActionDate;ActionMonth;ActionYear;Action;Who
CANY_2314493,tblEnvironment,CANY_tblEnvironment.csv,1287,EnvironmentID;PlotID;Elevation;ElevSource;Slope;Aspect;TopoPosition;Landform;Geology;CowardinSystem;Hydrology;EnvironmentalComments;BareSoil;Bedrock;Sand;Moss;Other;OtherPctDesc;Litter;Rocks;Lichen;Wood;Gravel;Water;Cryptogam;SoilTexture;SoilDrainage;AnimalUseComments;DisturbanceComments;OtherComments;LandscapeComments;SoilTaxonDesc;LiveVegLitter;LiveVegWood;LichenRocks;LichenGround;DarkCyanobacteria;TotalPct
CANY_2314493,tblEnvironmentDetails,CANY_tblEnvironmentDetails.csv,1552,EnvDetailID;EnvironmentID;Landform
CANY_2314493,tblFuels,CANY_tblFuels.csv,1023,FuelsID;PlotID;PPDFPhotoGuide;PJPhotoGuide;SBPhotoGuide;PJAgeClass;LitterOrigin;LitterNorth;LitterEast;LitterSouth;LitterWest;DuffOrigin;DuffNorth;DuffEast;DuffSouth;DuffWest;IsSubplot
CANY_2314493,tblFuelsDetails,CANY_tblFuelsDetails.csv,2063,FuelsDetailID;FuelsID;StemCount;StemDiameter;DBH;DRC;AVG;TSN;WoodlandCrownWidth;WoodlandCrownHeight;ForestCrownBaseHeight;ForestCrownHeight;CrownRatio;StructureStage;Comments
CANY_2314493,tblGeneralPhotos,CANY_tblGeneralPhotos.csv,75,GenPhotoID;GenPhotoParkCode;GenPhotoDate;GenPhotographer;GenPhotoDesc;GenPhotoUTME;GenPhotoUTMN;GenUTMZone;GenPhotoRoll10;GenPhotoFrame;GenPhotoDigFile;GenPhotoComments
CANY_2314493,tblGeneralSpecimens,CANY_tblGeneralSpecimens.csv,16,GenSpecimenID;GenSpecFamily;GenSpecLatinName;GenSpecCollector;GenSpecCollectNum;GenSpecAccNumber;GenSpecCatNumber;GenSpecDate;GenSpecUTMN;GenSpecUTME;GenSpecCounty;GenSpecElev;GenSpecLocality;GenSpecHabitat;GenSpecAssocSpec;GenSpecComments
CANY_2314493,tblNCPNPlants,CANY_tblNCPNPlants.csv,5566,TSN;FamilyName;LatinName;Authority;Synonym;CommonName;Exotic;Sensitive;GrowthHabit;PLANTSCode;FullName
CANY_2314493,tblNVCSFinalClassification,CANY_tblNVCSFinalClassification.csv,145,ID;Elcode;NVC.Association;#.Plots
CANY_2314493,tblPhotos,CANY_tblPhotos.csv,3011,PhotoID;PlotID;PhotoType;PhotoRoll;PhotoFrame;PhotoOther;Photographer;PhotoComments;NCPNImageFileID
CANY_2314493,tblPlotCodeLink,CANY_tblPlotCodeLink.csv,0,NewPlotCode;OldPlotCode
CANY_2314493,tblPlotDetails,CANY_tblPlotDetails.csv,1287,PlotID;PlotCode;SurveyDate;Surveyors;PlotLength;PlotAzimuth;PlotWidth;PlotDiam;PlotHasPhotos;PlotRepresentation;PlotShape;CameraUsed;ObsPointArea
CANY_2314493,tblPlotListfromJanet,CANY_tblPlotListfromJanet.csv,914,ID;Plot;NVC.Association
CANY_2314493,tblPlotLocation,CANY_tblPlotLocation.csv,1287,PlotCode;BPUCode;State;ParkCode;SiteName;USGSQuad;AerialPhotoNo;Waypoint;UTMEasting;UTMNorthing;Datum;UTMZone;UTM.Error;PDOP;DiffCorrected;DirectionsToPlot;County;GPSUnit;GPSComments;InPark;IsObservationPt
CANY_2314493,tblTempOtherVouchers,CANY_tblTempOtherVouchers.csv,12,ID;Collection;Colllector;Comments;Northing;Easting
CANY_2314493,tblVegetation,CANY_tblVegetation.csv,1287,VegetationID;PlotID;ProvCommunityName;Alliance;Associations;CEGLCode;Phenology;LeafType;LeafTypeComments;Physiognom;EmergHt;EmergCovTot;EmergCovPercent;CanHt;CanCovTot;CanCovPercent;SubHt;SubCovTot;SubCovPercent;TallShHt;TallShCovTot;TallShCovPercent;ShrubHt;ShrubCovTot;ShrubCovPercent;DwarfHt;DwarfCovTot;DwarfCovPercent;HerbHt;HerbCovTot;HerbCovPercent;GramHt;GramCovTot;GramCovPercent;ForbHt;ForbCovTot;ForbCovPercent;FernHt;FernCovTot;FernCovPercent;SeedlHt;SeedlCovTot;SeedCovPercent;NonvasHt;NonvasCovTot;NonvasCovPercent;VineHt;VineTotCov;VineTotPercent;EpiHt;EpiTotCov;EpiTotPercent;OutsidePlotHt;OutsidePlotTotCov;OutsidePlotTotPercent;PlantSpeciesComments
CANY_2314493,tblVegetationDetails,CANY_tblVegetationDetails.csv,17689,VegDetailID;VegetationID;Stratum;TSN;Species;CoverClass;ObsPointCoverClass;PercentCover;IsDead;Diagnostic;SpecimenCollected;CollectedBy;NPSAccessionNumber;NPSCatalogNumber;SpecimenNumber;SpecimenLocality;SpecimenHabitat;SpecimenAssocSpecies
CANY_2314493,tlkpAAVegAssocRanks,CANY_tlkpAAVegAssocRanks.csv,3,VegAssocRank
CANY_2314493,tlkpAAVegAssociation,CANY_tlkpAAVegAssociation.csv,404,VegAssocCode;VegAssocName
CANY_2314493,tlkpAlliances,CANY_tlkpAlliances.csv,102,Alliance
CANY_2314493,tlkpAssociations,CANY_tlkpAssociations.csv,273,Associations
CANY_2314493,tlkpCamera,CANY_tlkpCamera.csv,3,CameraType;CameraComments
CANY_2314493,tlkpCover,CANY_tlkpCover.csv,17,CoverClass
CANY_2314493,tlkpCoverAA,CANY_tlkpCoverAA.csv,12,CoverClass
CANY_2314493,tlkpCowardin,CANY_tlkpCowardin.csv,4,CowardinSystem
CANY_2314493,tlkpElevSource,CANY_tlkpElevSource.csv,2,ElevSource
CANY_2314493,tlkpGeology,CANY_tlkpGeology.csv,31,Geology
CANY_2314493,tlkpHeightClass,CANY_tlkpHeightClass.csv,10,HeightClass
CANY_2314493,tlkpHydrology,CANY_tlkpHydrology.csv,7,Hydrology
CANY_2314493,tlkpLandForm,CANY_tlkpLandForm.csv,198,Field1
CANY_2314493,tlkpLeafPhen,CANY_tlkpLeafPhen.csv,5,Phenology
CANY_2314493,tlkpLeafType,CANY_tlkpLeafType.csv,9,LeafType
CANY_2314493,tlkpPJAge,CANY_tlkpPJAge.csv,5,PJAgeClass
CANY_2314493,tlkpParks,CANY_tlkpParks.csv,2,ParkCode;ParkName
CANY_2314493,tlkpPhotoComments,CANY_tlkpPhotoComments.csv,4,PhotoComments
CANY_2314493,tlkpPhotoTypes,CANY_tlkpPhotoTypes.csv,6,PhotoType
CANY_2314493,tlkpPhotographer,CANY_tlkpPhotographer.csv,17,Photographer
CANY_2314493,tlkpPhysiogClass,CANY_tlkpPhysiogClass.csv,10,Physiognom
CANY_2314493,tlkpPlotDiameter,CANY_tlkpPlotDiameter.csv,3,PlotDiameter
CANY_2314493,tlkpPlotShapes,CANY_tlkpPlotShapes.csv,2,PlotShape
CANY_2314493,tlkpProvisionalCommunities,CANY_tlkpProvisionalCommunities.csv,218,ID;NVC.Elcode;NVC.Association.Name;CARE.plots;COLM.plots;NABR.plots;HOVE.plots;ARCH.plots
CANY_2314493,tlkpSoilDrainage,CANY_tlkpSoilDrainage.csv,6,SoilDrainage
CANY_2314493,tlkpSoilTexture,CANY_tlkpSoilTexture.csv,19,SoilTexture
CANY_2314493,tlkpStates,CANY_tlkpStates.csv,52,StateCode;StateName
CANY_2314493,tlkpStrata,CANY_tlkpStrata.csv,15,Stratum
CANY_2314493,tlkpStructureStages,CANY_tlkpStructureStages.csv,4,StructureStage
CANY_2314493,tlkpSurveyors,CANY_tlkpSurveyors.csv,23,SurveyorName
CANY_2314493,tlkpTopography,CANY_tlkpTopography.csv,9,TopoPosition
CANY_2314493,tlkpUSGS_Quad,CANY_tlkpUSGS_Quad.csv,41,USGSQuad;USGSQuadCode
CANY_2314493,tlkpUTMZone,CANY_tlkpUTMZone.csv,1,UTMZone
CANY_2314493,tlu_MU_Codes,CANY_tlu_MU_Codes.csv,49,MU_CODE;MU_NAME
CANY_2314493,zFieldWidths,CANY_zFieldWidths.csv,20,FieldWidth;FieldWidthDescription
CANY_2314493,zLookupFields,CANY_zLookupFields.csv,29,TableName;SortOrder;FieldName;FieldLabel;FieldWidth;ControlType;RowSource;ColumnCount;ColumnWidths
CANY_2314493,zLookupTables,CANY_zLookupTables.csv,25,TableName;ListName;Description
CARE_2314495,Find_duplicates_for_Query2,CARE_Find_duplicates_for_Query2.csv,0,qrytblVegWithPlotcode_PlotID.Field;tblFinalClassification_PlotID.Field;NumberOfDups
CARE_2314495,Query2,CARE_Query2.csv,0,qrytblVegWithPlotcode.PlotCode;qrytblVegWithPlotcode.PlotID;tblFinalClassification.PlotCode;tblFinalClassification.PlotID
CARE_2314495,Sheet1,CARE_Sheet1.csv,39,ID;Field1
CARE_2314495,qrySelectRommePlots,CARE_qrySelectRommePlots.csv,305,PlotCode;GPSComments;UTMEasting;UTMNorthing;InPark;Datum;UTMZone;IsObservationPt
CARE_2314495,qrytblVegWithPlotcode,CARE_qrytblVegWithPlotcode.csv,565,PlotCode;VegetationID;PlotID;ProvCommunityName;FinalNVCName;Associations;Alliance;Phenology;LeafType;LeafTypeComments;Physiognom;EmergHt;EmergCovTot;CanHt;CanCovTot;SubHt;SubCovTot;TallShHt;TallShCovTot;ShrubHt;ShrubCovTot;DwarfHt;DwarfCovTot;HerbHt;HerbCovTot;GramHt;GramCovTot;ForbHt;ForbCovTot;FernHt;FernCovTot;SeedlHt;SeedlCovTot;NonvasHt;NonvasCovTot;VineHt;VineTotCov;EpiHt;EpiTotCov;OutsidePlotHt;OutsidePlotTotCov;RommeHt;RommeCovTot
CARE_2314495,tblAADetails,CARE_tblAADetails.csv,1313,AAID;AACode;SurveyDate;Surveyors;CameraUsed
CARE_2314495,tblAAEnvironment,CARE_tblAAEnvironment.csv,1313,EnvironmentID;AAID;Slope;Aspect;TopoPosition;Elevation;ElevSource;EnvironmentalComments;Geology;BareSoil;Bedrock;Sand;Moss;Other;OtherPctDesc;Litter;Rocks;Lichen;Gravel;LiveVegLitter;LiveVegWood;Wood;LichenRocks;LichenGround;DarkCyanobacteria;Water
CARE_2314495,tblAAEnvironmentDetails,CARE_tblAAEnvironmentDetails.csv,1583,EnvDetailID;EnvironmentID;Landform
CARE_2314495,tblAALocation,CARE_tblAALocation.csv,1313,AACode;SiteName;USGSQuad;State;County;ParkCode;GPSFileName;GPSUnit;UTMEasting;UTMNorthing;UTMZone;DiffCorrected;Datum;PDOP;UTM.Error;InPark;GPSComments;RepresentPWP;RepresentATD;ClassificationComments;PlotShape
CARE_2314495,tblAAPhotos,CARE_tblAAPhotos.csv,1572,PhotoID;AAID;PhotoType;PhotoRoll;PhotoFrame;PhotoOther;Photographer;PhotoComments;NCPNImageFileID
CARE_2314495,tblAAVegAssociation,CARE_tblAAVegAssociation.csv,2234,VegAssocID;AAID;VegAssocCode;VegAssocRank;FieldKey;NewName;Post_Field_Name;OtherAssocCode
CARE_2314495,tblAAVegetation,CARE_tblAAVegetation.csv,1313,VegetationID;AAID;ProvCommunityName;Alliance;Associations;Phenology;LeafType;LeafTypeComments;Physiognom;EmergHt;EmergCovTot;EmergCovPercent;CanHt;CanCovTot;CanCovPercent;SubHt;SubCovTot;SubCovPercent;TallShHt;TallShCovTot;TallShCovPercent;ShrubHt;ShrubCovTot;ShrubCovPercent;DwarfHt;DwarfCovTot;DwarfCovPercent;HTotalHt;HTotalCover;HTotalCoverPercent;H4Ht;H4Cover;H4CoverPercent;NonvasHt;NonvasCovTot;NonvasCovPercent;VineHt;VineTotCov;VineTotPercent;EpiHt;EpiTotCov;EpiTotPercent;PlantSpeciesComments;MultipleAssoc
CARE_2314495,tblAAVegetationDetails,CARE_tblAAVegetationDetails.csv,10813,VegDetailID;VegetationID;Stratum;TSN;Species;CoverClass;CoverPct;Diagnostic;Dead
CARE_2314495,tblDataMgmtLog,CARE_tblDataMgmtLog.csv,12,ActionDate;ActionMonth;ActionYear;Action;Who
CARE_2314495,tblEnvironment,CARE_tblEnvironment.csv,565,EnvironmentID;PlotID;Elevation;ElevSource;Slope;Aspect;TopoPosition;Landform;Geology;CowardinSystem;Hydrology;EnvironmentalComments;BareSoil;Bedrock;Sand;Moss;Other;Litter;Rocks;Lichen;Wood;Gravel;Water;Cryptogam;SoilTexture;SoilDrainage;AnimalUseComments;DisturbanceComments;OtherComments;LandscapeComments;SoilTaxonDesc;LiveVegLitter;LiveVegWood;LiveBasalArea;LichenRocks;LichenGround;MossPct;DarkCyanobacteria;TotalPct
CARE_2314495,tblEnvironmentDetails,CARE_tblEnvironmentDetails.csv,281,EnvDetailID;EnvironmentID;Landform
CARE_2314495,tblFinalClassification,CARE_tblFinalClassification.csv,547,ID;PlotID;PlotCode;VegetationID;ELCODE;Final_JC_Name;USNVC.AssocPrelimClassif;ProvCommunityName;Geology;Landform;TopoPosition;Elevation;Slope;Aspect
CARE_2314495,tblFuels,CARE_tblFuels.csv,151,FuelsID;PlotID;PPDFPhotoGuide;PJPhotoGuide;SBPhotoGuide;PJAgeClass;LitterOrigin;LitterNorth;LitterEast;LitterSouth;LitterWest;DuffOrigin;DuffNorth;DuffEast;DuffSouth;DuffWest;IsSubplot
CARE_2314495,tblFuelsDetails,CARE_tblFuelsDetails.csv,1079,FuelsDetailID;FuelsID;StemCount;StemDiameter;TSN;WoodlandCrownWidth;WoodlandCrownHeight;ForestCrownBaseHeight;ForestCrownHeight;CrownRatio;StructureStage;Comments
CARE_2314495,tblGeneralPhotos,CARE_tblGeneralPhotos.csv,76,GenPhotoID;GenPhotoDate;GenPhotographer;GenPhotoParkCode;GenPhotoDesc;GenPhotoAssocName;GenPhotoUTME;GenPhotoUTMN;GenUTMZone;GenPhotoRoll10;GenPhotoFrame;GenPhotoDigFile;ImageFileID;GenPhotoComments
CARE_2314495,tblGeneralSpecimens,CARE_tblGeneralSpecimens.csv,1,GenSpecimenID;GenSpecLatinName;GenSpecCollector;GenSpecCollectNum;GenSpecAccNumber;GenSpecCatNumber;GenSpecDate;GenSpecUTMN;GenSpecUTME;GenSpecLocality;GenSpecHabitat;GenSpecAssocSpec;GenSpecComments
CARE_2314495,tblNCPNPlants,CARE_tblNCPNPlants.csv,3736,TSN;FamilyName;LatinName;Authority;Synonym;CommonName;Exotic;Sensitive;GrowthHabit;PLANTSCode;FullName
CARE_2314495,tblNatureServeNames,CARE_tblNatureServeNames.csv,150,ID;elcode;assoc_name
CARE_2314495,tblPhotos,CARE_tblPhotos.csv,928,PhotoID;PlotID;PhotoType;PhotoRoll;PhotoFrame;PhotoOther;NCPNImageFileID;Photographer;PhotoComments
CARE_2314495,tblPlotDetails,CARE_tblPlotDetails.csv,565,PlotID;PlotCode;SurveyDate;Surveyors;PlotLength;PlotAzimuth;PlotWidth;PlotDiam;PlotHasPhotos;PlotRepresentation;PlotShape;CameraUsed;ObsPointArea
CARE_2314495,tblPlotLocation,CARE_tblPlotLocation.csv,565,PlotCode;BPUCode;State;ParkCode;SiteName;USGSQuad;AerialPhotoNo;Waypoint;UTMEasting;UTMNorthing;Datum;UTMZone;UTM.Error;PDOP;DiffCorrected;DirectionsToPlot;County;GPSUnit;GPSComments;InPark;IsObservationPt
CARE_2314495,tblVegetation,CARE_tblVegetation.csv,565,VegetationID;PlotID;ProvCommunityName;FinalNVCName;Associations;Alliance;Phenology;LeafType;LeafTypeComments;Physiognom;EmergHt;EmergCovTot;CanHt;CanCovTot;SubHt;SubCovTot;TallShHt;TallShCovTot;ShrubHt;ShrubCovTot;DwarfHt;DwarfCovTot;HerbHt;HerbCovTot;GramHt;GramCovTot;ForbHt;ForbCovTot;FernHt;FernCovTot;SeedlHt;SeedlCovTot;NonvasHt;NonvasCovTot;VineHt;VineTotCov;EpiHt;EpiTotCov;OutsidePlotHt;OutsidePlotTotCov;RommeHt;RommeCovTot
CARE_2314495,tblVegetationDetails,CARE_tblVegetationDetails.csv,10252,VegDetailID;VegetationID;Stratum;TSN;Species;CoverClass;CoverClassRomme;SpecimenCollected;SpecimenNumber;Diagnostic;PercentCover;IsDead;CollectedBy;NPSAccessionNumber;NPSCatalogNumber;SpecimenLocality;SpecimenHabitat;SpecimenAssocSpecies
CARE_2314495,tbl_Romme_Plots,CARE_tbl_Romme_Plots.csv,284,TmpPlotID;GPSComment;X_27;Y_27;InPark;Datum
CARE_2314495,tlkpAAVegAssocRanks,CARE_tlkpAAVegAssocRanks.csv,3,VegAssocRank
CARE_2314495,tlkpAAVegAssociation,CARE_tlkpAAVegAssociation.csv,285,VegAssocCode;VegAssocName
CARE_2314495,tlkpAlliances,CARE_tlkpAlliances.csv,71,Alliance
CARE_2314495,tlkpAlliances_Backup,CARE_tlkpAlliances_Backup.csv,72,Alliance
CARE_2314495,tlkpAssociations,CARE_tlkpAssociations.csv,166,Associations
CARE_2314495,tlkpCAREVegAssocNames,CARE_tlkpCAREVegAssocNames.csv,152,NVC_Name_ID;Final.NVC.Name
CARE_2314495,tlkpCamera,CARE_tlkpCamera.csv,3,CameraType;CameraComments
CARE_2314495,tlkpCover,CARE_tlkpCover.csv,15,CoverClass;CoverClassDef
CARE_2314495,tlkpCoverAA,CARE_tlkpCoverAA.csv,12,CoverClass
CARE_2314495,tlkpCowardin,CARE_tlkpCowardin.csv,5,CowardinSystem
CARE_2314495,tlkpElevSource,CARE_tlkpElevSource.csv,3,ElevSource
CARE_2314495,tlkpGeology,CARE_tlkpGeology.csv,47,Geology
CARE_2314495,tlkpHeightClass,CARE_tlkpHeightClass.csv,11,HeightClass;HeightClassDef
CARE_2314495,tlkpHydrology,CARE_tlkpHydrology.csv,7,Hydrology
CARE_2314495,tlkpLandform,CARE_tlkpLandform.csv,72,Landform
CARE_2314495,tlkpLeafPhen,CARE_tlkpLeafPhen.csv,5,Phenology
CARE_2314495,tlkpLeafType,CARE_tlkpLeafType.csv,8,LeafType
CARE_2314495,tlkpPJAge,CARE_tlkpPJAge.csv,5,PJAgeClass
CARE_2314495,tlkpParks,CARE_tlkpParks.csv,16,ParkCode;ParkName
CARE_2314495,tlkpPhotoComments,CARE_tlkpPhotoComments.csv,4,PhotoComments
CARE_2314495,tlkpPhotoTypes,CARE_tlkpPhotoTypes.csv,5,PhotoType
CARE_2314495,tlkpPhotographer,CARE_tlkpPhotographer.csv,7,Photographer
CARE_2314495,tlkpPhysiogClass,CARE_tlkpPhysiogClass.csv,9,Physiognom
CARE_2314495,tlkpPlotShapes,CARE_tlkpPlotShapes.csv,7,PlotShape
CARE_2314495,tlkpSoilDrainage,CARE_tlkpSoilDrainage.csv,6,SoilDrainage
CARE_2314495,tlkpSoilTexture,CARE_tlkpSoilTexture.csv,12,SoilTexture
CARE_2314495,tlkpStates,CARE_tlkpStates.csv,51,StateCode;StateName
CARE_2314495,tlkpStrata,CARE_tlkpStrata.csv,15,Stratum
CARE_2314495,tlkpStructureStages,CARE_tlkpStructureStages.csv,4,StructureStage
CARE_2314495,tlkpSurveyors,CARE_tlkpSurveyors.csv,6,SurveyorName
CARE_2314495,tlkpTopography,CARE_tlkpTopography.csv,15,TopoPosition
CARE_2314495,tlkpUSGS_Quad,CARE_tlkpUSGS_Quad.csv,28,USGSQuad;USGSQuadCode
CARE_2314495,tlkpUTMZone,CARE_tlkpUTMZone.csv,1,UTMZone
CARE_2314495,zFieldWidths,CARE_zFieldWidths.csv,19,FieldWidth;FieldWidthDescription
CARE_2314495,zLookupFields,CARE_zLookupFields.csv,29,TableName;SortOrder;FieldName;FieldLabel;FieldWidth;ControlType;RowSource;ColumnCount;ColumnWidths
CARE_2314495,zLookupTables,CARE_zLookupTables.csv,25,TableName;ListName;Description
CARE_2314495,zzHeiltblPlots,CARE_zzHeiltblPlots.csv,305,PlotCode;NewPlotCode;ParkCode;QuadName;Survey.Date;Surveyors;Plot.Directions;PlotLength;PlotWidth;Plot.Shape;Permanent;Representativeness;Elevation;Elevation.Units;Slope;Aspect;Topographic.Position;Landform;Surface.Geology;Cowardin.System;Hydrology;Environmental.Comments;Landscape.Comments;Soil.Taxon.Description;Soil.Texture;HumanNaturalDisturbance
CARE_2314495,zzHeiltblVegetationDetails,CARE_zzHeiltblVegetationDetails.csv,6626,ID;PlotCode;PlotCodeNew;Symbol;Scientific.Name;Common.Name;Family;Update;CoverClass;TSN
CARE_2314495,zzTemp,CARE_zzTemp.csv,84,PlotCode;PlotID_Old;PlotID_New
CARE_2314495,zzTempEnvID,CARE_zzTempEnvID.csv,85,PlotCode;PlotID_Old;PlotID_New;EnvID_New;EnvID_Old
CARE_2314495,zzTempFuelsID,CARE_zzTempFuelsID.csv,50,PlotCode;PlotID_Old;PlotID_New;FuelsID_New;FuelsID_Old
CARE_2314495,zzTempVegID,CARE_zzTempVegID.csv,84,PlotCode;PlotID_Old;PlotID_New;VegID_New;VegID_Old
CARL_2314496,sp_cov,CARL_sp_cov.csv,1288,Plot_Event;PLANTS_Symbol;Field_Name;ComName;Family;ITIS_TSN;Stratum;Spp_Code;Within_Plot;Cover_Code;Real_Cover
CARL_2314496,tAA,CARL_tAA.csv,85,AA_Code;Project_Name;Slope_Cat;Slope_Degrees;Aspect_Cat;Aspect_Degrees;Elevation;Elev_Units
CARL_2314496,tAAEvents,CARL_tAAEvents.csv,85,AA_Event;AA_Code;Event_Date;Surveyors;Field_X;Field_Y;GPS_Error;Satellites;UTM_Zone;AA_plotsize;AA_plotshape;Primary_Code;Secondary_Code;Classified_Code;AA_Photos;General_Comments;AA_Update;AA_User
CARL_2314496,tConnect,CARL_tConnect.csv,1,Connect_db
CARL_2314496,tGlobal,CARL_tGlobal.csv,15,User_Count;User_Name;User_Email;Last_Modified
CARL_2314496,tPhotos,CARL_tPhotos.csv,0,Photo_ID;Plot_Code;Photo_Date;Photo_Type;Photo_Bearing;Photo_Descript;Photographer;Camera_or_Roll;File_Name
CARL_2314496,tPlotEventSpecies,CARL_tPlotEventSpecies.csv,1288,Plot_Event;Stratum;Spp_Code;Cover_Code;Real_Cover;Within_Plot;Spp_Update;Spp_User
CARL_2314496,tPlotEvents,CARL_tPlotEvents.csv,15,Plot_Event;Plot_Code;Event_Date;Surveyors;Field_X;Field_Y;GPS_Error;Satellites;UTM_Zone;Plot_Shape;Plot_Radius;Plot_Width;Plot_Length;Observation_pt;Provisional_Community;NVC_Elcode;Representativeness;Stand_Size;Environmental_Comments;Plot_Photos;Bedrock;Large_Rocks;Small_Rocks;Sand;Litter;Wood;Water;Bare;Other;Other_describe;Leaf_Type;Leaf_Phenology;Physio_Class;T1_Cover;T2_Cover;T3_Cover;S1_Cover;S2_Cover;S3_Cover;H_Cover;N_Cover;General_Comments;Plot_Update;Plot_User
CARL_2314496,tPlots,CARL_tPlots.csv,15,Plot_Code;Project_Name;Plot_Directions;State;Land_Owner;Elevation;Elev_Units;Slope_Cat;Slope_Degrees;Aspect_Cat;Aspect_Degrees;Topo_Position;Landform;Surficial_Geology;Cowardin_System;Hydro_Regime;Hydrology_Evidence;Landscape_Comments;Soil_Texture;Soil_Drainage;Sensitive_Data;Public_X;Public_Y;Dist_XY;Public_Elev;Dist_Elev
CARL_2314496,tProjectMetadata,CARL_tProjectMetadata.csv,1,Project_Name;Park_Code;Project_Contact;Coordinate_System;Datum;Coordinate_Method;GPS_Filename;GPS_Unit;Sampling_Method;Calculation_Method;Key_Nomenclature_Source;Project_Comments;T1_Hgt;T2_Hgt;T3_Hgt;S1_Hgt;S2_Hgt;S3_Hgt;H_Hgt;N_Hgt;V_Hgt;Date_Created
CARL_2314496,tSpecies,CARL_tSpecies.csv,423,Spp_Code;Field_Name;Concept_Reference;PLANTS_Symbol
CARL_2314496,xConcept_Reference_lu,CARL_xConcept_Reference_lu.csv,102,Key_Nomenclature_Source
CARL_2314496,xCoverClass_lu,CARL_xCoverClass_lu.csv,9,Cover_Class;Range;MidPoint
CARL_2314496,xHeight_Class_lu,CARL_xHeight_Class_lu.csv,12,Height_Class;Sort_Order
CARL_2314496,xHydro_Regime_lu,CARL_xHydro_Regime_lu.csv,14,Hydro_Regime;Hydro_Definitions
CARL_2314496,xLandform_lu,CARL_xLandform_lu.csv,206,Landform;Lndfrm_Definition;Include_Rec
CARL_2314496,xLeaf_Phenology_lu,CARL_xLeaf_Phenology_lu.csv,7,Leaf_Phenology;SortOrder
CARL_2314496,xLeaf_Type_lu,CARL_xLeaf_Type_lu.csv,8,Leaf_Type;SortOrder
CARL_2314496,xMapUnit_lu,CARL_xMapUnit_lu.csv,27,MapUnit_Code;MapUnit
CARL_2314496,xParks_lu,CARL_xParks_lu.csv,278,Park_Code;Park_Name;State;Include_Rec
CARL_2314496,xPhysio_Class_lu,CARL_xPhysio_Class_lu.csv,8,Physio_Class;Physio_Definition;SortOrder
CARL_2314496,xSoil_Drainage_lu,CARL_xSoil_Drainage_lu.csv,6,Soil_Drainage;SortOrder
CARL_2314496,xSoil_Texture_lu,CARL_xSoil_Texture_lu.csv,13,Soil_Texture
CARL_2314496,xState_lu,CARL_xState_lu.csv,59,State_Code;State_Name;Include_Rec
CARL_2314496,xStratum_lu,CARL_xStratum_lu.csv,13,Stratum;Descript;SortOrder
CARL_2314496,xSurficial_Geology_lu,CARL_xSurficial_Geology_lu.csv,33,Surficial_Geology;Category;Include_Rec
CARL_2314496,xTopo_Position_lu,CARL_xTopo_Position_lu.csv,12,Topo_Position;SortOrder;Include_Rec
CARL_2314496,xVegAssociation_lu,CARL_xVegAssociation_lu.csv,14,NVC_Elcode;NVC_Association;Canada;East;Midwest;Southeast;West;Include_Rec
CASA_2314497,QA_01_spcov,CASA_QA_01_spcov.csv,26,Project_Name;AA_Plot;Plot_Code;Plot_Event;Spp_Code;Plants_Symbol;Field_Name;ComName;Family;Stratum;Cover_Code;Real_Cover;Within_Plot;ITIS_TSN;Used_PLANTS;Spp_Update;Spp_User
CASA_2314497,QA_02_plots,CASA_QA_02_plots.csv,10,Project_Name;AA_Plot;Plot_Code;Plot_Event;Event_Date;Surveyors;Field_X;Field_Y;GPS_Error;Satellites;UTM_Zone;Plot_Shape;Plot_Radius;Plot_Width;Plot_Length;Observation_pt;State;Land_Owner;Plot_Directions;Elevation;Elev_Units;Slope_Cat;Slope_Degrees;Aspect_Cat;Aspect_Degrees;Topo_Position;Landform;Surficial_Geology;Cowardin_System;Hydro_Regime;Hydrology_Evidence;Landscape_Comments;Soil_Texture;Soil_Drainage;Provisional_Community;NVC_Elcode;NVC_Association;MapUnit;Representativeness;Stand_Size;Environmental_Comments;Plot_Photos;Bedrock;Large_Rocks;Small_Rocks;Sand;Litter;Wood;Standing_Dead;Water;Bare;Other;Other_describe;Leaf_Type;Leaf_Phenology;Physio_Class;T1_Hgt;T2_Hgt;T3_Hgt;S1_Hgt;S2_Hgt;S3_Hgt;H_Hgt;N_Hgt;V_Hgt;A1_Hgt;A2_Hgt;E_Hgt;T1_Cover;T2_Cover;T3_Cover;S1_Cover;S2_Cover;S3_Cover;H_Cover;N_Cover;V_Cover;A1_Cover;A2_Cover;E_Cover;All_Cover;Primary_Code;Primary_Name;Secondary_Code;Secondary_Name;Classified_Code;Classified_Name;General_Comments;Plot_Update;Plot_User
CASA_2314497,QA_03_duplicates_in_01,CASA_QA_03_duplicates_in_01.csv,0,Plot_Code;Spp_Code;Stratum;AA_Plot;Plot_Event;Field_Name;ComName;Cover_Code;Real_Cover;Within_Plot;Spp_Update;Spp_User
CASA_2314497,QA_04_duplicates_in_02,CASA_QA_04_duplicates_in_02.csv,0,Plot_Code;Project_Name;AA_Plot;Plot_Event;Event_Date;Surveyors;Field_X;Field_Y
CASA_2314497,QA_05_Plots_without_Species,CASA_QA_05_Plots_without_Species.csv,0,AA_Plot;Plot_Code;Plot_Event
CASA_2314497,QA_06_Spp_without_Plots,CASA_QA_06_Spp_without_Plots.csv,0,Plot_Event;Stratum;Spp_Code;Cover_Code;Real_Cover;Within_Plot;Spp_Update;Spp_User
CASA_2314497,tConnect,CASA_tConnect.csv,1,Connect_db
CASA_2314497,tGlobal,CASA_tGlobal.csv,5,User_Count;User_Name;User_Email;Last_Modified
CASA_2314497,tPhotos,CASA_tPhotos.csv,51,Photo_ID;Plot_Code;Photo_Date;Photo_Type;Photo_Bearing;Photo_Descript;Photographer;Camera_or_Roll;File_Name
CASA_2314497,tPlotEventSpecies,CASA_tPlotEventSpecies.csv,26,Plot_Event;Stratum;Spp_Code;Cover_Code;Real_Cover;Within_Plot;Spp_Update;Spp_User
CASA_2314497,tPlotEvents,CASA_tPlotEvents.csv,10,Plot_Event;Plot_Code;Event_Date;Surveyors;Field_X;Field_Y;GPS_Error;Satellites;UTM_Zone;Plot_Shape;Plot_Radius;Plot_Width;Plot_Length;Observation_pt;Provisional_Community;NVC_Elcode;Representativeness;Stand_Size;Environmental_Comments;Plot_Photos;Bedrock;Large_Rocks;Small_Rocks;Sand;Litter;Wood;Standing_Dead;Water;Bare;Other;Other_describe;Leaf_Type;Leaf_Phenology;Physio_Class;T1_Hgt;T2_Hgt;T3_Hgt;S1_Hgt;S2_Hgt;S3_Hgt;H_Hgt;N_Hgt;V_Hgt;A1_Hgt;A2_Hgt;E_Hgt;T1_Cover;T2_Cover;T3_Cover;S1_Cover;S2_Cover;S3_Cover;H_Cover;N_Cover;V_Cover;A1_Cover;A2_Cover;E_Cover;All_Cover;Primary_Code;Secondary_Code;Classified_Code;General_Comments;Plot_Update;Plot_User
CASA_2314497,tPlots,CASA_tPlots.csv,10,Plot_Code;Project_Name;Plot_Directions;State;Land_Owner;Elevation;Elev_Units;Slope_Cat;Slope_Degrees;Aspect_Cat;Aspect_Degrees;Topo_Position;Landform;Surficial_Geology;Cowardin_System;Hydro_Regime;Hydrology_Evidence;Landscape_Comments;Soil_Texture;Soil_Drainage;AA_Plot
CASA_2314497,tProcessSteps,CASA_tProcessSteps.csv,0,Project_Name;Process_Step;Process_Date;Process_Person;Process_Notes
CASA_2314497,tProjectMetadata,CASA_tProjectMetadata.csv,1,Project_Name;Park_Code;Project_Contact;Coordinate_System;Datum;Coordinate_Method;GPS_Filename;GPS_Unit;Sampling_Method;Calculation_Method;PseudoSpecies;Taxon_Reference_Source;Project_Comments;T1_DefHgt;T2_DefHgt;T3_DefHgt;S1_DefHgt;S2_DefHgt;S3_DefHgt;H_DefHgt;N_DefHgt;V_DefHgt;A1_DefHgt;A2_DefHgt;E_DefHgt;Date_Created;dbVersion
CASA_2314497,tSpecies,CASA_tSpecies.csv,34626,Spp_Code;Field_Name;Sensitive_Spp;Taxon_Reference;PLANTS_Symbol
CASA_2314497,xConcept_Reference_lu,CASA_xConcept_Reference_lu.csv,102,Taxon_Reference_Source
CASA_2314497,xCoverClass_lu,CASA_xCoverClass_lu.csv,10,Cover_Class;Range;MidPoint
CASA_2314497,xHeight_Class_lu,CASA_xHeight_Class_lu.csv,9,Height_Class;Sort_Order;Max_Val
CASA_2314497,xHydro_Regime_lu,CASA_xHydro_Regime_lu.csv,14,Hydro_Regime;Hydro_Definitions
CASA_2314497,xLandform_lu,CASA_xLandform_lu.csv,204,Landform;Lndfrm_Definition;Include_Rec
CASA_2314497,xLeaf_Phenology_lu,CASA_xLeaf_Phenology_lu.csv,7,Leaf_Phenology;SortOrder
CASA_2314497,xLeaf_Type_lu,CASA_xLeaf_Type_lu.csv,8,Leaf_Type;SortOrder
CASA_2314497,xMapUnit_lu,CASA_xMapUnit_lu.csv,0,MapUnit_Code;MapUnit
CASA_2314497,xParks_lu,CASA_xParks_lu.csv,278,Park_Code;Park_Name;State;Include_Rec
CASA_2314497,xPhysio_Class_lu,CASA_xPhysio_Class_lu.csv,8,Physio_Class;Physio_Definition;SortOrder
CASA_2314497,xSoil_Drainage_lu,CASA_xSoil_Drainage_lu.csv,6,Soil_Drainage;SortOrder
CASA_2314497,xSoil_Texture_lu,CASA_xSoil_Texture_lu.csv,13,Soil_Texture
CASA_2314497,xState_lu,CASA_xState_lu.csv,59,State_Code;State_Name;Include_Rec
CASA_2314497,xStratum_lu,CASA_xStratum_lu.csv,13,Stratum;Descript;SortOrder
CASA_2314497,xSurficial_Geology_lu,CASA_xSurficial_Geology_lu.csv,33,Surficial_Geology;Category;Include_Rec
CASA_2314497,xTopo_Position_lu,CASA_xTopo_Position_lu.csv,12,Topo_Position;SortOrder;Include_Rec
CASA_2314497,xVegAssociation_lu,CASA_xVegAssociation_lu.csv,5863,NVC_Elcode;NVC_Association;Canada;East;Midwest;Southeast;West;Include_Rec
CAVE_2314498,plots,CAVE_plots.csv,402,Plot_Code;Plot_Event;Project_Name;NVC_Elcode;Land_Owner;State;Field_X;Field_Y;UTM_Zone;Event_Date;Surveyors;Plot_Directions;Plot_Width;Plot_Length;Observation_pt;Plot_Photos;Environmental_Comments;Elevation;Elev_Units;Slope_Degrees;Aspect_Degrees;Soil_Texture;Bedrock;Large_Rocks;Small_Rocks;Sand;Litter;Wood;Water;Bare;Other;Physio_Class;T2_Cover;S2_Cover;S3_Cover;H_Cover;N_Cover;General_Comments
CAVE_2314498,sp_cov,CAVE_sp_cov.csv,8103,Plot_Event;PLANTS_Symbol;Field_Name;ComName;Family;ITIS_TSN;Stratum;Spp_Code;Real_Cover
CAVE_2314498,tAA,CAVE_tAA.csv,342,AA_Code;Project_Name;Slope_Cat;Slope_Degrees;Aspect_Cat;Aspect_Degrees;Elevation;Elev_Units
CAVE_2314498,tAAEvents,CAVE_tAAEvents.csv,342,AA_Event;AA_Code;Event_Date;Surveyors;Field_X;Field_Y;GPS_Error;Satellites;UTM_Zone;AA_plotsize;AA_plotshape;Primary_Code;Secondary_Code;Classified_Code;AA_Photos;General_Comments;AA_Update;AA_User
CAVE_2314498,tConnect,CAVE_tConnect.csv,1,Connect_db
CAVE_2314498,tGlobal,CAVE_tGlobal.csv,1,User_Count;User_Name;User_Email;Last_Modified
CAVE_2314498,tPhotos,CAVE_tPhotos.csv,465,Photo_ID;Plot_Code;Photo_Date;Photo_Type;Photo_Bearing;Photo_Descript;Photographer;Camera_or_Roll;File_Name
CAVE_2314498,tPlotEventSpecies,CAVE_tPlotEventSpecies.csv,8180,Plot_Event;Stratum;Spp_Code;Cover_Code;Real_Cover;Within_Plot;Spp_Update;Spp_User
CAVE_2314498,tPlotEvents,CAVE_tPlotEvents.csv,402,Plot_Event;Plot_Code;Event_Date;Surveyors;Field_X;Field_Y;GPS_Error;Satellites;UTM_Zone;Plot_Shape;Plot_Radius;Plot_Width;Plot_Length;Observation_pt;Provisional_Community;NVC_Elcode;Representativeness;Stand_Size;Environmental_Comments;Plot_Photos;Bedrock;Large_Rocks;Small_Rocks;Sand;Litter;Wood;Water;Bare;Other;Other_describe;Leaf_Type;Leaf_Phenology;Physio_Class;T1_Cover;T2_Cover;T3_Cover;S1_Cover;S2_Cover;S3_Cover;H_Cover;N_Cover;General_Comments;Plot_Update;Plot_User
CAVE_2314498,tPlots,CAVE_tPlots.csv,402,Plot_Code;Project_Name;Plot_Directions;State;Land_Owner;Elevation;Elev_Units;Slope_Cat;Slope_Degrees;Aspect_Cat;Aspect_Degrees;Topo_Position;Landform;Surficial_Geology;Cowardin_System;Hydro_Regime;Hydrology_Evidence;Landscape_Comments;Soil_Texture;Soil_Drainage;Sensitive_Data;Public_X;Public_Y;Dist_XY;Public_Elev;Dist_Elev
CAVE_2314498,tProjectMetadata,CAVE_tProjectMetadata.csv,1,Project_Name;Park_Code;Project_Contact;Coordinate_System;Datum;Coordinate_Method;GPS_Filename;GPS_Unit;Sampling_Method;Calculation_Method;Key_Nomenclature_Source;Project_Comments;T1_Hgt;T2_Hgt;T3_Hgt;S1_Hgt;S2_Hgt;S3_Hgt;H_Hgt;N_Hgt;V_Hgt;Date_Created
CAVE_2314498,tSpecies,CAVE_tSpecies.csv,452,Spp_Code;Field_Name;Concept_Reference;PLANTS_Symbol
CAVE_2314498,xConcept_Reference_lu,CAVE_xConcept_Reference_lu.csv,102,Key_Nomenclature_Source
CAVE_2314498,xCoverClass_lu,CAVE_xCoverClass_lu.csv,11,Cover_Class;Range;MidPoint
CAVE_2314498,xHeight_Class_lu,CAVE_xHeight_Class_lu.csv,12,Height_Class;Sort_Order
CAVE_2314498,xHydro_Regime_lu,CAVE_xHydro_Regime_lu.csv,14,Hydro_Regime;Hydro_Definitions
CAVE_2314498,xLandform_lu,CAVE_xLandform_lu.csv,204,Landform;Lndfrm_Definition;Include_Rec
CAVE_2314498,xLeaf_Phenology_lu,CAVE_xLeaf_Phenology_lu.csv,7,Leaf_Phenology;SortOrder
CAVE_2314498,xLeaf_Type_lu,CAVE_xLeaf_Type_lu.csv,8,Leaf_Type;SortOrder
CAVE_2314498,xMapUnit_lu,CAVE_xMapUnit_lu.csv,34,MapUnit_Code;MapUnit
CAVE_2314498,xParks_lu,CAVE_xParks_lu.csv,278,Park_Code;Park_Name;State;Include_Rec
CAVE_2314498,xPhysio_Class_lu,CAVE_xPhysio_Class_lu.csv,8,Physio_Class;Physio_Definition;SortOrder
CAVE_2314498,xSoil_Drainage_lu,CAVE_xSoil_Drainage_lu.csv,6,Soil_Drainage;SortOrder
CAVE_2314498,xSoil_Texture_lu,CAVE_xSoil_Texture_lu.csv,13,Soil_Texture
CAVE_2314498,xState_lu,CAVE_xState_lu.csv,59,State_Code;State_Name;Include_Rec
CAVE_2314498,xStratum_lu,CAVE_xStratum_lu.csv,13,Stratum;Descript;SortOrder
CAVE_2314498,xSurficial_Geology_lu,CAVE_xSurficial_Geology_lu.csv,33,Surficial_Geology;Category;Include_Rec
CAVE_2314498,xTopo_Position_lu,CAVE_xTopo_Position_lu.csv,12,Topo_Position;SortOrder;Include_Rec
CAVE_2314498,xVegAssociation_lu,CAVE_xVegAssociation_lu.csv,36,NVC_Elcode;NVC_Association;Canada;East;Midwest;Southeast;West;Include_Rec
CAVO_2314499,sp_cov,CAVO_sp_cov.csv,1753,Plot_Event;PLANTS_Symbol;Field_Name;ComName;Family;ITIS_TSN;Stratum;Spp_Code;Within_Plot;Range_Stratum_Cover;Real_Stratum_Cover
CAVO_2314499,tAA,CAVO_tAA.csv,109,AA_Code;NHNM_Plot_ID;Project_Name;Calc_X;Calc_Y;Slope_Cat;Slope_Degrees;Aspect_Cat;Aspect_Degrees;Elevation;Elev_Units;AutoKeyMaker
CAVO_2314499,tAAEvents,CAVO_tAAEvents.csv,109,AA_Event;AA_Code;NHNM_Plot_ID;Event_Date;Surveyors;Field_X;Field_Y;GPS_Error;UTM_Zone;PMapUnit_Code;SMapUnit_Code;AA_Photos;AA_Update;AA_User
CAVO_2314499,tAAPhotos,CAVO_tAAPhotos.csv,436,Photo_ID;AA_Code;NHNM_Plot_ID;Photo_Date;Photo_Type;Photo_Bearing;Photo_Descript;Photographer;Camera_or_Roll;File_Name
CAVO_2314499,tConnect,CAVO_tConnect.csv,1,Connect_db
CAVO_2314499,tGlobal,CAVO_tGlobal.csv,12,User_Count;User_Name;User_Email;Last_Modified
CAVO_2314499,tPhotos,CAVO_tPhotos.csv,234,Photo_ID;Plot_Code;NHNM_Plot_ID;Photo_Date;Photo_Type;Photo_Bearing;Photo_Descript;Photographer;Camera_or_Roll;File_Name
CAVO_2314499,tPlotEventSpecies,CAVO_tPlotEventSpecies.csv,1679,Plot_Event;Spp_Code;Within_Plot;Total_Plot_Cover;Calculation_Method;Range_Plot_Cover;Real_Plot_Cover;Spp_Update;Spp_User;EcomonRecID
CAVO_2314499,tPlotEventSpeciesStratum,CAVO_tPlotEventSpeciesStratum.csv,1753,Plot_Event;Spp_Code;Stratum;Diagnostic;Range_Stratum_Cover;Real_Stratum_Cover;EcomonRecID
CAVO_2314499,tPlotEvents,CAVO_tPlotEvents.csv,80,Plot_Event;Plot_Code;NHNM_Plot_ID;Event_Date;Surveyors;Field_X;Field_Y;GPS_Error;UTM_Zone;Plot_Shape;Plot_Radius;Plot_Width;Plot_Length;Observation_pt;Provisional_Community;NVC_Elcode;Representativeness;Stand_Size;Environmental_Comments;Plot_Photos;Bedrock;Large_Rocks;Small_Rocks;Sand;Litter;Wood;Water;Bare;Other;Other_describe;Leaf_Type;Leaf_Phenology;Physio_Class;T1_Hgt;T1_Cover;T2_Hgt;T2_Cover;T3_Hgt;T3_Cover;S1_Hgt;S1_Cover;S2_Hgt;S2_Cover;H_Hgt;H_Cover;N_Hgt;N_Cover;V_Hgt;V_Cover;Plot_Update;Plot_User;EcomonRecID;NVC_Elcode_Secondary
CAVO_2314499,tPlots,CAVO_tPlots.csv,80,Plot_Code;NHNM_Plot_ID;Plot_Type;Project_Name;Subproject_Name;Calc_X;Calc_Y;Plot_Directions;Elevation;Elev_Units;Slope_Cat;Slope_Degrees;Aspect_Cat;Aspect_Degrees;Topo_Position;Landform;Surficial_Geology;Cowardin_System;Hydro_Regime;Hydrology_Evidence;Landscape_Comments;Soil_Texture;Soil_Drainage;AutoKeyMaker
CAVO_2314499,tProjectMetadata,CAVO_tProjectMetadata.csv,1,Project_Name;Parent_Project_Code;Parent_Project_RecID;Park_Code;Coordinate_System;Datum;Coordinate_Method;GPS_Filename;GPS_Unit;Sampling_Method;Key_Nomenclature_Source;Project_Comments;Date_Created;Subproject_Code;Subproject_RecID
CAVO_2314499,tSpecies,CAVO_tSpecies.csv,233,Spp_Code;Field_Name;Concept_Reference;PLANTS_Symbol;ComName
CAVO_2314499,xCoverClass_lu,CAVO_xCoverClass_lu.csv,10,Cover_Class;Range;MidPoint
CAVO_2314499,xHydro_Regime_lu,CAVO_xHydro_Regime_lu.csv,14,Hydro_Regime;Hydro_Definitions
CAVO_2314499,xLandform_lu,CAVO_xLandform_lu.csv,204,Landform;Lndfrm_Definition;Include_Rec
CAVO_2314499,xLeaf_Phenology_lu,CAVO_xLeaf_Phenology_lu.csv,7,Leaf_Phenology;SortOrder
CAVO_2314499,xLeaf_Type_lu,CAVO_xLeaf_Type_lu.csv,8,Leaf_Type;SortOrder
CAVO_2314499,xMapUnit_lu,CAVO_xMapUnit_lu.csv,18,MapUnit_Code;MapUnit;Parent_Project_Code
CAVO_2314499,xParks_lu,CAVO_xParks_lu.csv,278,Park_Code;Park_Name;State;Include_Rec
CAVO_2314499,xPhysio_Class_lu,CAVO_xPhysio_Class_lu.csv,8,Physio_Class;Physio_Definition;SortOrder
CAVO_2314499,xSoil_Drainage_lu,CAVO_xSoil_Drainage_lu.csv,6,Soil_Drainage;SortOrder
CAVO_2314499,xSoil_Texture_lu,CAVO_xSoil_Texture_lu.csv,8,Soil_Texture
CAVO_2314499,xStratum_lu,CAVO_xStratum_lu.csv,8,Stratum;Descript;SortOrder
CAVO_2314499,xSurficial_Geology_lu,CAVO_xSurficial_Geology_lu.csv,33,Surficial_Geology;Category;Include_Rec
CAVO_2314499,xTopo_Position_lu,CAVO_xTopo_Position_lu.csv,12,Topo_Position;SortOrder;Include_Rec
CAVO_2314499,xVegAssociation_lu,CAVO_xVegAssociation_lu.csv,30,NVC_Elcode;NVC_Association;Canada;East;Midwest;Southeast;West;Include_Rec;NML6RecID;NML6Name
CEBR_2314507,CEBRImport,CEBR_CEBRImport.csv,23,Name
CEBR_2314507,Final_Classification_Import,CEBR_Final_Classification_Import.csv,171,PlotCode;ELCODE;Classif_GK
CEBR_2314507,Find_duplicates_for_Query3,CEBR_Find_duplicates_for_Query3.csv,0,PlotCode.Field;PhotoRoll.Field;PhotoFrame.Field;NumberOfDups
CEBR_2314507,Find_duplicates_for_tblPhotos,CEBR_Find_duplicates_for_tblPhotos.csv,2,PhotoRoll;PhotoFrame;PhotoID
CEBR_2314507,GPS_Data_Download,CEBR_GPS_Data_Download.csv,303,ID;AA_Code;Camera;New_Associ;Rep_of_Pt_;Rep_Assoc_;Slope_D;Aspect_D;Topo_Posit;Landform;Leaf_Pheno;Leaf_Type;Physiognom;Notes;Max_PDOP;Corr_Type;Rcvr_Type;GPS_Date;GPS_Time;Update_Sta;Datafile;Unfilt_Pos;Filt_Pos;Data_Dicti;GPS_Height;Vert_Prec;Horz_Prec;Std_Dev;Northing;Easting;QuadName;County;State;Surveyor;PlotShape;Park
CEBR_2314507,Qry_GIS,CEBR_Qry_GIS.csv,282,PlotCode;Waypoint;PlotID;SiteName;ProvCommunityName;AerialPhotoNo;UTM.Error;Surveyors;BPUCode
CEBR_2314507,Query2,CEBR_Query2.csv,5432,PlotCode;CoverClass;ObsPointCoverClass
CEBR_2314507,Query3,CEBR_Query3.csv,484,PlotCode;PhotoID;PlotID;PhotoType;PhotoRoll;PhotoFrame;PhotoOther;Photographer;PhotoComments;NCPNImageFileID
CEBR_2314507,qry_ht_FinalNVC_Check,CEBR_qry_ht_FinalNVC_Check.csv,171,tblPlotDetails.PlotCode;ProvCommunityName;FinalNVCName;Final_Classification_Import.PlotCode;Classif_GK
CEBR_2314507,tblAADetails,CEBR_tblAADetails.csv,303,AAID;AACode;SurveyDate;Surveyors;CameraUsed
CEBR_2314507,tblAAEnvironment,CEBR_tblAAEnvironment.csv,303,EnvironmentID;AAID;Slope;Aspect;TopoPosition;Elevation;ElevSource;EnvironmentalComments;Geology;BareSoil;Bedrock;Sand;Moss;Other;OtherPctDesc;Litter;Rocks;Lichen;Gravel;LiveVegLitter;LiveVegWood;Wood;LichenRocks;LichenGround;DarkCyanobacteria;Water
CEBR_2314507,tblAAEnvironmentDetails,CEBR_tblAAEnvironmentDetails.csv,332,EnvDetailID;EnvironmentID;Landform
CEBR_2314507,tblAALocation,CEBR_tblAALocation.csv,303,AACode;SiteName;USGSQuad;State;County;ParkCode;GPSFileName;GPSUnit;UTMEasting;UTMNorthing;UTMZone;DiffCorrected;Datum;PDOP;UTM.Error;InPark;GPSComments;RepresentPWP;RepresentATD;ClassificationComments;PlotShape;PMU;SMU;TMU
CEBR_2314507,tblAAPhotos,CEBR_tblAAPhotos.csv,329,PhotoID;AAID;PhotoType;PhotoRoll;PhotoFrame;PhotoOther;Photographer;PhotoComments;NCPNImageFileID
CEBR_2314507,tblAAVegAssociation,CEBR_tblAAVegAssociation.csv,459,VegAssocID;AAID;VegAssocCode;VegAssocRank;FieldKey;NewName;Post_Field_Name;OtherAssocCode
CEBR_2314507,tblAAVegetation,CEBR_tblAAVegetation.csv,303,VegetationID;AAID;ProvCommunityName;Alliance;Associations;Phenology;LeafType;LeafTypeComments;Physiognom;EmergHt;EmergCovTot;EmergCovPercent;CanHt;CanCovTot;CanCovPercent;SubHt;SubCovTot;SubCovPercent;TallShHt;TallShCovTot;TallShCovPercent;ShrubHt;ShrubCovTot;ShrubCovPercent;DwarfHt;DwarfCovTot;DwarfCovPercent;HerbHt;HerbCovTot;HerbCovPercent;NonvasHt;NonvasCovTot;NonvasCovPercent;VineHt;VineTotCov;VineTotPercent;EpiHt;EpiTotCov;EpiTotPercent;GramHt;GramCovTot;GramCovPercent;ForbHt;ForbCovTot;ForbCovPercent;FernHt;FernCovTot;FernCovPercent;SeedlHt;SeedlCovTot;SeedCovPercent;OutsidePlotHt;OutsidePlotTotCov;OutsidePlotTotPercent;PlantSpeciesComments;MultipleAssoc
CEBR_2314507,tblAAVegetationDetails,CEBR_tblAAVegetationDetails.csv,2590,VegDetailID;VegetationID;Stratum;TSN;Species;CoverClass;CoverPct;Dead
CEBR_2314507,tblBPU,CEBR_tblBPU.csv,0,BPU_record_ID;centroid_x;centroid_y;hectares;BPU_code;district;gradsect_year;BPU_comments
CEBR_2314507,tblDataMgmtLog,CEBR_tblDataMgmtLog.csv,19,ActionDate;ActionMonth;ActionYear;Action;Who
CEBR_2314507,tblEnvironment,CEBR_tblEnvironment.csv,282,EnvironmentID;PlotID;Elevation;ElevSource;Slope;Aspect;TopoPosition;Landform;Geology;CowardinSystem;Hydrology;EnvironmentalComments;BareSoil;Bedrock;Sand;Moss;Other;OtherPctDesc;Litter;Rocks;Lichen;Wood;Gravel;Water;Cryptogam;SoilTexture;SoilDrainage;AnimalUseComments;DisturbanceComments;OtherComments;LandscapeComments;SoilTaxonDesc;LiveVegLitter;LiveVegWood;LichenRocks;LichenGround;DarkCyanobacteria;TotalPct
CEBR_2314507,tblEnvironmentDetails,CEBR_tblEnvironmentDetails.csv,298,EnvDetailID;EnvironmentID;Landform
CEBR_2314507,tblFireTrees,CEBR_tblFireTrees.csv,2129,FireTreesID;FuelID;RecordType;Plot_Size;SpeciesCode;Live;DBH;DRC;Height;Measured;HeightToCrown;HeightMeasured;StructuralStage;Comments;Twin
CEBR_2314507,tblFuelSummary,CEBR_tblFuelSummary.csv,215,FuelID;PlotCode;Plot_Size;Surveyor;FuelModel;T1Slope;T1Azimuth;T1OneHrTally;T1TenHrTally;T1HunHrTally;T2Slope;T2Azimuth;T2OneHrTally;T2TenHrTally;T2HunHrTally;Comments
CEBR_2314507,tblFuelsLD,CEBR_tblFuelsLD.csv,103,LDID;FuelID;T1Litter15;T1Litter20;T1Litter25;T1Litter30;T1Litter35;T1Litter40;T1Litter45;T1Litter50;T1Litter55;T1Litter60;T1Duff15;T1Duff20;T1Duff25;T1Duff30;T1Duff35;T1Duff40;T1Duff45;T1Duff50;T1Duff55;T1Duff60;T2Litter15;T2Litter20;T2Litter25;T2Litter30;T2Litter35;T2Litter40;T2Litter45;T2Litter50;T2Litter55;T2Litter60;T2Duff15;T2Duff20;T2Duff25;T2Duff30;T2Duff35;T2Duff40;T2Duff45;T2Duff50;T2Duff55;T2Duff60
CEBR_2314507,tblFuelsLWI,CEBR_tblFuelsLWI.csv,459,LWIID;FuelID;TransectNumber;Diameter;DecayClass
CEBR_2314507,tblGeneralPhotos,CEBR_tblGeneralPhotos.csv,0,GenPhotoID;GenPhotoParkCode;GenPhotoDate;GenPhotographer;GenPhotoDesc;GenPhotoUTME;GenPhotoUTMN;GenUTMZone;GenPhotoRoll10;GenPhotoFrame;GenPhotoDigFile;GenPhotoComments
CEBR_2314507,tblGeneralSpecimens,CEBR_tblGeneralSpecimens.csv,1,GenSpecimenID;GenSpecFamily;GenSpecLatinName;GenSpecCollector;GenSpecCollectNum;GenSpecAccNumber;GenSpecCatNumber;GenSpecDate;GenSpecUTMN;GenSpecUTME;GenSpecCounty;GenSpecElev;GenSpecLocality;GenSpecHabitat;GenSpecAssocSpec;GenSpecComments
CEBR_2314507,tblNCPNPlants,CEBR_tblNCPNPlants.csv,5493,TSN;FamilyName;LatinName;Authority;Synonym;CommonName;Exotic;Sensitive;GrowthHabit;PLANTSCode;FullName
CEBR_2314507,tblPhotos,CEBR_tblPhotos.csv,484,PhotoID;PlotID;PhotoType;PhotoRoll;PhotoFrame;PhotoOther;Photographer;PhotoComments;NCPNImageFileID
CEBR_2314507,tblPlotCodeLink,CEBR_tblPlotCodeLink.csv,0,NewPlotCode;OldPlotCode
CEBR_2314507,tblPlotDetails,CEBR_tblPlotDetails.csv,282,PlotID;PlotCode;SurveyDate;Surveyors;PlotLength;PlotAzimuth;PlotWidth;PlotDiam;PlotHasPhotos;PlotRepresentation;PlotShape;CameraUsed;ObsPointArea
CEBR_2314507,tblPlotLocation,CEBR_tblPlotLocation.csv,282,PlotCode;BPUCode;State;ParkCode;SiteName;USGSQuad;AerialPhotoNo;Waypoint;UTMEasting;UTMNorthing;Datum;UTMZone;UTM.Error;PDOP;DiffCorrected;DirectionsToPlot;County;GPSUnit;GPSComments;InPark;IsObservationPt;ObservationType;ObservationComment
CEBR_2314507,tblTempOtherVouchers,CEBR_tblTempOtherVouchers.csv,0,ID;Collection;Colllector;Comments;Northing;Easting
CEBR_2314507,tblVegetation,CEBR_tblVegetation.csv,282,VegetationID;PlotID;ProvCommunityName;FinalNVCName;Alliance;Associations;Phenology;LeafType;LeafTypeComments;Physiognom;EmergHt;EmergCovTot;EmergCovPercent;CanHt;CanCovTot;CanCovPercent;SubHt;SubCovTot;SubCovPercent;TallShHt;TallShCovTot;TallShCovPercent;ShrubHt;ShrubCovTot;ShrubCovPercent;DwarfHt;DwarfCovTot;SwarfCovPercent;HerbHt;HerbCovTot;HerbCovPercent;GramHt;GramCovTot;GramCovPercent;ForbHt;ForbCovTot;ForbCovPercent;FernHt;FernCovTot;FernCovPercent;SeedlHt;SeedlCovTot;SeedCovPercent;NonvasHt;NonvasCovTot;NonvasCovPercent;VineHt;VineTotCov;VineTotPercent;EpiHt;EpiTotCov;EpiTotPercent;OutsidePlotHt;OutsidePlotTotCov;OutsidePlotTotPercent;PlantSpeciesComments
CEBR_2314507,tblVegetationDetails,CEBR_tblVegetationDetails.csv,5432,VegDetailID;VegetationID;Stratum;TSN;Species;CoverClass;ObsPointCoverClass;PercentCover;IsDead;Diagnostic;SpecimenCollected;CollectedBy;NPSAccessionNumber;NPSCatalogNumber;SpecimenNumber;SpecimenLocality;SpecimenHabitat;SpecimenAssocSpecies
CEBR_2314507,tbl_GPS_Import,CEBR_tbl_GPS_Import.csv,303,AA_Code;Camera;PlotShape;Slope_D;Aspect_D;Topo_Posit;Landform;Leaf_Pheno;Leaf_Type;Physiognom;Notes;status;Max_PDOP;Max_HDOP;Corr_Type;Rcvr_Type;GPS_Date;GPS_Time;Update_Sta;Datafile;Unfilt_Pos;Filt_Pos;Data_Dicti;GPS_Height;Vert_Prec;Horz_Prec;Std_Dev;Northing;Easting;Surveyor;QuadName;County;State;Park;Code
CEBR_2314507,tlkpAAVegAssocRanks,CEBR_tlkpAAVegAssocRanks.csv,3,VegAssocRank
CEBR_2314507,tlkpAAVegAssociation,CEBR_tlkpAAVegAssociation.csv,67,VegAssocCode;VegAssocName
CEBR_2314507,tlkpAlliances,CEBR_tlkpAlliances.csv,102,Alliance
CEBR_2314507,tlkpAssociations,CEBR_tlkpAssociations.csv,314,Associations
CEBR_2314507,tlkpCamera,CEBR_tlkpCamera.csv,3,CameraType;CameraComments
CEBR_2314507,tlkpCover,CEBR_tlkpCover.csv,15,CoverClass
CEBR_2314507,tlkpCoverAA,CEBR_tlkpCoverAA.csv,12,CoverClass
CEBR_2314507,tlkpCoverObs,CEBR_tlkpCoverObs.csv,4,CoverClass
CEBR_2314507,tlkpCowardin,CEBR_tlkpCowardin.csv,4,CowardinSystem
CEBR_2314507,tlkpDamageCodes,CEBR_tlkpDamageCodes.csv,31,DamageCode;LMCode;DamageDescription;DamageDetails
CEBR_2314507,tlkpElevSource,CEBR_tlkpElevSource.csv,2,ElevSource
CEBR_2314507,tlkpFireSpecies,CEBR_tlkpFireSpecies.csv,17,SpeciesCode
CEBR_2314507,tlkpFuelModels,CEBR_tlkpFuelModels.csv,13,ModelNumber;ModelType;ModelName;ModelDescription
CEBR_2314507,tlkpGeology,CEBR_tlkpGeology.csv,24,Geology
CEBR_2314507,tlkpHeightClass,CEBR_tlkpHeightClass.csv,10,HeightClass
CEBR_2314507,tlkpHydrology,CEBR_tlkpHydrology.csv,7,Hydrology
CEBR_2314507,tlkpLandForm,CEBR_tlkpLandForm.csv,198,LandForm
CEBR_2314507,tlkpLeafPhen,CEBR_tlkpLeafPhen.csv,5,Phenology
CEBR_2314507,tlkpLeafType,CEBR_tlkpLeafType.csv,9,LeafType
CEBR_2314507,tlkpObservationType,CEBR_tlkpObservationType.csv,3,ObservationType
CEBR_2314507,tlkpPJAge,CEBR_tlkpPJAge.csv,5,PJAgeClass
CEBR_2314507,tlkpParks,CEBR_tlkpParks.csv,4,ParkCode;ParkName
CEBR_2314507,tlkpPhotoComments,CEBR_tlkpPhotoComments.csv,8,PhotoComments
CEBR_2314507,tlkpPhotoTypes,CEBR_tlkpPhotoTypes.csv,6,PhotoType
CEBR_2314507,tlkpPhotographer,CEBR_tlkpPhotographer.csv,12,Photographer
CEBR_2314507,tlkpPhysiogClass,CEBR_tlkpPhysiogClass.csv,10,Physiognom
CEBR_2314507,tlkpPlotDiameter,CEBR_tlkpPlotDiameter.csv,5,PlotDiameter
CEBR_2314507,tlkpPlotShapes,CEBR_tlkpPlotShapes.csv,3,PlotShape
CEBR_2314507,tlkpProvisionalCommunities,CEBR_tlkpProvisionalCommunities.csv,0,ID;NVC.Elcode;NVC.Association.Name;CARE.plots;COLM.plots;NABR.plots;HOVE.plots;ARCH.plots
CEBR_2314507,tlkpSoilDrainage,CEBR_tlkpSoilDrainage.csv,6,SoilDrainage
CEBR_2314507,tlkpSoilTexture,CEBR_tlkpSoilTexture.csv,19,SoilTexture
CEBR_2314507,tlkpStates,CEBR_tlkpStates.csv,52,StateCode;StateName
CEBR_2314507,tlkpStrata,CEBR_tlkpStrata.csv,15,Stratum
CEBR_2314507,tlkpStructuralStage,CEBR_tlkpStructuralStage.csv,5,StageCode;StageName;StageDescription
CEBR_2314507,tlkpStructureStages,CEBR_tlkpStructureStages.csv,4,StructureStage
CEBR_2314507,tlkpSurveyors,CEBR_tlkpSurveyors.csv,22,SurveyorName
CEBR_2314507,tlkpTopography,CEBR_tlkpTopography.csv,9,TopoPosition
CEBR_2314507,tlkpUSGS_Quad,CEBR_tlkpUSGS_Quad.csv,4,USGSQuad;USGSQuadCode
CEBR_2314507,tlkpUTMZone,CEBR_tlkpUTMZone.csv,1,UTMZone
CEBR_2314507,tlu_MU_Codes,CEBR_tlu_MU_Codes.csv,49,MU_CODE;MU_NAME
CEBR_2314507,xrefDamageCodes,CEBR_xrefDamageCodes.csv,612,DamageID;FireTreeID;DamageCode
CEBR_2314507,zFieldWidths,CEBR_zFieldWidths.csv,20,FieldWidth;FieldWidthDescription
CEBR_2314507,zLookupFields,CEBR_zLookupFields.csv,39,TableName;SortOrder;FieldName;FieldLabel;FieldWidth;ControlType;RowSource;ColumnCount;ColumnWidths
CEBR_2314507,zLookupTables,CEBR_zLookupTables.csv,30,TableName;ListName;Description
CHAT_2314502,tAA,CHAT_tAA.csv,409,AA_Code;Project_Name;Slope_Cat;Slope_Degrees;Aspect_Cat;Aspect_Degrees;Elevation;Elev_Units
CHAT_2314502,tAAEvents,CHAT_tAAEvents.csv,409,AA_Event;AA_Code;Event_Date;Surveyors;Field_X;Field_Y;GPS_Error;Satellites;UTM_Zone;AA_plotsize;AA_plotshape;Primary_Code;Secondary_Code;Classified_Code;AA_Photos;General_Comments;AA_Update;AA_User
CHAT_2314502,tConnect,CHAT_tConnect.csv,1,Connect_db
CHAT_2314502,tGlobal,CHAT_tGlobal.csv,32,User_Count;User_Name;User_Email;Last_Modified
CHAT_2314502,tPhotos,CHAT_tPhotos.csv,1918,Photo_ID;Plot_Code;Photo_Date;Photo_Type;Photo_Bearing;Photo_Descript;Photographer;Camera_or_Roll;File_Name
CHAT_2314502,tPlotEventSpecies,CHAT_tPlotEventSpecies.csv,3639,Plot_Event;Stratum;Spp_Code;Cover_Code;Real_Cover;Within_Plot;Spp_Update;Spp_User
CHAT_2314502,tPlotEvents,CHAT_tPlotEvents.csv,73,Plot_Event;Plot_Code;Event_Date;Surveyors;Field_X;Field_Y;GPS_Error;Satellites;UTM_Zone;Plot_Shape;Plot_Radius;Plot_Width;Plot_Length;Observation_pt;Provisional_Community;NVC_Elcode;Representativeness;Stand_Size;Environmental_Comments;Plot_Photos;Bedrock;Large_Rocks;Small_Rocks;Sand;Litter;Wood;Water;Bare;Other;Other_describe;Leaf_Type;Leaf_Phenology;Physio_Class;T1_Hgt;T2_Hgt;T3_Hgt;S1_Hgt;S2_Hgt;S3_Hgt;H_Hgt;N_Hgt;V_Hgt;A1_Hgt;A2_Hgt;E_Hgt;T1_Cover;T2_Cover;T3_Cover;S1_Cover;S2_Cover;S3_Cover;H_Cover;N_Cover;V_Cover;A1_Cover;A2_Cover;E_Cover;All_Cover;General_Comments;Plot_Update;Plot_User
CHAT_2314502,tPlots,CHAT_tPlots.csv,73,Plot_Code;Project_Name;Plot_Directions;State;Land_Owner;Elevation;Elev_Units;Slope_Cat;Slope_Degrees;Aspect_Cat;Aspect_Degrees;Topo_Position;Landform;Surficial_Geology;Cowardin_System;Hydro_Regime;Hydrology_Evidence;Landscape_Comments;Soil_Texture;Soil_Drainage;Sensitive_Data;Public_X;Public_Y;Dist_XY;Public_Elev;Dist_Elev
CHAT_2314502,tProjectMetadata,CHAT_tProjectMetadata.csv,1,Project_Name;Park_Code;Project_Contact;Coordinate_System;Datum;Coordinate_Method;GPS_Filename;GPS_Unit;Sampling_Method;Calculation_Method;Taxon_Reference_Source;Project_Comments;T1_DefHgt;T2_DefHgt;T3_DefHgt;S1_DefHgt;S2_DefHgt;S3_DefHgt;H_DefHgt;N_DefHgt;V_DefHgt;A1_DefHgt;A2_DefHgt;E_DefHgt;Date_Created
CHAT_2314502,tSpecies,CHAT_tSpecies.csv,353,Spp_Code;Field_Name;Taxon_Reference;PLANTS_Symbol
CHAT_2314502,xConcept_Reference_lu,CHAT_xConcept_Reference_lu.csv,102,Taxon_Reference_Source
CHAT_2314502,xCoverClass_lu,CHAT_xCoverClass_lu.csv,10,Cover_Class;Range;MidPoint
CHAT_2314502,xHeight_Class_lu,CHAT_xHeight_Class_lu.csv,9,Height_Class;Sort_Order;Max_Val
CHAT_2314502,xHydro_Regime_lu,CHAT_xHydro_Regime_lu.csv,14,Hydro_Regime;Hydro_Definitions
CHAT_2314502,xLandform_lu,CHAT_xLandform_lu.csv,204,Landform;Lndfrm_Definition;Include_Rec
CHAT_2314502,xLeaf_Phenology_lu,CHAT_xLeaf_Phenology_lu.csv,7,Leaf_Phenology;SortOrder
CHAT_2314502,xLeaf_Type_lu,CHAT_xLeaf_Type_lu.csv,8,Leaf_Type;SortOrder
CHAT_2314502,xMapUnit_lu,CHAT_xMapUnit_lu.csv,0,MapUnit_Code;MapUnit
CHAT_2314502,xParks_lu,CHAT_xParks_lu.csv,278,Park_Code;Park_Name;State;Include_Rec
CHAT_2314502,xPhysio_Class_lu,CHAT_xPhysio_Class_lu.csv,8,Physio_Class;Physio_Definition;SortOrder
CHAT_2314502,xSoil_Drainage_lu,CHAT_xSoil_Drainage_lu.csv,6,Soil_Drainage;SortOrder
CHAT_2314502,xSoil_Texture_lu,CHAT_xSoil_Texture_lu.csv,13,Soil_Texture
CHAT_2314502,xState_lu,CHAT_xState_lu.csv,59,State_Code;State_Name;Include_Rec
CHAT_2314502,xStratum_lu,CHAT_xStratum_lu.csv,13,Stratum;Descript;SortOrder
CHAT_2314502,xSurficial_Geology_lu,CHAT_xSurficial_Geology_lu.csv,33,Surficial_Geology;Category;Include_Rec
CHAT_2314502,xTopo_Position_lu,CHAT_xTopo_Position_lu.csv,12,Topo_Position;SortOrder;Include_Rec
CHAT_2314502,xVegAssociation_lu,CHAT_xVegAssociation_lu.csv,7412,NVC_Elcode;NVC_Association;Canada;East;Midwest;Southeast;West;Include_Rec
CHCH_2314503,sp_cov,CHCH_sp_cov.csv,3405,Plot_Event;PLANTS_Symbol;Field_Name;ComName;Family;ITIS_TSN;Stratum;Spp_Code;Within_Plot;Cover_Code;Real_Cover
CHCH_2314503,sp_cov2,CHCH_sp_cov2.csv,3408,Plot_Event;PLANTS_Symbol;Field_Name;Stratum;Spp_Code;Within_Plot;Cover_Code;Real_Cover
CHCH_2314503,tAA,CHCH_tAA.csv,513,AA_Code;Project_Name;Slope_Cat;Slope_Degrees;Aspect_Cat;Aspect_Degrees;Elevation;Elev_Units
CHCH_2314503,tAAEvents,CHCH_tAAEvents.csv,513,AA_Event;AA_Code;Event_Date;Surveyors;Field_X;Field_Y;GPS_Error;Satellites;UTM_Zone;AA_plotsize;AA_plotshape;Primary_Code;Secondary_Code;Classified_Code;AA_Photos;General_Comments;AA_Update;AA_User
CHCH_2314503,tConnect,CHCH_tConnect.csv,1,Connect_db
CHCH_2314503,tGlobal,CHCH_tGlobal.csv,7,User_Count;User_Name;User_Email;Last_Modified
CHCH_2314503,tPhotos,CHCH_tPhotos.csv,0,Photo_ID;Plot_Code;Photo_Date;Photo_Type;Photo_Bearing;Photo_Descript;Photographer;Camera_or_Roll;File_Name
CHCH_2314503,tPlotEventSpecies,CHCH_tPlotEventSpecies.csv,3408,Plot_Event;Stratum;Spp_Code;Cover_Code;Real_Cover;Within_Plot;Spp_Update;Spp_User
CHCH_2314503,tPlotEvents,CHCH_tPlotEvents.csv,55,Plot_Event;Plot_Code;Event_Date;Surveyors;Field_X;Field_Y;GPS_Error;Satellites;UTM_Zone;Plot_Shape;Plot_Radius;Plot_Width;Plot_Length;Observation_pt;Provisional_Community;NVC_Elcode;Representativeness;Stand_Size;Environmental_Comments;Plot_Photos;Bedrock;Large_Rocks;Small_Rocks;Sand;Litter;Wood;Water;Bare;Other;Other_describe;Leaf_Type;Leaf_Phenology;Physio_Class;T1_Hgt;T2_Hgt;T3_Hgt;S1_Hgt;S2_Hgt;S3_Hgt;H_Hgt;N_Hgt;V_Hgt;A1_Hgt;A2_Hgt;E_Hgt;T1_Cover;T2_Cover;T3_Cover;S1_Cover;S2_Cover;S3_Cover;H_Cover;N_Cover;V_Cover;A1_Cover;A2_Cover;E_Cover;All_Cover;General_Comments;Plot_Update;Plot_User
CHCH_2314503,tPlots,CHCH_tPlots.csv,55,Plot_Code;Project_Name;Plot_Directions;State;Land_Owner;Elevation;Elev_Units;Slope_Cat;Slope_Degrees;Aspect_Cat;Aspect_Degrees;Topo_Position;Landform;Surficial_Geology;Cowardin_System;Hydro_Regime;Hydrology_Evidence;Landscape_Comments;Soil_Texture;Soil_Drainage;Sensitive_Data;Public_X;Public_Y;Dist_XY;Public_Elev;Dist_Elev
CHCH_2314503,tProjectMetadata,CHCH_tProjectMetadata.csv,1,Project_Name;Park_Code;Project_Contact;Coordinate_System;Datum;Coordinate_Method;GPS_Filename;GPS_Unit;Sampling_Method;Calculation_Method;Taxon_Reference_Source;Project_Comments;T1_DefHgt;T2_DefHgt;T3_DefHgt;S1_DefHgt;S2_DefHgt;S3_DefHgt;H_DefHgt;N_DefHgt;V_DefHgt;A1_DefHgt;A2_DefHgt;E_DefHgt;Date_Created
CHCH_2314503,tSpecies,CHCH_tSpecies.csv,693,Spp_Code;Field_Name;Taxon_Reference;PLANTS_Symbol
CHCH_2314503,xConcept_Reference_lu,CHCH_xConcept_Reference_lu.csv,102,Taxon_Reference_Source
CHCH_2314503,xCoverClass_lu,CHCH_xCoverClass_lu.csv,10,Cover_Class;Range;MidPoint
CHCH_2314503,xHeight_Class_lu,CHCH_xHeight_Class_lu.csv,9,Height_Class;Sort_Order;Max_Val
CHCH_2314503,xHydro_Regime_lu,CHCH_xHydro_Regime_lu.csv,14,Hydro_Regime;Hydro_Definitions
CHCH_2314503,xLandform_lu,CHCH_xLandform_lu.csv,204,Landform;Lndfrm_Definition;Include_Rec
CHCH_2314503,xLeaf_Phenology_lu,CHCH_xLeaf_Phenology_lu.csv,7,Leaf_Phenology;SortOrder
CHCH_2314503,xLeaf_Type_lu,CHCH_xLeaf_Type_lu.csv,8,Leaf_Type;SortOrder
CHCH_2314503,xMapUnit_lu,CHCH_xMapUnit_lu.csv,41,MapUnit_Code;MapUnit
CHCH_2314503,xParks_lu,CHCH_xParks_lu.csv,1,Park_Code;Park_Name;State;Include_Rec
CHCH_2314503,xPhysio_Class_lu,CHCH_xPhysio_Class_lu.csv,8,Physio_Class;Physio_Definition;SortOrder
CHCH_2314503,xSoil_Drainage_lu,CHCH_xSoil_Drainage_lu.csv,6,Soil_Drainage;SortOrder
CHCH_2314503,xSoil_Texture_lu,CHCH_xSoil_Texture_lu.csv,13,Soil_Texture
CHCH_2314503,xState_lu,CHCH_xState_lu.csv,59,State_Code;State_Name;Include_Rec
CHCH_2314503,xStratum_lu,CHCH_xStratum_lu.csv,13,Stratum;Descript;SortOrder
CHCH_2314503,xSurficial_Geology_lu,CHCH_xSurficial_Geology_lu.csv,33,Surficial_Geology;Category;Include_Rec
CHCH_2314503,xTopo_Position_lu,CHCH_xTopo_Position_lu.csv,12,Topo_Position;SortOrder;Include_Rec
CHCH_2314503,xVegAssociation_lu,CHCH_xVegAssociation_lu.csv,41,NVC_Elcode;NVC_Association;Canada;East;Midwest;Southeast;West;Include_Rec
CHCU_2314504,tblAADetails,CHCU_tblAADetails.csv,315,AACode;AAID;Survey.Date;Surveyors
CHCU_2314504,tblAAEnvironment,CHCU_tblAAEnvironment.csv,315,"AAID;EnvironmentID;Elevation;Elevation.Units;Slope;Precise.Slope;Aspect;Precise.Aspect;Topo.Position;Environmental.Comments;%.Bedrock;%.Large.Rocks;%.Small.Rocks;%.Sand;%.Litter,.Duff;%.Wood;%.Water;%.Bare.Soil;%.Other;%.Other.Description;Classification.Comments;Other.Comments"
CHCU_2314504,tblAAEnvironmentDetails,CHCU_tblAAEnvironmentDetails.csv,315,EnvironmentID;Landform
CHCU_2314504,tblAALocation,CHCU_tblAALocation.csv,315,AACode;Air.Photo.Number;Location.Code;Sublocation;Quad.Name;Quad.Code;Coord.System;GPS.File;UTM.Zone;GPS.Datum;GPS.Accuracy;Field.Lat;Field.Long
CHCU_2314504,tblAAPhotos,CHCU_tblAAPhotos.csv,488,AAID;FileName
CHCU_2314504,tblAAVegetation,CHCU_tblAAVegetation.csv,315,AAID;VegetationID;Leaf.Phenology;Leaf.Type;Physio.Class;T1.Hgt;T1.Cover;T2.Hgt;T2.Cover;T3.Hgt;T3.Cover;S1.Hgt;S1.Cover;S2.Hgt;S2.Cover;S3.Hgt;S3.Cover;H.Hgt;H.Cover;N.Hgt;N.Cover;V.Hgt;V.Cover;E.Hgt;E.Cover;Classification.Comments;Other.Comments;Update;User;Species.Counter;Primary.Veg.Assoc.Name;Primary.Map.Class.Name;Map.Class.ID;1st.Alt.Veg.Assoc.Name;1st.Alt.Map.Class.Name;1st.Alt.Map.Class.ID;2nd.Alt.Veg.Assoc.Name;2nd.Alt.Map.Class.Name;2nd.Alt.Map.Class.ID;Other.Veg.Assoc.within.50.m;AA_Associations_MapClasses_Classification.Comments
CHCU_2314504,tblAAVegetationDetails,CHCU_tblAAVegetationDetails.csv,2308,AA.Obs.Code;AA.Species.Counter;VegetationID;Plant.Symbol;Scientific.Name;Common.Name;Family;Specimen.Number;Used.PLANTS;Source;Stratum.Sort;Stratum;Diagnostic;Range.Cover;Real.Cover;Other.Measure1;Other.Measure2;Update;User
CHCU_2314504,tblEnvironment,CHCU_tblEnvironment.csv,144,EnvironmentID;PlotID;Elevation;Slope;Aspect;TopoPosition;SurfaceRocks;Geology;SoilTexture;SoilTextDesc;CowardinSystem;Hydrology;Sand;Gravel;Cobble;Stone;Boulder;Bedrock;Litter;Moss;Lichen;Cryptogam;EnvironmentalComments;AnimalUseComments;DisturbanceComments
CHCU_2314504,tblEnvironmentDetails,CHCU_tblEnvironmentDetails.csv,144,EnvDetailID;EnvironmentID;Landform
CHCU_2314504,tblPhotos,CHCU_tblPhotos.csv,143,PhotoID;PlotID;CameraName;GPSUnit;GPSFile;Date;Time;Frame1;Frame2;Frame3;Frame4;Waypoint1;Waypoint2;Waypoint3;Waypoint4;Direction1;Direction2;Direction3;Direction4
CHCU_2314504,tblPlantCodes,CHCU_tblPlantCodes.csv,371,SpeciesCode;TSN;FamilyName;LatinName;Authority;Synonym;CommonName;Exotic;Sensitive;GrowthHabit;FullName
CHCU_2314504,tblPlotDetails,CHCU_tblPlotDetails.csv,144,PlotID;PlotCode;SurveyDate;Surveyors;PlotLength;PlotAzimuth;PlotWidth;PlotHasPhotos;PlotRepresentation;PlotShape;StandardPlot
CHCU_2314504,tblPlotLocation,CHCU_tblPlotLocation.csv,144,PlotCode;BPUCode;ParkCode;Waypoint;UTMEasting;UTMNorthing;Datum;UTMZone;UTM.Error;DiffCorrected;DirectionsToPlot;GPSUnit;GPSComments;County;State;USGSQuad;Landowner;BPUPlacement;Grazing
CHCU_2314504,tblVegetation,CHCU_tblVegetation.csv,144,VegetationID;PlotID;ProvCommunityName;Phenology;LeafType;LeafTypeComments;Physiognom;TotTreeHt;TotTreeCov;TreeDominants;EmergHt;EmergCovTot;EmergDominants;CanHt;CanCovTot;CanDominants;SubHt;SubCovTot;SubDominants;SeedlHt;SeedlCovTot;SeedlDominants;TotShrubHt;TotShrubCov;ShrubDominants;TallShHt;TallShCovTot;TallShDominants;ShrubHT;ShrubCovTot;ShortShDominants;HerbHt;HerbCovTot;HerbDominants;GramHt;GramCovTot;GramDominants;ForbHt;ForbCovTot;ForbDominants;Association
CHCU_2314504,tblVegetationDetails,CHCU_tblVegetationDetails.csv,2377,VegDetailID;VegetationID;Species;CoverClass;ExoticPlant;Comments
CHCU_2314504,tlkpAssociation2,CHCU_tlkpAssociation2.csv,29,ID;NVC.Association
CHCU_2314504,tlkpCover,CHCU_tlkpCover.csv,9,CoverClass;CoverClassPercent;CC_PCORD;Cover_Class_Veg
CHCU_2314504,tlkpCowardin,CHCU_tlkpCowardin.csv,4,CowardinCode;Cowardin
CHCU_2314504,tlkpGeology,CHCU_tlkpGeology.csv,21,GeoCode;Geology;GeoDesc
CHCU_2314504,tlkpHeightClass,CHCU_tlkpHeightClass.csv,8,HeightClass;HeightClassRange
CHCU_2314504,tlkpHydrology,CHCU_tlkpHydrology.csv,7,HydroCode;Hydrology
CHCU_2314504,tlkpLandform,CHCU_tlkpLandform.csv,120,LandCode;LandForm
CHCU_2314504,tlkpLeafPhen,CHCU_tlkpLeafPhen.csv,8,PhenCode;Phenology
CHCU_2314504,tlkpLeafType,CHCU_tlkpLeafType.csv,13,LeafCode;Leaftype
CHCU_2314504,tlkpPhysiogClass,CHCU_tlkpPhysiogClass.csv,10,PhysCode;Physiognomic
CHCU_2314504,tlkpSoilTexture,CHCU_tlkpSoilTexture.csv,19,SoilCode;SoilTexture
CHCU_2314504,tlkpSurfaceRocks,CHCU_tlkpSurfaceRocks.csv,5,RockCode;Rocks
CHCU_2314504,tlkpTopography,CHCU_tlkpTopography.csv,31,TopoCode;TopoPosition
CHIC_2314505,sp_cov,CHIC_sp_cov.csv,2327,Plot_Event;PLANTS_Symbol;Field_Name;ComName;Family;ITIS_TSN;Stratum;Spp_Code;Within_Plot;Cover_Code;Real_Cover
CHIC_2314505,sp_cov2,CHIC_sp_cov2.csv,2349,Plot_Event;PLANTS_Symbol;Field_Name;Stratum;Spp_Code;Within_Plot;Cover_Code;Real_Cover
CHIC_2314505,tAA,CHIC_tAA.csv,274,AA_Code;Project_Name;Slope_Cat;Slope_Degrees;Aspect_Cat;Aspect_Degrees;Elevation;Elev_Units
CHIC_2314505,tAAEvents,CHIC_tAAEvents.csv,274,AA_Event;AA_Code;Event_Date;Surveyors;Field_X;Field_Y;GPS_Error;Satellites;UTM_Zone;AA_plotsize;AA_plotshape;Primary_Code;Secondary_Code;Classified_Code;AA_Photos;General_Comments;AA_Update;AA_User
CHIC_2314505,tConnect,CHIC_tConnect.csv,1,Connect_db
CHIC_2314505,tGlobal,CHIC_tGlobal.csv,14,User_Count;User_Name;User_Email;Last_Modified
CHIC_2314505,tPhotos,CHIC_tPhotos.csv,0,Photo_ID;Plot_Code;Photo_Date;Photo_Type;Photo_Bearing;Photo_Descript;Photographer;Camera_or_Roll;File_Name
CHIC_2314505,tPlotEventSpecies,CHIC_tPlotEventSpecies.csv,2349,Plot_Event;Stratum;Spp_Code;Cover_Code;Real_Cover;Within_Plot;Spp_Update;Spp_User
CHIC_2314505,tPlotEvents,CHIC_tPlotEvents.csv,89,Plot_Event;Plot_Code;Event_Date;Surveyors;Field_X;Field_Y;GPS_Error;Satellites;UTM_Zone;Plot_Shape;Plot_Radius;Plot_Width;Plot_Length;Observation_pt;Provisional_Community;NVC_Elcode;Representativeness;Stand_Size;Environmental_Comments;Plot_Photos;Bedrock;Large_Rocks;Small_Rocks;Sand;Litter;Wood;Water;Bare;Other;Other_describe;Leaf_Type;Leaf_Phenology;Physio_Class;T1_Cover;T2_Cover;T3_Cover;S1_Cover;S2_Cover;S3_Cover;H_Cover;N_Cover;General_Comments;Plot_Update;Plot_User
CHIC_2314505,tPlots,CHIC_tPlots.csv,89,Plot_Code;Project_Name;Plot_Directions;State;Land_Owner;Elevation;Elev_Units;Slope_Cat;Slope_Degrees;Aspect_Cat;Aspect_Degrees;Topo_Position;Landform;Surficial_Geology;Cowardin_System;Hydro_Regime;Hydrology_Evidence;Landscape_Comments;Soil_Texture;Soil_Drainage;Sensitive_Data;Public_X;Public_Y;Dist_XY;Public_Elev;Dist_Elev
CHIC_2314505,tProjectMetadata,CHIC_tProjectMetadata.csv,1,Project_Name;Park_Code;Project_Contact;Coordinate_System;Datum;Coordinate_Method;GPS_Filename;GPS_Unit;Sampling_Method;Calculation_Method;Key_Nomenclature_Source;Project_Comments;T1_Hgt;T2_Hgt;T3_Hgt;S1_Hgt;S2_Hgt;S3_Hgt;H_Hgt;N_Hgt;V_Hgt;Date_Created
CHIC_2314505,tSpecies,CHIC_tSpecies.csv,337,Spp_Code;Field_Name;Concept_Reference;PLANTS_Symbol
CHIC_2314505,xConcept_Reference_lu,CHIC_xConcept_Reference_lu.csv,102,Key_Nomenclature_Source
CHIC_2314505,xCoverClass_lu,CHIC_xCoverClass_lu.csv,10,Cover_Class;Range;MidPoint
CHIC_2314505,xHeight_Class_lu,CHIC_xHeight_Class_lu.csv,12,Height_Class;Sort_Order
CHIC_2314505,xHydro_Regime_lu,CHIC_xHydro_Regime_lu.csv,14,Hydro_Regime;Hydro_Definitions
CHIC_2314505,xLandform_lu,CHIC_xLandform_lu.csv,205,Landform;Lndfrm_Definition;Include_Rec
CHIC_2314505,xLeaf_Phenology_lu,CHIC_xLeaf_Phenology_lu.csv,7,Leaf_Phenology;SortOrder
CHIC_2314505,xLeaf_Type_lu,CHIC_xLeaf_Type_lu.csv,8,Leaf_Type;SortOrder
CHIC_2314505,xMapUnit_lu,CHIC_xMapUnit_lu.csv,25,MapUnit_Code;MapUnit
CHIC_2314505,xParks_lu,CHIC_xParks_lu.csv,278,Park_Code;Park_Name;State;Include_Rec
CHIC_2314505,xPhysio_Class_lu,CHIC_xPhysio_Class_lu.csv,8,Physio_Class;Physio_Definition;SortOrder
CHIC_2314505,xSoil_Drainage_lu,CHIC_xSoil_Drainage_lu.csv,6,Soil_Drainage;SortOrder
CHIC_2314505,xSoil_Texture_lu,CHIC_xSoil_Texture_lu.csv,13,Soil_Texture
CHIC_2314505,xState_lu,CHIC_xState_lu.csv,59,State_Code;State_Name;Include_Rec
CHIC_2314505,xStratum_lu,CHIC_xStratum_lu.csv,13,Stratum;Descript;SortOrder
CHIC_2314505,xSurficial_Geology_lu,CHIC_xSurficial_Geology_lu.csv,33,Surficial_Geology;Category;Include_Rec
CHIC_2314505,xTopo_Position_lu,CHIC_xTopo_Position_lu.csv,12,Topo_Position;SortOrder;Include_Rec
CHIC_2314505,xVegAssociation_lu,CHIC_xVegAssociation_lu.csv,33,NVC_Elcode;NVC_Association;Canada;East;Midwest;Southeast;West;Include_Rec
CIRO_2314752,ciro_aadata_1Data_Plot_Info,CIRO_ciro_aadata_1Data_Plot_Info.csv,597,AA.Point;Point.Shape;Date;Surveyors;GPS_Error;More_Assoc;PNC;PNC_Map_Code;PNC_New;PNC_Other;SNC;SNC_Map_Code;SNC_New;SNC_Other;TNC;TNC_Map_Code;TNC_New;TNC_Other;Representativeness;Class_Comments;Elevation;From:;Slope;Aspect;Landform_Code;Com_Envir;LF_Phen;LF_Type;Phys_Cls
CIRO_2314752,ciro_aadata_3Data_Surface_NV,CIRO_ciro_aadata_3Data_Surface_NV.csv,3357,AA.Point;Sur_Type;Cover
CIRO_2314752,ciro_aadata_4Data_Veg_Strata,CIRO_ciro_aadata_4Data_Veg_Strata.csv,1941,AA.Point;Strata;Height;Cover_Scale;Species_Name_Dom;Cover_Scale_Dom;Species_Name_Sec;Cover_Scale_Sec;AA.Plot.#
CIRO_2314752,ciro_aadata_LUT_Alliance,CIRO_ciro_aadata_LUT_Alliance.csv,16,Code;Alliance_code;Alliance_name
CIRO_2314752,ciro_aadata_LUT_Class_List,CIRO_ciro_aadata_LUT_Class_List.csv,106,Code;Association
CIRO_2314752,ciro_aadata_LUT_County,CIRO_ciro_aadata_LUT_County.csv,1,County_Code;County_Name
CIRO_2314752,ciro_aadata_LUT_Cover_Scale,CIRO_ciro_aadata_LUT_Cover_Scale.csv,12,Cvr_Scale;Scale;Forb_Cover_Scale;Forb_Scale
CIRO_2314752,ciro_aadata_LUT_EcoSys_Code,CIRO_ciro_aadata_LUT_EcoSys_Code.csv,18,ESC;ESN
CIRO_2314752,ciro_aadata_LUT_Height,CIRO_ciro_aadata_LUT_Height.csv,5,Ht_Code;Height
CIRO_2314752,ciro_aadata_LUT_LF_Phen,CIRO_ciro_aadata_LUT_LF_Phen.csv,6,LF_Phen
CIRO_2314752,ciro_aadata_LUT_LF_Stata,CIRO_ciro_aadata_LUT_LF_Stata.csv,11,Lifeform_Code;Life_Form
CIRO_2314752,ciro_aadata_LUT_LF_Type,CIRO_ciro_aadata_LUT_LF_Type.csv,8,LF_Type
CIRO_2314752,ciro_aadata_LUT_Landform,CIRO_ciro_aadata_LUT_Landform.csv,15,Landform_Code;LF_Description
CIRO_2314752,ciro_aadata_LUT_Map_Code,CIRO_ciro_aadata_LUT_Map_Code.csv,42,PNC_Map_Code;Map_Code
CIRO_2314752,ciro_aadata_LUT_Park,CIRO_ciro_aadata_LUT_Park.csv,1,Park_Name;Park
CIRO_2314752,ciro_aadata_LUT_Phys_Cls,CIRO_ciro_aadata_LUT_Phys_Cls.csv,8,Phys_Cls
CIRO_2314752,ciro_aadata_LUT_Points,CIRO_ciro_aadata_LUT_Points.csv,806,MAP_CODE;Park_Name;AA_POINT;UTM_X;UTM_Y;VALUE;UTM_Zone
CIRO_2314752,ciro_aadata_LUT_Prov_Comm_Name,CIRO_ciro_aadata_LUT_Prov_Comm_Name.csv,38,PCN;PCN_Code
CIRO_2314752,ciro_aadata_LUT_Species,CIRO_ciro_aadata_LUT_Species.csv,531,Species_Name;TSN;Abundance
CIRO_2314752,ciro_aadata_LUT_Sub_Unit,CIRO_ciro_aadata_LUT_Sub_Unit.csv,2,Sub_Unit;Sub_Unit_Name
CIRO_2314752,ciro_aadata_LUT_Topo,CIRO_ciro_aadata_LUT_Topo.csv,9,Topo_Code;Topo_Description
CIRO_2314752,ciro_aadata_LUT_Unveg,CIRO_ciro_aadata_LUT_Unveg.csv,10,Sur_Type
CIRO_2314752,ciro_aadata_New_Class_List,CIRO_ciro_aadata_New_Class_List.csv,72,Code;Association
CIRO_2314752,ciro_aadata_PNC_Names_Codes,CIRO_ciro_aadata_PNC_Names_Codes.csv,597,AA.Point;PNC_Name;PNC_Code;SNC_Name;SNC_Code;TNC_Name;TNC_Code
CIRO_2314752,ciro_aadata_Q_Plot_Connect,CIRO_ciro_aadata_Q_Plot_Connect.csv,597,AA.Point;AA_POINT;Park_Name;UTM_X;UTM_Y;MAP_CODE
CIRO_2314752,ciro_aadata_Q_Show_Info,CIRO_ciro_aadata_Q_Show_Info.csv,597,AA.Point;Point.Shape;Date;Surveyors;GPS_Error;More_Assoc;PNC;PNC_Map_Code;PNC_New;PNC_Other;SNC;SNC_Map_Code;SNC_New;SNC_Other;TNC;TNC_Map_Code;TNC_New;TNC_Other;Representativeness;Class_Comments;Elevation;From:;Slope;Aspect;Landform_Code;Com_Envir;LF_Phen;LF_Type;Phys_Cls;MAP_CODE;Park_Name;AA_POINT;UTM_X;UTM_Y;VALUE
CIRO_2314752,ciro_aadata_Switchboard_Items,CIRO_ciro_aadata_Switchboard_Items.csv,3,SwitchboardID;ItemNumber;ItemText;Command;Argument
CIRO_2314752,ciro_plotdata_Comment_List,CIRO_ciro_plotdata_Comment_List.csv,190,Plot;Plot_Comments;Topo_comment;Veg_comment;Dominant_sp_outside;Disturbance.Comments;Burned_vegetation;Plowed_vegetation;Wildlife_comment;Pygmy_rabbit;Sage_grouse;Champion_tree;Hedgehog;Other_comment;Invasive_spp;Fire_comment;Plot#
CIRO_2314752,ciro_plotdata_Envir_Descr,CIRO_ciro_plotdata_Envir_Descr.csv,190,Park_Name;Plot;Elevation;Slope;Aspect;Topo;Cowardin;Non_Tidal;Soil_Text;Soil_drain;Parent_mat;Burned;Ag_use;PygmyR;SageGrouse;Champtree;Hedgehog;Invasive;Plot#
CIRO_2314752,ciro_plotdata_Fuel_Stand,CIRO_ciro_plotdata_Fuel_Stand.csv,190,Park_Name;Plot;Fuel_>3;Fuel_<3;Duff_depth;Litter_depth;Fuel_depth;PFM;Shrb_Health;Cheat_Grass;Plot_2
CIRO_2314752,ciro_plotdata_LUT_Cheat_Cover,CIRO_ciro_plotdata_LUT_Cheat_Cover.csv,6,Cheat_Grass
CIRO_2314752,ciro_plotdata_LUT_Comm_Name,CIRO_ciro_plotdata_LUT_Comm_Name.csv,37,CN;CN_Short;CN_Code;ESN;ESN_Code;n_plots;n_total
CIRO_2314752,ciro_plotdata_LUT_County,CIRO_ciro_plotdata_LUT_County.csv,1,County;County_Name
CIRO_2314752,ciro_plotdata_LUT_Cover_Scale,CIRO_ciro_plotdata_LUT_Cover_Scale.csv,11,Cvr_Scale;Scale;Forb_Cover_Scale;Forb_Scale
CIRO_2314752,ciro_plotdata_LUT_Cowardin,CIRO_ciro_plotdata_LUT_Cowardin.csv,4,Cowardin
CIRO_2314752,ciro_plotdata_LUT_Duff_Depth,CIRO_ciro_plotdata_LUT_Duff_Depth.csv,6,Duff_Depth
CIRO_2314752,ciro_plotdata_LUT_EcoSys_Code,CIRO_ciro_plotdata_LUT_EcoSys_Code.csv,18,ESC;ESN
CIRO_2314752,ciro_plotdata_LUT_FCC,CIRO_ciro_plotdata_LUT_FCC.csv,3,FCC
CIRO_2314752,ciro_plotdata_LUT_Fuel_1,CIRO_ciro_plotdata_LUT_Fuel_1.csv,5,Fuel_1
CIRO_2314752,ciro_plotdata_LUT_Fuel_2,CIRO_ciro_plotdata_LUT_Fuel_2.csv,4,Fuel_2
CIRO_2314752,ciro_plotdata_LUT_Fuel_Depth,CIRO_ciro_plotdata_LUT_Fuel_Depth.csv,3,Fuel_Depth
CIRO_2314752,ciro_plotdata_LUT_Height,CIRO_ciro_plotdata_LUT_Height.csv,5,Ht_Code;Height
CIRO_2314752,ciro_plotdata_LUT_LF_Phen,CIRO_ciro_plotdata_LUT_LF_Phen.csv,6,LF_Phen
CIRO_2314752,ciro_plotdata_LUT_LF_Stata,CIRO_ciro_plotdata_LUT_LF_Stata.csv,10,Lifeform_Code;Life_Form
CIRO_2314752,ciro_plotdata_LUT_LF_Type,CIRO_ciro_plotdata_LUT_LF_Type.csv,6,LF_Type
CIRO_2314752,ciro_plotdata_LUT_Litter_Depth,CIRO_ciro_plotdata_LUT_Litter_Depth.csv,3,Lit_Depth
CIRO_2314752,ciro_plotdata_LUT_Non_Tidal,CIRO_ciro_plotdata_LUT_Non_Tidal.csv,6,Non_Tidal
CIRO_2314752,ciro_plotdata_LUT_PFM,CIRO_ciro_plotdata_LUT_PFM.csv,7,PFMCode;Description
CIRO_2314752,ciro_plotdata_LUT_Parent_Mt,CIRO_ciro_plotdata_LUT_Parent_Mt.csv,7,Parent_mat_code;Parent_mat_name
CIRO_2314752,ciro_plotdata_LUT_Park,CIRO_ciro_plotdata_LUT_Park.csv,1,Park_Name;Park
CIRO_2314752,ciro_plotdata_LUT_Phys_Cls,CIRO_ciro_plotdata_LUT_Phys_Cls.csv,8,Phys_Cls
CIRO_2314752,ciro_plotdata_LUT_Prov_Comm_Name,CIRO_ciro_plotdata_LUT_Prov_Comm_Name.csv,0,PCN;PCN_Code
CIRO_2314752,ciro_plotdata_LUT_Sh_Health,CIRO_ciro_plotdata_LUT_Sh_Health.csv,6,Shrub_hea
CIRO_2314752,ciro_plotdata_LUT_Soil_Drainage,CIRO_ciro_plotdata_LUT_Soil_Drainage.csv,3,Soil_drain
CIRO_2314752,ciro_plotdata_LUT_Soil_Texture,CIRO_ciro_plotdata_LUT_Soil_Texture.csv,10,Soil_Text
CIRO_2314752,ciro_plotdata_LUT_Species,CIRO_ciro_plotdata_LUT_Species.csv,537,Species_Name;Species_Code;TSN;Abundance
CIRO_2314752,ciro_plotdata_LUT_Sub_Unit,CIRO_ciro_plotdata_LUT_Sub_Unit.csv,2,Sub_Unit;Sub_Unit_Name
CIRO_2314752,ciro_plotdata_LUT_Topo,CIRO_ciro_plotdata_LUT_Topo.csv,9,Topo_Code;Topo_Description
CIRO_2314752,ciro_plotdata_LUT_Unveg,CIRO_ciro_plotdata_LUT_Unveg.csv,14,Sur_Type
CIRO_2314752,ciro_plotdata_Photos,CIRO_ciro_plotdata_Photos.csv,190,Park_Name;Plot;Photo_Num;Azimuth;Photo_Link;Photo_Location;Photo;Plot#
CIRO_2314752,ciro_plotdata_Photos_Query,CIRO_ciro_plotdata_Photos_Query.csv,190,Plot;Photo_Link;Photo_Location
CIRO_2314752,ciro_plotdata_Plot_Community,CIRO_ciro_plotdata_Plot_Community.csv,190,Park_Name;Plot;CN;ESN;PCN;Provisional.Alliance.Name;TVC;Plot#;Map_Code
CIRO_2314752,ciro_plotdata_Plot_GPS_Data,CIRO_ciro_plotdata_Plot_GPS_Data.csv,190,Park_Name;Plot;GPS;UTM_X;UTM_Y;Date_Time;Zone;Datum;Plot#
CIRO_2314752,ciro_plotdata_Plot_Info,CIRO_ciro_plotdata_Plot_Info.csv,190,Park_Name;Plot;Sub_Unit;State;County;Site_Name;OP;Surveryors;Date;P_Length;P_Width;Azm;Time_to_PL;Tvl_to_PL;Plot#
CIRO_2314752,ciro_plotdata_Q_Envir,CIRO_ciro_plotdata_Q_Envir.csv,190,Plot;Elevation;Slope;Aspect;Topo_Code;Topo_Description;Cowardin;Non_Tidal;Soil_Text;Soil_drain;Topo_comment;Parent_mat_code;Parent_mat_name
CIRO_2314752,ciro_plotdata_Q_Fuels,CIRO_ciro_plotdata_Q_Fuels.csv,190,Plot;Park_Name;OP;P_Length;P_Width;Expr1005;Description;Class_1;Class_2;Class_3;Class_4;PFM;Shrb_Health;Cheat_Grass;Fuel_>3;Fuel_<3;Duff_depth;Fuel_depth;Fire_comment
CIRO_2314752,ciro_plotdata_Q_Plot_Information,CIRO_ciro_plotdata_Q_Plot_Information.csv,190,Park_Name;Park;Sub_Unit;Sub_Unit_Name;State;County;County_Name;Plot;OP;Surveryors;Date;P_Length;P_Width;Azm;Time_to_PL;Tvl_to_PL;Map_Code;Provisional.Alliance.Name;ESN;ESC;Site_Name;GPS;UTM_X;UTM_Y;Zone;Datum;Plot_Comments;Photo_Link;Photo_Location;PCN;PCN_Code;CN
CIRO_2314752,ciro_plotdata_Q_Plot_Species,CIRO_ciro_plotdata_Q_Plot_Species.csv,4801,Park_Name;Plot;Plant_No;Com_Species;TSN;Lifeform_Code;Life_Form;Cvr_Class;Scale;Status;Collected
CIRO_2314752,ciro_plotdata_Q_SUFNV_Cross,CIRO_ciro_plotdata_Q_SUFNV_Cross.csv,190,"Park_Name;Plot;Total.Of.Cover;Bare.Soil;Bedrock;Cobbles.(7_5-25cm);Cryptogrammic.Crust;Gravel.(2_5mm-7_5mm);Grus.(Granite.Crys);Large.Rocks.(>25.cm);Litter,.Duff;Nonvascular;Sand.(0_1-_2.cm);Water;Wood.(>1.cm)"
CIRO_2314752,ciro_plotdata_Q_Snag_Tally,CIRO_ciro_plotdata_Q_Snag_Tally.csv,35,Plot;Juniper_strata;Class_1;Class_2;Class_3;Class_4;Class_5
CIRO_2314752,ciro_plotdata_Q_Veg_Desc,CIRO_ciro_plotdata_Q_Veg_Desc.csv,190,Park_Name;Plot;Provisional.Alliance.Name;ESN;TVC;LF_Phen;LF_Type;Phys_Cls;OP
CIRO_2314752,ciro_plotdata_Q_Veg_Strata,CIRO_ciro_plotdata_Q_Veg_Strata.csv,190,Park_Name;Plot;Forb_Dom_Sp;Forb_Sec_Sp;Forb_Height_Scale;Forb_Cover_Scale;Grass_Dom_Sp;Grass_Sec_Sp;Grass_Height_Scale;Grass_Cover_Scale;S1_Dom_Sp;S1_Sec_Sp;S1_Height_Scale;S1_Cover_Scale;S2_Dom_Sp;S2_Sec_Sp;S2_Height_Scale;S2_Cover_Scale;S3_Dom_Sp;S3_Sec_Sp;S3_Height_Scale;S3_Cover_Scale;T1_Dom_Sp;T1_Sec_Sp;T1_Height_Scale;T1_Cover_Scale;T2_Dom_Sp;T2_Sec_Sp;T2_Height_Scale;T2_Cover_Scale;T3_Dom_Sp;T3_Sec_Sp;T3_Height_Scale;T3_Cover_Scale
CIRO_2314752,ciro_plotdata_SUFNV_Cross,CIRO_ciro_plotdata_SUFNV_Cross.csv,190,Park_Name;Plot;Total_cover;Bare_Soil;Bedrock;Cobbles;Cryptogramic_crust;Gravel;Grus;Large_Rocks;Litter_Duff;Nonvascular;Sand;Water;Wood;Plot#
CIRO_2314752,ciro_plotdata_Snag_Tally,CIRO_ciro_plotdata_Snag_Tally.csv,68,Park_Name;Plot;Juniper_strata;Class_1;Class_2;Class_3;Class_4;Class_5;Plot_2
CIRO_2314752,ciro_plotdata_Species_List,CIRO_ciro_plotdata_Species_List.csv,4801,Park_Name;Plot;Plant_No;Lifeform_Code;Cvr_Class;Status;Com_Species;Other_Species;Collected;Plots
CIRO_2314752,ciro_plotdata_Surface_NV,CIRO_ciro_plotdata_Surface_NV.csv,1099,Park_Name;Plot;Sur_Type;Cover;Plot.Number
CIRO_2314752,ciro_plotdata_Surface_NV_Crosstab,CIRO_ciro_plotdata_Surface_NV_Crosstab.csv,190,"Park_Name;Plot;Bare.Soil;Bedrock;Cobbles.(7_5-25cm);Cryptogrammic.Crust;Gravel.(2_5mm-7_5mm);Grus.(Granite.Crys);Large.Rocks.(>25.cm);Litter,.Duff;Nonvascular;Sand.(0_1-_2.cm);Water;Wood.(>1.cm)"
CIRO_2314752,ciro_plotdata_Veg_Descr,CIRO_ciro_plotdata_Veg_Descr.csv,190,Park_Name;Plot;LF_Phen;LF_Type;Phys_Cls;Plot#
CIRO_2314752,ciro_plotdata_Veg_Strata,CIRO_ciro_plotdata_Veg_Strata.csv,1086,Park_Name;Plot;Strata;Height;Cover_Scale;Species_Name_Dom;Species_Name_Sec;Plots
CIRO_2314752,ciro_plotdata_Veg_Strata_Cross,CIRO_ciro_plotdata_Veg_Strata_Cross.csv,190,Park_Name;Plot;Forb_Dom_Sp;Forb_Sec_Sp;Forb_Height_Scale;Forb_Cover_Scale;Grass_Dom_Sp;Grass_Sec_Sp;Grass_Height_Scale;Grass_Cover_Scale;S1_Dom_Sp;S1_Sec_Sp;S1_Height_Scale;S1_Cover_Scale;S2_Dom_Sp;S2_Sec_Sp;S2_Height_Scale;S2_Cover_Scale;S3_Dom_Sp;S3_Sec_Sp;S3_Height_Scale;S3_Cover_Scale;T1_Dom_Sp;T1_Sec_Sp;T1_Height_Scale;T1_Cover_Scale;T2_Dom_Sp;T2_Sec_Sp;T2_Height_Scale;T2_Cover_Scale;T3_Dom_Sp;T3_Sec_Sp;T3_Height_Scale;T3_Cover_Scale;Plot#
CIRO_2314752,ciro_plotdata_Veg_Strata_CrossFilter1,CIRO_ciro_plotdata_Veg_Strata_CrossFilter1.csv,190,Park_Name;Plot;Forb_Dom_Sp;Forb_Sec_Sp;Forb_Height_Scale;Forb_Cover_Scale;Grass_Dom_Sp;Grass_Sec_Sp;Grass_Height_Scale;Grass_Cover_Scale;S1_Dom_Sp;S1_Sec_Sp;S1_Height_Scale;S1_Cover_Scale;S2_Dom_Sp;S2_Sec_Sp;S2_Height_Scale;S2_Cover_Scale;S3_Dom_Sp;S3_Sec_Sp;S3_Height_Scale;S3_Cover_Scale;T1_Dom_Sp;T1_Sec_Sp;T1_Height_Scale;T1_Cover_Scale;T2_Dom_Sp;T2_Sec_Sp;T2_Height_Scale;T2_Cover_Scale;T3_Dom_Sp;T3_Sec_Sp;T3_Height_Scale;T3_Cover_Scale;Plot#
CIRO_2314752,ciro_plotdata_dom_species,CIRO_ciro_plotdata_dom_species.csv,4801,Park_Name;Plot;Plant_No;Lifeform_Code;Cvr_Class;Status;Com_Species;Other_Species;Collected;Plots
CIRO_2314752,ciro_plotdata_vegstrata_shrub_sort,CIRO_ciro_plotdata_vegstrata_shrub_sort.csv,190,Park_Name;Plot;Forb_Dom_Sp;Forb_Sec_Sp;Forb_Height_Scale;Forb_Cover_Scale;Grass_Dom_Sp;Grass_Sec_Sp;Grass_Height_Scale;Grass_Cover_Scale;S1_Dom_Sp;S1_Sec_Sp;S1_Height_Scale;S1_Cover_Scale;S2_Dom_Sp;S2_Sec_Sp;S2_Height_Scale;S2_Cover_Scale;S3_Dom_Sp;S3_Sec_Sp;S3_Height_Scale;S3_Cover_Scale;T1_Dom_Sp;T1_Sec_Sp;T1_Height_Scale;T1_Cover_Scale;T2_Dom_Sp;T2_Sec_Sp;T2_Height_Scale;T2_Cover_Scale;T3_Dom_Sp;T3_Sec_Sp;T3_Height_Scale;T3_Cover_Scale;Plot#
COLM_2314510,AA_Import,COLM_AA_Import.csv,500,PLOT_CODE;USGS_NAME;ELEVATION
COLM_2314510,COLM_NVC_by_plot,COLM_COLM_NVC_by_plot.csv,288,PlotCode;ELCODE;FinalClassifiedCommunity
COLM_2314510,COLM_Plot_and_Associations_01_2006,COLM_COLM_Plot_and_Associations_01_2006.csv,288,ID;PlotCode;ELCODE;FinalClassifiedCommunity
COLM_2314510,COLM_assocs_with_upper_levels_01_2006,COLM_COLM_assocs_with_upper_levels_01_2006.csv,66,ID;Elcode;Association.Name;CLASS_CODE;CLASS_NAME;SUBCLASS_CODE;SUBCLASS_NAME;GROUP_CODE;GROUP_NAME;SUBGROUP_CODE;SUBGROUP_NAME;FORMATION_CODE;FORMATION_NAME;ALLIANCE_KEY_BCD;ALLIANCE_NAME
COLM_2314510,COLM_assocs_with_upper_levels_07_2005,COLM_COLM_assocs_with_upper_levels_07_2005.csv,66,Elcode;Association.Name;CLASS_CODE;CLASS_NAME;SUBCLASS_CODE;SUBCLASS_NAME;GROUP_CODE;GROUP_NAME;SUBGROUP_CODE;SUBGROUP_NAME;FORMATION_CODE;FORMATION_NAME;ALLIANCE_KEY_BCD;ALLIANCE_NAME
COLM_2314510,Plots_Obs_Import,COLM_Plots_Obs_Import.csv,525,PLOT_CODE;USGS_NAME;ELEVATION
COLM_2314510,qryselEnvironment,COLM_qryselEnvironment.csv,1,AACode;EnvironmentID;AAID;Slope;Aspect;TopoPosition;Elevation;ElevSource;EnvironmentalComments;BareSoil;Bedrock;Sand;Moss;Other;OtherPctDesc;Litter;Rocks;Lichen;Gravel;LiveVegLitter;LiveVegWood;Wood;LichenRocks;LichenGround;DarkCyanobacteria;Water;EnvDetailID;Landform
COLM_2314510,qryselOrphanAAVegAssociation,COLM_qryselOrphanAAVegAssociation.csv,0,VegAssocID;AAID;VegAssocCode;VegAssocRank
COLM_2314510,qryselOrphanAAVegDetail,COLM_qryselOrphanAAVegDetail.csv,0,VegDetailID;VegetationID;Stratum;TSN;Species;CoverClass;CoverPct
COLM_2314510,qryselOrphanFuelsDetails,COLM_qryselOrphanFuelsDetails.csv,0,FuelsDetailID;FuelsID;StemCount;StemDiameter;TSN;WoodlandCrownWidth;WoodlandCrownHeight;ForestCrownBaseHeight;ForestCrownHeight;CrownRatio;StructureStage;Comments
COLM_2314510,tblAADetails,COLM_tblAADetails.csv,500,AAID;AACode;SurveyDate;Surveyors;CameraUsed
COLM_2314510,tblAAEnvironment,COLM_tblAAEnvironment.csv,500,EnvironmentID;AAID;Slope;Aspect;TopoPosition;Elevation;ElevSource;EnvironmentalComments;BareSoil;Bedrock;Sand;Moss;Other;OtherPctDesc;Litter;Rocks;Lichen;Gravel;LiveVegLitter;LiveVegWood;Wood;LichenRocks;LichenGround;DarkCyanobacteria;Water
COLM_2314510,tblAAEnvironmentDetails,COLM_tblAAEnvironmentDetails.csv,562,EnvDetailID;EnvironmentID;Landform
COLM_2314510,tblAALocation,COLM_tblAALocation.csv,500,AACode;SiteName;State;County;ParkCode;GPSFileName;GPSUnit;UTMEasting;UTMNorthing;UTMZone;DiffCorrected;Datum;PDOP;UTM.Error;InPark;GPSComments
COLM_2314510,tblAAPhotos,COLM_tblAAPhotos.csv,1005,PhotoID;AAID;PhotoType;PhotoRoll;PhotoFrame;PhotoOther;Photographer;PhotoComments;NCPNImageFileID
COLM_2314510,tblAAVegAssociation,COLM_tblAAVegAssociation.csv,817,VegAssocID;AAID;VegAssocCode;VegAssocRank
COLM_2314510,tblAAVegetation,COLM_tblAAVegetation.csv,500,VegetationID;AAID;ProvCommunityName;Alliance;Associations;Phenology;LeafType;LeafTypeComments;Physiognom;EmergHt;EmergCovTot;EmergCovPercent;CanHt;CanCovTot;CanCovPercent;SubHt;SubCovTot;SubCovPercent;TallShHt;TallShCovTot;TallShCovPercent;ShrubHt;ShrubCovTot;ShrubCovPercent;DwarfHt;DwarfCovTot;DwarfCovPercent;HerbHt;HerbCovTot;HerbCovPercent;NonvasHt;NonvasCovTot;NonvasCovPercent;VineHt;VineTotCov;VineTotPercent;EpiHt;EpiTotCov;EpiTotPercent;GramHt;GramCovTot;GramCovPercent;ForbHt;ForbCovTot;ForbCovPercent;FernHt;FernCovTot;FernCovPercent;SeedlHt;SeedlCovTot;SeedCovPercent;OutsidePlotHt;OutsidePlotTotCov;OutsidePlotTotPercent;PlantSpeciesComments;ClassificationComments
COLM_2314510,tblAAVegetationDetails,COLM_tblAAVegetationDetails.csv,5307,VegDetailID;VegetationID;Stratum;TSN;Species;CoverClass;CoverPct
COLM_2314510,tblDataMgmtLog,COLM_tblDataMgmtLog.csv,7,ActionDate;ActionMonth;ActionYear;Action;Who
COLM_2314510,tblEnvironment,COLM_tblEnvironment.csv,525,EnvironmentID;PlotID;Elevation;Slope;Aspect;TopoPosition;Landform;Geology;CowardinSystem;Hydrology;EnvironmentalComments;BareSoil;Bedrock;Sand;Moss;Other;Litter;Rocks;Lichen;Wood;Gravel;Water;Cryptogam;SoilTexture;SoilDrainage;AnimalUseComments;DisturbanceComments;OtherComments;LandscapeComments;SoilTaxonDesc;LiveVegLitter;LiveVegWood;LichenRocks;LichenGround;MossPct;DarkCyanobacteria;TotalPct
COLM_2314510,tblEnvironmentDetails,COLM_tblEnvironmentDetails.csv,529,EnvDetailID;EnvironmentID;Landform
COLM_2314510,tblFuels,COLM_tblFuels.csv,217,FuelsID;PlotID;PPDFPhotoGuide;PJPhotoGuide;SBPhotoGuide;PJAgeClass;LitterOrigin;LitterNorth;LitterEast;LitterSouth;LitterWest;DuffOrigin;DuffNorth;DuffEast;DuffSouth;DuffWest;IsSubplot
COLM_2314510,tblFuelsDetails,COLM_tblFuelsDetails.csv,1614,FuelsDetailID;FuelsID;StemCount;StemDiameter;TSN;WoodlandCrownWidth;WoodlandCrownHeight;ForestCrownBaseHeight;ForestCrownHeight;CrownRatio;StructureStage;Comments
COLM_2314510,tblNCPNPlants,COLM_tblNCPNPlants.csv,3719,TSN;FamilyName;LatinName;Authority;Synonym;CommonName;Exotic;Sensitive;GrowthHabit;PLANTSCode;FullName
COLM_2314510,tblPhotos,COLM_tblPhotos.csv,1203,PhotoID;PlotID;PhotoType;PhotoRoll;PhotoFrame;PhotoOther;Photographer;PhotoComments;NCPNImageFileID
COLM_2314510,tblPlotDetails,COLM_tblPlotDetails.csv,525,PlotID;PlotCode;SurveyDate;Surveyors;PlotLength;PlotAzimuth;PlotWidth;PlotDiam;PlotHasPhotos;PlotRepresentation;PlotShape
COLM_2314510,tblPlotLocation,COLM_tblPlotLocation.csv,525,PlotCode;BPUCode;State;ParkCode;SiteName;USGSQuad;AerialPhotoNo;Waypoint;UTMEasting;UTMNorthing;Datum;UTMZone;UTM.Error;DiffCorrected;DirectionsToPlot;County;GPSUnit;GPSComments;InPark;IsObservationPt
COLM_2314510,tblVegetation,COLM_tblVegetation.csv,525,VegetationID;PlotID;ProvCommunityName;FinalNVCName;CEGLCode;Alliance;Associations;Phenology;LeafType;LeafTypeComments;Physiognom;EmergHt;EmergCovTot;CanHt;CanCovTot;SubHt;SubCovTot;TallShHt;TallShCovTot;ShrubHt;ShrubCovTot;DwarfHt;DwarfCovTot;HerbHt;HerbCovTot;GramHt;GramCovTot;ForbHt;ForbCovTot;FernHt;FernCovTot;SeedlHt;SeedlCovTot;NonvasHt;NonvasCovTot;VineHt;VineTotCov;EpiHt;EpiTotCov
COLM_2314510,tblVegetationDetails,COLM_tblVegetationDetails.csv,7285,VegDetailID;VegetationID;Stratum;TSN;Species;CoverClass;SpecimenCollected;SpecimenNumber;Diagnostic;CollectedBy;NPSAccessionNumber;NPSCatalogNumber;SpecimenLocality;SpecimenHabitat;SpecimenAssocSpecies
COLM_2314510,tbl_Final_Classification,COLM_tbl_Final_Classification.csv,288,ID;PlotCode;Final.NVC.Name;CEGLCode
COLM_2314510,tbl_Orphan_AAVegAssociation,COLM_tbl_Orphan_AAVegAssociation.csv,147,VegAssocID;AAID;VegAssocCode;VegAssocRank
COLM_2314510,tbl_Orphan_AAVegetationDetails,COLM_tbl_Orphan_AAVegetationDetails.csv,12,VegDetailID;VegetationID;Stratum;TSN;Species;CoverClass;CoverPct
COLM_2314510,tbl_Orphan_FuelsDetails,COLM_tbl_Orphan_FuelsDetails.csv,4,FuelsDetailID;FuelsID;StemCount;StemDiameter;TSN;WoodlandCrownWidth;WoodlandCrownHeight;ForestCrownBaseHeight;ForestCrownHeight;CrownRatio;StructureStage;Comments
COLM_2314510,tlkpAAVegAssocRanks,COLM_tlkpAAVegAssocRanks.csv,3,VegAssocRank
COLM_2314510,tlkpAAVegAssociation,COLM_tlkpAAVegAssociation.csv,93,VegAssocCode;VegAssocName
COLM_2314510,tlkpAlliances,COLM_tlkpAlliances.csv,102,Alliance
COLM_2314510,tlkpAssociations,COLM_tlkpAssociations.csv,273,Associations
COLM_2314510,tlkpCamera,COLM_tlkpCamera.csv,2,CameraType;CameraComments
COLM_2314510,tlkpCover,COLM_tlkpCover.csv,12,CoverClass
COLM_2314510,tlkpCowardin,COLM_tlkpCowardin.csv,4,CowardinSystem
COLM_2314510,tlkpElevSource,COLM_tlkpElevSource.csv,2,ElevSource
COLM_2314510,tlkpGeology,COLM_tlkpGeology.csv,37,Geology
COLM_2314510,tlkpHeightClass,COLM_tlkpHeightClass.csv,10,HeightClass
COLM_2314510,tlkpHydrology,COLM_tlkpHydrology.csv,7,Hydrology
COLM_2314510,tlkpLandform,COLM_tlkpLandform.csv,72,Landform
COLM_2314510,tlkpLeafPhen,COLM_tlkpLeafPhen.csv,5,Phenology
COLM_2314510,tlkpLeafType,COLM_tlkpLeafType.csv,8,LeafType
COLM_2314510,tlkpPJAge,COLM_tlkpPJAge.csv,5,PJAgeClass
COLM_2314510,tlkpParks,COLM_tlkpParks.csv,16,ParkCode;ParkName
COLM_2314510,tlkpPhotoTypes,COLM_tlkpPhotoTypes.csv,4,PhotoType
COLM_2314510,tlkpPhysiogClass,COLM_tlkpPhysiogClass.csv,8,Physiognom
COLM_2314510,tlkpPlotShapes,COLM_tlkpPlotShapes.csv,7,PlotShape
COLM_2314510,tlkpSoilDrainage,COLM_tlkpSoilDrainage.csv,6,SoilDrainage
COLM_2314510,tlkpSoilTexture,COLM_tlkpSoilTexture.csv,12,SoilTexture
COLM_2314510,tlkpStates,COLM_tlkpStates.csv,51,StateCode;StateName
COLM_2314510,tlkpStrata,COLM_tlkpStrata.csv,14,Stratum
COLM_2314510,tlkpStructureStages,COLM_tlkpStructureStages.csv,4,StructureStage
COLM_2314510,tlkpSurveyors,COLM_tlkpSurveyors.csv,10,SurveyorName
COLM_2314510,tlkpTopography,COLM_tlkpTopography.csv,12,TopoPosition
COLM_2314510,tlkpUSGS_Quad,COLM_tlkpUSGS_Quad.csv,8,USGSQuad;USGSQuadCode
COLM_2314510,tlkpUTMZone,COLM_tlkpUTMZone.csv,2,UTMZone
COLM_2314510,zFieldWidths,COLM_zFieldWidths.csv,19,FieldWidth;FieldWidthDescription
COLM_2314510,zLookupFields,COLM_zLookupFields.csv,28,TableName;SortOrder;FieldName;FieldLabel;FieldWidth;ControlType;RowSource;ColumnCount;ColumnWidths
COLM_2314510,zLookupTables,COLM_zLookupTables.csv,24,TableName;ListName;Description
COLO_2314511,sp_cov,COLO_sp_cov.csv,1925,Plot_Code;Plot_Event;PLANTS_Symbol;Sci_Name;ComName;Family;ITIS_TSN;Stratum;Spp_Code;Cover_Code;Real_Cover;Within_Plot
COLO_2314511,tAA,COLO_tAA.csv,183,AA_Code;Project_Name;Slope_Cat;Slope_Degrees;Aspect_Cat;Aspect_Degrees;Elevation;Elev_Units
COLO_2314511,tAAEventSpecies,COLO_tAAEventSpecies.csv,2070,AA_Event;Stratum;Spp_Code;Cover_Code;Real_Cover;Within_Plot;Spp_Update;Spp_User
COLO_2314511,tAAEvents,COLO_tAAEvents.csv,183,AA_Event;AA_Code;Event_Date;Surveyors;Field_X;Field_Y;GPS_Error;Satellites;UTM_Zone;AA_plotsize;AA_plotshape;Primary_Code;Secondary_Code;Classified_Code;AA_Photos;General_Comments;AA_Update;AA_User
COLO_2314511,tConnect,COLO_tConnect.csv,1,Connect_db
COLO_2314511,tGlobal,COLO_tGlobal.csv,3,User_Count;User_Name;User_Email;Last_Modified
COLO_2314511,tPhotos,COLO_tPhotos.csv,0,Photo_ID;Plot_Code;Photo_Date;Photo_Type;Photo_Bearing;Photo_Descript;Photographer;Camera_or_Roll;File_Name
COLO_2314511,tPlotEventSpecies,COLO_tPlotEventSpecies.csv,1925,Plot_Event;Stratum;Spp_Code;Cover_Code;Real_Cover;Within_Plot;Spp_Update;Spp_User
COLO_2314511,tPlotEvents,COLO_tPlotEvents.csv,48,Plot_Event;Plot_Code;Event_Date;Surveyors;Field_X;Field_Y;GPS_Error;Satellites;UTM_Zone;Plot_Shape;Plot_Radius;Plot_Width;Plot_Length;Observation_pt;Provisional_Community;NVC_Elcode;Representativeness;Stand_Size;Environmental_Comments;Plot_Photos;Bedrock;Large_Rocks;Small_Rocks;Sand;Litter;Wood;Water;Bare;Other;Other_describe;Leaf_Type;Leaf_Phenology;Physio_Class;T1_Hgt;T2_Hgt;T3_Hgt;S1_Hgt;S2_Hgt;S3_Hgt;H_Hgt;N_Hgt;V_Hgt;A1_Hgt;A2_Hgt;E_Hgt;T1_Cover;T2_Cover;T3_Cover;S1_Cover;S2_Cover;S3_Cover;H_Cover;N_Cover;V_Cover;A1_Cover;A2_Cover;E_Cover;All_Cover;General_Comments;Plot_Update;Plot_User
COLO_2314511,tPlots,COLO_tPlots.csv,48,Plot_Code;Project_Name;Plot_Directions;State;Land_Owner;Elevation;Elev_Units;Slope_Cat;Slope_Degrees;Aspect_Cat;Aspect_Degrees;Topo_Position;Landform;Surficial_Geology;Cowardin_System;Hydro_Regime;Hydrology_Evidence;Landscape_Comments;Soil_Texture;Soil_Drainage;Sensitive_Data;Public_X;Public_Y;Dist_XY;Public_Elev;Dist_Elev
COLO_2314511,tProjectMetadata,COLO_tProjectMetadata.csv,1,Project_Name;Park_Code;Project_Contact;Coordinate_System;Datum;Coordinate_Method;GPS_Filename;GPS_Unit;Sampling_Method;Calculation_Method;Taxon_Reference_Source;Project_Comments;T1_DefHgt;T2_DefHgt;T3_DefHgt;S1_DefHgt;S2_DefHgt;S3_DefHgt;H_DefHgt;N_DefHgt;V_DefHgt;A1_DefHgt;A2_DefHgt;E_DefHgt;Date_Created
COLO_2314511,tSpecies,COLO_tSpecies.csv,403,Spp_Code;Field_Name;Taxon_Reference;PLANTS_Symbol
COLO_2314511,xConcept_Reference_lu,COLO_xConcept_Reference_lu.csv,102,Taxon_Reference_Source
COLO_2314511,xCoverClass_lu,COLO_xCoverClass_lu.csv,9,Cover_Class;Range;MidPoint
COLO_2314511,xHeight_Class_lu,COLO_xHeight_Class_lu.csv,7,Height_Class;Sort_Order;Max_Val
COLO_2314511,xHydro_Regime_lu,COLO_xHydro_Regime_lu.csv,15,Hydro_Regime;Hydro_Definitions
COLO_2314511,xLandform_lu,COLO_xLandform_lu.csv,204,Landform;Lndfrm_Definition;Include_Rec
COLO_2314511,xLeaf_Phenology_lu,COLO_xLeaf_Phenology_lu.csv,7,Leaf_Phenology;SortOrder
COLO_2314511,xLeaf_Type_lu,COLO_xLeaf_Type_lu.csv,9,Leaf_Type;SortOrder
COLO_2314511,xMapUnit_lu,COLO_xMapUnit_lu.csv,40,MapUnit_Code;MapUnit
COLO_2314511,xParks_lu,COLO_xParks_lu.csv,278,Park_Code;Park_Name;State;Include_Rec
COLO_2314511,xPhysio_Class_lu,COLO_xPhysio_Class_lu.csv,8,Physio_Class;Physio_Definition;SortOrder
COLO_2314511,xSoil_Drainage_lu,COLO_xSoil_Drainage_lu.csv,6,Soil_Drainage;SortOrder
COLO_2314511,xSoil_Texture_lu,COLO_xSoil_Texture_lu.csv,13,Soil_Texture
COLO_2314511,xState_lu,COLO_xState_lu.csv,59,State_Code;State_Name;Include_Rec
COLO_2314511,xStratum_lu,COLO_xStratum_lu.csv,13,Stratum;Descript;SortOrder
COLO_2314511,xSurficial_Geology_lu,COLO_xSurficial_Geology_lu.csv,40,Surficial_Geology;Category;Include_Rec
COLO_2314511,xTopo_Position_lu,COLO_xTopo_Position_lu.csv,12,Topo_Position;SortOrder;Include_Rec
COLO_2314511,xVegAssociation_lu,COLO_xVegAssociation_lu.csv,20,NVC_Elcode;NVC_Association;Canada;East;Midwest;Southeast;West;Include_Rec
CONG_2314512,sp_cov,CONG_sp_cov.csv,6271,Plot_Code;Plot_Event;PLANTS_Symbol;Sci_Name;ComName;Family;ITIS_TSN;Stratum;Spp_Code;Cover_Code;Real_Cover;Within_Plot
CONG_2314512,tAA,CONG_tAA.csv,596,AA_Code;Project_Name;Slope_Cat;Slope_Degrees;Aspect_Cat;Aspect_Degrees;Elevation;Elev_Units;Topo_Position
CONG_2314512,tAAEvents,CONG_tAAEvents.csv,596,AA_Event;AA_Code;Event_Date;Surveyors;Field_X;Field_Y;GPS_Error;Satellites;UTM_Zone;AA_plotsize;AA_plotshape;Primary_Code;Secondary_Code;Classified_Code;Veg_Assoc2;Veg_Assoc3;PI_Code;PI_Description;AA_Photos;Canopy_Strata;Understory_Strata;Shrub_Strata;Percent_Canopy_Closure;Environmental_Comments;General_Comments;AA_Update;AA_User
CONG_2314512,tConnect,CONG_tConnect.csv,1,Connect_db
CONG_2314512,tGlobal,CONG_tGlobal.csv,5,User_Count;User_Name;User_Email;Last_Modified
CONG_2314512,tPhotos,CONG_tPhotos.csv,0,Photo_ID;Plot_Code;Photo_Date;Photo_Type;Photo_Bearing;Photo_Descript;Photographer;Camera_or_Roll;File_Name
CONG_2314512,tPlotEventSpecies,CONG_tPlotEventSpecies.csv,6271,Plot_Event;Stratum;Spp_Code;Cover_Code;Real_Cover;Within_Plot;Spp_Update;Spp_User
CONG_2314512,tPlotEvents,CONG_tPlotEvents.csv,126,Plot_Event;Plot_Code;Event_Date;Surveyors;Field_X;Field_Y;GPS_Error;Satellites;UTM_Zone;Plot_Shape;Plot_Radius;Plot_Width;Plot_Length;Observation_pt;Provisional_Community;NVC_Elcode;Representativeness;Stand_Size;Environmental_Comments;Plot_Photos;Bedrock;Large_Rocks;Small_Rocks;Sand;Litter;Wood;Water;Bare;Other;Other_describe;Leaf_Type;Leaf_Phenology;Physio_Class;T1_Hgt;T2_Hgt;T3_Hgt;S1_Hgt;S2_Hgt;S3_Hgt;H_Hgt;N_Hgt;V_Hgt;A1_Hgt;A2_Hgt;E_Hgt;T1_Cover;T2_Cover;T3_Cover;S1_Cover;S2_Cover;S3_Cover;H_Cover;N_Cover;V_Cover;A1_Cover;A2_Cover;E_Cover;All_Cover;General_Comments;Plot_Update;Plot_User
CONG_2314512,tPlots,CONG_tPlots.csv,126,Plot_Code;Project_Name;Plot_Directions;State;Land_Owner;Elevation;Elev_Units;Slope_Cat;Slope_Degrees;Aspect_Cat;Aspect_Degrees;Topo_Position;Landform;Surficial_Geology;Cowardin_System;Hydro_Regime;Hydrology_Evidence;Landscape_Comments;Soil_Texture;Soil_Drainage;Sensitive_Data;Public_X;Public_Y;Dist_XY;Public_Elev;Dist_Elev
CONG_2314512,tProjectMetadata,CONG_tProjectMetadata.csv,1,Project_Name;Park_Code;Project_Contact;Coordinate_System;Datum;Coordinate_Method;GPS_Filename;GPS_Unit;Sampling_Method;Calculation_Method;Taxon_Reference_Source;Project_Comments;T1_DefHgt;T2_DefHgt;T3_DefHgt;S1_DefHgt;S2_DefHgt;S3_DefHgt;H_DefHgt;N_DefHgt;V_DefHgt;A1_DefHgt;A2_DefHgt;E_DefHgt;Date_Created
CONG_2314512,tSpecies,CONG_tSpecies.csv,372,Spp_Code;Field_Name;Taxon_Reference;PLANTS_Symbol
CONG_2314512,xConcept_Reference_lu,CONG_xConcept_Reference_lu.csv,102,Taxon_Reference_Source
CONG_2314512,xCoverClass_lu,CONG_xCoverClass_lu.csv,11,Cover_Class;Range;MidPoint
CONG_2314512,xHeight_Class_lu,CONG_xHeight_Class_lu.csv,10,Height_Class;Sort_Order;Max_Val
CONG_2314512,xHydro_Regime_lu,CONG_xHydro_Regime_lu.csv,16,Hydro_Regime;Hydro_Definitions
CONG_2314512,xLandform_lu,CONG_xLandform_lu.csv,220,Landform;Lndfrm_Definition;Include_Rec
CONG_2314512,xLeaf_Phenology_lu,CONG_xLeaf_Phenology_lu.csv,10,Leaf_Phenology;SortOrder
CONG_2314512,xLeaf_Type_lu,CONG_xLeaf_Type_lu.csv,9,Leaf_Type;SortOrder
CONG_2314512,xMapUnit_lu,CONG_xMapUnit_lu.csv,30,MapUnit_Code;MapUnit
CONG_2314512,xParks_lu,CONG_xParks_lu.csv,278,Park_Code;Park_Name;State;Include_Rec
CONG_2314512,xPhysio_Class_lu,CONG_xPhysio_Class_lu.csv,9,Physio_Class;Physio_Definition;SortOrder
CONG_2314512,xSoil_Drainage_lu,CONG_xSoil_Drainage_lu.csv,6,Soil_Drainage;SortOrder
CONG_2314512,xSoil_Texture_lu,CONG_xSoil_Texture_lu.csv,18,Soil_Texture
CONG_2314512,xState_lu,CONG_xState_lu.csv,59,State_Code;State_Name;Include_Rec
CONG_2314512,xStratum_lu,CONG_xStratum_lu.csv,14,Stratum;Descript;SortOrder
CONG_2314512,xSurficial_Geology_lu,CONG_xSurficial_Geology_lu.csv,38,Surficial_Geology;Category;Include_Rec
CONG_2314512,xTopo_Position_lu,CONG_xTopo_Position_lu.csv,95,Topo_Position;SortOrder;Include_Rec
CONG_2314512,xVegAssociation_lu,CONG_xVegAssociation_lu.csv,24,NVC_Elcode;NVC_Association;Canada;East;Midwest;Southeast;West;Include_Rec
CORO_2314513,QA_01_spcov,CORO_QA_01_spcov.csv,4544,Project_Name;AA_Plot;Plot_Code;Plot_Event;Spp_Code;Plants_Symbol;Field_Name;ComName;Family;Stratum;Cover_Code;Real_Cover;Within_Plot;ITIS_TSN;Used_PLANTS;Spp_Update;Spp_User
CORO_2314513,QA_02_plots,CORO_QA_02_plots.csv,468,Project_Name;AA_Plot;Plot_Code;Plot_Event;Event_Date;Surveyors;Field_X;Field_Y;GPS_Error;Satellites;UTM_Zone;Plot_Shape;Plot_Radius;Plot_Width;Plot_Length;Observation_pt;State;Land_Owner;Plot_Directions;Elevation;Elev_Units;Slope_Cat;Slope_Degrees;Aspect_Cat;Aspect_Degrees;Topo_Position;Landform;Surficial_Geology;Cowardin_System;Hydro_Regime;Hydrology_Evidence;Landscape_Comments;Soil_Texture;Soil_Drainage;Provisional_Community;NVC_Elcode;NVC_Association;MapUnit;Representativeness;Stand_Size;Environmental_Comments;Plot_Photos;Bedrock;Large_Rocks;Small_Rocks;Sand;Litter;Wood;Standing_Dead;Water;Bare;Other;Other_describe;Leaf_Type;Leaf_Phenology;Physio_Class;T1_Hgt;T2_Hgt;T3_Hgt;S1_Hgt;S2_Hgt;S3_Hgt;H_Hgt;N_Hgt;V_Hgt;A1_Hgt;A2_Hgt;E_Hgt;T1_Cover;T2_Cover;T3_Cover;S1_Cover;S2_Cover;S3_Cover;H_Cover;N_Cover;V_Cover;A1_Cover;A2_Cover;E_Cover;All_Cover;Primary_Code;Primary_Name;Secondary_Code;Secondary_Name;Classified_Code;Classified_Name;General_Comments;Plot_Update;Plot_User
CORO_2314513,QA_03_duplicates_in_01,CORO_QA_03_duplicates_in_01.csv,0,Plot_Code;Spp_Code;Stratum;AA_Plot;Plot_Event;Field_Name;ComName;Cover_Code;Real_Cover;Within_Plot;Spp_Update;Spp_User
CORO_2314513,QA_04_duplicates_in_02,CORO_QA_04_duplicates_in_02.csv,0,Plot_Code;Project_Name;AA_Plot;Plot_Event;Event_Date;Surveyors;Field_X;Field_Y
CORO_2314513,QA_05_Plots_without_Species,CORO_QA_05_Plots_without_Species.csv,1,AA_Plot;Plot_Code;Plot_Event
CORO_2314513,QA_06_Spp_without_Plots,CORO_QA_06_Spp_without_Plots.csv,0,Plot_Event;Stratum;Spp_Code;Cover_Code;Real_Cover;Within_Plot;Spp_Update;Spp_User
CORO_2314513,tConnect,CORO_tConnect.csv,1,Connect_db
CORO_2314513,tGlobal,CORO_tGlobal.csv,24,User_Count;User_Name;User_Email;Last_Modified
CORO_2314513,tPhotos,CORO_tPhotos.csv,101,Photo_ID;Plot_Code;Photo_Date;Photo_Type;Photo_Bearing;Photo_Descript;Photographer;Camera_or_Roll;File_Name
CORO_2314513,tPlotEventSpecies,CORO_tPlotEventSpecies.csv,4543,Plot_Event;Stratum;Spp_Code;Cover_Code;Real_Cover;Within_Plot;Spp_Update;Spp_User
CORO_2314513,tPlotEvents,CORO_tPlotEvents.csv,468,Plot_Event;Plot_Code;Event_Date;Surveyors;Field_X;Field_Y;GPS_Error;Satellites;UTM_Zone;Plot_Shape;Plot_Radius;Plot_Width;Plot_Length;Observation_pt;Provisional_Community;NVC_Elcode;Representativeness;Stand_Size;Environmental_Comments;Plot_Photos;Bedrock;Large_Rocks;Small_Rocks;Sand;Litter;Wood;Standing_Dead;Water;Bare;Other;Other_describe;Leaf_Type;Leaf_Phenology;Physio_Class;T1_Hgt;T2_Hgt;T3_Hgt;S1_Hgt;S2_Hgt;S3_Hgt;H_Hgt;N_Hgt;V_Hgt;A1_Hgt;A2_Hgt;E_Hgt;T1_Cover;T2_Cover;T3_Cover;S1_Cover;S2_Cover;S3_Cover;H_Cover;N_Cover;V_Cover;A1_Cover;A2_Cover;E_Cover;All_Cover;Primary_Code;Secondary_Code;Classified_Code;General_Comments;Plot_Update;Plot_User
CORO_2314513,tPlots,CORO_tPlots.csv,468,Plot_Code;Project_Name;Plot_Directions;State;Land_Owner;Elevation;Elev_Units;Slope_Cat;Slope_Degrees;Aspect_Cat;Aspect_Degrees;Topo_Position;Landform;Surficial_Geology;Cowardin_System;Hydro_Regime;Hydrology_Evidence;Landscape_Comments;Soil_Texture;Soil_Drainage;AA_Plot
CORO_2314513,tProcessSteps,CORO_tProcessSteps.csv,1,Project_Name;Process_Step;Process_Date;Process_Person;Process_Notes
CORO_2314513,tProjectMetadata,CORO_tProjectMetadata.csv,1,Project_Name;Park_Code;Project_Contact;Coordinate_System;Datum;Coordinate_Method;GPS_Filename;GPS_Unit;Sampling_Method;Calculation_Method;PseudoSpecies;Taxon_Reference_Source;Project_Comments;T1_DefHgt;T2_DefHgt;T3_DefHgt;S1_DefHgt;S2_DefHgt;S3_DefHgt;H_DefHgt;N_DefHgt;V_DefHgt;A1_DefHgt;A2_DefHgt;E_DefHgt;Date_Created;dbVersion
CORO_2314513,tSpecies,CORO_tSpecies.csv,246,Spp_Code;Field_Name;Sensitive_Spp;Taxon_Reference;PLANTS_Symbol
CORO_2314513,xConcept_Reference_lu,CORO_xConcept_Reference_lu.csv,102,Taxon_Reference_Source
CORO_2314513,xCoverClass_lu,CORO_xCoverClass_lu.csv,10,Cover_Class;Range;MidPoint
CORO_2314513,xHeight_Class_lu,CORO_xHeight_Class_lu.csv,9,Height_Class;Sort_Order;Max_Val
CORO_2314513,xHydro_Regime_lu,CORO_xHydro_Regime_lu.csv,14,Hydro_Regime;Hydro_Definitions
CORO_2314513,xLandform_lu,CORO_xLandform_lu.csv,204,Landform;Lndfrm_Definition;Include_Rec
CORO_2314513,xLeaf_Phenology_lu,CORO_xLeaf_Phenology_lu.csv,7,Leaf_Phenology;SortOrder
CORO_2314513,xLeaf_Type_lu,CORO_xLeaf_Type_lu.csv,8,Leaf_Type;SortOrder
CORO_2314513,xMapUnit_lu,CORO_xMapUnit_lu.csv,0,MapUnit_Code;MapUnit
CORO_2314513,xParks_lu,CORO_xParks_lu.csv,278,Park_Code;Park_Name;State;Include_Rec
CORO_2314513,xPhysio_Class_lu,CORO_xPhysio_Class_lu.csv,8,Physio_Class;Physio_Definition;SortOrder
CORO_2314513,xSoil_Drainage_lu,CORO_xSoil_Drainage_lu.csv,6,Soil_Drainage;SortOrder
CORO_2314513,xSoil_Texture_lu,CORO_xSoil_Texture_lu.csv,13,Soil_Texture
CORO_2314513,xState_lu,CORO_xState_lu.csv,59,State_Code;State_Name;Include_Rec
CORO_2314513,xStratum_lu,CORO_xStratum_lu.csv,13,Stratum;Descript;SortOrder
CORO_2314513,xSurficial_Geology_lu,CORO_xSurficial_Geology_lu.csv,33,Surficial_Geology;Category;Include_Rec
CORO_2314513,xTopo_Position_lu,CORO_xTopo_Position_lu.csv,12,Topo_Position;SortOrder;Include_Rec
CORO_2314513,xVegAssociation_lu,CORO_xVegAssociation_lu.csv,5884,NVC_Elcode;NVC_Association;Canada;East;Midwest;Southeast;West;Include_Rec
COWP_2314514,sp_cov,COWP_sp_cov.csv,1033,Plot_Event;PLANTS_Symbol;Field_Name;ComName;Family;ITIS_TSN;Stratum;Spp_Code;Within_Plot;Cover_Code;Real_Cover
COWP_2314514,sp_cov2,COWP_sp_cov2.csv,1034,Plot_Event;PLANTS_Symbol;Field_Name;Stratum;Spp_Code;Within_Plot;Cover_Code;Real_Cover
COWP_2314514,tAA,COWP_tAA.csv,151,AA_Code;Project_Name;Slope_Cat;Slope_Degrees;Aspect_Cat;Aspect_Degrees;Elevation;Elev_Units
COWP_2314514,tAAEvents,COWP_tAAEvents.csv,151,AA_Event;AA_Code;Event_Date;Surveyors;Field_X;Field_Y;GPS_Error;Satellites;UTM_Zone;AA_plotsize;AA_plotshape;Primary_Code;Secondary_Code;Classified_Code;AA_Photos;General_Comments;AA_Update;AA_User
COWP_2314514,tConnect,COWP_tConnect.csv,1,Connect_db
COWP_2314514,tGlobal,COWP_tGlobal.csv,7,User_Count;User_Name;User_Email;Last_Modified
COWP_2314514,tPhotos,COWP_tPhotos.csv,0,Photo_ID;Plot_Code;Photo_Date;Photo_Type;Photo_Bearing;Photo_Descript;Photographer;Camera_or_Roll;File_Name
COWP_2314514,tPlotEventSpecies,COWP_tPlotEventSpecies.csv,1034,Plot_Event;Stratum;Spp_Code;Cover_Code;Real_Cover;Within_Plot;Spp_Update;Spp_User
COWP_2314514,tPlotEvents,COWP_tPlotEvents.csv,23,Plot_Event;Plot_Code;Event_Date;Surveyors;Field_X;Field_Y;GPS_Error;Satellites;UTM_Zone;Plot_Shape;Plot_Radius;Plot_Width;Plot_Length;Observation_pt;Provisional_Community;NVC_Elcode;Representativeness;Stand_Size;Environmental_Comments;Plot_Photos;Bedrock;Large_Rocks;Small_Rocks;Sand;Litter;Wood;Water;Bare;Other;Other_describe;Leaf_Type;Leaf_Phenology;Physio_Class;T1_Hgt;T2_Hgt;T3_Hgt;S1_Hgt;S2_Hgt;S3_Hgt;H_Hgt;N_Hgt;V_Hgt;A1_Hgt;A2_Hgt;E_Hgt;T1_Cover;T2_Cover;T3_Cover;S1_Cover;S2_Cover;S3_Cover;H_Cover;N_Cover;V_Cover;A1_Cover;A2_Cover;E_Cover;All_Cover;General_Comments;Plot_Update;Plot_User
COWP_2314514,tPlots,COWP_tPlots.csv,23,Plot_Code;Project_Name;Plot_Directions;State;Land_Owner;Elevation;Elev_Units;Slope_Cat;Slope_Degrees;Aspect_Cat;Aspect_Degrees;Topo_Position;Landform;Surficial_Geology;Cowardin_System;Hydro_Regime;Hydrology_Evidence;Landscape_Comments;Soil_Texture;Soil_Drainage;Sensitive_Data;Public_X;Public_Y;Dist_XY;Public_Elev;Dist_Elev
COWP_2314514,tProjectMetadata,COWP_tProjectMetadata.csv,1,Project_Name;Park_Code;Project_Contact;Coordinate_System;Datum;Coordinate_Method;GPS_Filename;GPS_Unit;Sampling_Method;Calculation_Method;Taxon_Reference_Source;Project_Comments;T1_DefHgt;T2_DefHgt;T3_DefHgt;S1_DefHgt;S2_DefHgt;S3_DefHgt;H_DefHgt;N_DefHgt;V_DefHgt;A1_DefHgt;A2_DefHgt;E_DefHgt;Date_Created
COWP_2314514,tSpecies,COWP_tSpecies.csv,256,Spp_Code;Field_Name;Taxon_Reference;PLANTS_Symbol
COWP_2314514,xConcept_Reference_lu,COWP_xConcept_Reference_lu.csv,102,Taxon_Reference_Source
COWP_2314514,xCoverClass_lu,COWP_xCoverClass_lu.csv,10,Cover_Class;Range;MidPoint
COWP_2314514,xHeight_Class_lu,COWP_xHeight_Class_lu.csv,9,Height_Class;Sort_Order;Max_Val
COWP_2314514,xHydro_Regime_lu,COWP_xHydro_Regime_lu.csv,14,Hydro_Regime;Hydro_Definitions
COWP_2314514,xLandform_lu,COWP_xLandform_lu.csv,204,Landform;Lndfrm_Definition;Include_Rec
COWP_2314514,xLeaf_Phenology_lu,COWP_xLeaf_Phenology_lu.csv,7,Leaf_Phenology;SortOrder
COWP_2314514,xLeaf_Type_lu,COWP_xLeaf_Type_lu.csv,8,Leaf_Type;SortOrder
COWP_2314514,xMapUnit_lu,COWP_xMapUnit_lu.csv,29,MapUnit_Code;MapUnit
COWP_2314514,xParks_lu,COWP_xParks_lu.csv,278,Park_Code;Park_Name;State;Include_Rec
COWP_2314514,xPhysio_Class_lu,COWP_xPhysio_Class_lu.csv,8,Physio_Class;Physio_Definition;SortOrder
COWP_2314514,xSoil_Drainage_lu,COWP_xSoil_Drainage_lu.csv,6,Soil_Drainage;SortOrder
COWP_2314514,xSoil_Texture_lu,COWP_xSoil_Texture_lu.csv,13,Soil_Texture
COWP_2314514,xState_lu,COWP_xState_lu.csv,59,State_Code;State_Name;Include_Rec
COWP_2314514,xStratum_lu,COWP_xStratum_lu.csv,13,Stratum;Descript;SortOrder
COWP_2314514,xSurficial_Geology_lu,COWP_xSurficial_Geology_lu.csv,33,Surficial_Geology;Category;Include_Rec
COWP_2314514,xTopo_Position_lu,COWP_xTopo_Position_lu.csv,12,Topo_Position;SortOrder;Include_Rec
COWP_2314514,xVegAssociation_lu,COWP_xVegAssociation_lu.csv,15,NVC_Elcode;NVC_Association;Canada;East;Midwest;Southeast;West;Include_Rec
CRLA_2314516,CRLA_Data_BE_Query7,CRLA_CRLA_Data_BE_Query7.csv,80,NVC_Elcode;xCRLAVegAssociation_lu.NVC_Association;xVegAssociation_lu.NVC_Association;UseThis
CRLA_2314516,CRLA_Data_BE_Query8,CRLA_CRLA_Data_BE_Query8.csv,1266,Primary_Code;Primary_Association_Number;xVegAssociation_lu.NVC_Elcode;xCRLAVegAssociation_lu.NVC_Elcode;xCRLAVegAssociation_lu.NVC_Association;xVegAssociation_lu.NVC_Association
CRLA_2314516,CRLA_Data_BE_tAA,CRLA_CRLA_Data_BE_tAA.csv,1501,AA_Code;Project_Name;Slope_Cat;Slope_Degrees;Aspect_Cat;Aspect_Degrees;Elevation;Elev_Units
CRLA_2314516,CRLA_Data_BE_tAAEvents,CRLA_CRLA_Data_BE_tAAEvents.csv,1501,AA_Event;AA_Code;Event_Date;Surveyors;Field_X;Field_Y;GPS_Error;Satellites;UTM_Zone;AA_plotsize;AA_plotshape;Primary_Code;Secondary_Code;Classified_Code;AA_Photos;General_Comments;AA_Update;AA_User;Primary_Assoc_Field_Pct;Secondary_Assoc_Field_Pct;Plot_Offset;Offset_Deg;Offset_Dist;Primary_Association_Number;Secondary_Association_Number;Primary_Association_Field_Scientific;Secondary_Association_Field_Scientific;Map_Unit_Field;Map_Unit_Number;Primary_Association_Field;Secondary_Association_Field
CRLA_2314516,CRLA_Data_BE_tConnect,CRLA_CRLA_Data_BE_tConnect.csv,1,Connect_db
CRLA_2314516,CRLA_Data_BE_tGlobal,CRLA_CRLA_Data_BE_tGlobal.csv,284,User_Count;User_Name;User_Email;Last_Modified
CRLA_2314516,CRLA_Data_BE_tPhotos,CRLA_CRLA_Data_BE_tPhotos.csv,6102,Releve;Photo_ID;Plot_Code;Photo_Date;Photo_Type;Photo_Bearing;Photo_Descript;Photographer;Camera_or_Roll;File_Name_Original;File_Name;File_Path_Entire
CRLA_2314516,CRLA_Data_BE_tPlotEventSpecies,CRLA_CRLA_Data_BE_tPlotEventSpecies.csv,12336,Releve;Plot_Event;Stratum;Spp_Code;Cover_Code;Real_Cover;Within_Plot;Spp_Update;Spp_User;Scientific_Name
CRLA_2314516,CRLA_Data_BE_tPlotEvents,CRLA_CRLA_Data_BE_tPlotEvents.csv,600,Releve;Plot_Event;Plot_Code;Event_Date;Surveyors;Field_X;Field_Y;GPS_Error;Satellites;UTM_Zone;Plot_Shape;Plot_Radius;Plot_Width;Plot_Length;Observation_pt;Provisional_Community;NVC_Elcode;Representativeness;Stand_Size;Environmental_Comments;Plot_Photos;Bedrock;Large_Rocks;Small_Rocks;Sand;Litter;Wood;Water;Bare;Other;Other_describe;Leaf_Type;Leaf_Phenology;Physio_Class;T1_Cover;T2_Cover;T3_Cover;S1_Cover;S2_Cover;S3_Cover;H_Cover;N_Cover;General_Comments;Plot_Update;Plot_User;T1_DBH;T2_DBH;T3_DBH;T1_Height;T2_Height;T3_Height;S1_Height;S2_Height;S3_Height;H_Height;N_Height;Association_Number;Primary_Association;Primary_Assoc_Scientific
CRLA_2314516,CRLA_Data_BE_tPlots,CRLA_CRLA_Data_BE_tPlots.csv,600,Releve;Plot_Code;Project_Name;Plot_Directions;State;Land_Owner;Elevation;Elev_Units;Slope_Cat;Slope_Degrees;Aspect_Cat;Aspect_Degrees;Topo_Position;Landform;Surficial_Geology;Cowardin_System;Hydro_Regime;Hydrology_Evidence;Landscape_Comments;Soil_Texture;Soil_Drainage;Sensitive_Data;Public_X;Public_Y;Dist_XY;Public_Elev;Dist_Elev
CRLA_2314516,CRLA_Data_BE_tProjectMetadata,CRLA_CRLA_Data_BE_tProjectMetadata.csv,1,Project_Name;Park_Code;Project_Contact;Coordinate_System;Datum;Coordinate_Method;GPS_Filename;GPS_Unit;Sampling_Method;Calculation_Method;Key_Nomenclature_Source;Project_Comments;T1_Hgt;T2_Hgt;T3_Hgt;S1_Hgt;S2_Hgt;S3_Hgt;H_Hgt;N_Hgt;V_Hgt;Date_Created
CRLA_2314516,CRLA_Data_BE_tSpecies,CRLA_CRLA_Data_BE_tSpecies.csv,862,Spp_Code;Field_Name;Concept_Reference;PLANTS_Symbol
CRLA_2314516,CRLA_Data_BE_tSpecies_Query,CRLA_CRLA_Data_BE_tSpecies_Query.csv,12336,tSpecies.Spp_Code;Field_Name;Plot_Event;tPlotEventSpecies.Spp_Code
CRLA_2314516,CRLA_Data_BE_tSpecies_Query2,CRLA_CRLA_Data_BE_tSpecies_Query2.csv,12336,tSpecies.Spp_Code;Field_Name;Plot_Event;tPlotEventSpecies.Spp_Code
CRLA_2314516,CRLA_Data_BE_tbl_AA_Vegetation,CRLA_CRLA_Data_BE_tbl_AA_Vegetation.csv,13180,Data_ID;Event_ID;Category;Code;Scientific_Name;Cover
CRLA_2314516,CRLA_Data_BE_xCRLAVegAssociation_lu,CRLA_CRLA_Data_BE_xCRLAVegAssociation_lu.csv,84,NVC_Elcode;NVC_Association;Canada;East;Midwest;Southeast;West;Include_Rec;CommonName
CRLA_2314516,CRLA_Data_BE_xCRLA_AssociationMapUnitCrosswalk_lu,CRLA_CRLA_Data_BE_xCRLA_AssociationMapUnitCrosswalk_lu.csv,86,Map.Unit.Number;Map.Unit.Name.Abbreviated;Map.Unit.Code;Association.Number;Association.Common.Name;Association.Scientific.Name;Primary.Association.Code
CRLA_2314516,CRLA_Data_BE_xConcept_Reference_lu,CRLA_CRLA_Data_BE_xConcept_Reference_lu.csv,102,Key_Nomenclature_Source
CRLA_2314516,CRLA_Data_BE_xCoverClass_lu,CRLA_CRLA_Data_BE_xCoverClass_lu.csv,10,Cover_Class;Range;MidPoint
CRLA_2314516,CRLA_Data_BE_xHeight_Class_lu,CRLA_CRLA_Data_BE_xHeight_Class_lu.csv,12,Height_Class;Sort_Order
CRLA_2314516,CRLA_Data_BE_xHydro_Regime_lu,CRLA_CRLA_Data_BE_xHydro_Regime_lu.csv,14,Hydro_Regime;Hydro_Definitions
CRLA_2314516,CRLA_Data_BE_xLandform_lu,CRLA_CRLA_Data_BE_xLandform_lu.csv,204,Landform;Lndfrm_Definition;Include_Rec
CRLA_2314516,CRLA_Data_BE_xLeaf_Phenology_lu,CRLA_CRLA_Data_BE_xLeaf_Phenology_lu.csv,7,Leaf_Phenology;SortOrder
CRLA_2314516,CRLA_Data_BE_xLeaf_Type_lu,CRLA_CRLA_Data_BE_xLeaf_Type_lu.csv,8,Leaf_Type;SortOrder
CRLA_2314516,CRLA_Data_BE_xMapUnit_lu,CRLA_CRLA_Data_BE_xMapUnit_lu.csv,28,MapUnit_Number;MapUnit
CRLA_2314516,CRLA_Data_BE_xParks_lu,CRLA_CRLA_Data_BE_xParks_lu.csv,278,Park_Code;Park_Name;State;Include_Rec
CRLA_2314516,CRLA_Data_BE_xPhysio_Class_lu,CRLA_CRLA_Data_BE_xPhysio_Class_lu.csv,8,Physio_Class;Physio_Definition;SortOrder
CRLA_2314516,CRLA_Data_BE_xSoil_Drainage_lu,CRLA_CRLA_Data_BE_xSoil_Drainage_lu.csv,6,Soil_Drainage;SortOrder
CRLA_2314516,CRLA_Data_BE_xSoil_Texture_lu,CRLA_CRLA_Data_BE_xSoil_Texture_lu.csv,13,Soil_Texture
CRLA_2314516,CRLA_Data_BE_xState_lu,CRLA_CRLA_Data_BE_xState_lu.csv,59,State_Code;State_Name;Include_Rec
CRLA_2314516,CRLA_Data_BE_xStratum_lu,CRLA_CRLA_Data_BE_xStratum_lu.csv,13,Stratum;Descript;SortOrder
CRLA_2314516,CRLA_Data_BE_xSurficial_Geology_lu,CRLA_CRLA_Data_BE_xSurficial_Geology_lu.csv,33,Surficial_Geology;Category;Include_Rec
CRLA_2314516,CRLA_Data_BE_xTopo_Position_lu,CRLA_CRLA_Data_BE_xTopo_Position_lu.csv,12,Topo_Position;SortOrder;Include_Rec
CRLA_2314516,CRLA_Data_BE_xVegAssociation_lu,CRLA_CRLA_Data_BE_xVegAssociation_lu.csv,80,NVC_Elcode;NVC_Association;Canada;East;Midwest;Southeast;West;Include_Rec
CUGA_2314517,sp_cov,CUGA_sp_cov.csv,5843,Plot_Event;PLANTS_Symbol;Field_Name;ComName;Family;ITIS_TSN;Stratum;Spp_Code;Within_Plot;Cover_Code;Real_Cover
CUGA_2314517,tAA,CUGA_tAA.csv,611,AA_Code;Project_Name;Slope_Cat;Slope_Degrees;Aspect_Cat;Aspect_Degrees;Elevation;Elev_Units
CUGA_2314517,tAAEvents,CUGA_tAAEvents.csv,611,AA_Event;AA_Code;Event_Date;Surveyors;Field_X;Field_Y;GPS_Error;Satellites;UTM_Zone;AA_plotsize;AA_plotshape;Primary_Code;Secondary_Code;Classified_Code;AA_Photos;General_Comments;AA_Update;AA_User
CUGA_2314517,tConnect,CUGA_tConnect.csv,1,Connect_db
CUGA_2314517,tGlobal,CUGA_tGlobal.csv,6,User_Count;User_Name;User_Email;Last_Modified
CUGA_2314517,tPhotos,CUGA_tPhotos.csv,0,Photo_ID;Plot_Code;Photo_Date;Photo_Type;Photo_Bearing;Photo_Descript;Photographer;Camera_or_Roll;File_Name
CUGA_2314517,tPlotEventSpecies,CUGA_tPlotEventSpecies.csv,5843,Plot_Event;Stratum;Spp_Code;Cover_Code;Real_Cover;Within_Plot;Spp_Update;Spp_User
CUGA_2314517,tPlotEvents,CUGA_tPlotEvents.csv,102,Plot_Event;Plot_Code;Event_Date;Surveyors;Field_X;Field_Y;GPS_Error;Satellites;UTM_Zone;Plot_Shape;Plot_Radius;Plot_Width;Plot_Length;Observation_pt;Provisional_Community;NVC_Elcode;Representativeness;Stand_Size;Environmental_Comments;Plot_Photos;Bedrock;Large_Rocks;Small_Rocks;Sand;Litter;Wood;Water;Bare;Other;Other_describe;Leaf_Type;Leaf_Phenology;Physio_Class;T1_Hgt;T2_Hgt;T3_Hgt;S1_Hgt;S2_Hgt;S3_Hgt;H_Hgt;N_Hgt;V_Hgt;A1_Hgt;A2_Hgt;E_Hgt;T1_Cover;T2_Cover;T3_Cover;S1_Cover;S2_Cover;S3_Cover;H_Cover;N_Cover;V_Cover;A1_Cover;A2_Cover;E_Cover;All_Cover;General_Comments;Plot_Update;Plot_User
CUGA_2314517,tPlots,CUGA_tPlots.csv,102,Plot_Code;Project_Name;Plot_Directions;State;Land_Owner;Elevation;Elev_Units;Slope_Cat;Slope_Degrees;Aspect_Cat;Aspect_Degrees;Topo_Position;Landform;Surficial_Geology;Cowardin_System;Hydro_Regime;Hydrology_Evidence;Landscape_Comments;Soil_Texture;Soil_Drainage;Sensitive_Data;Public_X;Public_Y;Dist_XY;Public_Elev;Dist_Elev
CUGA_2314517,tProjectMetadata,CUGA_tProjectMetadata.csv,1,Project_Name;Park_Code;Project_Contact;Coordinate_System;Datum;Coordinate_Method;GPS_Filename;GPS_Unit;Sampling_Method;Calculation_Method;Taxon_Reference_Source;Project_Comments;T1_DefHgt;T2_DefHgt;T3_DefHgt;S1_DefHgt;S2_DefHgt;S3_DefHgt;H_DefHgt;N_DefHgt;V_DefHgt;A1_DefHgt;A2_DefHgt;E_DefHgt;Date_Created
CUGA_2314517,tSpecies,CUGA_tSpecies.csv,661,Spp_Code;Field_Name;Taxon_Reference;PLANTS_Symbol
CUGA_2314517,xConcept_Reference_lu,CUGA_xConcept_Reference_lu.csv,102,Taxon_Reference_Source
CUGA_2314517,xCoverClass_lu,CUGA_xCoverClass_lu.csv,10,Cover_Class;Range;MidPoint
CUGA_2314517,xHeight_Class_lu,CUGA_xHeight_Class_lu.csv,10,Height_Class;Sort_Order;Max_Val
CUGA_2314517,xHydro_Regime_lu,CUGA_xHydro_Regime_lu.csv,14,Hydro_Regime;Hydro_Definitions
CUGA_2314517,xLandform_lu,CUGA_xLandform_lu.csv,204,Landform;Lndfrm_Definition;Include_Rec
CUGA_2314517,xLeaf_Phenology_lu,CUGA_xLeaf_Phenology_lu.csv,7,Leaf_Phenology;SortOrder
CUGA_2314517,xLeaf_Type_lu,CUGA_xLeaf_Type_lu.csv,8,Leaf_Type;SortOrder
CUGA_2314517,xMapUnit_lu,CUGA_xMapUnit_lu.csv,31,MapUnit_Code;MapUnit
CUGA_2314517,xParks_lu,CUGA_xParks_lu.csv,278,Park_Code;Park_Name;State;Include_Rec
CUGA_2314517,xPhysio_Class_lu,CUGA_xPhysio_Class_lu.csv,8,Physio_Class;Physio_Definition;SortOrder
CUGA_2314517,xSoil_Drainage_lu,CUGA_xSoil_Drainage_lu.csv,6,Soil_Drainage;SortOrder
CUGA_2314517,xSoil_Texture_lu,CUGA_xSoil_Texture_lu.csv,13,Soil_Texture
CUGA_2314517,xState_lu,CUGA_xState_lu.csv,59,State_Code;State_Name;Include_Rec
CUGA_2314517,xStratum_lu,CUGA_xStratum_lu.csv,13,Stratum;Descript;SortOrder
CUGA_2314517,xSurficial_Geology_lu,CUGA_xSurficial_Geology_lu.csv,33,Surficial_Geology;Category;Include_Rec
CUGA_2314517,xTopo_Position_lu,CUGA_xTopo_Position_lu.csv,13,Topo_Position;SortOrder;Include_Rec
CUGA_2314517,xVegAssociation_lu,CUGA_xVegAssociation_lu.csv,31,NVC_Elcode;NVC_Association;Canada;East;Midwest;Southeast;West;Include_Rec
CUIS_2314518,Paste_Errors,CUIS_Paste_Errors.csv,1,F1
CUIS_2314518,tAA,CUIS_tAA.csv,715,AA_Code;Project_Name;Slope_Cat;Slope_Degrees;Aspect_Cat;Aspect_Degrees;Elevation;Elev_Units
CUIS_2314518,tAAEvents,CUIS_tAAEvents.csv,704,AA_Event;AA_Code;Event_Date;Surveyors;Field_X;Field_Y;GPS_Error;Satellites;UTM_Zone;AA_plotsize;AA_plotshape;Primary_Code;Secondary_Code;Classified_Code;AA_Photos;General_Comments;AA_Update;AA_User;Elevation
CUIS_2314518,tConnect,CUIS_tConnect.csv,1,Connect_db
CUIS_2314518,tGlobal,CUIS_tGlobal.csv,116,User_Count;User_Name;User_Email;Last_Modified
CUIS_2314518,tPhotos,CUIS_tPhotos.csv,1701,Photo_ID;Plot_Code;Photo_Date;Photo_Type;Photo_Bearing;Photo_Descript;Photographer;Camera_or_Roll;File_Name
CUIS_2314518,tPlotEventSpecies,CUIS_tPlotEventSpecies.csv,2067,Plot_Event;Stratum;Spp_Code;Cover_Code;Real_Cover;Within_Plot;Spp_Update;Spp_User
CUIS_2314518,tPlotEvents,CUIS_tPlotEvents.csv,146,Plot_Event;Plot_Code;Event_Date;Surveyors;Field_X;Field_Y;GPS_Error;Satellites;UTM_Zone;Plot_Shape;Plot_Radius;Plot_Width;Plot_Length;Observation_pt;Provisional_Community;NVC_Elcode;Representativeness;Stand_Size;Environmental_Comments;Plot_Photos;Bedrock;Large_Rocks;Small_Rocks;Sand;Litter;Wood;Water;Bare;Other;Other_describe;Leaf_Type;Leaf_Phenology;Physio_Class;T1_Hgt;T2_Hgt;T3_Hgt;S1_Hgt;S2_Hgt;S3_Hgt;H_Hgt;N_Hgt;V_Hgt;A1_Hgt;A2_Hgt;E_Hgt;T1_Cover;T2_Cover;T3_Cover;S1_Cover;S2_Cover;S3_Cover;H_Cover;N_Cover;V_Cover;A1_Cover;A2_Cover;E_Cover;All_Cover;General_Comments;Plot_Update;Plot_User
CUIS_2314518,tPlots,CUIS_tPlots.csv,146,Plot_Code;Project_Name;Plot_Directions;State;Land_Owner;Elevation;Elev_Units;Slope_Cat;Slope_Degrees;Aspect_Cat;Aspect_Degrees;Topo_Position;Landform;Surficial_Geology;Cowardin_System;Hydro_Regime;Hydrology_Evidence;Landscape_Comments;Soil_Texture;Soil_Drainage;Sensitive_Data;Public_X;Public_Y;Dist_XY;Public_Elev;Dist_Elev
CUIS_2314518,tProjectMetadata,CUIS_tProjectMetadata.csv,1,Project_Name;Park_Code;Project_Contact;Coordinate_System;Datum;Coordinate_Method;GPS_Filename;GPS_Unit;Sampling_Method;Calculation_Method;Taxon_Reference_Source;Project_Comments;T1_DefHgt;T2_DefHgt;T3_DefHgt;S1_DefHgt;S2_DefHgt;S3_DefHgt;H_DefHgt;N_DefHgt;V_DefHgt;A1_DefHgt;A2_DefHgt;E_DefHgt;Date_Created
CUIS_2314518,tSpecies,CUIS_tSpecies.csv,368,Spp_Code;Field_Name;Taxon_Reference;PLANTS_Symbol
CUIS_2314518,xConcept_Reference_lu,CUIS_xConcept_Reference_lu.csv,102,Taxon_Reference_Source
CUIS_2314518,xCoverClass_lu,CUIS_xCoverClass_lu.csv,10,Cover_Class;Range;MidPoint
CUIS_2314518,xHeight_Class_lu,CUIS_xHeight_Class_lu.csv,9,Height_Class;Sort_Order;Max_Val
CUIS_2314518,xHydro_Regime_lu,CUIS_xHydro_Regime_lu.csv,14,Hydro_Regime;Hydro_Definitions
CUIS_2314518,xLandform_lu,CUIS_xLandform_lu.csv,204,Landform;Lndfrm_Definition;Include_Rec
CUIS_2314518,xLeaf_Phenology_lu,CUIS_xLeaf_Phenology_lu.csv,7,Leaf_Phenology;SortOrder
CUIS_2314518,xLeaf_Type_lu,CUIS_xLeaf_Type_lu.csv,8,Leaf_Type;SortOrder
CUIS_2314518,xMapUnit_lu,CUIS_xMapUnit_lu.csv,0,MapUnit_Code;MapUnit
CUIS_2314518,xParks_lu,CUIS_xParks_lu.csv,278,Park_Code;Park_Name;State;Include_Rec
CUIS_2314518,xPhysio_Class_lu,CUIS_xPhysio_Class_lu.csv,8,Physio_Class;Physio_Definition;SortOrder
CUIS_2314518,xSoil_Drainage_lu,CUIS_xSoil_Drainage_lu.csv,6,Soil_Drainage;SortOrder
CUIS_2314518,xSoil_Texture_lu,CUIS_xSoil_Texture_lu.csv,13,Soil_Texture
CUIS_2314518,xState_lu,CUIS_xState_lu.csv,59,State_Code;State_Name;Include_Rec
CUIS_2314518,xStratum_lu,CUIS_xStratum_lu.csv,13,Stratum;Descript;SortOrder
CUIS_2314518,xSurficial_Geology_lu,CUIS_xSurficial_Geology_lu.csv,33,Surficial_Geology;Category;Include_Rec
CUIS_2314518,xTopo_Position_lu,CUIS_xTopo_Position_lu.csv,12,Topo_Position;SortOrder;Include_Rec
CUIS_2314518,xVegAssociation_lu,CUIS_xVegAssociation_lu.csv,7412,NVC_Elcode;NVC_Association;Canada;East;Midwest;Southeast;West;Include_Rec
CURE_2314519,2003_Prelim_Classification,CURE_2003_Prelim_Classification.csv,392,ID;PlotCode;Preliminary.NVCS.Plant.Asociation;Confidence;Comments
CURE_2314519,2003_Prelim_classif_by_group,CURE_2003_Prelim_classif_by_group.csv,418,ID;PlotCode;Preliminary.NVCS.Plant.Asociation;Confidence;Comments;Field5;Field6
CURE_2314519,Find_duplicates_for_qrycheck,CURE_Find_duplicates_for_qrycheck.csv,0,PlotCode;PlotID;ProvCommunityName;Alliance;Associations
CURE_2314519,Find_duplicates_for_tblVegetation,CURE_Find_duplicates_for_tblVegetation.csv,0,PlotID;ProvCommunityName;VegetationID
CURE_2314519,aaGPS_Data_Log,CURE_aaGPS_Data_Log.csv,100,Plot_code;OP_code;Plot_type;Originator;Plot_Date;Process;Process_Date;GPS_filename;Data_Dictionary;GPS_unit;LOCATION;PARK;COMMENT;VERT_PREC;HORZ_PREC;NORTHING;EASTING;PHYSIO_CLA;DOMINANTS;PLOT_DIMEN;SURVEYORS;CORR_TYPE;RCVR_TYPE;GPS_TIME;FILT_POS
CURE_2314519,qryAlliance,CURE_qryAlliance.csv,68,ID;PlotCode;Preliminary.NVCS.Plant.Asociation;Confidence;Comments
CURE_2314519,qryAssociation,CURE_qryAssociation.csv,324,ID;PlotCode;Preliminary.NVCS.Plant.Asociation;Confidence;Comments
CURE_2314519,qryLocationPlots11-24,CURE_qryLocationPlots11-24.csv,272,PlotCode;ParkCode;SiteName;USGSQuad;UTMEasting;UTMNorthing;Datum;UTM.Error;DiffCorrected;IsObservationPt
CURE_2314519,qrycheck,CURE_qrycheck.csv,380,PlotCode;ProvCommunityName;Alliance;Associations;PlotID
CURE_2314519,qrytblOutput,CURE_qrytblOutput.csv,971,PlotCode;Emergent;Canopy;Subcanopy;Tall_Shrub;Shrub;Dwarf_Shrub;Herbaceous;Graminoid;Forb;Fern;Seedling;Nonvascular;Vine;Epiphyte
CURE_2314519,qrytblOutputold,CURE_qrytblOutputold.csv,971,Expr1;Expr2;Expr3;Expr4;Expr5;Expr6;Expr7;Expr8;Expr9;Expr10;Expr11;Expr12;Expr13;Expr14;Expr15
CURE_2314519,tblAADetails,CURE_tblAADetails.csv,1037,AAID;AACode;SurveyDate;Surveyors;CameraUsed
CURE_2314519,tblAAEnvironment,CURE_tblAAEnvironment.csv,1037,EnvironmentID;AAID;Slope;Aspect;TopoPosition;Elevation;ElevSource;EnvironmentalComments;BareSoil;Bedrock;Sand;Moss;Other;OtherPctDesc;Litter;Rocks;Lichen;Gravel;LiveVegLitter;LiveVegWood;Wood;LichenRocks;LichenGround;DarkCyanobacteria;Water;Geology;BBareSoil;BBedrock;BSand;BOther;BLitter;BRocks;BGravel;BWood;CBareSoil;CBedrock;CSand;COther;CLitter;CRocks;CGravel;CWood
CURE_2314519,tblAAEnvironmentDetails,CURE_tblAAEnvironmentDetails.csv,1142,EnvDetailID;EnvironmentID;Landform
CURE_2314519,tblAALocation,CURE_tblAALocation.csv,1037,AACode;SiteName;State;County;ParkCode;GPSFileName;GPSUnit;UTMEasting;UTMNorthing;UTMZone;DiffCorrected;Datum;PDOP;UTM.Error;InPark;GPSComments;RepresentPWP;RepresentATD;ClassificationComments;PlotShape;USGSQuad
CURE_2314519,tblAAPhotos,CURE_tblAAPhotos.csv,1041,PhotoID;AAID;PhotoType;PhotoRoll;PhotoFrame;PhotoOther;Photographer;PhotoComments;NCPNImageFileID
CURE_2314519,tblAAVegAssociation,CURE_tblAAVegAssociation.csv,1765,VegAssocID;AAID;VegAssocCode;VegAssocRank;FieldKey;NewName;Post_Field_Name;OtherAssocCode
CURE_2314519,tblAAVegetation,CURE_tblAAVegetation.csv,1037,VegetationID;AAID;ProvCommunityName;Alliance;Associations;Phenology;LeafType;LeafTypeComments;Physiognom;EmergHt;EmergCovTot;EmergCovPercent;CanHt;CanCovTot;CanCovPercent;SubHt;SubCovTot;SubCovPercent;TallShHt;TallShCovTot;TallShCovPercent;ShrubHt;ShrubCovTot;ShrubCovPercent;DwarfHt;DwarfCovTot;DwarfCovPercent;HerbHt;HerbCovTot;HerbCovPercent;NonvasHt;NonvasCovTot;NonvasCovPercent;VineHt;VineTotCov;VineTotPercent;EpiHt;EpiTotCov;EpiTotPercent;GramHt;GramCovTot;GramCovPercent;ForbHt;ForbCovTot;ForbCovPercent;FernHt;FernCovTot;FernCovPercent;SeedlHt;SeedlCovTot;SeedCovPercent;OutsidePlotHt;OutsidePlotTotCov;OutsidePlotTotPercent;HTotalHt;HTotalCover;HTotalCoverPercent;H4Ht;H4Cover;H4CoverPercent;PlantSpeciesComments;ClassificationComments;MultipleAssoc;BEmergCovTot;BCanCovTot;BSubCovTot;BTallShCovTot;BShrubCovTot;BDwarfCovTot;BHerbCovTot;BNonvasCovTot;BVineTotCov;BEpiTotCov;BSeedlCovTot;BHTotalCover;BH4Cover;CEmergCovTot;CCanCovTot;CSubCovTot;CTallShCovTot;CShrubCovTot;CDwarfCovTot;CHerbCovTot;CNonvasCovTot;CVineTotCov;CEpiTotCov;CSeedlCovTot;CHTotalCover;CH4Cover
CURE_2314519,tblAAVegetationDetails,CURE_tblAAVegetationDetails.csv,9508,VegDetailID;VegetationID;Stratum;TSN;Species;CoverClass;CoverPct;Diagnostic;Dead
CURE_2314519,tblDataMgmtLog,CURE_tblDataMgmtLog.csv,24,ActionDate;ActionMonth;ActionYear;Action;Who
CURE_2314519,tblEnvironment,CURE_tblEnvironment.csv,380,EnvironmentID;PlotID;Elevation;Slope;Aspect;TopoPosition;Landform;Geology;CowardinSystem;Hydrology;EnvironmentalComments;BareSoil;Bedrock;Sand;Moss;Other;OtherPctDesc;Litter;Rocks;Lichen;Wood;Gravel;Water;Cryptogam;SoilTexture;SoilDrainage;AnimalUseComments;DisturbanceComments;OtherComments;LandscapeComments;SoilTaxonDesc;LiveVegLitter;LiveVegWood;LichenRocks;LichenGround;MossPct;DarkCyanobacteria;TotalPct
CURE_2314519,tblEnvironmentDetails,CURE_tblEnvironmentDetails.csv,395,EnvDetailID;EnvironmentID;Landform
CURE_2314519,tblFinalAssociationNamesAA,CURE_tblFinalAssociationNamesAA.csv,1033,PlotCode;ELC_Code;Association_Name
CURE_2314519,tblFinalAssociationNamesPlots,CURE_tblFinalAssociationNamesPlots.csv,308,PlotCode;ELC_Code;Association_Name
CURE_2314519,tblFuels,CURE_tblFuels.csv,366,FuelsID;PlotID;GOPhotoGuide;ASPPhotoGuide;PPDFPhotoGuide;PJPhotoGuide;SBPhotoGuide;PJAgeClass;LitterOrigin;LitterNorth;LitterEast;LitterSouth;LitterWest;DuffOrigin;DuffNorth;DuffEast;DuffSouth;DuffWest;IsSubplot;FuelsComments
CURE_2314519,tblFuelsDetails,CURE_tblFuelsDetails.csv,849,FuelsDetailID;FuelsID;StemCount;StemDiameter;TSN;WoodlandCrownBaseHeight;WoodlandTotalHeight;WoodlandCrownWidth;WoodlandCrownHeight;WoodlandCrownRatio;ForestCrownBaseHeight;ForestTotalHeight;ForestCrownHeight;CrownRatio;StructureStage;Comments
CURE_2314519,tblNCPNPlants,CURE_tblNCPNPlants.csv,5559,TSN;FamilyName;LatinName;Authority;Synonym;CommonName;Exotic;Sensitive;GrowthHabit;PLANTSCode;FullName
CURE_2314519,tblOutput,CURE_tblOutput.csv,1037,PlotCode;Emergent;Canopy;Subcanopy;Tall_Shrub;Shrub;Dwarf_Shrub;Herbaceous;Graminoid;Forb;Fern;Seedling;Nonvascular;Vine;Epiphyte
CURE_2314519,tblPhotos,CURE_tblPhotos.csv,706,PhotoID;PlotID;PhotoType;PhotoRoll;PhotoFrame;PhotoOther;Photographer;PhotoComments;NCPNImageFileID
CURE_2314519,tblPlotCodeLink,CURE_tblPlotCodeLink.csv,374,NewPlotCode;OldPlotCode;TempCode
CURE_2314519,tblPlotDetails,CURE_tblPlotDetails.csv,380,PlotID;PlotCode;SurveyDate;Surveyors;PlotLength;PlotAzimuth;PlotWidth;PlotDiam;PlotHasPhotos;PlotRepresentation;PlotShape
CURE_2314519,tblPlotLocation,CURE_tblPlotLocation.csv,380,PlotCode;BPUCode;State;ParkCode;SiteName;USGSQuad;AerialPhotoNo;Waypoint;UTMEasting;UTMNorthing;Datum;UTMZone;UTM.Error;DiffCorrected;DirectionsToPlot;County;GPSUnit;GPSComments;InPark;IsObservationPt
CURE_2314519,tblVegetation,CURE_tblVegetation.csv,380,VegetationID;PlotID;ProvCommunityName;Alliance;Associations;FinalNVCName;Phenology;LeafType;LeafTypeComments;Physiognom;EmergHt;EmergCovTot;CanHt;CanCovTot;SubHt;SubCovTot;TallShHt;TallShCovTot;ShrubHt;ShrubCovTot;DwarfHt;DwarfCovTot;HerbHt;HerbCovTot;GramHt;GramCovTot;ForbHt;ForbCovTot;FernHt;FernCovTot;SeedlHt;SeedlCovTot;NonvasHt;NonvasCovTot;VineHt;VineTotCov;EpiHt;EpiTotCov;TotalPct;RelativeCover
CURE_2314519,tblVegetationDetails,CURE_tblVegetationDetails.csv,7079,VegDetailID;VegetationID;Stratum;TSN;Species;CoverClass;PercentCover;Diagnostic;SpecimenCollected;CollectedBy;NPSAccessionNumber;NPSCatalogNumber;SpecimenNumber;SpecimenLocality;SpecimenHabitat;SpecimenAssocSpecies
CURE_2314519,tbl_AA_Quads_Import,CURE_tbl_AA_Quads_Import.csv,1037,AACode;County;USGSQuad
CURE_2314519,tbl_Final_Classification,CURE_tbl_Final_Classification.csv,513,ID;PlotCode;Elcode;Final.NVC.Name
CURE_2314519,tbl_Plot_Quads_Import,CURE_tbl_Plot_Quads_Import.csv,373,PlotCode;USGSQuad;County;New_InPark
CURE_2314519,tbl_aa_photonames,CURE_tbl_aa_photonames.csv,3378,OLDImageFileID;ImageFileID;LocationRef
CURE_2314519,tlkpAAVegAssocRanks,CURE_tlkpAAVegAssocRanks.csv,3,VegAssocRank
CURE_2314519,tlkpAAVegAssociation,CURE_tlkpAAVegAssociation.csv,177,VegAssocCode;VegAssocName
CURE_2314519,tlkpAlliances,CURE_tlkpAlliances.csv,66,Alliance
CURE_2314519,tlkpAssociations,CURE_tlkpAssociations.csv,149,Associations
CURE_2314519,tlkpAssociations_OLD,CURE_tlkpAssociations_OLD.csv,273,Associations
CURE_2314519,tlkpCamera,CURE_tlkpCamera.csv,1,CameraType;CameraComments
CURE_2314519,tlkpCover,CURE_tlkpCover.csv,12,CoverClass;CoverClassDesc
CURE_2314519,tlkpCoverAA,CURE_tlkpCoverAA.csv,17,CoverClass;CoverPct
CURE_2314519,tlkpCoverAAold,CURE_tlkpCoverAAold.csv,13,CoverClass
CURE_2314519,tlkpCowardin,CURE_tlkpCowardin.csv,4,CowardinSystem
CURE_2314519,tlkpElevSource,CURE_tlkpElevSource.csv,3,ElevSource
CURE_2314519,tlkpGeology,CURE_tlkpGeology.csv,67,Geology
CURE_2314519,tlkpHeightClass,CURE_tlkpHeightClass.csv,10,HeightClass
CURE_2314519,tlkpHydrology,CURE_tlkpHydrology.csv,7,Hydrology
CURE_2314519,tlkpLandform,CURE_tlkpLandform.csv,97,Landform
CURE_2314519,tlkpLeafPhen,CURE_tlkpLeafPhen.csv,12,Phenology
CURE_2314519,tlkpLeafType,CURE_tlkpLeafType.csv,9,LeafType
CURE_2314519,tlkpPJAge,CURE_tlkpPJAge.csv,5,PJAgeClass
CURE_2314519,tlkpParks,CURE_tlkpParks.csv,16,ParkCode;ParkName
CURE_2314519,tlkpPhotoComments,CURE_tlkpPhotoComments.csv,4,PhotoComments
CURE_2314519,tlkpPhotoTypes,CURE_tlkpPhotoTypes.csv,4,PhotoType
CURE_2314519,tlkpPhotographer,CURE_tlkpPhotographer.csv,7,Photographer
CURE_2314519,tlkpPhysiogClass,CURE_tlkpPhysiogClass.csv,8,Physiognom
CURE_2314519,tlkpPlotShapes,CURE_tlkpPlotShapes.csv,8,PlotShape
CURE_2314519,tlkpSoilDrainage,CURE_tlkpSoilDrainage.csv,6,SoilDrainage
CURE_2314519,tlkpSoilTexture,CURE_tlkpSoilTexture.csv,19,SoilTexture
CURE_2314519,tlkpStates,CURE_tlkpStates.csv,52,StateCode;StateName
CURE_2314519,tlkpStrata,CURE_tlkpStrata.csv,14,Stratum
CURE_2314519,tlkpStructureStages,CURE_tlkpStructureStages.csv,4,StructureStage
CURE_2314519,tlkpSurveyors,CURE_tlkpSurveyors.csv,23,SurveyorName
CURE_2314519,tlkpTopography,CURE_tlkpTopography.csv,31,TopoPosition
CURE_2314519,tlkpUSGS_Quad,CURE_tlkpUSGS_Quad.csv,13,USGSQuad;USGSQuadCode
CURE_2314519,tlkpUTMZone,CURE_tlkpUTMZone.csv,3,UTMZone
CURE_2314519,zFieldWidths,CURE_zFieldWidths.csv,19,FieldWidth;FieldWidthDescription
CURE_2314519,zLookupFields,CURE_zLookupFields.csv,30,TableName;SortOrder;FieldName;FieldLabel;FieldWidth;ControlType;RowSource;ColumnCount;ColumnWidths
CURE_2314519,zLookupTables,CURE_zLookupTables.csv,25,TableName;ListName;Description
CUVA_2314520,_AA_Community_List,CUVA__AA_Community_List.csv,39,Primary_Code;NVC_Association;Number_AA_Sites
CUVA_2314520,_Community_Summary_Data,CUVA__Community_Summary_Data.csv,2364,NVC_Elcode;Stratum;Species.Name;Common.Name;Avg.Cover;Min.Cover;Max.Cover;Species.Occurrences;Plots.per.Community;Frequency
CUVA_2314520,_Species_List,CUVA__Species_List.csv,624,Scientific.Name;Common.name;Family;Number.of.Field.Sites
CUVA_2314520,_VegPlots_Community_List,CUVA__VegPlots_Community_List.csv,32,NVC_Association;NVC_Elcode;Number_of_Plots
CUVA_2314520,sp_cov,CUVA_sp_cov.csv,5110,Plot_Event;PLANTS_Symbol;Field_Name;ComName;Family;ITIS_TSN;Stratum;Spp_Code;Cover_Code;Real_Cover;Within_Plot
CUVA_2314520,sp_cov2,CUVA_sp_cov2.csv,5126,Plot_Event;PLANTS_Symbol;Field_Name;Stratum;Spp_Code;Cover_Code;Real_Cover;Within_Plot
CUVA_2314520,tAA-Species,CUVA_tAA-Species.csv,9505,AA_Event;AA_Species_Counter;Taxon_Code;Scientific_Name;Common_Name;ID_Certainty;Used_PLANTS;Source;Stratum_Sort;Stratum;Range_Cover;Real_Cover;Update;User
CUVA_2314520,tAA,CUVA_tAA.csv,647,AA_Code;Project_Name;Slope_Cat;Slope_Degrees;Aspect_Cat;Aspect_Degrees;Elevation;Elev_Units
CUVA_2314520,tAAEvents,CUVA_tAAEvents.csv,647,AA_Event;AA_Code;Event_Date;Surveyors;Field_X;Field_Y;GPS_Error;Satellites;UTM_Zone;AA_plotsize;AA_plotshape;Primary_Code;Secondary_Code;Classified_Code;AA_Photos;General_Comments;AA_Update;AA_User
CUVA_2314520,tConnect,CUVA_tConnect.csv,1,Connect_db
CUVA_2314520,tGlobal,CUVA_tGlobal.csv,26,User_Count;User_Name;User_Email;Last_Modified
CUVA_2314520,tPhotos,CUVA_tPhotos.csv,5,Photo_ID;Plot_Code;Photo_Date;Photo_Type;Photo_Bearing;Photo_Descript;Photographer;Camera_or_Roll;File_Name
CUVA_2314520,tPlotEventSpecies,CUVA_tPlotEventSpecies.csv,5126,Plot_Event;Stratum;Spp_Code;Cover_Code;Real_Cover;Within_Plot;Spp_Update;Spp_User;Spp_StratumGroup
CUVA_2314520,tPlotEvents,CUVA_tPlotEvents.csv,221,Plot_Event;Plot_Code;Event_Date;Surveyors;Field_X;Field_Y;GPS_Error;Satellites;UTM_Zone;Plot_Shape;Plot_Radius;Plot_Width;Plot_Length;Observation_pt;Provisional_Community;NVC_Elcode;Representativeness;Stand_Size;Environmental_Comments;Plot_Photos;Bedrock;Large_Rocks;Small_Rocks;Sand;Litter;Wood;Water;Bare;Other;Other_describe;Leaf_Type;Leaf_Phenology;Physio_Class;T1_Hgt;T2_Hgt;T3_Hgt;S1_Hgt;S2_Hgt;S3_Hgt;H_Hgt;N_Hgt;V_Hgt;A1_Hgt;A2_Hgt;E_Hgt;T1_Cover;T2_Cover;T3_Cover;S1_Cover;S2_Cover;S3_Cover;H_Cover;N_Cover;V_Cover;A1_Cover;A2_Cover;E_Cover;All_Cover;General_Comments;Plot_Update;Plot_User
CUVA_2314520,tPlots,CUVA_tPlots.csv,221,Plot_Code;Project_Name;Plot_Directions;State;Land_Owner;Elevation;Elev_Units;Slope_Cat;Slope_Degrees;Aspect_Cat;Aspect_Degrees;Topo_Position;Landform;Surficial_Geology;Cowardin_System;Hydro_Regime;Hydrology_Evidence;Landscape_Comments;Soil_Texture;Soil_Drainage;Sensitive_Data;Public_X;Public_Y;Dist_XY;Public_Elev;Dist_Elev
CUVA_2314520,tProjectMetadata,CUVA_tProjectMetadata.csv,1,Project_Name;Park_Code;Project_Contact;Coordinate_System;Datum;Coordinate_Method;GPS_Filename;GPS_Unit;Sampling_Method;Calculation_Method;Taxon_Reference_Source;Project_Comments;T1_DefHgt;T2_DefHgt;T3_DefHgt;S1_DefHgt;S2_DefHgt;S3_DefHgt;H_DefHgt;N_DefHgt;V_DefHgt;A1_DefHgt;A2_DefHgt;E_DefHgt;Date_Created
CUVA_2314520,tSpecies,CUVA_tSpecies.csv,471,Spp_Code;Field_Name;Taxon_Reference;PLANTS_Symbol
CUVA_2314520,tVerificationEvents,CUVA_tVerificationEvents.csv,50,Verification.Site:;Surveyor(s):;Date:;Mapping.Zone:;General.Location:;State:;X.(easting):;Y.(northing):;Longitude.(field);Latitude.(field);Elevation:;Elevation.Unit:;Accuracy:;Accuracy.Unit:;UTM.Zone:;Datum:;Ground.Photos:;NVC.Elcode:;Alt.NVC.Elcode(s):;Classification.Confidence:;Key.Integrity:;Validation.of.the.Key.to.Vegetation.Associations.-.Explanation;Map.Class.(version.during.verification):;Does.the.classification./.location.of.the.map.polygon.agree-yes;Does.the.classification./.location.of.the.map.polygon.agree-no;Validation.of.Vegetation.Mapping.-.Explanation;Additional.Comments
CUVA_2314520,xClassification_Confidence_lu,CUVA_xClassification_Confidence_lu.csv,3,Classification.Confidence.Class:;Classification.Confidence:
CUVA_2314520,xConcept_Reference_lu,CUVA_xConcept_Reference_lu.csv,102,Taxon_Reference_Source
CUVA_2314520,xCoverClass_lu,CUVA_xCoverClass_lu.csv,10,Cover_Class;Range;MidPoint
CUVA_2314520,xHeight_Class_lu,CUVA_xHeight_Class_lu.csv,9,Height_Class;Sort_Order;Max_Val
CUVA_2314520,xHydro_Regime_lu,CUVA_xHydro_Regime_lu.csv,14,Hydro_Regime;Hydro_Definitions
CUVA_2314520,xKey_Integrity_lu,CUVA_xKey_Integrity_lu.csv,3,Key.Integrity:
CUVA_2314520,xLandform_lu,CUVA_xLandform_lu.csv,204,Landform;Lndfrm_Definition;Include_Rec
CUVA_2314520,xLeaf_Phenology_lu,CUVA_xLeaf_Phenology_lu.csv,7,Leaf_Phenology;SortOrder
CUVA_2314520,xLeaf_Type_lu,CUVA_xLeaf_Type_lu.csv,8,Leaf_Type;SortOrder
CUVA_2314520,xMapUnit_lu,CUVA_xMapUnit_lu.csv,0,MapUnit_Code;MapUnit
CUVA_2314520,xParks_lu,CUVA_xParks_lu.csv,278,Park_Code;Park_Name;State;Include_Rec
CUVA_2314520,xPhysio_Class_lu,CUVA_xPhysio_Class_lu.csv,8,Physio_Class;Physio_Definition;SortOrder
CUVA_2314520,xSoil_Drainage_lu,CUVA_xSoil_Drainage_lu.csv,6,Soil_Drainage;SortOrder
CUVA_2314520,xSoil_Texture_lu,CUVA_xSoil_Texture_lu.csv,13,Soil_Texture
CUVA_2314520,xState_lu,CUVA_xState_lu.csv,59,State_Code;State_Name;Include_Rec
CUVA_2314520,xStratum_lu,CUVA_xStratum_lu.csv,13,Stratum;Descript;SortOrder
CUVA_2314520,xSurficial_Geology_lu,CUVA_xSurficial_Geology_lu.csv,33,Surficial_Geology;Category;Include_Rec
CUVA_2314520,xTopo_Position_lu,CUVA_xTopo_Position_lu.csv,12,Topo_Position;SortOrder;Include_Rec
CUVA_2314520,xVegAssociation_lu,CUVA_xVegAssociation_lu.csv,47,NVC_Elcode;NVC_Association;Canada;East;Midwest;Southeast;West;Include_Rec
DETO_2314524,sp_cov,DETO_sp_cov.csv,642,Plot_Event;PLANTS_Symbol;Field_Name;ComName;Family;ITIS_TSN;Stratum;Spp_Code;Within_Plot;Cover_Code;Real_Cover
DETO_2314524,tAA,DETO_tAA.csv,108,AA_Code;Project_Name;Slope_Cat;Slope_Degrees;Aspect_Cat;Aspect_Degrees;Elevation;Elev_Units
DETO_2314524,tAAEvents,DETO_tAAEvents.csv,108,AA_Event;AA_Code;Event_Date;Surveyors;Field_X;Field_Y;GPS_Error;Satellites;UTM_Zone;AA_plotsize;AA_plotshape;Primary_Code;Secondary_Code;Classified_Code;AA_Photos;General_Comments;AA_Update;AA_User
DETO_2314524,tConnect,DETO_tConnect.csv,1,Connect_db
DETO_2314524,tGlobal,DETO_tGlobal.csv,34,User_Count;User_Name;User_Email;Last_Modified
DETO_2314524,tPhotos,DETO_tPhotos.csv,0,Photo_ID;Plot_Code;Photo_Date;Photo_Type;Photo_Bearing;Photo_Descript;Photographer;Camera_or_Roll;File_Name
DETO_2314524,tPlotEventSpecies,DETO_tPlotEventSpecies.csv,642,Plot_Event;Stratum;Spp_Code;Cover_Code;Real_Cover;Within_Plot;Spp_Update;Spp_User
DETO_2314524,tPlotEvents,DETO_tPlotEvents.csv,64,Plot_Event;Plot_Code;Event_Date;Surveyors;Field_X;Field_Y;GPS_Error;Satellites;UTM_Zone;Plot_Shape;Plot_Radius;Plot_Width;Plot_Length;Observation_pt;Provisional_Community;NVC_Elcode;Representativeness;Stand_Size;Environmental_Comments;Plot_Photos;Bedrock;Large_Rocks;Small_Rocks;Sand;Litter;Wood;Water;Bare;Other;Other_describe;Leaf_Type;Leaf_Phenology;Physio_Class;T1_Hgt;T2_Hgt;T3_Hgt;S1_Hgt;S2_Hgt;S3_Hgt;H_Hgt;N_Hgt;V_Hgt;A1_Hgt;A2_Hgt;E_Hgt;T1_Cover;T2_Cover;T3_Cover;S1_Cover;S2_Cover;S3_Cover;H_Cover;N_Cover;V_Cover;A1_Cover;A2_Cover;E_Cover;All_Cover;General_Comments;Plot_Update;Plot_User
DETO_2314524,tPlots,DETO_tPlots.csv,64,Plot_Code;Project_Name;Plot_Directions;State;Land_Owner;Elevation;Elev_Units;Slope_Cat;Slope_Degrees;Aspect_Cat;Aspect_Degrees;Topo_Position;Landform;Surficial_Geology;Cowardin_System;Hydro_Regime;Hydrology_Evidence;Landscape_Comments;Soil_Texture;Soil_Drainage;Sensitive_Data;Public_X;Public_Y;Dist_XY;Public_Elev;Dist_Elev
DETO_2314524,tProjectMetadata,DETO_tProjectMetadata.csv,1,Project_Name;Park_Code;Project_Contact;Coordinate_System;Datum;Coordinate_Method;GPS_Filename;GPS_Unit;Sampling_Method;Calculation_Method;Key_Nomenclature_Source;Project_Comments;T1_Hgt;T2_Hgt;T3_Hgt;S1_Hgt;S2_Hgt;S3_Hgt;H_Hgt;N_Hgt;V_Hgt;Date_Created
DETO_2314524,tSpecies,DETO_tSpecies.csv,148,Spp_Code;Field_Name;Concept_Reference;PLANTS_Symbol
DETO_2314524,xConcept_Reference_lu,DETO_xConcept_Reference_lu.csv,102,Key_Nomenclature_Source
DETO_2314524,xCoverClass_lu,DETO_xCoverClass_lu.csv,6,Cover_Class;Range;MidPoint
DETO_2314524,xHeight_Class_lu,DETO_xHeight_Class_lu.csv,8,Height_Class;Sort_Order;Max_Val
DETO_2314524,xHydro_Regime_lu,DETO_xHydro_Regime_lu.csv,14,Hydro_Regime;Hydro_Definitions
DETO_2314524,xLandform_lu,DETO_xLandform_lu.csv,204,Landform;Lndfrm_Definition;Include_Rec
DETO_2314524,xLeaf_Phenology_lu,DETO_xLeaf_Phenology_lu.csv,7,Leaf_Phenology;SortOrder
DETO_2314524,xLeaf_Type_lu,DETO_xLeaf_Type_lu.csv,8,Leaf_Type;SortOrder
DETO_2314524,xMapUnit_lu,DETO_xMapUnit_lu.csv,21,MapUnit_Code;MapUnit
DETO_2314524,xParks_lu,DETO_xParks_lu.csv,278,Park_Code;Park_Name;State;Include_Rec
DETO_2314524,xPhysio_Class_lu,DETO_xPhysio_Class_lu.csv,8,Physio_Class;Physio_Definition;SortOrder
DETO_2314524,xSoil_Drainage_lu,DETO_xSoil_Drainage_lu.csv,6,Soil_Drainage;SortOrder
DETO_2314524,xSoil_Texture_lu,DETO_xSoil_Texture_lu.csv,13,Soil_Texture
DETO_2314524,xState_lu,DETO_xState_lu.csv,59,State_Code;State_Name;Include_Rec
DETO_2314524,xStratum_lu,DETO_xStratum_lu.csv,13,Stratum;Descript;SortOrder
DETO_2314524,xSurficial_Geology_lu,DETO_xSurficial_Geology_lu.csv,34,Surficial_Geology;Category;Include_Rec
DETO_2314524,xTopo_Position_lu,DETO_xTopo_Position_lu.csv,13,Topo_Position;SortOrder;Include_Rec
DETO_2314524,xVegAssociation_lu,DETO_xVegAssociation_lu.csv,19,NVC_Elcode;NVC_Association;Canada;East;Midwest;Southeast;West;Include_Rec
DEWA_2314525,sp_cov,DEWA_sp_cov.csv,8136,Plot_Code;Plot_Event;PLANTS_Symbol;Sci_Name;ComName;Family;ITIS_TSN;Stratum;Spp_Code;Cover_Code;Real_Cover;Within_Plot
DEWA_2314525,tAA,DEWA_tAA.csv,1130,AA_Code;Project_Name;Slope_Cat;Slope_Degrees;Aspect_Cat;Aspect_Degrees;Elevation;Elev_Units
DEWA_2314525,tAAEventSpecies,DEWA_tAAEventSpecies.csv,15246,AA_Event;Stratum;Spp_Code;Cover_Code;Real_Cover;Within_Plot;Spp_Update;Spp_User
DEWA_2314525,tAAEvents,DEWA_tAAEvents.csv,1130,AA_Event;AA_Code;Event_Date;Surveyors;Field_X;Field_Y;GPS_Error;Satellites;UTM_Zone;AA_plotsize;AA_plotshape;Primary_Code;Secondary_Code;Classified_Code;AA_Photos;Fuel_Model;Canopy_Cover;Classification_Comments;General_Comments;AA_Update;AA_User
DEWA_2314525,tConnect,DEWA_tConnect.csv,1,Connect_db
DEWA_2314525,tGlobal,DEWA_tGlobal.csv,5,User_Count;User_Name;User_Email;Last_Modified
DEWA_2314525,tPhotos,DEWA_tPhotos.csv,0,Photo_ID;Plot_Code;Photo_Date;Photo_Type;Photo_Bearing;Photo_Descript;Photographer;Camera_or_Roll;File_Name
DEWA_2314525,tPlotEventSpecies,DEWA_tPlotEventSpecies.csv,8136,Plot_Event;Stratum;Spp_Code;Cover_Code;Real_Cover;Within_Plot;Spp_Update;Spp_User
DEWA_2314525,tPlotEvents,DEWA_tPlotEvents.csv,251,Plot_Event;Plot_Code;Event_Date;Surveyors;Field_X;Field_Y;GPS_Error;Satellites;UTM_Zone;Plot_Shape;Plot_Radius;Plot_Width;Plot_Length;Observation_pt;Provisional_Community;NVC_Elcode;Representativeness;Stand_Size;Environmental_Comments;Plot_Photos;Bedrock;Large_Rocks;Small_Rocks;Sand;Litter;Wood;Water;Bare;Other;Other_describe;Leaf_Type;Leaf_Phenology;Physio_Class;T1_Hgt;T2_Hgt;T3_Hgt;S1_Hgt;S2_Hgt;S3_Hgt;H_Hgt;N_Hgt;V_Hgt;A1_Hgt;A2_Hgt;E_Hgt;T1_Cover;T2_Cover;T3_Cover;S1_Cover;S2_Cover;S3_Cover;H_Cover;N_Cover;V_Cover;A1_Cover;A2_Cover;E_Cover;All_Cover;Canopy_Cover;Anderson_FBPS;Classification_Comments;General_Comments;Plot_Update;Plot_User
DEWA_2314525,tPlots,DEWA_tPlots.csv,251,Plot_Code;Project_Name;Plot_Directions;State;Land_Owner;Elevation;Elev_Units;Slope_Cat;Slope_Degrees;Aspect_Cat;Aspect_Degrees;Topo_Position;Landform;Surficial_Geology;Cowardin_System;Hydro_Regime;Hydrology_Evidence;Landscape_Comments;Soil_Texture;Soil_Drainage;Sensitive_Data;Public_X;Public_Y;Dist_XY;Public_Elev;Dist_Elev
DEWA_2314525,tProjectMetadata,DEWA_tProjectMetadata.csv,1,Project_Name;Park_Code;Project_Contact;Coordinate_System;Datum;Coordinate_Method;GPS_Filename;GPS_Unit;Sampling_Method;Calculation_Method;Taxon_Reference_Source;Project_Comments;T1_DefHgt;T2_DefHgt;T3_DefHgt;S1_DefHgt;S2_DefHgt;S3_DefHgt;H_DefHgt;N_DefHgt;V_DefHgt;A1_DefHgt;A2_DefHgt;E_DefHgt;Date_Created
DEWA_2314525,tSpecies,DEWA_tSpecies.csv,826,Spp_Code;Field_Name;Taxon_Reference;PLANTS_Symbol
DEWA_2314525,xConcept_Reference_lu,DEWA_xConcept_Reference_lu.csv,102,Taxon_Reference_Source
DEWA_2314525,xCoverClass_lu,DEWA_xCoverClass_lu.csv,10,Cover_Class;Range;MidPoint
DEWA_2314525,xHeight_Class_lu,DEWA_xHeight_Class_lu.csv,10,Height_Class;Sort_Order;Max_Val
DEWA_2314525,xHydro_Regime_lu,DEWA_xHydro_Regime_lu.csv,14,Hydro_Regime;Hydro_Definitions
DEWA_2314525,xLandform_lu,DEWA_xLandform_lu.csv,205,Landform;Lndfrm_Definition;Include_Rec
DEWA_2314525,xLeaf_Phenology_lu,DEWA_xLeaf_Phenology_lu.csv,7,Leaf_Phenology;SortOrder
DEWA_2314525,xLeaf_Type_lu,DEWA_xLeaf_Type_lu.csv,8,Leaf_Type;SortOrder
DEWA_2314525,xMapUnit_lu,DEWA_xMapUnit_lu.csv,113,MapUnit_Code;MapUnit
DEWA_2314525,xParks_lu,DEWA_xParks_lu.csv,278,Park_Code;Park_Name;State;Include_Rec
DEWA_2314525,xPhysio_Class_lu,DEWA_xPhysio_Class_lu.csv,8,Physio_Class;Physio_Definition;SortOrder
DEWA_2314525,xSoil_Drainage_lu,DEWA_xSoil_Drainage_lu.csv,6,Soil_Drainage;SortOrder
DEWA_2314525,xSoil_Texture_lu,DEWA_xSoil_Texture_lu.csv,15,Soil_Texture
DEWA_2314525,xState_lu,DEWA_xState_lu.csv,59,State_Code;State_Name;Include_Rec
DEWA_2314525,xStratum_lu,DEWA_xStratum_lu.csv,13,Stratum;Descript;SortOrder
DEWA_2314525,xSurficial_Geology_lu,DEWA_xSurficial_Geology_lu.csv,54,Surficial_Geology;Category;Include_Rec
DEWA_2314525,xTopo_Position_lu,DEWA_xTopo_Position_lu.csv,12,Topo_Position;SortOrder;Include_Rec
DEWA_2314525,xVegAssociation_lu,DEWA_xVegAssociation_lu.csv,58,NVC_Elcode;NVC_Association;Canada;East;Midwest;Southeast;West;Include_Rec
DINO_2314526,DINOAA,DINO_DINOAA.csv,2593,AAID;PhotoType;PhotoRoll;PhotoFrame;PhotoOther;Photographer;PhotoComments;AACode;SiteName;ParkCode;State;UTMEasting;UTMNorthing;UTMZone;SurveyDate;ClassificationComments
DINO_2314526,Final_Class_Import,DINO_Final_Class_Import.csv,727,PlotCode;NatureServeCommunityName;Elcode
DINO_2314526,Final_NVC_Alliance_4_10_08,DINO_Final_NVC_Alliance_4_10_08.csv,853,PlotCode;PlotID;NVC_Name;Elcode;ALLIANCE_KEY;ALLIANCE_NAME
DINO_2314526,Find_duplicates_for_tblPhotos,DINO_Find_duplicates_for_tblPhotos.csv,14,PhotoOther;PhotoRoll;PhotoFrame
DINO_2314526,GDB_DatabaseLocks,DINO_GDB_DatabaseLocks.csv,0,LockID;LockType;UserName;MachineName
DINO_2314526,Gwen_Review_table,DINO_Gwen_Review_table.csv,10668,PlotCode;Associations;Stratum;Species;CoverClass
DINO_2314526,Query1,DINO_Query1.csv,12393,tblVegetation.VegetationID;Associations;tblVegetationDetails.VegetationID;Stratum;TSN;Species;CoverClass
DINO_2314526,Switchboard_Items,DINO_Switchboard_Items.csv,3,SwitchboardID;ItemNumber;ItemText;Command;Argument
DINO_2314526,qrySelectSpecimenRecords,DINO_qrySelectSpecimenRecords.csv,0,VegDetailID;VegetationID;TSN;FullName;SpecimenCollected;CollectedBy;SpecimenNumber
DINO_2314526,qrySpecimenLabel,DINO_qrySpecimenLabel.csv,0,FullName;CollectedBy;SpecimenNumber;SurveyDate;State;ParkCode;UTMEasting;UTMNorthing;UTMZone;County;SiteName;DirectionsToPlot;Elevation;SoilTexture;Landform;Geology
DINO_2314526,replace_plots,DINO_replace_plots.csv,944,ID;PlotCode;BPUCode;State;ParkCode;SiteName;USGSQuad;AerialPhot;Waypoint;UTMEasting;UTMNorthin;Datum;UTMZone;UTM_Error;DiffCorrec;Directions;County;GPSUnit;GPSComment;InPark
DINO_2314526,slgII,DINO_slgII.csv,12393,PlotID;PlotCode;PlotLength;PlotAzimuth;PlotWidth;PlotDiam;PlotShape;UTMEasting;UTMNorthing;VegetationID;Stratum;TSN;CoverClass
DINO_2314526,tblAADetails,DINO_tblAADetails.csv,1543,AAID;AACode;SurveyDate;Surveyors;CameraUsed
DINO_2314526,tblAAEnvironment,DINO_tblAAEnvironment.csv,1543,EnvironmentID;AAID;Slope;Aspect;TopoPosition;Elevation;ElevSource;EnvironmentalComments;Geology;BareSoil;Bedrock;Sand;Moss;Other;OtherPctDesc;Litter;Rocks;Lichen;Gravel;LiveVegLitter;LiveVegWood;Wood;LichenRocks;LichenGround;DarkCyanobacteria;Water
DINO_2314526,tblAAEnvironmentDetails,DINO_tblAAEnvironmentDetails.csv,1764,EnvDetailID;EnvironmentID;Landform
DINO_2314526,tblAALocation,DINO_tblAALocation.csv,1543,AACode;SiteName;USGSQuad;State;County;ParkCode;GPSFileName;GPSUnit;UTMEasting;UTMNorthing;UTMZone;DiffCorrected;Datum;PDOP;UTM.Error;InPark;GPSComments;PrimaryMapUnit;SecondaryMapUnit;RepresentPWP;RepresentATD;ClassificationComments;PlotShape
DINO_2314526,tblAAPhotos,DINO_tblAAPhotos.csv,1644,PhotoID;AAID;PhotoType;PhotoRoll;PhotoFrame;PhotoOther;Photographer;PhotoComments;NCPNImageFileID
DINO_2314526,tblAAPhotosCopy,DINO_tblAAPhotosCopy.csv,1649,PhotoID;AAID;PhotoType;PhotoRoll;PhotoFrame;PhotoOther;Photographer;PhotoComments;NCPNImageFileID
DINO_2314526,tblAAVegAssociation,DINO_tblAAVegAssociation.csv,2417,VegAssocID;AAID;VegAssocCode;FieldKey;NewName;Post_Field_Name;VegAssocRank;OtherAssocCode
DINO_2314526,tblAAVegetation,DINO_tblAAVegetation.csv,1543,VegetationID;AAID;ProvCommunityName;Alliance;Associations;Phenology;LeafType;LeafTypeComments;Physiognom;EmergHt;EmergCovTot;EmergCovPercent;CanHt;CanCovTot;CanCovPercent;SubHt;SubCovTot;SubCovPercent;TallShHt;TallShCovTot;TallShCovPercent;ShrubHt;ShrubCovTot;ShrubCovPercent;DwarfHt;DwarfCovTot;DwarfCovPercent;HTotalHt;HTotalCover;HTotalCoverPercent;H4Ht;H4Cover;H4CoverPercent;NonvasHt;NonvasCovTot;NonvasCovPercent;VineHt;VineTotCov;VineTotPercent;EpiHt;EpiTotCov;EpiTotPercent;PlantSpeciesComments;MultipleAssoc
DINO_2314526,tblAAVegetationDetails,DINO_tblAAVegetationDetails.csv,11351,VegDetailID;VegetationID;Stratum;TSN;Species;CoverClass;CoverPct;Diagnostic;Dead
DINO_2314526,tblDINO_foto_list,DINO_tblDINO_foto_list.csv,1650,FileName;NewFileName
DINO_2314526,tblDINO_foto_list_Without_Matching_tblPhotos,DINO_tblDINO_foto_list_Without_Matching_tblPhotos.csv,13,NewFileName
DINO_2314526,tblDataMgmtLog,DINO_tblDataMgmtLog.csv,7,ActionDate;ActionMonth;ActionYear;Action;Who
DINO_2314526,tblEnvironment,DINO_tblEnvironment.csv,944,EnvironmentID;PlotID;Elevation;Slope;Aspect;TopoPosition;Landform;Geology;CowardinSystem;Hydrology;EnvironmentalComments;BareSoil;Bedrock;Sand;Moss;Other;Litter;Rocks;Lichen;Wood;Gravel;Water;Cryptogam;SoilTexture;SoilDrainage;AnimalUseComments;DisturbanceComments;OtherComments;LandscapeComments;SoilTaxonDesc;LiveVegLitter;LiveVegWood;LichenRocks;LichenGround;MossPct;DarkCyanobacteria;TotalPct
DINO_2314526,tblEnvironmentDetails,DINO_tblEnvironmentDetails.csv,1104,EnvDetailID;EnvironmentID;Landform
DINO_2314526,tblFuels,DINO_tblFuels.csv,721,FuelsID;PlotID;PPDFPhotoGuide;PJPhotoGuide;SBPhotoGuide;PJAgeClass;LitterOrigin;LitterNorth;LitterEast;LitterSouth;LitterWest;DuffOrigin;DuffNorth;DuffEast;DuffSouth;DuffWest;IsSubplot
DINO_2314526,tblFuelsDetails,DINO_tblFuelsDetails.csv,3695,FuelsDetailID;FuelsID;StemCount;StemDiameter;TSN;WoodlandCrownWidth;WoodlandCrownHeight;ForestCrownBaseHeight;ForestCrownHeight;CrownRatio;StructureStage;Comments
DINO_2314526,tblGeneralPhotos,DINO_tblGeneralPhotos.csv,0,GenPhotoID;GenPhotoParkCode;GenPhotoDate;GenPhotographer;GenPhotoDesc;GenPhotoUTME;GenPhotoUTMN;GenUTMZone;GenPhotoRoll10;GenPhotoFrame;GenPhotoDigFile;GenPhotoComments
DINO_2314526,tblGeneralSpecimens,DINO_tblGeneralSpecimens.csv,0,GenSpecimenID;GenSpecFamily;GenSpecLatinName;GenSpecCollector;GenSpecCollectNum;GenSpecAccNumber;GenSpecCatNumber;GenSpecDate;GenSpecUTMN;GenSpecUTME;GenSpecCounty;GenSpecElev;GenSpecLocality;GenSpecHabitat;GenSpecAssocSpec;GenSpecComments
DINO_2314526,tblNCPNPlants,DINO_tblNCPNPlants.csv,3645,TSN;FamilyName;LatinName;Authority;Synonym;CommonName;Exotic;Sensitive;GrowthHabit;PLANTSCode;FullName
DINO_2314526,tblPhotos,DINO_tblPhotos.csv,2142,PhotoID;PlotID;PhotoType;PhotoRoll;PhotoFrame;PhotoOther;Photographer;PhotoComments;NCPNImageFileID
DINO_2314526,tblPhotos_Without_Matching_tblDINO_foto_list,DINO_tblPhotos_Without_Matching_tblDINO_foto_list.csv,503,PhotoOther;PlotID;Photographer;PhotoComments;PhotoRoll;PhotoFrame
DINO_2314526,tblPlotDetails,DINO_tblPlotDetails.csv,944,PlotID;PlotCode;SurveyDate;Surveyors;PlotLength;PlotAzimuth;PlotWidth;PlotDiam;PlotHasPhotos;PlotRepresentation;PlotShape
DINO_2314526,tblPlotLocation,DINO_tblPlotLocation.csv,944,PlotCode;BPUCode;State;ParkCode;SiteName;USGSQuad;AerialPhotoNo;Waypoint;UTMEasting;UTMNorthing;Datum;UTMZone;UTM.Error;DiffCorrected;DirectionsToPlot;County;GPSUnit;GPSComments;InPark
DINO_2314526,tblVegetation,DINO_tblVegetation.csv,944,VegetationID;PlotID;ProvCommunityName;FinalNVCName;Alliance;Associations;Phenology;LeafType;LeafTypeComments;Physiognom;EmergHt;EmergCovTot;CanHt;CanCovTot;SubHt;SubCovTot;TallShHt;TallShCovTot;ShrubHt;ShrubCovTot;DwarfHt;DwarfCovTot;HerbHt;HerbCovTot;GramHt;GramCovTot;ForbHt;ForbCovTot;FernHt;FernCovTot;SeedlHt;SeedlCovTot;NonvasHt;NonvasCovTot;VineHt;VineTotCov;EpiHt;EpiTotCov
DINO_2314526,tblVegetationDetails,DINO_tblVegetationDetails.csv,12393,VegDetailID;VegetationID;Stratum;TSN;Species;CoverClass;SpecimenCollected;CollectedBy;SpecimenNumber;NPSAccessionNumber;NPSCatalogNumber;Diagnostic
DINO_2314526,tlkpAAVegAssocRanks,DINO_tlkpAAVegAssocRanks.csv,3,VegAssocRank
DINO_2314526,tlkpAAVegAssociation,DINO_tlkpAAVegAssociation.csv,303,VegAssocCode;VegAssocName
DINO_2314526,tlkpAlliances,DINO_tlkpAlliances.csv,70,Alliance
DINO_2314526,tlkpAssociations,DINO_tlkpAssociations.csv,190,Associations
DINO_2314526,tlkpCamera,DINO_tlkpCamera.csv,3,CameraType;CameraComments
DINO_2314526,tlkpCover,DINO_tlkpCover.csv,12,CoverClass
DINO_2314526,tlkpCoverAA,DINO_tlkpCoverAA.csv,12,CoverClass
DINO_2314526,tlkpCowardin,DINO_tlkpCowardin.csv,4,CowardinSystem
DINO_2314526,tlkpDinoFinalVegAssocName,DINO_tlkpDinoFinalVegAssocName.csv,154,ELCode;CommunityName
DINO_2314526,tlkpElevSource,DINO_tlkpElevSource.csv,3,ElevSource
DINO_2314526,tlkpGeology,DINO_tlkpGeology.csv,30,Geology
DINO_2314526,tlkpHeightClass,DINO_tlkpHeightClass.csv,10,HeightClass
DINO_2314526,tlkpHydrology,DINO_tlkpHydrology.csv,7,Hydrology
DINO_2314526,tlkpLandform,DINO_tlkpLandform.csv,74,Landform
DINO_2314526,tlkpLeafPhen,DINO_tlkpLeafPhen.csv,5,Phenology
DINO_2314526,tlkpLeafType,DINO_tlkpLeafType.csv,8,LeafType
DINO_2314526,tlkpPJAge,DINO_tlkpPJAge.csv,5,PJAgeClass
DINO_2314526,tlkpParks,DINO_tlkpParks.csv,16,ParkCode;ParkName
DINO_2314526,tlkpPhotoComments,DINO_tlkpPhotoComments.csv,4,PhotoComments
DINO_2314526,tlkpPhotoTypes,DINO_tlkpPhotoTypes.csv,5,PhotoType
DINO_2314526,tlkpPhotographer,DINO_tlkpPhotographer.csv,7,Photographer
DINO_2314526,tlkpPhysiogClass,DINO_tlkpPhysiogClass.csv,8,Physiognom
DINO_2314526,tlkpPlotShapes,DINO_tlkpPlotShapes.csv,4,PlotShape
DINO_2314526,tlkpSoilDrainage,DINO_tlkpSoilDrainage.csv,6,SoilDrainage
DINO_2314526,tlkpSoilTexture,DINO_tlkpSoilTexture.csv,14,SoilTexture
DINO_2314526,tlkpStates,DINO_tlkpStates.csv,51,StateCode;StateName
DINO_2314526,tlkpStrata,DINO_tlkpStrata.csv,14,Stratum;Name
DINO_2314526,tlkpStrataAA,DINO_tlkpStrataAA.csv,11,Stratum
DINO_2314526,tlkpStructureStages,DINO_tlkpStructureStages.csv,4,StructureStage
DINO_2314526,tlkpSurveyors,DINO_tlkpSurveyors.csv,22,SurveyorName
DINO_2314526,tlkpTopography,DINO_tlkpTopography.csv,10,TopoPosition
DINO_2314526,tlkpUSGS_Quad,DINO_tlkpUSGS_Quad.csv,28,USGSQuad;USGSQuadCode
DINO_2314526,tlkpUTMZone,DINO_tlkpUTMZone.csv,2,UTMZone
DINO_2314526,zFieldWidths,DINO_zFieldWidths.csv,19,FieldWidth;FieldWidthDescription
DINO_2314526,zLookupFields,DINO_zLookupFields.csv,28,TableName;SortOrder;FieldName;FieldLabel;FieldWidth;ControlType;RowSource;ColumnCount;ColumnWidths
DINO_2314526,zLookupTables,DINO_zLookupTables.csv,25,TableName;ListName;Description
EBLA_2314528,PLOTS_v4_BE_QA_01_spcov,EBLA_PLOTS_v4_BE_QA_01_spcov.csv,959,Project_Name;AA_Plot;Plot_Code;Plot_Event;Spp_Code;Plants_Symbol;Field_Name;ComName;Family;Stratum;Cover_Code;Real_Cover;Within_Plot;ITIS_TSN;Used_PLANTS;Spp_Update;Spp_User
EBLA_2314528,PLOTS_v4_BE_QA_02_plots,EBLA_PLOTS_v4_BE_QA_02_plots.csv,564,Project_Name;AA_Plot;Plot_Code;Plot_Event;Event_Date;Surveyors;Field_X;Field_Y;GPS_Error;Satellites;UTM_Zone;Plot_Shape;Plot_Radius;Plot_Width;Plot_Length;Observation_pt;State;Land_Owner;Plot_Directions;Elevation;Elev_Units;Slope_Cat;Slope_Degrees;Aspect_Cat;Aspect_Degrees;Topo_Position;Landform;Surficial_Geology;Cowardin_System;Hydro_Regime;Hydrology_Evidence;Landscape_Comments;Soil_Texture;Soil_Drainage;Provisional_Community;NVC_Elcode;NVC_Association;MapUnit;Representativeness;Stand_Size;Environmental_Comments;Plot_Photos;Bedrock;Large_Rocks;Small_Rocks;Sand;Litter;Wood;Standing_Dead;Water;Bare;Other;Other_describe;Leaf_Type;Leaf_Phenology;Physio_Class;T1_Hgt;T2_Hgt;T3_Hgt;S1_Hgt;S2_Hgt;S3_Hgt;H_Hgt;N_Hgt;V_Hgt;A1_Hgt;A2_Hgt;E_Hgt;T1_Cover;T2_Cover;T3_Cover;S1_Cover;S2_Cover;S3_Cover;H_Cover;N_Cover;V_Cover;A1_Cover;A2_Cover;E_Cover;All_Cover;Primary_Code;Primary_Name;Secondary_Code;Secondary_Name;Classified_Code;Classified_Name;General_Comments;Plot_Update;Plot_User
EBLA_2314528,PLOTS_v4_BE_QA_04_duplicates_in_02,EBLA_PLOTS_v4_BE_QA_04_duplicates_in_02.csv,25,Plot_Code;Project_Name;AA_Plot;Plot_Event;Event_Date;Surveyors;Field_X;Field_Y
EBLA_2314528,PLOTS_v4_BE_QA_05_Plots_without_Species,EBLA_PLOTS_v4_BE_QA_05_Plots_without_Species.csv,541,AA_Plot;Plot_Code;Plot_Event
EBLA_2314528,PLOTS_v4_BE_QA_06_Spp_without_Plots,EBLA_PLOTS_v4_BE_QA_06_Spp_without_Plots.csv,0,Plot_Event;Stratum;Spp_Code;Cover_Code;Real_Cover;Within_Plot;Spp_Update;Spp_User
EBLA_2314528,PLOTS_v4_BE_tConnect,EBLA_PLOTS_v4_BE_tConnect.csv,1,Connect_db
EBLA_2314528,PLOTS_v4_BE_tEBLA_MapClass_NVC_lu,EBLA_PLOTS_v4_BE_tEBLA_MapClass_NVC_lu.csv,59,Class;Subclass;Formation;Division;Macrogroup_Code;Macrogroup_Name;Group_Code;Group_Name;Alliance;Alliance_Code;Allianc_Status;Alliance_Source;ELCode;Association;In_key?;Page_in_descriptions;Notes0505;Notes_0509_tg;Notes0516_tg;Notes1209_trg;Notes0324;Confirmed_at_EBLA;Page_in_3_park_association_descriptions.(Crawford.09);Assoc_Status;Area_acreage;Area_ha;Global_Rank;State_Rank;Entry_created_by;Hierarchy_Version;Notes;Reference;Notes_descriptions_post_sampling;Previous_official_description;POD_source;MapUnit_Code;MapUnit_Name
EBLA_2314528,PLOTS_v4_BE_tGlobal,EBLA_PLOTS_v4_BE_tGlobal.csv,4,User_Count;User_Name;User_Email;Last_Modified
EBLA_2314528,PLOTS_v4_BE_tPhotos,EBLA_PLOTS_v4_BE_tPhotos.csv,134,Photo_ID;Plot_Code;Photo_Date;Photo_Type;Photo_Bearing;Photo_Descript;Photographer;Camera_or_Roll;File_Name
EBLA_2314528,PLOTS_v4_BE_tPlotEventSpecies,EBLA_PLOTS_v4_BE_tPlotEventSpecies.csv,418,Plot_Event;Stratum;Spp_Code;Cover_Code;Real_Cover;Within_Plot;Spp_Update;Spp_User
EBLA_2314528,PLOTS_v4_BE_tPlotEvents,EBLA_PLOTS_v4_BE_tPlotEvents.csv,564,Plot_Event;Plot_Code;Event_Date;Surveyors;Field_X;Field_Y;GPS_Error;Satellites;UTM_Zone;Plot_Shape;Plot_Radius;Plot_Width;Plot_Length;Observation_pt;Provisional_Community;NVC_Elcode;Representativeness;Stand_Size;Environmental_Comments;Plot_Photos;Bedrock;Large_Rocks;Small_Rocks;Sand;Litter;Wood;Standing_Dead;Water;Bare;Other;Other_describe;Leaf_Type;Leaf_Phenology;Physio_Class;T1_Hgt;T2_Hgt;T3_Hgt;S1_Hgt;S2_Hgt;S3_Hgt;H_Hgt;N_Hgt;V_Hgt;A1_Hgt;A2_Hgt;E_Hgt;T1_Cover;T2_Cover;T3_Cover;S1_Cover;S2_Cover;S3_Cover;H_Cover;N_Cover;V_Cover;A1_Cover;A2_Cover;E_Cover;All_Cover;Primary_Code;Secondary_Code;Classified_Code;General_Comments;Plot_Update;Plot_User
EBLA_2314528,PLOTS_v4_BE_tPlots,EBLA_PLOTS_v4_BE_tPlots.csv,551,Plot_Code;Project_Name;Plot_Directions;State;Land_Owner;Elevation;Elev_Units;Slope_Cat;Slope_Degrees;Aspect_Cat;Aspect_Degrees;Topo_Position;Landform;Surficial_Geology;Cowardin_System;Hydro_Regime;Hydrology_Evidence;Landscape_Comments;Soil_Texture;Soil_Drainage;AA_Plot;Pnts_Type
EBLA_2314528,PLOTS_v4_BE_tProcessSteps,EBLA_PLOTS_v4_BE_tProcessSteps.csv,1,Project_Name;Process_Step;Process_Date;Process_Person;Process_Notes
EBLA_2314528,PLOTS_v4_BE_tProjectMetadata,EBLA_PLOTS_v4_BE_tProjectMetadata.csv,1,Project_Name;Park_Code;Project_Contact;Coordinate_System;Datum;Coordinate_Method;GPS_Filename;GPS_Unit;Sampling_Method;Calculation_Method;PseudoSpecies;Taxon_Reference_Source;Project_Comments;T1_DefHgt;T2_DefHgt;T3_DefHgt;S1_DefHgt;S2_DefHgt;S3_DefHgt;H_DefHgt;N_DefHgt;V_DefHgt;A1_DefHgt;A2_DefHgt;E_DefHgt;Date_Created;dbVersion
EBLA_2314528,PLOTS_v4_BE_tSpecies,EBLA_PLOTS_v4_BE_tSpecies.csv,111,Spp_Code;Field_Name;Sensitive_Spp;Taxon_Reference;PLANTS_Symbol
EBLA_2314528,PLOTS_v4_BE_xConcept_Reference_lu,EBLA_PLOTS_v4_BE_xConcept_Reference_lu.csv,102,Taxon_Reference_Source
EBLA_2314528,PLOTS_v4_BE_xCoverClass_lu,EBLA_PLOTS_v4_BE_xCoverClass_lu.csv,10,Cover_Class;Range;MidPoint
EBLA_2314528,PLOTS_v4_BE_xEBLA_tMapUnit_NVC_lu,EBLA_PLOTS_v4_BE_xEBLA_tMapUnit_NVC_lu.csv,59,MapUnit_Code;MapUnit;Class;Subclass;Formation;Division;Macrogroup_Code;Macrogroup_Name;Group_Code;Group_Name;Alliance_Name;Allianc_Code;Allianc_Status;Alliance_Source;ELCode;Association
EBLA_2314528,PLOTS_v4_BE_xHeight_Class_lu,EBLA_PLOTS_v4_BE_xHeight_Class_lu.csv,9,Height_Class;Sort_Order;Max_Val
EBLA_2314528,PLOTS_v4_BE_xHydro_Regime_lu,EBLA_PLOTS_v4_BE_xHydro_Regime_lu.csv,14,Hydro_Regime;Hydro_Definitions
EBLA_2314528,PLOTS_v4_BE_xLandform_lu,EBLA_PLOTS_v4_BE_xLandform_lu.csv,204,Landform;Lndfrm_Definition;Include_Rec
EBLA_2314528,PLOTS_v4_BE_xLeaf_Phenology_lu,EBLA_PLOTS_v4_BE_xLeaf_Phenology_lu.csv,7,Leaf_Phenology;SortOrder
EBLA_2314528,PLOTS_v4_BE_xLeaf_Type_lu,EBLA_PLOTS_v4_BE_xLeaf_Type_lu.csv,8,Leaf_Type;SortOrder
EBLA_2314528,PLOTS_v4_BE_xMapUnit_lu,EBLA_PLOTS_v4_BE_xMapUnit_lu.csv,59,MapUnit_Code;MapUnit
EBLA_2314528,PLOTS_v4_BE_xParks_lu,EBLA_PLOTS_v4_BE_xParks_lu.csv,278,Park_Code;Park_Name;State;Include_Rec
EBLA_2314528,PLOTS_v4_BE_xPhysio_Class_lu,EBLA_PLOTS_v4_BE_xPhysio_Class_lu.csv,8,Physio_Class;Physio_Definition;SortOrder
EBLA_2314528,PLOTS_v4_BE_xSoil_Drainage_lu,EBLA_PLOTS_v4_BE_xSoil_Drainage_lu.csv,6,Soil_Drainage;SortOrder
EBLA_2314528,PLOTS_v4_BE_xSoil_Texture_lu,EBLA_PLOTS_v4_BE_xSoil_Texture_lu.csv,13,Soil_Texture
EBLA_2314528,PLOTS_v4_BE_xState_lu,EBLA_PLOTS_v4_BE_xState_lu.csv,59,State_Code;State_Name;Include_Rec
EBLA_2314528,PLOTS_v4_BE_xStratum_lu,EBLA_PLOTS_v4_BE_xStratum_lu.csv,13,Stratum;Descript;SortOrder
EBLA_2314528,PLOTS_v4_BE_xSurficial_Geology_lu,EBLA_PLOTS_v4_BE_xSurficial_Geology_lu.csv,33,Surficial_Geology;Category;Include_Rec
EBLA_2314528,PLOTS_v4_BE_xTopo_Position_lu,EBLA_PLOTS_v4_BE_xTopo_Position_lu.csv,12,Topo_Position;SortOrder;Include_Rec
EBLA_2314528,PLOTS_v4_BE_xVegAssociation_lu,EBLA_PLOTS_v4_BE_xVegAssociation_lu.csv,5863,NVC_Elcode;NVC_Association;Canada;East;Midwest;Southeast;West;Include_Rec
EFMO_2314529,sp_cov,EFMO_sp_cov.csv,2165,Plot_Code;Plot_Event;PLANTS_Symbol;Sci_Name;ComName;Family;ITIS_TSN;Stratum;Spp_Code;Cover_Code;Real_Cover;Within_Plot
EFMO_2314529,tAA,EFMO_tAA.csv,369,AA_Code;Project_Name;Slope_Cat;Slope_Degrees;Aspect_Cat;Aspect_Degrees;Elevation;Elev_Units;Topo_Position;Landscape_Comments
EFMO_2314529,tAAEventSpecies,EFMO_tAAEventSpecies.csv,4515,AA_Event;Stratum;Spp_Code;Cover_Code;Real_Cover;Within_Plot;Spp_Update;Spp_User
EFMO_2314529,tAAEvents,EFMO_tAAEvents.csv,369,AA_Event;AA_Code;Event_Date;Surveyors;Field_X;Field_Y;GPS_Error;Satellites;UTM_Zone;AA_plotsize;AA_plotshape;Primary_Code;Secondary_Code;Classified_Code;AA_Photos;Environmental_Comments;General_Comments;AA_Update;AA_User
EFMO_2314529,tConnect,EFMO_tConnect.csv,1,Connect_db
EFMO_2314529,tGlobal,EFMO_tGlobal.csv,4,User_Count;User_Name;User_Email;Last_Modified
EFMO_2314529,tPhotos,EFMO_tPhotos.csv,694,Photo_ID;Plot_Code;Photo_Date;Photo_Type;Photo_Bearing;Photo_Descript;Photographer;Camera_or_Roll;File_Name
EFMO_2314529,tPlotEventSpecies,EFMO_tPlotEventSpecies.csv,2165,Plot_Event;Stratum;Spp_Code;Cover_Code;Real_Cover;Within_Plot;Spp_Update;Spp_User
EFMO_2314529,tPlotEvents,EFMO_tPlotEvents.csv,106,Plot_Event;Plot_Code;Event_Date;Surveyors;Field_X;Field_Y;GPS_Error;Satellites;UTM_Zone;Plot_Shape;Plot_Radius;Plot_Width;Plot_Length;Observation_pt;Provisional_Community;NVC_Elcode;Representativeness;Stand_Size;Environmental_Comments;Plot_Photos;Bedrock;Large_Rocks;Small_Rocks;Sand;Litter;Wood;Water;Bare;Other;Other_describe;Leaf_Type;Leaf_Phenology;Physio_Class;T1_Hgt;T2_Hgt;T3_Hgt;S1_Hgt;S2_Hgt;S3_Hgt;H_Hgt;N_Hgt;V_Hgt;A1_Hgt;A2_Hgt;E_Hgt;T1_Cover;T2_Cover;T3_Cover;S1_Cover;S2_Cover;S3_Cover;H_Cover;N_Cover;V_Cover;A1_Cover;A2_Cover;E_Cover;All_Cover;General_Comments;Plot_Update;Plot_User
EFMO_2314529,tPlots,EFMO_tPlots.csv,106,Plot_Code;Project_Name;Plot_Directions;State;Land_Owner;Elevation;Elev_Units;Slope_Cat;Slope_Degrees;Aspect_Cat;Aspect_Degrees;Topo_Position;Landform;Surficial_Geology;Cowardin_System;Hydro_Regime;Hydrology_Evidence;Landscape_Comments;Soil_Texture;Soil_Drainage;Sensitive_Data;Public_X;Public_Y;Dist_XY;Public_Elev;Dist_Elev
EFMO_2314529,tProjectMetadata,EFMO_tProjectMetadata.csv,1,Project_Name;Park_Code;Project_Contact;Coordinate_System;Datum;Coordinate_Method;GPS_Filename;GPS_Unit;Sampling_Method;Calculation_Method;Taxon_Reference_Source;Project_Comments;T1_DefHgt;T2_DefHgt;T3_DefHgt;S1_DefHgt;S2_DefHgt;S3_DefHgt;H_DefHgt;N_DefHgt;V_DefHgt;A1_DefHgt;A2_DefHgt;E_DefHgt;Date_Created
EFMO_2314529,tSpecies,EFMO_tSpecies.csv,356,Spp_Code;Field_Name;Taxon_Reference;PLANTS_Symbol
EFMO_2314529,xConcept_Reference_lu,EFMO_xConcept_Reference_lu.csv,102,Taxon_Reference_Source
EFMO_2314529,xCoverClass_lu,EFMO_xCoverClass_lu.csv,6,Cover_Class;Range;MidPoint
EFMO_2314529,xHeight_Class_lu,EFMO_xHeight_Class_lu.csv,9,Height_Class;Sort_Order;Max_Val
EFMO_2314529,xHydro_Regime_lu,EFMO_xHydro_Regime_lu.csv,15,Hydro_Regime;Hydro_Definitions
EFMO_2314529,xLandform_lu,EFMO_xLandform_lu.csv,204,Landform;Lndfrm_Definition;Include_Rec
EFMO_2314529,xLeaf_Phenology_lu,EFMO_xLeaf_Phenology_lu.csv,7,Leaf_Phenology;SortOrder
EFMO_2314529,xLeaf_Type_lu,EFMO_xLeaf_Type_lu.csv,8,Leaf_Type;SortOrder
EFMO_2314529,xMapUnit_lu,EFMO_xMapUnit_lu.csv,47,MapUnit_Code;MapUnit
EFMO_2314529,xParks_lu,EFMO_xParks_lu.csv,278,Park_Code;Park_Name;State;Include_Rec
EFMO_2314529,xPhysio_Class_lu,EFMO_xPhysio_Class_lu.csv,8,Physio_Class;Physio_Definition;SortOrder
EFMO_2314529,xSoil_Drainage_lu,EFMO_xSoil_Drainage_lu.csv,7,Soil_Drainage;SortOrder
EFMO_2314529,xSoil_Texture_lu,EFMO_xSoil_Texture_lu.csv,15,Soil_Texture
EFMO_2314529,xState_lu,EFMO_xState_lu.csv,59,State_Code;State_Name;Include_Rec
EFMO_2314529,xStratum_lu,EFMO_xStratum_lu.csv,13,Stratum;Descript;SortOrder
EFMO_2314529,xSurficial_Geology_lu,EFMO_xSurficial_Geology_lu.csv,33,Surficial_Geology;Category;Include_Rec
EFMO_2314529,xTopo_Position_lu,EFMO_xTopo_Position_lu.csv,23,Topo_Position;SortOrder;Include_Rec
EFMO_2314529,xVegAssociation_lu,EFMO_xVegAssociation_lu.csv,15,NVC_Elcode;NVC_Association;Canada;East;Midwest;Southeast;West;Include_Rec
EISE_2314554,GETT_EISE_AA-Species,GETT_EISE_AA-Species.csv,2431,AA.Obs.Code;AA.Species.Counter;Plant.Symbol;Scientific.Name;Common.Name;Family;Original.Name;Specimen.Number;Used.PLANTS;Source;Stratum.Sort;Stratum;Diagnostic;Range.Cover;Real.Cover;Other.Measure1;Other.Measure2;Update;User
EISE_2314554,GETT_EISE_AA_Observations,GETT_EISE_AA_Observations.csv,227,"AA.Obs.Code;Air.Photo.Number;Polygon.Code;County.Name;Polygon.Size;Primary.Community.Name;Secondary.Community.Name;Classified.Community.Name;NVC.Elcode;EONum.Suffix;Location.Code;Sublocation;Sublocation2;Quad.Name;Quad.Code;Coord.System;GPS.File;GPS.Techniques;Field.UTM.X;Field.UTM.Y;Corrected.UTM.X;Corrected.UTM.Y;UTM.Zone;GPS.Accuracy;GPS.Datum;Field.Lat;Field.Long;Corrected.Lat;Corrected.Long;Survey.Date;Surveyors;Elevation;Elevation.Units;Slope;Precise.Slope;Aspect;Precise.Aspect;Topo.Position;Landform;Surficial.Geology;Cowardin.System;Hydro.Regime;Salinity/Halinity;Hydrology.Evidence;Environmental.Comments;Landscape.Comments;%.Bedrock;%.Large.Rocks;%.Small.Rocks;%.Sand;%.Litter,.Duff;%.Wood;%.Water;%.Bare.Soil;%.Other;%.Other.Description;Leaf.Phenology;Leaf.Type;Physio.Class;T1.Hgt;T1.Cover;T2.Hgt;T2.Cover;T3.Hgt;T3.Cover;S1.Hgt;S1.Cover;S2.Hgt;S2.Cover;S3.Hgt;S3.Cover;H.Hgt;H.Cover;N.Hgt;N.Cover;V.Hgt;V.Cover;E.Hgt;E.Cover;Other.Measure1.Defined;Other.Measure2.Defined;Disturbance.Comments;Polygon.Heterogeneity.Comments;Classification.Comments;Other.Comments;Update;User;Species.Counter;Optional.Fields.Defined;Opt1;Opt2;Opt3;Opt4;Opt5"
EISE_2314554,GETT_EISE_AA_Species_Strata_list,GETT_EISE_AA_Species_Strata_list.csv,375,Scientific.Name;Common.Name;Stratum;CountOfScientific.Name
EISE_2314554,GETT_EISE_Geology_Classes,GETT_EISE_Geology_Classes.csv,35,Sort.order;Designation;Exemplars/Qualifiers
EISE_2314554,GETT_EISE_Jurisdictions,GETT_EISE_Jurisdictions.csv,52,Jurisdiction.Code;Jurisdiction.Name
EISE_2314554,GETT_EISE_Locations,GETT_EISE_Locations.csv,262,Location.Code;Location.Name;Jurisdiction.Code;Organization;Plot.Code.Counter;AA.Code.Counter
EISE_2314554,GETT_EISE_Plot_Species_Strata_List,GETT_EISE_Plot_Species_Strata_List.csv,561,Scientific.Name;Common.Name;Stratum;CountOfScientific.Name
EISE_2314554,GETT_EISE_Plots-Species,GETT_EISE_Plots-Species.csv,2972,Plot.Code;Plot.Species.Counter;Plant.Symbol;Scientific.Name;Common.Name;Family;Original.Name;Specimen.Number;Used.PLANTS;Source;Within.Plot;Stratum.Sort;Stratum;Diagnostic;Range.Cover;Real.Cover;Other.Measure1;Other.Measure2;DBH;Update;User
EISE_2314554,GETT_EISE_Plots,GETT_EISE_Plots.csv,70,"Plot.Code;SubPlot;SubPlot.Parent.Code;Air.Photo.Number;County;Polygon.Code;Provisional.Community.Name;Classified.Community.Name;NVC.Elcode;EONum.Suffix;Location.Code;Sublocation;Sublocation2;Quad.Name;Quad.Code;Coord.System;GPS.File;GPS.Techniques;Field.UTM.X;Field.UTM.Y;Corrected.UTM.X;Corrected.UTM.Y;UTM.Zone;GPS.Datum;GPS.Accuracy;Field.Lat;Field.Long;Corrected.Lat;Corrected.Long;Survey.Date;Surveyors;Plot.Directions;X.Dimension;Y.Dimension;Plot.Shape;Photos;Roll.Number;Frame.Number;Permanent;Representativeness;Elevation;Elevation.Units;Slope;Precise.Slope;Aspect;Precise.Aspect;Topo.Position;Landform;Surficial.Geology;Cowardin.System;Hydro.Regime;Salinity/Halinity;Hydrology.Evidence;Environmental.Comments;Landscape.Comments;Soil.Taxon/Description;Soil.Texture;Soil.Depth;Soil.Depth.Units;Soil.Drainage;%.Bedrock;%.Large.Rocks;%.Small.Rocks;%.Sand;%.Litter,.Duff;%.Wood;%.Water;%.Bare.Soil;%.Other;%.Other.Description;Leaf.Phenology;Leaf.Type;Physio.Class;T1.Hgt;T1.Cover;T2.Hgt;T2.Cover;T3.Hgt;T3.Cover;S1.Hgt;S1.Cover;S2.Hgt;S2.Cover;S3.Hgt;S3.Cover;H.Hgt;H.Cover;N.Hgt;N.Cover;V.Hgt;V.Cover;E.Hgt;E.Cover;Other.Measure1.Defined;Other.Measure2.Defined;Animal.Use.Evidence;Disturbance.Comments;Other.Comments;Update;User;Species.Counter;Optional.Fields.Defined;Opt1;Opt2;Opt3;Opt4;Opt5"
EISE_2314554,GETT_EISE_Project_Metadata,GETT_EISE_Project_Metadata.csv,1,Name;Description;Start;Stop;Contributor;Plot.Selection.Design;Layout.Narrative;Cover.Method;Placement.Method;Taxon.Observation.Area;Cover.Dispersion;AutoTaxonCover;Stratum.Method;Stratum.Method.Description;Taxonomic.Citation
ELMA_2314531,Table1,ELMA_Table1.csv,21,Field1;Field2;Field3;Field4;Field5;Field6;Field7;Field8;Field9;Field10;_ID
ELMA_2314531,sp_cov,ELMA_sp_cov.csv,8332,Plot_Event;PLANTS_Symbol;Field_Name;ComName;Family;ITIS_TSN;Stratum;Spp_Code;Range_Stratum_Cover;Real_Stratum_Cover;Within_Plot
ELMA_2314531,sp_cov2,ELMA_sp_cov2.csv,8388,Plot_Event;Spp_Code;Stratum;Range_Stratum_Cover;Real_Stratum_Cover;Within_Plot
ELMA_2314531,tAA,ELMA_tAA.csv,1190,AA_Code;NHNM_Plot_ID;Project_Name;Calc_X;Calc_Y;Slope_Cat;Slope_Degrees;Aspect_Cat;Aspect_Degrees;Elevation;Elev_Units;AutoKeyMaker
ELMA_2314531,tAAEvents,ELMA_tAAEvents.csv,1190,AA_Event;AA_Code;NHNM_Plot_ID;Event_Date;Surveyors;Field_X;Field_Y;GPS_Error;UTM_Zone;PMapUnit_Code;SMapUnit_Code;AA_Photos;AA_Update;AA_User
ELMA_2314531,tAAPhotos,ELMA_tAAPhotos.csv,4755,Photo_ID;AA_Code;NHNM_Plot_ID;Photo_Date;Photo_Type;Photo_Bearing;Photo_Descript;Photographer;Camera_or_Roll;File_Name
ELMA_2314531,tAASpp,ELMA_tAASpp.csv,10933,NMSpName;ACRO1;NM_K_Symbol;Abundance;Straka_ID
ELMA_2314531,tAAStrata,ELMA_tAAStrata.csv,4348,AA_Code;AA_Event;PlotID;StratumCode;Strata_ID
ELMA_2314531,tConnect,ELMA_tConnect.csv,1,Connect_db
ELMA_2314531,tGlobal,ELMA_tGlobal.csv,8,User_Count;User_Name;User_Email;Last_Modified
ELMA_2314531,tPhotos,ELMA_tPhotos.csv,1320,Photo_ID;Plot_Code;NHNM_Plot_ID;Photo_Date;Photo_Type;Photo_Bearing;Photo_Descript;Photographer;Camera_or_Roll;File_Name
ELMA_2314531,tPlotEventSpecies,ELMA_tPlotEventSpecies.csv,7859,Plot_Event;Spp_Code;Within_Plot;Total_Plot_Cover;Calculation_Method;Range_Plot_Cover;Real_Plot_Cover;Spp_Update;Spp_User;EcomonRecID
ELMA_2314531,tPlotEventSpeciesStratum,ELMA_tPlotEventSpeciesStratum.csv,8388,Plot_Event;Spp_Code;Stratum;Diagnostic;Range_Stratum_Cover;Real_Stratum_Cover;EcomonRecID
ELMA_2314531,tPlotEvents,ELMA_tPlotEvents.csv,476,Plot_Event;Plot_Code;NHNM_Plot_ID;Event_Date;Surveyors;Field_X;Field_Y;GPS_Error;UTM_Zone;Plot_Shape;Plot_Radius;Plot_Width;Plot_Length;Observation_pt;Provisional_Community;NVC_Elcode;Representativeness;Stand_Size;Environmental_Comments;Plot_Photos;Bedrock;Large_Rocks;Small_Rocks;Sand;Litter;Wood;Water;Bare;Other;Other_describe;Leaf_Type;Leaf_Phenology;Physio_Class;T1_Hgt;T1_Cover;T2_Hgt;T2_Cover;T3_Hgt;T3_Cover;S1_Hgt;S1_Cover;S2_Hgt;S2_Cover;H_Hgt;H_Cover;N_Hgt;N_Cover;V_Hgt;V_Cover;Plot_Update;Plot_User;EcomonRecID;NVC_Elcode_Secondary
ELMA_2314531,tPlots,ELMA_tPlots.csv,476,Plot_Code;NHNM_Plot_ID;Plot_Type;Project_Name;Subproject_Name;Calc_X;Calc_Y;Plot_Directions;Elevation;Elev_Units;Slope_Cat;Slope_Degrees;Aspect_Cat;Aspect_Degrees;Topo_Position;Landform;Surficial_Geology;Cowardin_System;Hydro_Regime;Hydrology_Evidence;Landscape_Comments;Soil_Texture;Soil_Drainage;AutoKeyMaker
ELMA_2314531,tProjectMetadata,ELMA_tProjectMetadata.csv,1,Project_Name;Parent_Project_Code;Parent_Project_RecID;Park_Code;Coordinate_System;Datum;Coordinate_Method;GPS_Filename;GPS_Unit;Sampling_Method;Key_Nomenclature_Source;Project_Comments;Date_Created;Subproject_Code;Subproject_RecID
ELMA_2314531,tSpecies,ELMA_tSpecies.csv,483,Spp_Code;Field_Name;Concept_Reference;PLANTS_Symbol;ComName
ELMA_2314531,xCoverClass_lu,ELMA_xCoverClass_lu.csv,10,Cover_Class;Range;MidPoint
ELMA_2314531,xHydro_Regime_lu,ELMA_xHydro_Regime_lu.csv,14,Hydro_Regime;Hydro_Definitions
ELMA_2314531,xLandform_lu,ELMA_xLandform_lu.csv,204,Landform;Lndfrm_Definition;Include_Rec
ELMA_2314531,xLeaf_Phenology_lu,ELMA_xLeaf_Phenology_lu.csv,7,Leaf_Phenology;SortOrder
ELMA_2314531,xLeaf_Type_lu,ELMA_xLeaf_Type_lu.csv,8,Leaf_Type;SortOrder
ELMA_2314531,xMapUnit_lu,ELMA_xMapUnit_lu.csv,49,MapUnit_Code;MapUnit_Name;Parent_Project_Code
ELMA_2314531,xParks_lu,ELMA_xParks_lu.csv,278,Park_Code;Park_Name;State;Include_Rec
ELMA_2314531,xPhysio_Class_lu,ELMA_xPhysio_Class_lu.csv,8,Physio_Class;Physio_Definition;SortOrder
ELMA_2314531,xSoil_Drainage_lu,ELMA_xSoil_Drainage_lu.csv,6,Soil_Drainage;SortOrder
ELMA_2314531,xSoil_Texture_lu,ELMA_xSoil_Texture_lu.csv,8,Soil_Texture
ELMA_2314531,xStratum_lu,ELMA_xStratum_lu.csv,9,Stratum;Descript;SortOrder
ELMA_2314531,xSurficial_Geology_lu,ELMA_xSurficial_Geology_lu.csv,40,Surficial_Geology;Category;Include_Rec
ELMA_2314531,xTopo_Position_lu,ELMA_xTopo_Position_lu.csv,12,Topo_Position;SortOrder;Include_Rec
ELMA_2314531,xVegAssociation_lu,ELMA_xVegAssociation_lu.csv,58,NVC_Elcode;NVC_Association;Canada;East;Midwest;Southeast;West;Include_Rec;NML6RecID;NML6Name
ELMO_2314532,tblEnvironment,ELMO_tblEnvironment.csv,47,"AA.Obs.Code;PlotID;EnvironmentID;Elevation;Elevation.Units;Slope;Precise.Slope;Aspect;Precise.Aspect;Topo.Position;Landform;Surficial.Geology;Cowardin.System;Hydro.Regime;Salinity/Halinity;Hydrology.Evidence;Environmental.Comments;Landscape.Comments;%.Bedrock;%.Large.Rocks;%.Small.Rocks;%.Sand;%.Litter,.Duff;%.Wood;%.Water;%.Bare.Soil;%.Other;%.Other.Description"
ELMO_2314532,tblEnvironmentDetails,ELMO_tblEnvironmentDetails.csv,47,EnvironmentID;Landform
ELMO_2314532,tblPhotos,ELMO_tblPhotos.csv,176,Plot_ID;Photo_Name
ELMO_2314532,tblPlotDetails,ELMO_tblPlotDetails.csv,47,PlotCode;PlotID;Survey.Date;Surveyors
ELMO_2314532,tblPlotLocation,ELMO_tblPlotLocation.csv,47,PlotCode;County;Air.Photo.Number;Polygon.Code;Polygon.Size;ParkCode;Sublocation;Sublocation2;USGSQuad;Quad.Code;Coord.System;GPS.File;GPS.Techniques;UTMEasting;UTMNorthing;Corrected.UTM.X;Corrected.UTM.Y;UTM.Zone;GPS.Datum;GPS.Accuracy;Field.Lat;Field.Long;Corrected.Lat;Corrected.Long
ELMO_2314532,tblVegetation,ELMO_tblVegetation.csv,47,PlotID;VegetationID;Primary.Community.Name;Secondary.Community.Name;Classified.Community.Name;NVC.ELCODE;EONum.Suffix;Phenology;LeafType;Physiognom;EmergHt;EmergCovTot;CanHt;CanCovTot;SubHt;SubCovTot;TallShHt;TallShCovTot;ShrubHt;ShrubCovTot;DwarfHt;DwarfCovTot;HerbHt;HerbCovTot;NonvasHt;NonvasCovTot;VineHt;VineTotCov;EpiHt;EpiTotCov;Classification.Comments;Other.Comments;AA.Obs.Code
ELMO_2314532,tblVegetationDetails,ELMO_tblVegetationDetails.csv,213,VegetationID;Plant.Symbol;Scientific.Name;Common.Name;Family;Specimen.Number;Used.PLANTS;Source;Stratum.Sort;Stratum;Diagnostic;Range.Cover;Real.Cover;Other.Measure1;Other.Measure2;Update;User;AA.Species.Counter
ELMO_2314532,~TMPCLP13141,ELMO_~TMPCLP13141.csv,47,PlotID;VegetationID;Primary.Community.Name;Secondary.Community.Name;Classified.Community.Name;NVC.ELCODE;EONum.Suffix;Phenology;LeafType;Physiognom;T1.Hgt;T1.Cover;T2.Hgt;T2.Cover;T3.Hgt;T3.Cover;S1.Hgt;S1.Cover;S2.Hgt;S2.Cover;S3.Hgt;S3.Cover;H.Hgt;H.Cover;N.Hgt;N.Cover;V.Hgt;V.Cover;E.Hgt;E.Cover;Classification.Comments;Other.Comments
ELMO_2314532,~TMPCLP542631,ELMO_~TMPCLP542631.csv,0,PlotID;VegetationID;Primary.Community.Name;Secondary.Community.Name;Classified.Community.Name;NVC.ELCODE;EONum.Suffix;Phenology;LeafType;Physiognom;EmergHt;EmergCovTot;CanHt;CanCovTot;SubHt;SubCovTot;TallShHt;TallShCovTot;ShrubHt;ShrubCovTot;DwarfHt;DwarfCovTot;HerbHt;HerbCovTot;NonvasHt;NonvasCovTot;VineHt;VineTotCov;EpiHt;EpiTotCov;Classification.Comments;Other.Comments
ELMO_2314532,~TMPCLP557131,ELMO_~TMPCLP557131.csv,0,VegetationID;Plant.Symbol;Scientific.Name;Common.Name;Family;Specimen.Number;Used.PLANTS;Source;Stratum.Sort;Stratum;Diagnostic;Range.Cover;Real.Cover;Other.Measure1;Other.Measure2;Update;User;AA.Species.Counter
FOCA_2314538,QA_01_spcov,FOCA_QA_01_spcov.csv,287,Project_Name;AA_Plot;Plot_Code;Plot_Event;Spp_Code;Plants_Symbol;Field_Name;ComName;Family;Stratum;Cover_Code;Real_Cover;Within_Plot;ITIS_TSN;Used_PLANTS;Spp_Update;Spp_User
FOCA_2314538,QA_02_plots,FOCA_QA_02_plots.csv,54,Project_Name;AA_Plot;Plot_Code;Plot_Event;Event_Date;Surveyors;Field_X;Field_Y;GPS_Error;Satellites;UTM_Zone;Plot_Shape;Plot_Radius;Plot_Width;Plot_Length;Observation_pt;State;Land_Owner;Plot_Directions;Elevation;Elev_Units;Slope_Cat;Slope_Degrees;Aspect_Cat;Aspect_Degrees;Topo_Position;Landform;Surficial_Geology;Cowardin_System;Hydro_Regime;Hydrology_Evidence;Landscape_Comments;Soil_Texture;Soil_Drainage;Provisional_Community;NVC_Elcode;NVC_Association;MapUnit;Representativeness;Stand_Size;Environmental_Comments;Plot_Photos;Bedrock;Large_Rocks;Small_Rocks;Sand;Litter;Wood;Standing_Dead;Water;Bare;Other;Other_describe;Leaf_Type;Leaf_Phenology;Physio_Class;T1_Hgt;T2_Hgt;T3_Hgt;S1_Hgt;S2_Hgt;S3_Hgt;H_Hgt;N_Hgt;V_Hgt;A1_Hgt;A2_Hgt;E_Hgt;T1_Cover;T2_Cover;T3_Cover;S1_Cover;S2_Cover;S3_Cover;H_Cover;N_Cover;V_Cover;A1_Cover;A2_Cover;E_Cover;All_Cover;Primary_Code;Primary_Name;Secondary_Code;Secondary_Name;Classified_Code;Classified_Name;General_Comments;Plot_Update;Plot_User
FOCA_2314538,QA_03_duplicates_in_01,FOCA_QA_03_duplicates_in_01.csv,0,Plot_Code;Spp_Code;Stratum;AA_Plot;Plot_Event;Field_Name;ComName;Cover_Code;Real_Cover;Within_Plot;Spp_Update;Spp_User
FOCA_2314538,QA_04_duplicates_in_02,FOCA_QA_04_duplicates_in_02.csv,0,Plot_Code;Project_Name;AA_Plot;Plot_Event;Event_Date;Surveyors;Field_X;Field_Y
FOCA_2314538,QA_05_Plots_without_Species,FOCA_QA_05_Plots_without_Species.csv,0,AA_Plot;Plot_Code;Plot_Event
FOCA_2314538,QA_06_Spp_without_Plots,FOCA_QA_06_Spp_without_Plots.csv,0,Plot_Event;Stratum;Spp_Code;Cover_Code;Real_Cover;Within_Plot;Spp_Update;Spp_User
FOCA_2314538,USysApplicationLog,FOCA_USysApplicationLog.csv,1407,ID;SourceObject;Data.Macro.Instance.ID;Error.Number;Category;Object.Type;Description;Context;Created
FOCA_2314538,tConnect,FOCA_tConnect.csv,1,Connect_db
FOCA_2314538,tGlobal,FOCA_tGlobal.csv,16,User_Count;User_Name;User_Email;Last_Modified
FOCA_2314538,tPhotos,FOCA_tPhotos.csv,321,Photo_ID;Plot_Code;Photo_Date;Photo_Type;Photo_Bearing;Photo_Descript;Photographer;Camera_or_Roll;File_Name
FOCA_2314538,tPlotEventSpecies,FOCA_tPlotEventSpecies.csv,287,Plot_Event;Stratum;Spp_Code;Cover_Code;Real_Cover;Within_Plot;Spp_Update;Spp_User
FOCA_2314538,tPlotEvents,FOCA_tPlotEvents.csv,54,Plot_Event;Plot_Code;Event_Date;Surveyors;Field_X;Field_Y;GPS_Error;Satellites;UTM_Zone;Plot_Shape;Plot_Radius;Plot_Width;Plot_Length;Observation_pt;Provisional_Community;NVC_Elcode;Representativeness;Stand_Size;Environmental_Comments;Plot_Photos;Bedrock;Large_Rocks;Small_Rocks;Sand;Litter;Wood;Standing_Dead;Water;Bare;Other;Other_describe;Leaf_Type;Leaf_Phenology;Physio_Class;T1_Hgt;T2_Hgt;T3_Hgt;S1_Hgt;S2_Hgt;S3_Hgt;H_Hgt;N_Hgt;V_Hgt;A1_Hgt;A2_Hgt;E_Hgt;T1_Cover;T2_Cover;T3_Cover;S1_Cover;S2_Cover;S3_Cover;H_Cover;N_Cover;V_Cover;A1_Cover;A2_Cover;E_Cover;All_Cover;Primary_Code;Secondary_Code;Classified_Code;General_Comments;Plot_Update;Plot_User;Representativeness_Comment
FOCA_2314538,tPlots,FOCA_tPlots.csv,54,Plot_Code;Project_Name;Plot_Directions;State;Land_Owner;Elevation;Elev_Units;Slope_Cat;Slope_Degrees;Aspect_Cat;Aspect_Degrees;Topo_Position;Landform;Surficial_Geology;Cowardin_System;Hydro_Regime;Hydrology_Evidence;Landscape_Comments;Soil_Texture;Soil_Drainage;AA_Plot
FOCA_2314538,tProcessSteps,FOCA_tProcessSteps.csv,1,Project_Name;Process_Step;Process_Date;Process_Person;Process_Notes
FOCA_2314538,tProjectMetadata,FOCA_tProjectMetadata.csv,1,Project_Name;Park_Code;Project_Contact;Coordinate_System;Datum;Coordinate_Method;GPS_Filename;GPS_Unit;Sampling_Method;Calculation_Method;PseudoSpecies;Taxon_Reference_Source;Project_Comments;T1_DefHgt;T2_DefHgt;T3_DefHgt;S1_DefHgt;S2_DefHgt;S3_DefHgt;H_DefHgt;N_DefHgt;V_DefHgt;A1_DefHgt;A2_DefHgt;E_DefHgt;Date_Created;dbVersion
FOCA_2314538,tSpecies,FOCA_tSpecies.csv,34629,Spp_Code;Field_Name;Sensitive_Spp;Taxon_Reference;PLANTS_Symbol
FOCA_2314538,xConcept_Reference_lu,FOCA_xConcept_Reference_lu.csv,102,Taxon_Reference_Source
FOCA_2314538,xCoverClass_lu,FOCA_xCoverClass_lu.csv,10,Cover_Class;Range;MidPoint
FOCA_2314538,xHeight_Class_lu,FOCA_xHeight_Class_lu.csv,9,Height_Class;Sort_Order;Max_Val
FOCA_2314538,xHydro_Regime_lu,FOCA_xHydro_Regime_lu.csv,14,Hydro_Regime;Hydro_Definitions
FOCA_2314538,xLandform_lu,FOCA_xLandform_lu.csv,204,Landform;Lndfrm_Definition;Include_Rec
FOCA_2314538,xLeaf_Phenology_lu,FOCA_xLeaf_Phenology_lu.csv,7,Leaf_Phenology;SortOrder
FOCA_2314538,xLeaf_Type_lu,FOCA_xLeaf_Type_lu.csv,8,Leaf_Type;SortOrder
FOCA_2314538,xMapUnit_lu,FOCA_xMapUnit_lu.csv,0,MapUnit_Code;MapUnit
FOCA_2314538,xParks_lu,FOCA_xParks_lu.csv,278,Park_Code;Park_Name;State;Include_Rec
FOCA_2314538,xPhysio_Class_lu,FOCA_xPhysio_Class_lu.csv,8,Physio_Class;Physio_Definition;SortOrder
FOCA_2314538,xSoil_Drainage_lu,FOCA_xSoil_Drainage_lu.csv,6,Soil_Drainage;SortOrder
FOCA_2314538,xSoil_Texture_lu,FOCA_xSoil_Texture_lu.csv,13,Soil_Texture
FOCA_2314538,xState_lu,FOCA_xState_lu.csv,59,State_Code;State_Name;Include_Rec
FOCA_2314538,xStratum_lu,FOCA_xStratum_lu.csv,13,Stratum;Descript;SortOrder
FOCA_2314538,xSurficial_Geology_lu,FOCA_xSurficial_Geology_lu.csv,33,Surficial_Geology;Category;Include_Rec
FOCA_2314538,xTopo_Position_lu,FOCA_xTopo_Position_lu.csv,12,Topo_Position;SortOrder;Include_Rec
FOCA_2314538,xVegAssociation_lu,FOCA_xVegAssociation_lu.csv,5863,NVC_Elcode;NVC_Association;Canada;East;Midwest;Southeast;West;Include_Rec
FOMA_2314544,Dom_Veg,FOMA_Dom_Veg.csv,146,ID;Plants_Symbol;Sci_Name;ComName;SciName_w_Auth;Family;ITIS_TSN
FOMA_2314544,FieldCollectionFormTable,FOMA_FieldCollectionFormTable.csv,64,AAPointCode;Park;FormDate;Observers;PhotoNumber;CoordinateX;CoordinateY;EstAccuracy;NumOfSats;EvrnComments;LeafPhenology;LeafType;PhysiognomicClass;PrimVeg;SecVeg;VegAssocOTHR;Represent_Rank;Represent_Comment;OHorizonDepth;AHorizonDepth;SoilTexture;SoilNotes;ClassComments;Plot_Event;PrjName
FOMA_2314544,FieldCollection_Veg_Comp,FOMA_FieldCollection_Veg_Comp.csv,277,ID;AAPointCode;Park;Stratum;Species;TaxonCode;CanopyPCT;SubCanopyPCT;ShrubPCT;HerbLPCT;Plot_Event;Range_Cover
FOMA_2314544,PHOTO_LOG,FOMA_PHOTO_LOG.csv,337,ID;OBJECTID;Lat;Lon;Ele;Dir;FOV;Picture;Original;FileName;Title;Subject;Comment;Descriptio;Tags;Latitude;Longitude;TimeStamp;DateStamp;Elevation;PhotoDirec;Make;Model;AACode;Type;Park;Comment_1;Acc_ID;A_Code_Num;LtrDir;Plot_LS
FOMA_2314544,QA_01_spcov,FOMA_QA_01_spcov.csv,277,Project_Name;AA_Plot;Plot_Code;Plot_Event;Spp_Code;Plants_Symbol;Field_Name;ComName;Family;Stratum;Cover_Code;Real_Cover;Within_Plot;ITIS_TSN;Used_PLANTS;Spp_Update;Spp_User
FOMA_2314544,QA_02_plots,FOMA_QA_02_plots.csv,64,Project_Name;AA_Plot;Plot_Code;Plot_Event;Event_Date;Surveyors;Field_X;Field_Y;GPS_Error;Satellites;UTM_Zone;Plot_Shape;Plot_Radius;Plot_Width;Plot_Length;Observation_pt;State;Land_Owner;Plot_Directions;Elevation;Elev_Units;Slope_Cat;Slope_Degrees;Aspect_Cat;Aspect_Degrees;Topo_Position;Landform;Surficial_Geology;Cowardin_System;Hydro_Regime;Hydrology_Evidence;Landscape_Comments;Soil_Texture;Soil_Drainage;Provisional_Community;NVC_Elcode;NVC_Association;MapUnit;Representativeness;Stand_Size;Environmental_Comments;Plot_Photos;Bedrock;Large_Rocks;Small_Rocks;Sand;Litter;Wood;Standing_Dead;Water;Bare;Other;Other_describe;Leaf_Type;Leaf_Phenology;Physio_Class;T1_Hgt;T2_Hgt;T3_Hgt;S1_Hgt;S2_Hgt;S3_Hgt;H_Hgt;N_Hgt;V_Hgt;A1_Hgt;A2_Hgt;E_Hgt;T1_Cover;T2_Cover;T3_Cover;S1_Cover;S2_Cover;S3_Cover;H_Cover;N_Cover;V_Cover;A1_Cover;A2_Cover;E_Cover;All_Cover;Primary_Code;Primary_Name;Secondary_Code;Secondary_Name;Classified_Code;Classified_Name;General_Comments;Plot_Update;Plot_User
FOMA_2314544,QA_03_duplicates_in_01,FOMA_QA_03_duplicates_in_01.csv,0,Plot_Code;Spp_Code;Stratum;AA_Plot;Plot_Event;Field_Name;ComName;Cover_Code;Real_Cover;Within_Plot;Spp_Update;Spp_User
FOMA_2314544,QA_04_duplicates_in_02,FOMA_QA_04_duplicates_in_02.csv,0,Plot_Code;Project_Name;AA_Plot;Plot_Event;Event_Date;Surveyors;Field_X;Field_Y
FOMA_2314544,QA_05_Plots_without_Species,FOMA_QA_05_Plots_without_Species.csv,0,AA_Plot;Plot_Code;Plot_Event
FOMA_2314544,QA_06_Spp_without_Plots,FOMA_QA_06_Spp_without_Plots.csv,0,Plot_Event;Stratum;Spp_Code;Cover_Code;Real_Cover;Within_Plot;Spp_Update;Spp_User
FOMA_2314544,USysApplicationLog,FOMA_USysApplicationLog.csv,2040,ID;SourceObject;Data.Macro.Instance.ID;Error.Number;Category;Object.Type;Description;Context;Created
FOMA_2314544,gps_pt_table,FOMA_gps_pt_table.csv,64,ID;PARK;MMU_SIZE;POINT_NUM;COLLECTOR;DATE;TIME;Max_PDOP;Max_HDOP;Corr_Type;Rcvr_Type;GPS_Date;GPS_Time;Unfilt_Pos;Filt_Pos;Vert_Prec;Horz_Prec;Latitude;Longitude;AA_Point;Acc_ID
FOMA_2314544,tConnect,FOMA_tConnect.csv,1,Connect_db
FOMA_2314544,tGlobal,FOMA_tGlobal.csv,22,User_Count;User_Name;User_Email;Last_Modified
FOMA_2314544,tPhotos,FOMA_tPhotos.csv,337,Photo_ID;Plot_Code;Photo_Date;Photo_Type;Photo_Bearing;Photo_Descript;Photographer;Camera_or_Roll;File_Name
FOMA_2314544,tPlotEventSpecies,FOMA_tPlotEventSpecies.csv,277,Plot_Event;Stratum;Spp_Code;Cover_Code;Real_Cover;Within_Plot;Spp_Update;Spp_User
FOMA_2314544,tPlotEvents,FOMA_tPlotEvents.csv,64,Plot_Event;Plot_Code;Event_Date;Surveyors;Field_X;Field_Y;GPS_Error;Satellites;UTM_Zone;Plot_Shape;Plot_Radius;Plot_Width;Plot_Length;Observation_pt;Provisional_Community;NVC_Elcode;Representativeness;Stand_Size;Environmental_Comments;Plot_Photos;Bedrock;Large_Rocks;Small_Rocks;Sand;Litter;Wood;Standing_Dead;Water;Bare;Other;Other_describe;Leaf_Type;Leaf_Phenology;Physio_Class;T1_Hgt;T2_Hgt;T3_Hgt;S1_Hgt;S2_Hgt;S3_Hgt;H_Hgt;N_Hgt;V_Hgt;A1_Hgt;A2_Hgt;E_Hgt;T1_Cover;T2_Cover;T3_Cover;S1_Cover;S2_Cover;S3_Cover;H_Cover;N_Cover;V_Cover;A1_Cover;A2_Cover;E_Cover;All_Cover;Primary_Code;Secondary_Code;Classified_Code;General_Comments;Plot_Update;Plot_User;Representativeness_Comment
FOMA_2314544,tPlots,FOMA_tPlots.csv,64,Plot_Code;Project_Name;Plot_Directions;State;Land_Owner;Elevation;Elev_Units;Slope_Cat;Slope_Degrees;Aspect_Cat;Aspect_Degrees;Topo_Position;Landform;Surficial_Geology;Cowardin_System;Hydro_Regime;Hydrology_Evidence;Landscape_Comments;Soil_Texture;Soil_Drainage;AA_Plot
FOMA_2314544,tProcessSteps,FOMA_tProcessSteps.csv,1,Project_Name;Process_Step;Process_Date;Process_Person;Process_Notes
FOMA_2314544,tProjectMetadata,FOMA_tProjectMetadata.csv,1,Project_Name;Park_Code;Project_Contact;Coordinate_System;Datum;Coordinate_Method;GPS_Filename;GPS_Unit;Sampling_Method;Calculation_Method;PseudoSpecies;Taxon_Reference_Source;Project_Comments;T1_DefHgt;T2_DefHgt;T3_DefHgt;S1_DefHgt;S2_DefHgt;S3_DefHgt;H_DefHgt;N_DefHgt;V_DefHgt;A1_DefHgt;A2_DefHgt;E_DefHgt;Date_Created;dbVersion
FOMA_2314544,tSpecies,FOMA_tSpecies.csv,34631,Spp_Code;Field_Name;Sensitive_Spp;Taxon_Reference;PLANTS_Symbol
FOMA_2314544,xConcept_Reference_lu,FOMA_xConcept_Reference_lu.csv,102,Taxon_Reference_Source
FOMA_2314544,xCoverClass_lu,FOMA_xCoverClass_lu.csv,10,Cover_Class;Range;MidPoint
FOMA_2314544,xHeight_Class_lu,FOMA_xHeight_Class_lu.csv,9,Height_Class;Sort_Order;Max_Val
FOMA_2314544,xHydro_Regime_lu,FOMA_xHydro_Regime_lu.csv,14,Hydro_Regime;Hydro_Definitions
FOMA_2314544,xLandform_lu,FOMA_xLandform_lu.csv,204,Landform;Lndfrm_Definition;Include_Rec
FOMA_2314544,xLeaf_Phenology_lu,FOMA_xLeaf_Phenology_lu.csv,7,Leaf_Phenology;SortOrder
FOMA_2314544,xLeaf_Type_lu,FOMA_xLeaf_Type_lu.csv,8,Leaf_Type;SortOrder
FOMA_2314544,xMapUnit_lu,FOMA_xMapUnit_lu.csv,0,MapUnit_Code;MapUnit
FOMA_2314544,xParks_lu,FOMA_xParks_lu.csv,278,Park_Code;Park_Name;State;Include_Rec
FOMA_2314544,xPhysio_Class_lu,FOMA_xPhysio_Class_lu.csv,8,Physio_Class;Physio_Definition;SortOrder
FOMA_2314544,xSoil_Drainage_lu,FOMA_xSoil_Drainage_lu.csv,6,Soil_Drainage;SortOrder
FOMA_2314544,xSoil_Texture_lu,FOMA_xSoil_Texture_lu.csv,13,Soil_Texture
FOMA_2314544,xState_lu,FOMA_xState_lu.csv,59,State_Code;State_Name;Include_Rec
FOMA_2314544,xStratum_lu,FOMA_xStratum_lu.csv,13,Stratum;Descript;SortOrder
FOMA_2314544,xSurficial_Geology_lu,FOMA_xSurficial_Geology_lu.csv,33,Surficial_Geology;Category;Include_Rec
FOMA_2314544,xTopo_Position_lu,FOMA_xTopo_Position_lu.csv,12,Topo_Position;SortOrder;Include_Rec
FOMA_2314544,xVegAssociation_lu,FOMA_xVegAssociation_lu.csv,5863,NVC_Elcode;NVC_Association;Canada;East;Midwest;Southeast;West;Include_Rec
FOPO_2314741,PORE_GOGA_plots,PORE_GOGA_plots.csv,366,Plot_Code;Provisional_Community;NVC_Elcode;Project_Name;Land_Owner;State;Field_X;Field_Y;UTM_Zone;GPS_Error;Event_Date;Surveyors;Plot_Directions;Plot_Width;Plot_Length;Plot_Shape;Plot_Radius;Plot_Photos;Representativeness;Environmental_Comments;Elevation;Elev_Units;Slope_Degrees;Aspect_Degrees;Topo_Position;Surficial_Geology;Cowardin_System;Hydro_Regime;Soil_Texture;Soil_Drainage;Landscape_Comments;Bedrock;Large_Rocks;Small_Rocks;Sand;Litter;Wood;Water;Bare;Other;Other_describe;Leaf_Type;Leaf_Phenology;Physio_Class;T1_Cover;T2_Cover;T3_Cover;S1_Cover;S2_Cover;H_Cover;N_Cover;General_Comments
FOPO_2314741,PORE_GOGA_sp_cov,PORE_GOGA_sp_cov.csv,14269,Plot_Event;PLANTS_Symbol;Field_Name;ComName;Family;ITIS_TSN;Stratum;Spp_Code;Cover_Code;Real_Cover
FOPO_2314741,PORE_GOGA_tAA,PORE_GOGA_tAA.csv,1533,AA_Code;Project_Name;Slope_Cat;Slope_Degrees;Aspect_Cat;Aspect_Degrees;Elevation;Elev_Units
FOPO_2314741,PORE_GOGA_tAAEvents,PORE_GOGA_tAAEvents.csv,1533,AA_Event;AA_Code;Event_Date;Surveyors;Field_X;Field_Y;GPS_Error;Satellites;UTM_Zone;AA_plotsize;AA_plotshape;Primary_Code;Secondary_Code;Classified_Code;AA_Photos;General_Comments;AA_Update;AA_User
FOPO_2314741,PORE_GOGA_tConnect,PORE_GOGA_tConnect.csv,1,Connect_db
FOPO_2314741,PORE_GOGA_tGlobal,PORE_GOGA_tGlobal.csv,2,User_Count;User_Name;User_Email;Last_Modified
FOPO_2314741,PORE_GOGA_tPhotos,PORE_GOGA_tPhotos.csv,370,Photo_ID;Plot_Code;Photo_Date;Photo_Type;Photo_Bearing;Photo_Descript;Photographer;Camera_or_Roll;File_Name
FOPO_2314741,PORE_GOGA_tPlotEventSpecies,PORE_GOGA_tPlotEventSpecies.csv,17393,Plot_Event;Stratum;Spp_Code;Cover_Code;Real_Cover;Within_Plot;Spp_Update;Spp_User
FOPO_2314741,PORE_GOGA_tPlotEvents,PORE_GOGA_tPlotEvents.csv,366,Plot_Event;Plot_Code;Event_Date;Surveyors;Field_X;Field_Y;GPS_Error;Satellites;UTM_Zone;Plot_Shape;Plot_Radius;Plot_Width;Plot_Length;Observation_pt;Provisional_Community;NVC_Elcode;Representativeness;Stand_Size;Environmental_Comments;Plot_Photos;Bedrock;Large_Rocks;Small_Rocks;Sand;Litter;Wood;Water;Bare;Other;Other_describe;Leaf_Type;Leaf_Phenology;Physio_Class;T1_Cover;T2_Cover;T3_Cover;S1_Cover;S2_Cover;S3_Cover;H_Cover;N_Cover;General_Comments;Plot_Update;Plot_User
FOPO_2314741,PORE_GOGA_tPlots,PORE_GOGA_tPlots.csv,366,Plot_Code;Project_Name;Plot_Directions;State;Land_Owner;Elevation;Elev_Units;Slope_Cat;Slope_Degrees;Aspect_Cat;Aspect_Degrees;Topo_Position;Landform;Surficial_Geology;Cowardin_System;Hydro_Regime;Hydrology_Evidence;Landscape_Comments;Soil_Texture;Soil_Drainage;Sensitive_Data;Public_X;Public_Y;Dist_XY;Public_Elev;Dist_Elev
FOPO_2314741,PORE_GOGA_tProjectMetadata,PORE_GOGA_tProjectMetadata.csv,2,Project_Name;Park_Code;Project_Contact;Coordinate_System;Datum;Coordinate_Method;GPS_Filename;GPS_Unit;Sampling_Method;Calculation_Method;Key_Nomenclature_Source;Project_Comments;T1_Hgt;T2_Hgt;T3_Hgt;S1_Hgt;S2_Hgt;S3_Hgt;H_Hgt;N_Hgt;V_Hgt;Date_Created
FOPO_2314741,PORE_GOGA_tSpecies,PORE_GOGA_tSpecies.csv,1614,Spp_Code;Field_Name;Concept_Reference;PLANTS_Symbol
FOPO_2314741,PORE_GOGA_xConcept_Reference_lu,PORE_GOGA_xConcept_Reference_lu.csv,102,Key_Nomenclature_Source
FOPO_2314741,PORE_GOGA_xCoverClass_lu,PORE_GOGA_xCoverClass_lu.csv,8,Cover_Class;Range;MidPoint
FOPO_2314741,PORE_GOGA_xHeight_Class_lu,PORE_GOGA_xHeight_Class_lu.csv,12,Height_Class;Sort_Order
FOPO_2314741,PORE_GOGA_xHydro_Regime_lu,PORE_GOGA_xHydro_Regime_lu.csv,14,Hydro_Regime;Hydro_Definitions
FOPO_2314741,PORE_GOGA_xLandform_lu,PORE_GOGA_xLandform_lu.csv,204,Landform;Lndfrm_Definition;Include_Rec
FOPO_2314741,PORE_GOGA_xLeaf_Phenology_lu,PORE_GOGA_xLeaf_Phenology_lu.csv,7,Leaf_Phenology;SortOrder
FOPO_2314741,PORE_GOGA_xLeaf_Type_lu,PORE_GOGA_xLeaf_Type_lu.csv,8,Leaf_Type;SortOrder
FOPO_2314741,PORE_GOGA_xMapUnit_lu,PORE_GOGA_xMapUnit_lu.csv,149,MapUnit_Code;MapUnit
FOPO_2314741,PORE_GOGA_xParks_lu,PORE_GOGA_xParks_lu.csv,278,Park_Code;Park_Name;State;Include_Rec
FOPO_2314741,PORE_GOGA_xPhysio_Class_lu,PORE_GOGA_xPhysio_Class_lu.csv,8,Physio_Class;Physio_Definition;SortOrder
FOPO_2314741,PORE_GOGA_xSoil_Drainage_lu,PORE_GOGA_xSoil_Drainage_lu.csv,6,Soil_Drainage;SortOrder
FOPO_2314741,PORE_GOGA_xSoil_Texture_lu,PORE_GOGA_xSoil_Texture_lu.csv,13,Soil_Texture
FOPO_2314741,PORE_GOGA_xState_lu,PORE_GOGA_xState_lu.csv,59,State_Code;State_Name;Include_Rec
FOPO_2314741,PORE_GOGA_xStratum_lu,PORE_GOGA_xStratum_lu.csv,13,Stratum;Descript;SortOrder
FOPO_2314741,PORE_GOGA_xSurficial_Geology_lu,PORE_GOGA_xSurficial_Geology_lu.csv,76,Surficial_Geology;Category;Include_Rec
FOPO_2314741,PORE_GOGA_xTopo_Position_lu,PORE_GOGA_xTopo_Position_lu.csv,19,Topo_Position;SortOrder;Include_Rec
FOPO_2314741,PORE_GOGA_xVegAssociation_lu,PORE_GOGA_xVegAssociation_lu.csv,142,NVC_Elcode;NVC_Association;Canada;East;Midwest;Southeast;West;Include_Rec
FRHI_2314549,sp_cov,FRHI_sp_cov.csv,1310,Plot_Code;Plot_Event;PLANTS_Symbol;Sci_Name;ComName;Family;ITIS_TSN;Stratum;Spp_Code;Cover_Code;Real_Cover;Within_Plot
FRHI_2314549,tAA,FRHI_tAA.csv,47,AA_Code;Project_Name;Slope_Cat;Slope_Degrees;Aspect_Cat;Aspect_Degrees;Elevation;Elev_Units;Topo_Position;Cowardin_System
FRHI_2314549,tAAEventSpecies,FRHI_tAAEventSpecies.csv,652,AA_Event;Stratum;Spp_Code;Cover_Code;Real_Cover;Within_Plot;Spp_Update;Spp_User
FRHI_2314549,tAAEvents,FRHI_tAAEvents.csv,47,AA_Event;AA_Code;Event_Date;Surveyors;Field_X;Field_Y;GPS_Error;Satellites;UTM_Zone;AA_plotsize;AA_plotshape;Primary_Code;Secondary_Code;Classified_Code;AA_Photos;General_Comments;AA_Update;AA_User
FRHI_2314549,tConnect,FRHI_tConnect.csv,1,Connect_db
FRHI_2314549,tGlobal,FRHI_tGlobal.csv,5,User_Count;User_Name;User_Email;Last_Modified
FRHI_2314549,tPhotos,FRHI_tPhotos.csv,0,Photo_ID;Plot_Code;Photo_Date;Photo_Type;Photo_Bearing;Photo_Descript;Photographer;Camera_or_Roll;File_Name
FRHI_2314549,tPlotEventSpecies,FRHI_tPlotEventSpecies.csv,1310,Plot_Event;Stratum;Spp_Code;Cover_Code;Real_Cover;Within_Plot;Spp_Update;Spp_User
FRHI_2314549,tPlotEvents,FRHI_tPlotEvents.csv,32,Plot_Event;Plot_Code;Event_Date;Surveyors;Field_X;Field_Y;GPS_Error;Satellites;UTM_Zone;Plot_Shape;Plot_Radius;Plot_Width;Plot_Length;Observation_pt;Provisional_Community;NVC_Elcode;Representativeness;Stand_Size;Environmental_Comments;Plot_Photos;Bedrock;Large_Rocks;Small_Rocks;Sand;Litter;Wood;Water;Bare;Other;Other_describe;Leaf_Type;Leaf_Phenology;Physio_Class;T1_Hgt;T2_Hgt;T3_Hgt;S1_Hgt;S2_Hgt;S3_Hgt;H_Hgt;N_Hgt;V_Hgt;A1_Hgt;A2_Hgt;E_Hgt;T1_Cover;T2_Cover;T3_Cover;S1_Cover;S2_Cover;S3_Cover;H_Cover;N_Cover;V_Cover;A1_Cover;A2_Cover;E_Cover;All_Cover;General_Comments;Plot_Update;Plot_User
FRHI_2314549,tPlots,FRHI_tPlots.csv,32,Plot_Code;Project_Name;Plot_Directions;State;Land_Owner;Elevation;Elev_Units;Slope_Cat;Slope_Degrees;Aspect_Cat;Aspect_Degrees;Topo_Position;Landform;Surficial_Geology;Cowardin_System;Hydro_Regime;Hydrology_Evidence;Landscape_Comments;Soil_Texture;Soil_Drainage;Sensitive_Data;Public_X;Public_Y;Dist_XY;Public_Elev;Dist_Elev
FRHI_2314549,tProjectMetadata,FRHI_tProjectMetadata.csv,1,Project_Name;Park_Code;Project_Contact;Coordinate_System;Datum;Coordinate_Method;GPS_Filename;GPS_Unit;Sampling_Method;Calculation_Method;Taxon_Reference_Source;Project_Comments;T1_DefHgt;T2_DefHgt;T3_DefHgt;S1_DefHgt;S2_DefHgt;S3_DefHgt;H_DefHgt;N_DefHgt;V_DefHgt;A1_DefHgt;A2_DefHgt;E_DefHgt;Date_Created
FRHI_2314549,tSpecies,FRHI_tSpecies.csv,266,Spp_Code;Field_Name;Taxon_Reference;PLANTS_Symbol
FRHI_2314549,xConcept_Reference_lu,FRHI_xConcept_Reference_lu.csv,102,Taxon_Reference_Source
FRHI_2314549,xCoverClass_lu,FRHI_xCoverClass_lu.csv,10,Cover_Class;Range;MidPoint
FRHI_2314549,xHeight_Class_lu,FRHI_xHeight_Class_lu.csv,10,Height_Class;Sort_Order;Max_Val
FRHI_2314549,xHydro_Regime_lu,FRHI_xHydro_Regime_lu.csv,14,Hydro_Regime;Hydro_Definitions
FRHI_2314549,xLandform_lu,FRHI_xLandform_lu.csv,204,Landform;Lndfrm_Definition;Include_Rec
FRHI_2314549,xLeaf_Phenology_lu,FRHI_xLeaf_Phenology_lu.csv,7,Leaf_Phenology;SortOrder
FRHI_2314549,xLeaf_Type_lu,FRHI_xLeaf_Type_lu.csv,8,Leaf_Type;SortOrder
FRHI_2314549,xMapUnit_lu,FRHI_xMapUnit_lu.csv,14,MapUnit_Code;MapUnit
FRHI_2314549,xParks_lu,FRHI_xParks_lu.csv,278,Park_Code;Park_Name;State;Include_Rec
FRHI_2314549,xPhysio_Class_lu,FRHI_xPhysio_Class_lu.csv,8,Physio_Class;Physio_Definition;SortOrder
FRHI_2314549,xSoil_Drainage_lu,FRHI_xSoil_Drainage_lu.csv,6,Soil_Drainage;SortOrder
FRHI_2314549,xSoil_Texture_lu,FRHI_xSoil_Texture_lu.csv,13,Soil_Texture
FRHI_2314549,xState_lu,FRHI_xState_lu.csv,59,State_Code;State_Name;Include_Rec
FRHI_2314549,xStratum_lu,FRHI_xStratum_lu.csv,13,Stratum;Descript;SortOrder
FRHI_2314549,xSurficial_Geology_lu,FRHI_xSurficial_Geology_lu.csv,35,Surficial_Geology;Category;Include_Rec
FRHI_2314549,xTopo_Position_lu,FRHI_xTopo_Position_lu.csv,12,Topo_Position;SortOrder;Include_Rec
FRHI_2314549,xVegAssociation_lu,FRHI_xVegAssociation_lu.csv,6,NVC_Elcode;NVC_Association;Canada;East;Midwest;Southeast;West;Include_Rec
GICL_2314556,PLOTS_v3.1_2010_BE_GICL_mtbl_Plants,GICL_PLOTS_v3.1_2010_BE_GICL_mtbl_Plants.csv,3110,USDA_Code;Veg_Code;Common_Name;Scientific_Name;Genus;Specific_Epithet;Authority;Infrasp_Rank;Infrasp_Epithet;Infrasp_Authority;Full_Name;TSN;Kingdom;Family;Primary_Growth_Habit;Nativity;Duration;Wetland_Status;Graminoid;ForbHerb;Subshrub;Succulent;Shrub;Vine;Tree;G_Rank;S_Rank;Entered_By;Entered_Date
GICL_2314556,PLOTS_v3.1_2010_BE_GICL_qry_2PLots_tPlotsEvent,GICL_PLOTS_v3.1_2010_BE_GICL_qry_2PLots_tPlotsEvent.csv,89,Plot_Event;Plot_Code;Event_Date;Surveyors;Field_X;Field_Y;UTM_Zone;Plot_Shape;Plot_Width;Plot_Length;Representativeness;T1_Cover;T2_Cover;T3_Cover;H_Cover;Bedrock;Large_Rocks;Small_Rocks;Sand;Litter;Wood;Bare;Other;Other_Describe;Environmental_Comments;NVC_Elcode;Leaf_Type;Leaf_Phenology;Physio_Class
GICL_2314556,PLOTS_v3.1_2010_BE_GICL_qry_2Plots_tPlotEventSpecies,GICL_PLOTS_v3.1_2010_BE_GICL_qry_2Plots_tPlotEventSpecies.csv,3208,Plot_Event;Stratum;Spp_Code;Cover_Code;Real_Cover
GICL_2314556,PLOTS_v3.1_2010_BE_GICL_tAA,GICL_PLOTS_v3.1_2010_BE_GICL_tAA.csv,320,AA_Code;Project_Name;Slope_Cat;Slope_Degrees;Aspect_Cat;Aspect_Degrees;Elevation;Elev_Units
GICL_2314556,PLOTS_v3.1_2010_BE_GICL_tAAEvents,GICL_PLOTS_v3.1_2010_BE_GICL_tAAEvents.csv,320,AA_Event;AA_Code;Event_Date;Surveyors;Field_X;Field_Y;GPS_Error;Satellites;UTM_Zone;AA_plotsize;AA_plotshape;Primary_Code;Secondary_Code;Classified_Code;AA_Photos;General_Comments;AA_Update;AA_User
GICL_2314556,PLOTS_v3.1_2010_BE_GICL_tConnect,GICL_PLOTS_v3.1_2010_BE_GICL_tConnect.csv,1,Connect_db
GICL_2314556,PLOTS_v3.1_2010_BE_GICL_tGlobal,GICL_PLOTS_v3.1_2010_BE_GICL_tGlobal.csv,90,User_Count;User_Name;User_Email;Last_Modified
GICL_2314556,PLOTS_v3.1_2010_BE_GICL_tPhotos,GICL_PLOTS_v3.1_2010_BE_GICL_tPhotos.csv,89,Photo_ID;Plot_Code;Photo_Date;Photo_Type;Photo_Bearing;Photo_Descript;Photographer;Camera_or_Roll;File_Name
GICL_2314556,PLOTS_v3.1_2010_BE_GICL_tPlotEventSpecies,GICL_PLOTS_v3.1_2010_BE_GICL_tPlotEventSpecies.csv,3273,Plot_Event;Stratum;Spp_Code;Cover_Code;Real_Cover;Within_Plot;Spp_Update;Spp_User
GICL_2314556,PLOTS_v3.1_2010_BE_GICL_tPlotEvents,GICL_PLOTS_v3.1_2010_BE_GICL_tPlotEvents.csv,89,Plot_Event;Plot_Code;Event_Date;Surveyors;Field_X;Field_Y;GPS_Error;Satellites;UTM_Zone;Plot_Shape;Plot_Radius;Plot_Width;Plot_Length;Observation_pt;Provisional_Community;NVC_Elcode;Representativeness;Stand_Size;Environmental_Comments;Plot_Photos;Bedrock;Large_Rocks;Small_Rocks;Sand;Litter;Wood;Water;Bare;Other;Other_describe;Leaf_Type;Leaf_Phenology;Physio_Class;T1_Cover;T2_Cover;T3_Cover;S1_Cover;S2_Cover;S3_Cover;H_Cover;N_Cover;General_Comments;Plot_Update;Plot_User
GICL_2314556,PLOTS_v3.1_2010_BE_GICL_tPlots,GICL_PLOTS_v3.1_2010_BE_GICL_tPlots.csv,89,Plot_Code;Project_Name;Plot_Directions;State;Land_Owner;Elevation;Elev_Units;Slope_Cat;Slope_Degrees;Aspect_Cat;Aspect_Degrees;Topo_Position;Landform;Surficial_Geology;Cowardin_System;Hydro_Regime;Hydrology_Evidence;Landscape_Comments;Soil_Texture;Soil_Drainage;Sensitive_Data;Public_X;Public_Y;Dist_XY;Public_Elev;Dist_Elev
GICL_2314556,PLOTS_v3.1_2010_BE_GICL_tPlotsEvent,GICL_PLOTS_v3.1_2010_BE_GICL_tPlotsEvent.csv,89,Plot_Event;Plot_Code;Event_Date;Surveyors;Field_X;Field_Y;GPS_Error;UTM_Zone;Plot_Shape;Plot_Width;Plot_Length;Observation_pt;Representativeness;Plot_Photos;T1_Cover;T2_Cover;T3_Cover;H_Cover;Bedrock;Large_Rocks;Small_Rocks;Sand;Litter;Wood;Bare;Other;Other_Describe;Environmental_Comments;NVC_Elcode;Leaf_Type;Leaf_Phenology;Physio_Class
GICL_2314556,PLOTS_v3.1_2010_BE_GICL_tPlotsEventsSpecies,GICL_PLOTS_v3.1_2010_BE_GICL_tPlotsEventsSpecies.csv,3208,Plot_Event;Stratum;Spp_Code;Cover_Code;Real_Cover
GICL_2314556,PLOTS_v3.1_2010_BE_GICL_tProjectMetadata,GICL_PLOTS_v3.1_2010_BE_GICL_tProjectMetadata.csv,1,Project_Name;Park_Code;Project_Contact;Coordinate_System;Datum;Coordinate_Method;GPS_Filename;GPS_Unit;Sampling_Method;Calculation_Method;Key_Nomenclature_Source;Project_Comments;T1_Hgt;T2_Hgt;T3_Hgt;S1_Hgt;S2_Hgt;S3_Hgt;H_Hgt;N_Hgt;V_Hgt;Date_Created
GICL_2314556,PLOTS_v3.1_2010_BE_GICL_tSpecies,GICL_PLOTS_v3.1_2010_BE_GICL_tSpecies.csv,5390,Spp_Code;Field_Name;Concept_Reference;PLANTS_Symbol
GICL_2314556,PLOTS_v3.1_2010_BE_GICL_xConcept_Reference_lu,GICL_PLOTS_v3.1_2010_BE_GICL_xConcept_Reference_lu.csv,102,Key_Nomenclature_Source
GICL_2314556,PLOTS_v3.1_2010_BE_GICL_xCoverClass_lu,GICL_PLOTS_v3.1_2010_BE_GICL_xCoverClass_lu.csv,9,Cover_Class;Range;MidPoint
GICL_2314556,PLOTS_v3.1_2010_BE_GICL_xHeight_Class_lu,GICL_PLOTS_v3.1_2010_BE_GICL_xHeight_Class_lu.csv,12,Height_Class;Sort_Order
GICL_2314556,PLOTS_v3.1_2010_BE_GICL_xHydro_Regime_lu,GICL_PLOTS_v3.1_2010_BE_GICL_xHydro_Regime_lu.csv,14,Hydro_Regime;Hydro_Definitions
GICL_2314556,PLOTS_v3.1_2010_BE_GICL_xLandform_lu,GICL_PLOTS_v3.1_2010_BE_GICL_xLandform_lu.csv,206,Landform;Lndfrm_Definition;Include_Rec
GICL_2314556,PLOTS_v3.1_2010_BE_GICL_xLeaf_Phenology_lu,GICL_PLOTS_v3.1_2010_BE_GICL_xLeaf_Phenology_lu.csv,7,Leaf_Phenology;SortOrder
GICL_2314556,PLOTS_v3.1_2010_BE_GICL_xLeaf_Type_lu,GICL_PLOTS_v3.1_2010_BE_GICL_xLeaf_Type_lu.csv,8,Leaf_Type;SortOrder
GICL_2314556,PLOTS_v3.1_2010_BE_GICL_xMapUnit_lu,GICL_PLOTS_v3.1_2010_BE_GICL_xMapUnit_lu.csv,0,MapUnit_Code;MapUnit
GICL_2314556,PLOTS_v3.1_2010_BE_GICL_xParks_lu,GICL_PLOTS_v3.1_2010_BE_GICL_xParks_lu.csv,278,Park_Code;Park_Name;State;Include_Rec
GICL_2314556,PLOTS_v3.1_2010_BE_GICL_xPhysio_Class_lu,GICL_PLOTS_v3.1_2010_BE_GICL_xPhysio_Class_lu.csv,11,Physio_Class;Physio_Definition;SortOrder
GICL_2314556,PLOTS_v3.1_2010_BE_GICL_xSoil_Drainage_lu,GICL_PLOTS_v3.1_2010_BE_GICL_xSoil_Drainage_lu.csv,6,Soil_Drainage;SortOrder
GICL_2314556,PLOTS_v3.1_2010_BE_GICL_xSoil_Texture_lu,GICL_PLOTS_v3.1_2010_BE_GICL_xSoil_Texture_lu.csv,13,Soil_Texture
GICL_2314556,PLOTS_v3.1_2010_BE_GICL_xState_lu,GICL_PLOTS_v3.1_2010_BE_GICL_xState_lu.csv,59,State_Code;State_Name;Include_Rec
GICL_2314556,PLOTS_v3.1_2010_BE_GICL_xStratum_lu,GICL_PLOTS_v3.1_2010_BE_GICL_xStratum_lu.csv,13,Stratum;Descript;SortOrder
GICL_2314556,PLOTS_v3.1_2010_BE_GICL_xSurficial_Geology_lu,GICL_PLOTS_v3.1_2010_BE_GICL_xSurficial_Geology_lu.csv,42,Surficial_Geology;Category;Include_Rec
GICL_2314556,PLOTS_v3.1_2010_BE_GICL_xTopo_Position_lu,GICL_PLOTS_v3.1_2010_BE_GICL_xTopo_Position_lu.csv,12,Topo_Position;SortOrder;Include_Rec
GICL_2314556,PLOTS_v3.1_2010_BE_GICL_xVegAssociation_lu,GICL_PLOTS_v3.1_2010_BE_GICL_xVegAssociation_lu.csv,7443,NVC_Elcode;NVC_Association;Canada;East;Midwest;Southeast;West;Include_Rec
GLCA_2314559,RABR_GLCA_Plots_be_tblAADetails,GLCA_RABR_GLCA_Plots_be_tblAADetails.csv,1668,AAID;AACode;SurveyDate;Surveyors;CameraUsed
GLCA_2314559,RABR_GLCA_Plots_be_tblAAEnvironment,GLCA_RABR_GLCA_Plots_be_tblAAEnvironment.csv,1668,EnvironmentID;AAID;Slope;Aspect;TopoPosition;Elevation;ElevSource;EnvironmentalComments;Geology;BareSoil;Bedrock;Sand;Moss;Other;OtherPctDesc;Litter;Rocks;Lichen;Gravel;LiveVegLitter;LiveVegWood;Wood;LichenRocks;LichenGround;DarkCyanobacteria;Water
GLCA_2314559,RABR_GLCA_Plots_be_tblAAEnvironmentDetails,GLCA_RABR_GLCA_Plots_be_tblAAEnvironmentDetails.csv,1689,EnvDetailID;EnvironmentID;Landform
GLCA_2314559,RABR_GLCA_Plots_be_tblAALocation,GLCA_RABR_GLCA_Plots_be_tblAALocation.csv,1668,AACode;SiteName;USGSQuad;State;County;ParkCode;GPSFileName;GPSUnit;UTMEasting;UTMNorthing;UTMZone;DiffCorrected;Datum;PDOP;UTM.Error;InPark;GPSComments;RepresentPWP;RepresentATD;ClassificationComments;PlotShape;PMU;SMU;TMU
GLCA_2314559,RABR_GLCA_Plots_be_tblAAPhotos,GLCA_RABR_GLCA_Plots_be_tblAAPhotos.csv,3375,PhotoID;AAID;PhotoType;PhotoRoll;PhotoFrame;PhotoOther;Photographer;PhotoComments;NCPNImageFileID
GLCA_2314559,RABR_GLCA_Plots_be_tblAAVegAssociation,GLCA_RABR_GLCA_Plots_be_tblAAVegAssociation.csv,2942,VegAssocID;AAID;VegAssocCode;VegAssocRank;FieldKey;NewName;Post_Field_Name;OtherAssocCode
GLCA_2314559,RABR_GLCA_Plots_be_tblAAVegetation,GLCA_RABR_GLCA_Plots_be_tblAAVegetation.csv,1667,VegetationID;AAID;ProvCommunityName;Alliance;Associations;Phenology;LeafType;LeafTypeComments;Physiognom;EmergHt;EmergCovTot;EmergCovPercent;CanHt;CanCovTot;CanCovPercent;SubHt;SubCovTot;SubCovPercent;TallShHt;TallShCovTot;TallShCovPercent;ShrubHt;ShrubCovTot;ShrubCovPercent;DwarfHt;DwarfCovTot;DwarfCovPercent;HTotalHt;HTotalCover;HTotalCoverPercent;H4Ht;H4Cover;H4CoverPercent;NonvasHt;NonvasCovTot;NonvasCovPercent;VineHt;VineTotCov;VineTotPercent;EpiHt;EpiTotCov;EpiTotPercent;PlantSpeciesComments;MultipleAssoc
GLCA_2314559,RABR_GLCA_Plots_be_tblAAVegetationDetails,GLCA_RABR_GLCA_Plots_be_tblAAVegetationDetails.csv,15260,VegDetailID;VegetationID;Stratum;TSN;Species;CoverClass;CoverPct;Diagnostic;Dead
GLCA_2314559,RABR_GLCA_Plots_be_tblAA_Amy,GLCA_RABR_GLCA_Plots_be_tblAA_Amy.csv,0,AACode;UTMEasting;UTMNorthing;PMU;SMU;TMU;OtherCode1;OtherCode2;OtherCode3
GLCA_2314559,RABR_GLCA_Plots_be_tblBPU,GLCA_RABR_GLCA_Plots_be_tblBPU.csv,43,BPU_record_ID;centroid_x;centroid_y;hectares;BPU_code;district;gradsect_year;BPU_comments
GLCA_2314559,RABR_GLCA_Plots_be_tblDataMgmtLog,GLCA_RABR_GLCA_Plots_be_tblDataMgmtLog.csv,33,ActionDate;ActionMonth;ActionYear;Action;Who
GLCA_2314559,RABR_GLCA_Plots_be_tblEnvironment,GLCA_RABR_GLCA_Plots_be_tblEnvironment.csv,1215,EnvironmentID;PlotID;Elevation;ElevSource;Slope;Aspect;TopoPosition;Landform;Geology;CowardinSystem;Hydrology;Soil_Moisture;Surface_Water;EnvironmentalComments;BareSoil;Bedrock;Sand;Moss;Other;OtherPctDesc;Litter;Rocks;Lichen;Wood;Gravel;Water;Cryptogam;SoilTexture;SoilDrainage;AnimalUseComments;DisturbanceComments;OtherComments;LandscapeComments;SoilTaxonDesc;LiveVegLitter;LiveVegWood;LichenRocks;LichenGround;DarkCyanobacteria;TotalPct
GLCA_2314559,RABR_GLCA_Plots_be_tblEnvironmentBU,GLCA_RABR_GLCA_Plots_be_tblEnvironmentBU.csv,303,EnvironmentID;PlotID;Elevation;ElevSource;Slope;Aspect;TopoPosition;Landform;Geology;CowardinSystem;Hydrology;EnvironmentalComments;BareSoil;Bedrock;Sand;Moss;Other;OtherPctDesc;Litter;Rocks;Lichen;Wood;Gravel;Water;Cryptogam;SoilTexture;SoilDrainage;AnimalUseComments;DisturbanceComments;OtherComments;LandscapeComments;SoilTaxonDesc;LiveVegLitter;LiveVegWood;LichenRocks;LichenGround;DarkCyanobacteria;TotalPct
GLCA_2314559,RABR_GLCA_Plots_be_tblEnvironmentDetails,GLCA_RABR_GLCA_Plots_be_tblEnvironmentDetails.csv,1308,EnvDetailID;EnvironmentID;Landform
GLCA_2314559,RABR_GLCA_Plots_be_tblFuels,GLCA_RABR_GLCA_Plots_be_tblFuels.csv,364,FuelsID;PlotID;PPDFPhotoGuide;PJPhotoGuide;SBPhotoGuide;PJAgeClass;LitterOrigin;LitterNorth;LitterEast;LitterSouth;LitterWest;DuffOrigin;DuffNorth;DuffEast;DuffSouth;DuffWest;IsSubplot
GLCA_2314559,RABR_GLCA_Plots_be_tblFuelsDetails,GLCA_RABR_GLCA_Plots_be_tblFuelsDetails.csv,1742,FuelsDetailID;FuelsID;StemCount;StemDiameter;DBH;DRC;AVG;TSN;WoodlandCrownWidth;WoodlandCrownHeight;ForestCrownBaseHeight;ForestCrownHeight;CrownRatio;StructureStage;Comments
GLCA_2314559,RABR_GLCA_Plots_be_tblGeneralPhotos,GLCA_RABR_GLCA_Plots_be_tblGeneralPhotos.csv,5,GenPhotoID;GenPhotoParkCode;GenPhotoDate;GenPhotographer;GenPhotoDesc;GenPhotoUTME;GenPhotoUTMN;GenUTMZone;GenPhotoRoll10;GenPhotoFrame;GenPhotoDigFile;GenPhotoComments
GLCA_2314559,RABR_GLCA_Plots_be_tblGeneralSpecimens,GLCA_RABR_GLCA_Plots_be_tblGeneralSpecimens.csv,0,GenSpecimenID;GenSpecFamily;GenSpecLatinName;GenSpecCollector;GenSpecCollectNum;GenSpecAccNumber;GenSpecCatNumber;GenSpecDate;GenSpecUTMN;GenSpecUTME;GenSpecCounty;GenSpecElev;GenSpecLocality;GenSpecHabitat;GenSpecAssocSpec;GenSpecComments
GLCA_2314559,RABR_GLCA_Plots_be_tblNCPNPlants,GLCA_RABR_GLCA_Plots_be_tblNCPNPlants.csv,5586,TSN;FamilyName;LatinName;Authority;Synonym;CommonName;Exotic;Sensitive;GrowthHabit;PLANTSCode;FullName
GLCA_2314559,RABR_GLCA_Plots_be_tblNCPNPlants_Backup,GLCA_RABR_GLCA_Plots_be_tblNCPNPlants_Backup.csv,5582,TSN;FamilyName;LatinName;Authority;Synonym;CommonName;Exotic;Sensitive;GrowthHabit;PLANTSCode;FullName
GLCA_2314559,RABR_GLCA_Plots_be_tblNVCSFinalClassification,GLCA_RABR_GLCA_Plots_be_tblNVCSFinalClassification.csv,145,ID;Elcode;NVC.Association;#.Plots
GLCA_2314559,RABR_GLCA_Plots_be_tblPhotos,GLCA_RABR_GLCA_Plots_be_tblPhotos.csv,4296,PhotoID;PlotID;PhotoType;PhotoRoll;PhotoFrame;PhotoOther;Photographer;Direction;PhotoComments;NCPNImageFileID
GLCA_2314559,RABR_GLCA_Plots_be_tblPlotCodeLink,GLCA_RABR_GLCA_Plots_be_tblPlotCodeLink.csv,0,NewPlotCode;OldPlotCode
GLCA_2314559,RABR_GLCA_Plots_be_tblPlotDetails,GLCA_RABR_GLCA_Plots_be_tblPlotDetails.csv,1215,PlotID;PlotCode;SurveyDate;Surveyors;PlotLength;PlotAzimuth;PlotWidth;PlotDiam;PlotHasPhotos;PlotRepresentation;PlotShape;CameraUsed;ObsPointArea
GLCA_2314559,RABR_GLCA_Plots_be_tblPlotListfromJanet,GLCA_RABR_GLCA_Plots_be_tblPlotListfromJanet.csv,248,ID;Plot;NVC.Association
GLCA_2314559,RABR_GLCA_Plots_be_tblPlotLocation,GLCA_RABR_GLCA_Plots_be_tblPlotLocation.csv,1215,PlotCode;BPUCode;State;ParkCode;SiteName;USGSQuad;AerialPhotoNo;Waypoint;UTMEasting;UTMNorthing;Datum;UTMZone;UTM.Error;PDOP;DiffCorrected;DirectionsToPlot;County;GPSUnit;GPSComments;InPark;IsObservationPt
GLCA_2314559,RABR_GLCA_Plots_be_tblTempOtherVouchers,GLCA_RABR_GLCA_Plots_be_tblTempOtherVouchers.csv,12,ID;Collection;Colllector;Comments;Northing;Easting
GLCA_2314559,RABR_GLCA_Plots_be_tblVegetation,GLCA_RABR_GLCA_Plots_be_tblVegetation.csv,1215,VegetationID;PlotID;ProvCommunityName;Alliance;Associations;CEGLCode;Phenology;LeafType;LeafTypeComments;Physiognom;EmergHt;EmergCovTot;EmergCovPercent;CanHt;CanCovTot;CanCovPercent;SubHt;SubCovTot;SubCovPercent;TallShHt;TallShCovTot;TallShCovPercent;ShrubHt;ShrubCovTot;ShrubCovPercent;DwarfHt;DwarfCovTot;SwarfCovPercent;HerbHt;HerbCovTot;HerbCovPercent;GramHt;GramCovTot;GramCovPercent;ForbHt;ForbCovTot;ForbCovPercent;FernHt;FernCovTot;FernCovPercent;SeedlHt;SeedlCovTot;SeedCovPercent;NonvasHt;NonvasCovTot;NonvasCovPercent;VineHt;VineTotCov;VineTotPercent;EpiHt;EpiTotCov;EpiTotPercent;OutsidePlotHt;OutsidePlotTotCov;OutsidePlotTotPercent;PlantSpeciesComments
GLCA_2314559,RABR_GLCA_Plots_be_tblVegetationDetails,GLCA_RABR_GLCA_Plots_be_tblVegetationDetails.csv,16827,VegDetailID;VegetationID;Stratum;TSN;Species;CoverClass;ObsPointCoverClass;PercentCover;IsDead;Diagnostic;SpecimenCollected;CollectedBy;NPSAccessionNumber;NPSCatalogNumber;SpecimenNumber;SpecimenLocality;SpecimenHabitat;SpecimenAssocSpecies
GLCA_2314559,RABR_GLCA_Plots_be_tblVegetationDetailsBU,GLCA_RABR_GLCA_Plots_be_tblVegetationDetailsBU.csv,4247,VegDetailID;VegetationID;Stratum;TSN;Species;CoverClass;ObsPointCoverClass;PercentCover;IsDead;Diagnostic;SpecimenCollected;CollectedBy;NPSAccessionNumber;NPSCatalogNumber;SpecimenNumber;SpecimenLocality;SpecimenHabitat;SpecimenAssocSpecies
GLCA_2314559,RABR_GLCA_Plots_be_tlkpAAVegAssocRanks,GLCA_RABR_GLCA_Plots_be_tlkpAAVegAssocRanks.csv,3,VegAssocRank
GLCA_2314559,RABR_GLCA_Plots_be_tlkpAAVegAssociation,GLCA_RABR_GLCA_Plots_be_tlkpAAVegAssociation.csv,555,VegAssocCode;VegAssocName
GLCA_2314559,RABR_GLCA_Plots_be_tlkpAlliances,GLCA_RABR_GLCA_Plots_be_tlkpAlliances.csv,102,Alliance
GLCA_2314559,RABR_GLCA_Plots_be_tlkpAssociations,GLCA_RABR_GLCA_Plots_be_tlkpAssociations.csv,273,Associations
GLCA_2314559,RABR_GLCA_Plots_be_tlkpCamera,GLCA_RABR_GLCA_Plots_be_tlkpCamera.csv,3,CameraType;CameraComments
GLCA_2314559,RABR_GLCA_Plots_be_tlkpCover,GLCA_RABR_GLCA_Plots_be_tlkpCover.csv,17,CoverClass;CoverClassPercent
GLCA_2314559,RABR_GLCA_Plots_be_tlkpCoverAA,GLCA_RABR_GLCA_Plots_be_tlkpCoverAA.csv,15,CoverClass
GLCA_2314559,RABR_GLCA_Plots_be_tlkpCowardin,GLCA_RABR_GLCA_Plots_be_tlkpCowardin.csv,4,CowardinSystem
GLCA_2314559,RABR_GLCA_Plots_be_tlkpElevSource,GLCA_RABR_GLCA_Plots_be_tlkpElevSource.csv,2,ElevSource
GLCA_2314559,RABR_GLCA_Plots_be_tlkpGeology,GLCA_RABR_GLCA_Plots_be_tlkpGeology.csv,35,Geology
GLCA_2314559,RABR_GLCA_Plots_be_tlkpHeightClass,GLCA_RABR_GLCA_Plots_be_tlkpHeightClass.csv,10,HeightClass;HeightClassRange
GLCA_2314559,RABR_GLCA_Plots_be_tlkpHydrology,GLCA_RABR_GLCA_Plots_be_tlkpHydrology.csv,7,Hydrology
GLCA_2314559,RABR_GLCA_Plots_be_tlkpLandForm,GLCA_RABR_GLCA_Plots_be_tlkpLandForm.csv,198,Field1
GLCA_2314559,RABR_GLCA_Plots_be_tlkpLeafPhen,GLCA_RABR_GLCA_Plots_be_tlkpLeafPhen.csv,5,Phenology
GLCA_2314559,RABR_GLCA_Plots_be_tlkpLeafType,GLCA_RABR_GLCA_Plots_be_tlkpLeafType.csv,9,LeafType
GLCA_2314559,RABR_GLCA_Plots_be_tlkpPJAge,GLCA_RABR_GLCA_Plots_be_tlkpPJAge.csv,5,PJAgeClass
GLCA_2314559,RABR_GLCA_Plots_be_tlkpParks,GLCA_RABR_GLCA_Plots_be_tlkpParks.csv,2,ParkCode;ParkName
GLCA_2314559,RABR_GLCA_Plots_be_tlkpPhotoComments,GLCA_RABR_GLCA_Plots_be_tlkpPhotoComments.csv,4,PhotoComments
GLCA_2314559,RABR_GLCA_Plots_be_tlkpPhotoTypes,GLCA_RABR_GLCA_Plots_be_tlkpPhotoTypes.csv,6,PhotoType
GLCA_2314559,RABR_GLCA_Plots_be_tlkpPhotographer,GLCA_RABR_GLCA_Plots_be_tlkpPhotographer.csv,8,Photographer
GLCA_2314559,RABR_GLCA_Plots_be_tlkpPhysiogClass,GLCA_RABR_GLCA_Plots_be_tlkpPhysiogClass.csv,10,Physiognom
GLCA_2314559,RABR_GLCA_Plots_be_tlkpPlotDiameter,GLCA_RABR_GLCA_Plots_be_tlkpPlotDiameter.csv,3,PlotDiameter
GLCA_2314559,RABR_GLCA_Plots_be_tlkpPlotShapes,GLCA_RABR_GLCA_Plots_be_tlkpPlotShapes.csv,2,PlotShape
GLCA_2314559,RABR_GLCA_Plots_be_tlkpProvisionalCommunities,GLCA_RABR_GLCA_Plots_be_tlkpProvisionalCommunities.csv,218,ID;NVC.Elcode;NVC.Association.Name;CARE.plots;COLM.plots;NABR.plots;HOVE.plots;ARCH.plots
GLCA_2314559,RABR_GLCA_Plots_be_tlkpSoilDrainage,GLCA_RABR_GLCA_Plots_be_tlkpSoilDrainage.csv,6,SoilDrainage
GLCA_2314559,RABR_GLCA_Plots_be_tlkpSoilMoisture,GLCA_RABR_GLCA_Plots_be_tlkpSoilMoisture.csv,4,SoilMoisture
GLCA_2314559,RABR_GLCA_Plots_be_tlkpSoilTexture,GLCA_RABR_GLCA_Plots_be_tlkpSoilTexture.csv,19,SoilTexture
GLCA_2314559,RABR_GLCA_Plots_be_tlkpStates,GLCA_RABR_GLCA_Plots_be_tlkpStates.csv,52,StateCode;StateName
GLCA_2314559,RABR_GLCA_Plots_be_tlkpStrata,GLCA_RABR_GLCA_Plots_be_tlkpStrata.csv,15,Stratum;StratumDefinition
GLCA_2314559,RABR_GLCA_Plots_be_tlkpStructureStages,GLCA_RABR_GLCA_Plots_be_tlkpStructureStages.csv,4,StructureStage
GLCA_2314559,RABR_GLCA_Plots_be_tlkpSurfaceWater,GLCA_RABR_GLCA_Plots_be_tlkpSurfaceWater.csv,7,SurfaceWater
GLCA_2314559,RABR_GLCA_Plots_be_tlkpSurveyors,GLCA_RABR_GLCA_Plots_be_tlkpSurveyors.csv,23,SurveyorName
GLCA_2314559,RABR_GLCA_Plots_be_tlkpTopography,GLCA_RABR_GLCA_Plots_be_tlkpTopography.csv,9,TopoPosition
GLCA_2314559,RABR_GLCA_Plots_be_tlkpUSGS_Quad,GLCA_RABR_GLCA_Plots_be_tlkpUSGS_Quad.csv,41,USGSQuad;USGSQuadCode
GLCA_2314559,RABR_GLCA_Plots_be_tlkpUTMZone,GLCA_RABR_GLCA_Plots_be_tlkpUTMZone.csv,1,UTMZone
GLCA_2314559,RABR_GLCA_Plots_be_tlu_MU_Codes,GLCA_RABR_GLCA_Plots_be_tlu_MU_Codes.csv,49,MU_CODE;MU_NAME
GLCA_2314559,RABR_GLCA_Plots_be_tlu_Photo_Direction,GLCA_RABR_GLCA_Plots_be_tlu_Photo_Direction.csv,4,Direction
GLCA_2314559,RABR_GLCA_Plots_be_zFieldWidths,GLCA_RABR_GLCA_Plots_be_zFieldWidths.csv,20,FieldWidth;FieldWidthDescription
GLCA_2314559,RABR_GLCA_Plots_be_zLookupFields,GLCA_RABR_GLCA_Plots_be_zLookupFields.csv,29,TableName;SortOrder;FieldName;FieldLabel;FieldWidth;ControlType;RowSource;ColumnCount;ColumnWidths
GLCA_2314559,RABR_GLCA_Plots_be_zLookupTables,GLCA_RABR_GLCA_Plots_be_zLookupTables.csv,25,TableName;ListName;Description
GUIS_2314573,QA_01_spcov,GUIS_QA_01_spcov.csv,6928,Project_Name;AA_Plot;Plot_Code;Plot_Event;Spp_Code;Plants_Symbol;Field_Name;ComName;Family;Stratum;Cover_Code;Real_Cover;Within_Plot;ITIS_TSN;Used_PLANTS;Spp_Update;Spp_User
GUIS_2314573,QA_02_plots,GUIS_QA_02_plots.csv,958,Project_Name;AA_Plot;Plot_Code;Plot_Event;Event_Date;Surveyors;Field_X;Field_Y;GPS_Error;Satellites;UTM_Zone;Plot_Shape;Plot_Radius;Plot_Width;Plot_Length;Observation_pt;State;Land_Owner;Plot_Directions;Elevation;Elev_Units;Slope_Cat;Slope_Degrees;Aspect_Cat;Aspect_Degrees;Topo_Position;Landform;Surficial_Geology;Cowardin_System;Hydro_Regime;Hydrology_Evidence;Landscape_Comments;Soil_Texture;Soil_Drainage;Provisional_Community;NVC_Elcode;NVC_Association;MapUnit;Representativeness;Stand_Size;Environmental_Comments;Plot_Photos;Bedrock;Large_Rocks;Small_Rocks;Sand;Litter;Wood;Standing_Dead;Water;Bare;Other;Other_describe;Leaf_Type;Leaf_Phenology;Physio_Class;T1_Hgt;T2_Hgt;T3_Hgt;S1_Hgt;S2_Hgt;S3_Hgt;H_Hgt;N_Hgt;V_Hgt;A1_Hgt;A2_Hgt;E_Hgt;T1_Cover;T2_Cover;T3_Cover;S1_Cover;S2_Cover;S3_Cover;H_Cover;N_Cover;V_Cover;A1_Cover;A2_Cover;E_Cover;All_Cover;Primary_Code;Primary_Name;Secondary_Code;Secondary_Name;Classified_Code;Classified_Name;General_Comments;Plot_Update;Plot_User
GUIS_2314573,QA_03_duplicates_in_01,GUIS_QA_03_duplicates_in_01.csv,0,Plot_Code;Spp_Code;Stratum;AA_Plot;Plot_Event;Field_Name;ComName;Cover_Code;Real_Cover;Within_Plot;Spp_Update;Spp_User
GUIS_2314573,QA_04_duplicates_in_02,GUIS_QA_04_duplicates_in_02.csv,0,Plot_Code;Project_Name;AA_Plot;Plot_Event;Event_Date;Surveyors;Field_X;Field_Y
GUIS_2314573,QA_05_Plots_without_Species,GUIS_QA_05_Plots_without_Species.csv,16,AA_Plot;Plot_Code;Plot_Event
GUIS_2314573,QA_06_Spp_without_Plots,GUIS_QA_06_Spp_without_Plots.csv,0,Plot_Event;Stratum;Spp_Code;Cover_Code;Real_Cover;Within_Plot;Spp_Update;Spp_User
GUIS_2314573,tConnect,GUIS_tConnect.csv,1,Connect_db
GUIS_2314573,tDataDict,GUIS_tDataDict.csv,118,TableName;FieldName;Type;Alias;Description
GUIS_2314573,tGlobal,GUIS_tGlobal.csv,15,User_Count;User_Name;User_Email;Last_Modified
GUIS_2314573,tPhotos,GUIS_tPhotos.csv,3702,Photo_ID;Plot_Code;Photo_Date;Photo_Type;Photo_Bearing;Photo_Descript;Photographer;Camera_or_Roll;File_Name
GUIS_2314573,tPlotEventSpecies,GUIS_tPlotEventSpecies.csv,6912,Plot_Event;Stratum;Spp_Code;Cover_Code;Real_Cover;Within_Plot;Spp_Update;Spp_User
GUIS_2314573,tPlotEvents,GUIS_tPlotEvents.csv,958,Plot_Event;Plot_Code;Event_Date;Surveyors;Field_X;Field_Y;GPS_Error;Satellites;UTM_Zone;Plot_Shape;Plot_Radius;Plot_Width;Plot_Length;Observation_pt;Provisional_Community;NVC_Elcode;Representativeness;Stand_Size;Environmental_Comments;Plot_Photos;Bedrock;Large_Rocks;Small_Rocks;Sand;Litter;Wood;Standing_Dead;Water;Bare;Other;Other_describe;Leaf_Type;Leaf_Phenology;Physio_Class;T1_Hgt;T2_Hgt;T3_Hgt;S1_Hgt;S2_Hgt;S3_Hgt;H_Hgt;N_Hgt;V_Hgt;A1_Hgt;A2_Hgt;E_Hgt;T1_Cover;T2_Cover;T3_Cover;S1_Cover;S2_Cover;S3_Cover;H_Cover;N_Cover;V_Cover;A1_Cover;A2_Cover;E_Cover;All_Cover;Primary_Code;Secondary_Code;Classified_Code;General_Comments;Offset;Plot_Update;Plot_User
GUIS_2314573,tPlots,GUIS_tPlots.csv,958,Plot_Code;Project_Name;Plot_Directions;State;Land_Owner;Elevation;Elev_Units;Slope_Cat;Slope_Degrees;Aspect_Cat;Aspect_Degrees;Topo_Position;Landform;Surficial_Geology;Cowardin_System;Hydro_Regime;Hydrology_Evidence;Landscape_Comments;Soil_Texture;Soil_Drainage;AA_Plot
GUIS_2314573,tProcessSteps,GUIS_tProcessSteps.csv,0,Project_Name;Process_Step;Process_Date;Process_Person;Process_Notes
GUIS_2314573,tProjectMetadata,GUIS_tProjectMetadata.csv,1,Project_Name;Park_Code;Project_Contact;Coordinate_System;Datum;Coordinate_Method;GPS_Filename;GPS_Unit;Sampling_Method;Calculation_Method;PseudoSpecies;Taxon_Reference_Source;Project_Comments;T1_DefHgt;T2_DefHgt;T3_DefHgt;S1_DefHgt;S2_DefHgt;S3_DefHgt;H_DefHgt;N_DefHgt;V_DefHgt;A1_DefHgt;A2_DefHgt;E_DefHgt;Date_Created;dbVersion
GUIS_2314573,tSpecies,GUIS_tSpecies.csv,583,Spp_Code;Field_Name;Sensitive_Spp;Taxon_Reference;PLANTS_Symbol
GUIS_2314573,xConcept_Reference_lu,GUIS_xConcept_Reference_lu.csv,102,Taxon_Reference_Source
GUIS_2314573,xCoverClass_lu,GUIS_xCoverClass_lu.csv,12,Cover_Class;Range;MidPoint
GUIS_2314573,xHeight_Class_lu,GUIS_xHeight_Class_lu.csv,9,Height_Class;Sort_Order;Max_Val
GUIS_2314573,xHydro_Regime_lu,GUIS_xHydro_Regime_lu.csv,14,Hydro_Regime;Hydro_Definitions
GUIS_2314573,xLandform_lu,GUIS_xLandform_lu.csv,204,Landform;Lndfrm_Definition;Include_Rec
GUIS_2314573,xLeaf_Phenology_lu,GUIS_xLeaf_Phenology_lu.csv,7,Leaf_Phenology;SortOrder
GUIS_2314573,xLeaf_Type_lu,GUIS_xLeaf_Type_lu.csv,8,Leaf_Type;SortOrder
GUIS_2314573,xMapUnit_lu,GUIS_xMapUnit_lu.csv,38,MapUnit_Code;MapUnit
GUIS_2314573,xParks_lu,GUIS_xParks_lu.csv,278,Park_Code;Park_Name;State;Include_Rec
GUIS_2314573,xPhysio_Class_lu,GUIS_xPhysio_Class_lu.csv,8,Physio_Class;Physio_Definition;SortOrder
GUIS_2314573,xSoil_Drainage_lu,GUIS_xSoil_Drainage_lu.csv,6,Soil_Drainage;SortOrder
GUIS_2314573,xSoil_Texture_lu,GUIS_xSoil_Texture_lu.csv,13,Soil_Texture
GUIS_2314573,xState_lu,GUIS_xState_lu.csv,59,State_Code;State_Name;Include_Rec
GUIS_2314573,xStratum_lu,GUIS_xStratum_lu.csv,13,Stratum;Descript;SortOrder
GUIS_2314573,xSurficial_Geology_lu,GUIS_xSurficial_Geology_lu.csv,33,Surficial_Geology;Category;Include_Rec
GUIS_2314573,xTopo_Position_lu,GUIS_xTopo_Position_lu.csv,12,Topo_Position;SortOrder;Include_Rec
GUIS_2314573,xVegAssociation_lu,GUIS_xVegAssociation_lu.csv,5863,NVC_Elcode;NVC_Association;Canada;East;Midwest;Southeast;West;Include_Rec
GUMO_2314574,tPhotos,GUMO_tPhotos.csv,2163,Photo_ID;Plot_Code;NHNM_Plot_ID;Photo_Date;Photo_Type;Photo_Bearing;Photo_Descript;Photographer;Camera_or_Roll;File_Name
GUMO_2314574,tPlotEventSpecies,GUMO_tPlotEventSpecies.csv,14528,Plot_Event;Stratum;Spp_Code;Cover_Code;Real_Cover;Within_Plot;Spp_Update;Spp_User;PlotFlorRecID
GUMO_2314574,tPlotEvents,GUMO_tPlotEvents.csv,883,Plot_Event;Plot_Code;NHNM_Plot_ID;Event_Date;Surveyors;Field_X;Field_Y;GPS_Error;Satellites;UTM_Zone;Plot_Shape;Plot_Radius;Plot_Width;Plot_Length;Observation_pt;Provisional_Community;NVC_Elcode;Representativeness;Stand_Size;Environmental_Comments;Plot_Photos;Bedrock;Large_Rocks;Small_Rocks;Sand;Litter;Wood;Standing_Dead;Water;Bare;Other;Other_describe;Leaf_Type;Leaf_Phenology;Physio_Class;T1_Hgt;T2_Hgt;T3_Hgt;S1_Hgt;S2_Hgt;S3_Hgt;H_Hgt;N_Hgt;V_Hgt;A1_Hgt;A2_Hgt;E_Hgt;T1_Cover;T2_Cover;T3_Cover;S1_Cover;S2_Cover;S3_Cover;H_Cover;N_Cover;V_Cover;A1_Cover;A2_Cover;E_Cover;All_Cover;Primary_Code;Secondary_Code;Classified_Code;General_Comments;Plot_Update;Plot_User;EcomonRecID
GUMO_2314574,tPlotEvents_MapUnit_Assignment,GUMO_tPlotEvents_MapUnit_Assignment.csv,342,Plot_Code2;Classified_Code;Primary_Code
GUMO_2314574,tPlots,GUMO_tPlots.csv,884,Plot_Code;NHNM_Plot_ID;Plot_Type;Project_Name;Subproject_Name;Calc_X;Calc_Y;Plot_Directions;State;Land_Owner;Elevation;Elev_Units;Slope_Cat;Slope_Degrees;Aspect_Cat;Aspect_Degrees;Topo_Position;Landform;Surficial_Geology;Cowardin_System;Hydro_Regime;Hydrology_Evidence;Landscape_Comments;Soil_Texture;Soil_Drainage;AA_Plot
GUMO_2314574,tPlots_Autonumber,GUMO_tPlots_Autonumber.csv,884,NHNM_Plot_ID;ID
GUMO_2314574,tProcessSteps,GUMO_tProcessSteps.csv,0,Project_Name;Process_Step;Process_Date;Process_Person;Process_Notes
GUMO_2314574,tProjectMetadata,GUMO_tProjectMetadata.csv,1,Project_Name;Park_Code;Parent_Project_RecID;Project_Contact;Coordinate_System;Datum;Coordinate_Method;GPS_Filename;GPS_Unit;Sampling_Method;Key_Nomenclature_Source;Calculation_Method;PseudoSpecies;Taxon_Reference_Source;Project_Comments;T1_DefHgt;T2_DefHgt;T3_DefHgt;S1_DefHgt;S2_DefHgt;S3_DefHgt;H_DefHgt;N_DefHgt;V_DefHgt;A1_DefHgt;A2_DefHgt;E_DefHgt;Date_Created;dbVersion
GUMO_2314574,tSpecies,GUMO_tSpecies.csv,720,Spp_Code;Field_Name;Sensitive_Spp;Taxon_Reference;PLANTS_Symbol
GUMO_2314574,xConcept_Reference_lu,GUMO_xConcept_Reference_lu.csv,102,Taxon_Reference_Source
GUMO_2314574,xCoverClass_lu,GUMO_xCoverClass_lu.csv,10,Cover_Class;Range;MidPoint
GUMO_2314574,xHeight_Class_lu,GUMO_xHeight_Class_lu.csv,9,Height_Class;Sort_Order;Max_Val
GUMO_2314574,xHydro_Regime_lu,GUMO_xHydro_Regime_lu.csv,14,Hydro_Regime;Hydro_Definitions
GUMO_2314574,xLandform_lu,GUMO_xLandform_lu.csv,204,Landform;Lndfrm_Definition;Include_Rec
GUMO_2314574,xLeaf_Phenology_lu,GUMO_xLeaf_Phenology_lu.csv,7,Leaf_Phenology;SortOrder
GUMO_2314574,xLeaf_Type_lu,GUMO_xLeaf_Type_lu.csv,8,Leaf_Type;SortOrder
GUMO_2314574,xMapUnit_lu,GUMO_xMapUnit_lu.csv,49,MapUnit_Code;MapUnit
GUMO_2314574,xParks_lu,GUMO_xParks_lu.csv,278,Park_Code;Park_Name;State;Include_Rec
GUMO_2314574,xPhysio_Class_lu,GUMO_xPhysio_Class_lu.csv,8,Physio_Class;Physio_Definition;SortOrder
GUMO_2314574,xSoil_Drainage_lu,GUMO_xSoil_Drainage_lu.csv,6,Soil_Drainage;SortOrder
GUMO_2314574,xSoil_Texture_lu,GUMO_xSoil_Texture_lu.csv,13,Soil_Texture
GUMO_2314574,xState_lu,GUMO_xState_lu.csv,59,State_Code;State_Name;Include_Rec
GUMO_2314574,xStratum_lu,GUMO_xStratum_lu.csv,13,Stratum;Descript;SortOrder
GUMO_2314574,xSurficial_Geology_lu,GUMO_xSurficial_Geology_lu.csv,33,Surficial_Geology;Category;Include_Rec
GUMO_2314574,xTopo_Position_lu,GUMO_xTopo_Position_lu.csv,12,Topo_Position;SortOrder;Include_Rec
GUMO_2314574,xVegAssociation_lu,GUMO_xVegAssociation_lu.csv,140,NVC_Elcode;NVC_Association;Canada;East;Midwest;Southeast;West;Include_Rec;NML6RecID;NML6Name
HAVO_2314581,qry_All_species_detected,HAVO_qry_All_species_detected.csv,408,ITIS_TSN;Field_Name;Spp_Code
HAVO_2314581,qry_Plots_not_in_park,HAVO_qry_Plots_not_in_park.csv,7977,Plot_Code;Within_Plot;Plot
HAVO_2314581,qry_aa_spatial,HAVO_qry_aa_spatial.csv,964,AA_Code;Field_X;Field_Y;Datum;UTM_Zone;Pnts_Type
HAVO_2314581,qry_aa_species,HAVO_qry_aa_species.csv,166,ITIS_TSN;Field_Name;Spp_Code
HAVO_2314581,qry_plots,HAVO_qry_plots.csv,590,Plot_Code;Project_Name;Provisional_Community;NVC_Elcode;NVC_Association;State;Land_Owner;Field_X;Field_Y;UTM_Zone;Event_Date;Surveyors;GPS_Error;Satellites;Plot_Directions;Sensitive_Data;Plot_Shape;Plot_Radius;Plot_Width;Plot_Length;Elevation;Elev_Units;Slope_Cat;Slope_Degrees;Aspect_Cat;Aspect_Degrees;Topo_Position;Landform;Surficial_Geology;Cowardin_System;Hydro_Regime;Hydrology_Evidence;Landscape_Comments;Soil_Texture;Soil_Drainage;Representativeness;Stand_Size;Environmental_Comments;Plot_Photos;Bedrock;Large_Rocks;Small_Rocks;Sand;Litter;Wood;Water;Bare;Microbiotic;Lichen;LichenGround;Other;Other_describe;Leaf_Type;Leaf_Phenology;Physio_Class;T1_Hgt;T2_Hgt;T3_Hgt;S1_Hgt;S2_Hgt;S3_Hgt;H_Hgt;N_Hgt;V_Hgt;G1_Hgt;F1_Hgt;F2_Hgt;S_Hgt;G2_Hgt;E_Hgt;T1_Cover;T2_Cover;T3_Cover;S1_Cover;S2_Cover;S3_Cover;H_Cover;N_Cover;V_Cover;G1_Cover;F1_Cover;F2_Cover;S_Cover;G2_Cover;E_Cover;MaxVegHeight;General_Comments
HAVO_2314581,qry_plots_spatial,HAVO_qry_plots_spatial.csv,578,Park_Code;Plot_Code;Field_X;Field_Y;Datum;UTM_Zone;GPS_Error;Pnts_Type
HAVO_2314581,qry_plots_species,HAVO_qry_plots_species.csv,374,ITIS_TSN;Field_Name;Spp_Code
HAVO_2314581,qry_spcov,HAVO_qry_spcov.csv,7977,Plot_Code;PLANTS_Symbol;Field_Name;ComName;Family;ITIS_TSN;Stratum;Within_Plot;Cover_Code;Obs_Cover_Code;Real_Cover
HAVO_2314581,tAA,HAVO_tAA.csv,964,AA_Code;Project_Name;Slope_Cat;Slope_Degrees;Aspect_Cat;Aspect_Degrees;Elevation;Elev_Units
HAVO_2314581,tAAEvents,HAVO_tAAEvents.csv,964,AA_Event;AA_Code;Event_Date;Surveyors;Field_X;Field_Y;GPS_Error;Satellites;UTM_Zone;AA_plotsize;AA_plotshape;Primary_Code;Secondary_Code;Classified_Code;AA_Photos;Photos;General_Comments;AA_Update;AA_User
HAVO_2314581,tAAStratum,HAVO_tAAStratum.csv,2562,StratumID;VegetationID;Stratum;HeightClass;CoverClass
HAVO_2314581,tAAVegetation,HAVO_tAAVegetation.csv,963,VegetationID;AA_Event;LeafType;Physiognom;TotVegCover;CoverType;VegetationComments
HAVO_2314581,tAAVegetationDetails,HAVO_tAAVegetationDetails.csv,4447,VegDetailID;StratumID;TSN;CoverPct;Diagnostic;IsPheno
HAVO_2314581,tConnect,HAVO_tConnect.csv,1,Connect_db
HAVO_2314581,tGlobal,HAVO_tGlobal.csv,0,User_Count;User_Name;User_Email;Last_Modified
HAVO_2314581,tPhotos,HAVO_tPhotos.csv,10169,Photo_ID;Plot_Code;Photo_Date;Photo_Type;Photo_Bearing;Photo_Descript;Photographer;Camera_or_Roll;File_Name
HAVO_2314581,tPlotEventSpecies,HAVO_tPlotEventSpecies.csv,7977,Plot_Event;Stratum;Spp_Code;Cover_Code;Obs_Cover_Code;Real_Cover;Within_Plot;Plot;Spp_Update;Spp_User
HAVO_2314581,tPlotEvents,HAVO_tPlotEvents.csv,590,Plot_Event;Plot_Code;Event_Date;Surveyors;Field_X;Field_Y;GPS_Error;Satellites;UTM_Zone;Plot_Shape;Plot_Radius;Plot_Width;Plot_Length;Obs_pt;Observation_pt;Provisional_Community;NVC_Elcode;Representativeness;Stand_Size;Environmental_Comments;Photos;Plot_Photos;Bedrock;Large_Rocks;Small_Rocks;Sand;Litter;Wood;Water;Bare;Microbiotic;Lichen;LichenGround;Other;Other_describe;Leaf_Type;Leaf_Phenology;Physio_Class;T1_Hgt;T2_Hgt;T3_Hgt;S1_Hgt;S2_Hgt;S3_Hgt;H_Hgt;N_Hgt;V_Hgt;G1_Hgt;F1_Hgt;F2_Hgt;S_Hgt;G2_Hgt;E_Hgt;T1_Cover;T2_Cover;T3_Cover;S1_Cover;S2_Cover;S3_Cover;H_Cover;N_Cover;V_Cover;G1_Cover;F1_Cover;F2_Cover;S_Cover;G2_Cover;E_Cover;All_Cover;MaxVegHeight;General_Comments;Plot_Update;Plot_User
HAVO_2314581,tPlots,HAVO_tPlots.csv,590,Plot_Code;Project_Name;Plot_Directions;State;Land_Owner;Elevation;Elev_Units;Slope_Cat;Slope_Degrees;Aspect_Cat;Aspect_Degrees;Topo_Position;Landform;Surficial_Geology;Cowardin_System;Hydro_Regime;Hydrology_Evidence;Landscape_Comments;Soil_Texture;Soil_Drainage;Sensitive_Data;Public_X;Public_Y;Dist_XY;Public_Elev;Dist_Elev
HAVO_2314581,tProjectMetadata,HAVO_tProjectMetadata.csv,1,Project_Name;Park_Code;Project_Contact;Coordinate_System;Datum;Coordinate_Method;GPS_Filename;GPS_Unit;Sampling_Method;Calculation_Method;Taxon_Reference_Source;Project_Comments;T1_DefHgt;T2_DefHgt;T3_DefHgt;S1_DefHgt;S2_DefHgt;S3_DefHgt;H_DefHgt;N_DefHgt;V_DefHgt;A1_DefHgt;A2_DefHgt;E_DefHgt;Date_Created
HAVO_2314581,tSpecies,HAVO_tSpecies.csv,408,Spp_Code;Field_Name;Taxon_Reference;PLANTS_Symbol
HAVO_2314581,xConcept_Reference_lu,HAVO_xConcept_Reference_lu.csv,3,Taxon_Reference_Source
HAVO_2314581,xCoverClassObs_lu,HAVO_xCoverClassObs_lu.csv,4,CoverClass;Range;Sort_Order
HAVO_2314581,xCoverClass_lu,HAVO_xCoverClass_lu.csv,14,Cover_Class;Range;MidPoint
HAVO_2314581,xHeight_Class_lu,HAVO_xHeight_Class_lu.csv,10,Height_Class;Range;Sort_Order;Max_Val
HAVO_2314581,xHydro_Regime_lu,HAVO_xHydro_Regime_lu.csv,14,Hydro_Regime;Hydro_Definitions
HAVO_2314581,xLandform_lu,HAVO_xLandform_lu.csv,17,Landform;Lndfrm_Definition;Include_Rec
HAVO_2314581,xLeaf_Phenology_lu,HAVO_xLeaf_Phenology_lu.csv,5,Leaf_Phenology;SortOrder
HAVO_2314581,xLeaf_Type_lu,HAVO_xLeaf_Type_lu.csv,8,Leaf_Type;SortOrder
HAVO_2314581,xMapUnit_lu,HAVO_xMapUnit_lu.csv,113,MapUnit_Code;MapUnit;NVC_Association;NVC_Elcode;AA_only
HAVO_2314581,xParks_lu,HAVO_xParks_lu.csv,278,Park_Code;Park_Name;State;Include_Rec
HAVO_2314581,xPhysio_Class_lu,HAVO_xPhysio_Class_lu.csv,11,Physio_Class;Physio_Definition;SortOrder
HAVO_2314581,xSoil_Drainage_lu,HAVO_xSoil_Drainage_lu.csv,6,Soil_Drainage;SortOrder
HAVO_2314581,xSoil_Texture_lu,HAVO_xSoil_Texture_lu.csv,19,Soil_Texture
HAVO_2314581,xState_lu,HAVO_xState_lu.csv,59,State_Code;State_Name;Include_Rec
HAVO_2314581,xStratum_lu,HAVO_xStratum_lu.csv,14,Stratum;Descript;SortOrder
HAVO_2314581,xSurficial_Geology_lu,HAVO_xSurficial_Geology_lu.csv,10,Surficial_Geology;Category;Include_Rec
HAVO_2314581,xTopo_Position_lu,HAVO_xTopo_Position_lu.csv,14,Topo_Position;SortOrder;Include_Rec
HAVO_2314581,xVegAssociation_lu,HAVO_xVegAssociation_lu.csv,81,NVC_Elcode;NVC_Association;Canada;East;Midwest;Southeast;West;Include_Rec;Notes
HOBE_2314583,tAA,HOBE_tAA.csv,222,AA_Code;Project_Name;Slope_Cat;Slope_Degrees;Aspect_Cat;Aspect_Degrees;Elevation;Elev_Units
HOBE_2314583,tAAEvents,HOBE_tAAEvents.csv,222,AA_Event;AA_Code;Event_Date;Surveyors;Field_X;Field_Y;GPS_Error;Satellites;UTM_Zone;AA_plotsize;AA_plotshape;Primary_Code;Secondary_Code;Classified_Code;AA_Photos;General_Comments;AA_Update;AA_User
HOBE_2314583,tConnect,HOBE_tConnect.csv,1,Connect_db
HOBE_2314583,tGlobal,HOBE_tGlobal.csv,12,User_Count;User_Name;User_Email;Last_Modified
HOBE_2314583,tPhotos,HOBE_tPhotos.csv,1030,Photo_ID;Plot_Code;Photo_Date;Photo_Type;Photo_Bearing;Photo_Descript;Photographer;Camera_or_Roll;File_Name
HOBE_2314583,tPlotEventSpecies,HOBE_tPlotEventSpecies.csv,1155,Plot_Event;Stratum;Spp_Code;Cover_Code;Real_Cover;Within_Plot;Spp_Update;Spp_User
HOBE_2314583,tPlotEvents,HOBE_tPlotEvents.csv,37,Plot_Event;Plot_Code;Event_Date;Surveyors;Field_X;Field_Y;GPS_Error;Satellites;UTM_Zone;Plot_Shape;Plot_Radius;Plot_Width;Plot_Length;Observation_pt;Provisional_Community;NVC_Elcode;Representativeness;Stand_Size;Environmental_Comments;Plot_Photos;Bedrock;Large_Rocks;Small_Rocks;Sand;Litter;Wood;Water;Bare;Other;Other_describe;Leaf_Type;Leaf_Phenology;Physio_Class;T1_Hgt;T2_Hgt;T3_Hgt;S1_Hgt;S2_Hgt;S3_Hgt;H_Hgt;N_Hgt;V_Hgt;A1_Hgt;A2_Hgt;E_Hgt;T1_Cover;T2_Cover;T3_Cover;S1_Cover;S2_Cover;S3_Cover;H_Cover;N_Cover;V_Cover;A1_Cover;A2_Cover;E_Cover;All_Cover;General_Comments;Plot_Update;Plot_User
HOBE_2314583,tPlots,HOBE_tPlots.csv,37,Plot_Code;Project_Name;Plot_Directions;State;Land_Owner;Elevation;Elev_Units;Slope_Cat;Slope_Degrees;Aspect_Cat;Aspect_Degrees;Topo_Position;Landform;Surficial_Geology;Cowardin_System;Hydro_Regime;Hydrology_Evidence;Landscape_Comments;Soil_Texture;Soil_Drainage;Sensitive_Data;Public_X;Public_Y;Dist_XY;Public_Elev;Dist_Elev
HOBE_2314583,tProjectMetadata,HOBE_tProjectMetadata.csv,1,Project_Name;Park_Code;Project_Contact;Coordinate_System;Datum;Coordinate_Method;GPS_Filename;GPS_Unit;Sampling_Method;Calculation_Method;Taxon_Reference_Source;Project_Comments;T1_DefHgt;T2_DefHgt;T3_DefHgt;S1_DefHgt;S2_DefHgt;S3_DefHgt;H_DefHgt;N_DefHgt;V_DefHgt;A1_DefHgt;A2_DefHgt;E_DefHgt;Date_Created
HOBE_2314583,tSpecies,HOBE_tSpecies.csv,203,Spp_Code;Field_Name;Taxon_Reference;PLANTS_Symbol
HOBE_2314583,xConcept_Reference_lu,HOBE_xConcept_Reference_lu.csv,102,Taxon_Reference_Source
HOBE_2314583,xCoverClass_lu,HOBE_xCoverClass_lu.csv,10,Cover_Class;Range;MidPoint
HOBE_2314583,xHeight_Class_lu,HOBE_xHeight_Class_lu.csv,9,Height_Class;Sort_Order;Max_Val
HOBE_2314583,xHydro_Regime_lu,HOBE_xHydro_Regime_lu.csv,14,Hydro_Regime;Hydro_Definitions
HOBE_2314583,xLandform_lu,HOBE_xLandform_lu.csv,204,Landform;Lndfrm_Definition;Include_Rec
HOBE_2314583,xLeaf_Phenology_lu,HOBE_xLeaf_Phenology_lu.csv,7,Leaf_Phenology;SortOrder
HOBE_2314583,xLeaf_Type_lu,HOBE_xLeaf_Type_lu.csv,8,Leaf_Type;SortOrder
HOBE_2314583,xMapUnit_lu,HOBE_xMapUnit_lu.csv,0,MapUnit_Code;MapUnit
HOBE_2314583,xParks_lu,HOBE_xParks_lu.csv,278,Park_Code;Park_Name;State;Include_Rec
HOBE_2314583,xPhysio_Class_lu,HOBE_xPhysio_Class_lu.csv,8,Physio_Class;Physio_Definition;SortOrder
HOBE_2314583,xSoil_Drainage_lu,HOBE_xSoil_Drainage_lu.csv,6,Soil_Drainage;SortOrder
HOBE_2314583,xSoil_Texture_lu,HOBE_xSoil_Texture_lu.csv,13,Soil_Texture
HOBE_2314583,xState_lu,HOBE_xState_lu.csv,59,State_Code;State_Name;Include_Rec
HOBE_2314583,xStratum_lu,HOBE_xStratum_lu.csv,13,Stratum;Descript;SortOrder
HOBE_2314583,xSurficial_Geology_lu,HOBE_xSurficial_Geology_lu.csv,33,Surficial_Geology;Category;Include_Rec
HOBE_2314583,xTopo_Position_lu,HOBE_xTopo_Position_lu.csv,12,Topo_Position;SortOrder;Include_Rec
HOBE_2314583,xVegAssociation_lu,HOBE_xVegAssociation_lu.csv,7412,NVC_Elcode;NVC_Association;Canada;East;Midwest;Southeast;West;Include_Rec
KAHO_2314599,qry_All_map_codes,KAHO_qry_All_map_codes.csv,18,Primary_Code;MapUnit;NVC_Elcode
KAHO_2314599,qry_Classified_map_codes,KAHO_qry_Classified_map_codes.csv,16,Classified_Code;MapUnit;NVC_Elcode
KAHO_2314599,qry_Primary_map_codes,KAHO_qry_Primary_map_codes.csv,15,Primary_Code;MapUnit;NVC_Elcode
KAHO_2314599,qry_Secondary_map_codes,KAHO_qry_Secondary_map_codes.csv,8,Secondary_Code;MapUnit;NVC_Elcode
KAHO_2314599,qry_sp_cov,KAHO_qry_sp_cov.csv,407,Plot_Code;ITIS_TSN;Sci_Name;ComName;Family;Plants_Symbol_USDA;Stratum;Cover_Code;Real_Cover;Obs_Cover_Code;Within_Plot
KAHO_2314599,tAA,KAHO_tAA.csv,90,AA_Code;Project_Name;Slope_Cat;Slope_Degrees;Aspect_Cat;Aspect_Degrees;Elevation;Elev_Units;Comments
KAHO_2314599,tAAEvents,KAHO_tAAEvents.csv,90,AA_Event;AA_Code;Event_Date;Surveyors;Field_X;Field_Y;GPS_Error;Satellites;UTM_Zone;AA_plotsize;AA_plotshape;Primary_Code;Secondary_Code;Classified_Code;Point_Represent;Assoc_Represent;Key;Desc_Accurate;Classification_Comments;Key_Comments;Description_Comments;Landmarks;AA_Photos;General_Comments;AA_Update;AA_User
KAHO_2314599,tAAPhotos,KAHO_tAAPhotos.csv,450,PhotoID;AA_Code;ViewNumber;Time;CameraPosition;Bearing;Photographer;PhotoComments
KAHO_2314599,tAAStratum,KAHO_tAAStratum.csv,232,StratumID;VegetationID;Stratum;HeightClass;CoverClass
KAHO_2314599,tAAVegetation,KAHO_tAAVegetation.csv,90,VegetationID;AA_Event;LeafType;Physiognom;TotVegCover;CoverType;VegetationComments
KAHO_2314599,tAAVegetationDetails,KAHO_tAAVegetationDetails.csv,352,VegDetailID;StratumID;TSN;CoverPct;Diagnostic;IsPheno
KAHO_2314599,tConnect,KAHO_tConnect.csv,1,Connect_db
KAHO_2314599,tGlobal,KAHO_tGlobal.csv,0,User_Count;User_Name;User_Email;Last_Modified
KAHO_2314599,tPhotos,KAHO_tPhotos.csv,318,Photo_ID;Plot_Code;Photo_Date;Photo_Type;Photo_Bearing;Photo_Descript;Photographer;Camera_or_Roll;File_Name
KAHO_2314599,tPlotEventSpecies,KAHO_tPlotEventSpecies.csv,407,Plot_Event;Stratum;Spp_Code;Is_Dead;Cover_Code;Real_Cover;Obs_Cover_Code;Within_Plot;Spp_Update;Spp_User
KAHO_2314599,tPlotEvents,KAHO_tPlotEvents.csv,55,Plot_Event;Plot_Code;Event_Date;Surveyors;Field_X;Field_Y;GPS_Error;Satellites;UTM_Zone;Plot_Shape;Plot_Radius;Plot_Width;Plot_Length;Observation_pt;Provisional_Community;NVC_Elcode;Representativeness;Stand_Size;Environmental_Comments;Plot_Photos;Bedrock;Large_Rocks;Small_Rocks;Sand;Litter;Wood;Water;Bare;Microbiotic;Lichen;LichenGround;Other;Other_describe;Leaf_Type;Leaf_Phenology;Physio_Class;T1_Hgt;T2_Hgt;T3_Hgt;S1_Hgt;S2_Hgt;S3_Hgt;H_Hgt;N_Hgt;V_Hgt;G1_Hgt;F1_Hgt;F2_Hgt;S_Hgt;G2_Hgt;E_Hgt;T1_Cover;T2_Cover;T3_Cover;S1_Cover;S2_Cover;S3_Cover;H_Cover;N_Cover;V_Cover;G1_Cover;F1_Cover;F2_Cover;S_Cover;G2_Cover;E_Cover;All_Cover;MaxVegHeight;General_Comments;Plot_Update;Plot_User
KAHO_2314599,tPlots,KAHO_tPlots.csv,55,Plot_Code;Project_Name;Plot_Directions;State;Land_Owner;Elevation;Elev_Units;Slope_Cat;Slope_Degrees;Aspect_Cat;Aspect_Degrees;Topo_Position;Landform;Surficial_Geology;Cowardin_System;Hydro_Regime;Hydrology_Evidence;Landscape_Comments;Soil_Texture;Soil_Drainage;Sensitive_Data;Public_X;Public_Y;Dist_XY;Public_Elev;Dist_Elev;IsObservationPt;IsLegacyData
KAHO_2314599,tProjectMetadata,KAHO_tProjectMetadata.csv,1,Project_Name;Park_Code;Project_Contact;Coordinate_System;Datum;Coordinate_Method;GPS_Filename;GPS_Unit;Sampling_Method;Calculation_Method;Taxon_Reference_Source;Project_Comments;T1_DefHgt;T2_DefHgt;T3_DefHgt;S1_DefHgt;S2_DefHgt;S3_DefHgt;H_DefHgt;N_DefHgt;V_DefHgt;A1_DefHgt;A2_DefHgt;E_DefHgt;Date_Created
KAHO_2314599,tSpecies,KAHO_tSpecies.csv,61,Spp_Code;Field_Name;Taxon_Reference;PLANTS_Symbol;ITIS_TSN
KAHO_2314599,xConcept_Reference_lu,KAHO_xConcept_Reference_lu.csv,102,Taxon_Reference_Source
KAHO_2314599,xCoverClassObs_lu,KAHO_xCoverClassObs_lu.csv,4,CoverClass;Range;Sort_Order
KAHO_2314599,xCoverClass_lu,KAHO_xCoverClass_lu.csv,14,Cover_Class;Range;MidPoint;Sort_Order
KAHO_2314599,xHeight_Class_lu,KAHO_xHeight_Class_lu.csv,10,Height_Class;Range;Sort_Order;Max_Val
KAHO_2314599,xHydro_Regime_lu,KAHO_xHydro_Regime_lu.csv,14,Hydro_Regime;Hydro_Definitions
KAHO_2314599,xLandform_lu,KAHO_xLandform_lu.csv,17,Landform;Lndfrm_Definition;Include_Rec
KAHO_2314599,xLeaf_Phenology_lu,KAHO_xLeaf_Phenology_lu.csv,5,Leaf_Phenology;SortOrder
KAHO_2314599,xLeaf_Type_lu,KAHO_xLeaf_Type_lu.csv,7,Leaf_Type;SortOrder
KAHO_2314599,xMapUnit_lu,KAHO_xMapUnit_lu.csv,32,MapUnit_Code;MapUnit;NVC_Association;NVC_Elcode
KAHO_2314599,xParks_lu,KAHO_xParks_lu.csv,278,Park_Code;Park_Name;State;Include_Rec
KAHO_2314599,xPhysio_Class_lu,KAHO_xPhysio_Class_lu.csv,11,Physio_Class;Physio_Definition;SortOrder
KAHO_2314599,xSoil_Drainage_lu,KAHO_xSoil_Drainage_lu.csv,6,Soil_Drainage;SortOrder
KAHO_2314599,xSoil_Texture_lu,KAHO_xSoil_Texture_lu.csv,19,Soil_Texture
KAHO_2314599,xState_lu,KAHO_xState_lu.csv,59,State_Code;State_Name;Include_Rec
KAHO_2314599,xStratum_lu,KAHO_xStratum_lu.csv,14,Stratum;Descript;SortOrder
KAHO_2314599,xSurficial_Geology_lu,KAHO_xSurficial_Geology_lu.csv,10,Surficial_Geology;Category;Include_Rec
KAHO_2314599,xTopo_Position_lu,KAHO_xTopo_Position_lu.csv,14,Topo_Position;SortOrder;Include_Rec
KAHO_2314599,xVegAssociation_lu,KAHO_xVegAssociation_lu.csv,17,NVC_Elcode;NVC_Association;Canada;East;Midwest;Southeast;West;Pacific;Include_Rec
KIMO_2314603,sp_cov,KIMO_sp_cov.csv,1294,Plot_Event;PLANTS_Symbol;Field_Name;ComName;Family;ITIS_TSN;Stratum;Spp_Code;Within_Plot;Cover_Code;Real_Cover
KIMO_2314603,tAA,KIMO_tAA.csv,353,AA_Code;Project_Name;Slope_Cat;Slope_Degrees;Aspect_Cat;Aspect_Degrees;Elevation;Elev_Units
KIMO_2314603,tAAEvents,KIMO_tAAEvents.csv,353,AA_Event;AA_Code;Event_Date;Surveyors;Field_X;Field_Y;GPS_Error;Satellites;UTM_Zone;AA_plotsize;AA_plotshape;Primary_Code;Secondary_Code;Classified_Code;AA_Photos;General_Comments;AA_Update;AA_User
KIMO_2314603,tConnect,KIMO_tConnect.csv,1,Connect_db
KIMO_2314603,tGlobal,KIMO_tGlobal.csv,38,User_Count;User_Name;User_Email;Last_Modified
KIMO_2314603,tPhotos,KIMO_tPhotos.csv,0,Photo_ID;Plot_Code;Photo_Date;Photo_Type;Photo_Bearing;Photo_Descript;Photographer;Camera_or_Roll;File_Name
KIMO_2314603,tPlotEventSpecies,KIMO_tPlotEventSpecies.csv,1294,Plot_Event;Stratum;Spp_Code;Cover_Code;Real_Cover;Within_Plot;Spp_Update;Spp_User
KIMO_2314603,tPlotEvents,KIMO_tPlotEvents.csv,21,Plot_Event;Plot_Code;Event_Date;Surveyors;Field_X;Field_Y;GPS_Error;Satellites;UTM_Zone;Plot_Shape;Plot_Radius;Plot_Width;Plot_Length;Observation_pt;Provisional_Community;NVC_Elcode;Representativeness;Stand_Size;Environmental_Comments;Plot_Photos;Bedrock;Large_Rocks;Small_Rocks;Sand;Litter;Wood;Water;Bare;Other;Other_describe;Leaf_Type;Leaf_Phenology;Physio_Class;T1_Cover;T2_Cover;T3_Cover;S1_Cover;S2_Cover;S3_Cover;H_Cover;N_Cover;General_Comments;Plot_Update;Plot_User
KIMO_2314603,tPlots,KIMO_tPlots.csv,21,Plot_Code;Project_Name;Plot_Directions;State;Land_Owner;Elevation;Elev_Units;Slope_Cat;Slope_Degrees;Aspect_Cat;Aspect_Degrees;Topo_Position;Landform;Surficial_Geology;Cowardin_System;Hydro_Regime;Hydrology_Evidence;Landscape_Comments;Soil_Texture;Soil_Drainage;Sensitive_Data;Public_X;Public_Y;Dist_XY;Public_Elev;Dist_Elev
KIMO_2314603,tProjectMetadata,KIMO_tProjectMetadata.csv,1,Project_Name;Park_Code;Project_Contact;Coordinate_System;Datum;Coordinate_Method;GPS_Filename;GPS_Unit;Sampling_Method;Calculation_Method;Key_Nomenclature_Source;Project_Comments;T1_Hgt;T2_Hgt;T3_Hgt;S1_Hgt;S2_Hgt;S3_Hgt;H_Hgt;N_Hgt;V_Hgt;Date_Created
KIMO_2314603,tSpecies,KIMO_tSpecies.csv,283,Spp_Code;Field_Name;Concept_Reference;PLANTS_Symbol
KIMO_2314603,xConcept_Reference_lu,KIMO_xConcept_Reference_lu.csv,102,Key_Nomenclature_Source
KIMO_2314603,xCoverClass_lu,KIMO_xCoverClass_lu.csv,10,Cover_Class;Range;MidPoint
KIMO_2314603,xHeight_Class_lu,KIMO_xHeight_Class_lu.csv,12,Height_Class;Sort_Order
KIMO_2314603,xHydro_Regime_lu,KIMO_xHydro_Regime_lu.csv,14,Hydro_Regime;Hydro_Definitions
KIMO_2314603,xLandform_lu,KIMO_xLandform_lu.csv,204,Landform;Lndfrm_Definition;Include_Rec
KIMO_2314603,xLeaf_Phenology_lu,KIMO_xLeaf_Phenology_lu.csv,7,Leaf_Phenology;SortOrder
KIMO_2314603,xLeaf_Type_lu,KIMO_xLeaf_Type_lu.csv,8,Leaf_Type;SortOrder
KIMO_2314603,xMapUnit_lu,KIMO_xMapUnit_lu.csv,27,MapUnit_Code;MapUnit
KIMO_2314603,xParks_lu,KIMO_xParks_lu.csv,278,Park_Code;Park_Name;State;Include_Rec
KIMO_2314603,xPhysio_Class_lu,KIMO_xPhysio_Class_lu.csv,8,Physio_Class;Physio_Definition;SortOrder
KIMO_2314603,xSoil_Drainage_lu,KIMO_xSoil_Drainage_lu.csv,6,Soil_Drainage;SortOrder
KIMO_2314603,xSoil_Texture_lu,KIMO_xSoil_Texture_lu.csv,13,Soil_Texture
KIMO_2314603,xState_lu,KIMO_xState_lu.csv,59,State_Code;State_Name;Include_Rec
KIMO_2314603,xStratum_lu,KIMO_xStratum_lu.csv,13,Stratum;Descript;SortOrder
KIMO_2314603,xSurficial_Geology_lu,KIMO_xSurficial_Geology_lu.csv,34,Surficial_Geology;Category;Include_Rec
KIMO_2314603,xTopo_Position_lu,KIMO_xTopo_Position_lu.csv,12,Topo_Position;SortOrder;Include_Rec
KIMO_2314603,xVegAssociation_lu,KIMO_xVegAssociation_lu.csv,27,NVC_Elcode;NVC_Association;Canada;East;Midwest;Southeast;West;Include_Rec
LAKE_2314607,AllReports,LAKE_AllReports.csv,638,ProjectID;DatabaseID;Reference;CEGLcode;Changed;Reviewed;LifeformNum;LifeformVeg;Alliance;Association;AlianceCode;AllianceCode_NVC;FinalClassif;Classif_level;Classif_Notes;Classif_Alliance_NVC;Classif_Assoc_NVC;Classif_Confidence;Ranking-State;Ranking-Global;Alliance_orig;Vegetation_Type;ClassCode;ClassName;FormationCode;FormationName;DivisionCode;DivisionName;MacrogroupCode;MacrogroupName;GroupCode_NVC;DIF_CODE;GroupCode_Selected;Group;GroupName_Selected;NVC_Notes;n_Assoc;n_Alliance;n_Alliance_DEVA;n_Alliance_MOJA;n_Alliance_LAKE;n_Alliance_Johnson;Group-cut;Group-30;Subset;ClusterOrder;Group-order;Park_acronym;RegionCode;RegionName;ParkZone;Quad24KName;SiteLocation-History;ID_Site;SurveyType;Elevation;MicroTopo;MacroTopo;Geol2;Geol3;Geol4;Soil;Large_rock2;LargeRock_Bedrock_Sum;Small_rock2;Bares_fines2;Litter_2;Sum_Coarse;Sum_Coarse_Corr;TotalCvr;Tree_cover;Conif_cover;Hdwd_cover;LoShrub_cover;HiShrub_cover;Shrub_cover;Herb_cover;NonVasc_cover;Veg_cover;Upl_Wetland;Aspect_gen;AspectNum;AspNum1;AspNum2;AspNum3;Aspect_actual;SlopeActual;SlopeDerived;StandID;PlotOther4;CommonAlliance;CommonAssociation;Phase;SUB_NAME;EUCODE;UTME;UTMN;NonNative;Rel%Native;Rel%NonNative;MinHt_Conif;MaxHt_Conif;MinHt_Hdwd;MaxHt_Hdwd;MinHt_TShrb;MaxHt_TShrb;MinHt_LShrb;MaxHt_LShrb;MinHt_Herb;MaxHt_Herb;MappingCode;N_spp;Freq;Avg;Range;Abun;Abun%;LayerSumCover;Elevation_DEM;Section;State;States;Aspects;MacroTopos;Sections;Subsections;ParkZonesDEVA;ParkZonesLAKE;ParkZonesMOJA;Geols;Soils;DomSppTrees;DomSppShrubs;DomSppHerbs;DomSppNon-vasc;CharSppTrees;CharSppShrubs;CharSppHerbs;CharSppNon-vasc;OftSppTrees;OftSppShrubs;OftSppHerbs;OftSppNon-vasc;SomSppHerbs;SomSppTrees;SomSppShrubs;SomSppNon-vasc;SurveysDEVA;SurveysLAKE;SurveysMOJA;SurveysJohnson;ReferencesAlliance;GroupCodes;AllianceCodes
LAKE_2314607,QA_01_spcov,LAKE_QA_01_spcov.csv,22315,Project_Name;AA_Plot;Plot_Code;Plot_Event;Spp_Code;Plants_Symbol;Field_Name;ComName;Family;Stratum;Cover_Code;Real_Cover;Within_Plot;ITIS_TSN;Used_PLANTS;Spp_Update;Spp_User
LAKE_2314607,QA_02_plots,LAKE_QA_02_plots.csv,1719,Project_Name;AA_Plot;Plot_Code;Plot_Event;Event_Date;Surveyors;Field_X;Field_Y;GPS_Error;Satellites;UTM_Zone;Plot_Shape;Plot_Radius;Plot_Width;Plot_Length;Observation_pt;State;Land_Owner;Plot_Directions;Elevation;Elev_Units;Slope_Cat;Slope_Degrees;Aspect_Cat;Aspect_Degrees;Topo_Position;Landform;Surficial_Geology;Cowardin_System;Hydro_Regime;Hydrology_Evidence;Landscape_Comments;Soil_Texture;Soil_Drainage;Provisional_Community;NVC_Elcode;NVC_Association;MapUnit;Representativeness;Stand_Size;Environmental_Comments;Plot_Photos;Bedrock;Large_Rocks;Small_Rocks;Sand;Litter;Wood;Standing_Dead;Water;Bare;Other;Other_describe;Leaf_Type;Leaf_Phenology;Physio_Class;T1_Hgt;T2_Hgt;T3_Hgt;S1_Hgt;S2_Hgt;S3_Hgt;H_Hgt;N_Hgt;V_Hgt;A1_Hgt;A2_Hgt;E_Hgt;T1_Cover;T2_Cover;T3_Cover;S1_Cover;S2_Cover;S3_Cover;H_Cover;N_Cover;V_Cover;A1_Cover;A2_Cover;E_Cover;All_Cover;Primary_Code;Primary_Name;Secondary_Code;Secondary_Name;Classified_Code;Classified_Name;General_Comments;Plot_Update;Plot_User
LAKE_2314607,QA_03_duplicates_in_01,LAKE_QA_03_duplicates_in_01.csv,0,Plot_Code;Spp_Code;Stratum;AA_Plot;Plot_Event;Field_Name;ComName;Cover_Code;Real_Cover;Within_Plot;Spp_Update;Spp_User
LAKE_2314607,QA_04_duplicates_in_02,LAKE_QA_04_duplicates_in_02.csv,0,Plot_Code;Project_Name;AA_Plot;Plot_Event;Event_Date;Surveyors;Field_X;Field_Y
LAKE_2314607,QA_05_Plots_without_Species,LAKE_QA_05_Plots_without_Species.csv,4,AA_Plot;Plot_Code;Plot_Event
LAKE_2314607,QA_06_Spp_without_Plots,LAKE_QA_06_Spp_without_Plots.csv,0,Plot_Event;Stratum;Spp_Code;Cover_Code;Real_Cover;Within_Plot;Spp_Update;Spp_User
LAKE_2314607,tConnect,LAKE_tConnect.csv,1,Connect_db
LAKE_2314607,tGlobal,LAKE_tGlobal.csv,62,User_Count;User_Name;User_Email;Last_Modified
LAKE_2314607,tPhotos,LAKE_tPhotos.csv,3806,Photo_ID;Plot_Code;Photo_Date;Photo_Type;Photo_Bearing;Photo_Descript;Photographer;Camera_or_Roll;File_Name
LAKE_2314607,tPlants_BangleSubset,LAKE_tPlants_BangleSubset.csv,7162,Plot_Event;Spp_Code;Real_Cover
LAKE_2314607,tPlotEventSpecies,LAKE_tPlotEventSpecies.csv,22311,Plot_Event;Stratum;Spp_Code;Cover_Code;Real_Cover;Within_Plot;Spp_Update;Spp_User
LAKE_2314607,tPlotEvents,LAKE_tPlotEvents.csv,1719,Plot_Event;Plot_Code;Event_Date;Surveyors;Field_X;Field_Y;GPS_Error;Satellites;UTM_Zone;Plot_Shape;Plot_Radius;Plot_Width;Plot_Length;Observation_pt;Provisional_Community;NVC_Elcode;Representativeness;Stand_Size;Environmental_Comments;Plot_Photos;Bedrock;Large_Rocks;Small_Rocks;Sand;Litter;Wood;Standing_Dead;Water;Bare;Other;Other_describe;Leaf_Type;Leaf_Phenology;Physio_Class;T1_Hgt;T2_Hgt;T3_Hgt;S1_Hgt;S2_Hgt;S3_Hgt;H_Hgt;N_Hgt;V_Hgt;A1_Hgt;A2_Hgt;E_Hgt;T1_Cover;T2_Cover;T3_Cover;S1_Cover;S2_Cover;S3_Cover;H_Cover;N_Cover;V_Cover;A1_Cover;A2_Cover;E_Cover;All_Cover;Primary_Code;Secondary_Code;Classified_Code;General_Comments;Plot_Update;Plot_User
LAKE_2314607,tPlotEvents_Without_Matching_xVegAssociation_lu,LAKE_tPlotEvents_Without_Matching_xVegAssociation_lu.csv,30,Provisional_Community;NVC_Elcode
LAKE_2314607,tPlots,LAKE_tPlots.csv,1719,Plot_Code;Project_Name;Plot_Directions;State;Land_Owner;Elevation;Elev_Units;Slope_Cat;Slope_Degrees;Aspect_Cat;Aspect_Degrees;Topo_Position;Landform;Surficial_Geology;Cowardin_System;Hydro_Regime;Hydrology_Evidence;Landscape_Comments;Soil_Texture;Soil_Drainage;AA_Plot
LAKE_2314607,tProcessSteps,LAKE_tProcessSteps.csv,5,Project_Name;Process_Step;Process_Date;Process_Person;Process_Notes
LAKE_2314607,tProjectMetadata,LAKE_tProjectMetadata.csv,6,Project_Name;Park_Code;Project_Contact;Coordinate_System;Datum;Coordinate_Method;GPS_Filename;GPS_Unit;Sampling_Method;Calculation_Method;PseudoSpecies;Taxon_Reference_Source;Project_Comments;T1_DefHgt;T2_DefHgt;T3_DefHgt;S1_DefHgt;S2_DefHgt;S3_DefHgt;H_DefHgt;N_DefHgt;V_DefHgt;A1_DefHgt;A2_DefHgt;E_DefHgt;Date_Created;dbVersion
LAKE_2314607,tSpecies,LAKE_tSpecies.csv,732,Spp_Code;Field_Name;Sensitive_Spp;Taxon_Reference;PLANTS_Symbol
LAKE_2314607,veg_final_2_AA_events,LAKE_veg_final_2_AA_events.csv,544,AA_Code;final
LAKE_2314607,xConcept_Reference_lu,LAKE_xConcept_Reference_lu.csv,102,Taxon_Reference_Source
LAKE_2314607,xCoverClass_lu,LAKE_xCoverClass_lu.csv,10,Cover_Class;Range;MidPoint
LAKE_2314607,xHeight_Class_lu,LAKE_xHeight_Class_lu.csv,9,Height_Class;Sort_Order;Max_Val
LAKE_2314607,xHydro_Regime_lu,LAKE_xHydro_Regime_lu.csv,14,Hydro_Regime;Hydro_Definitions
LAKE_2314607,xLandform_lu,LAKE_xLandform_lu.csv,204,Landform;Lndfrm_Definition;Include_Rec
LAKE_2314607,xLeaf_Phenology_lu,LAKE_xLeaf_Phenology_lu.csv,7,Leaf_Phenology;SortOrder
LAKE_2314607,xLeaf_Type_lu,LAKE_xLeaf_Type_lu.csv,8,Leaf_Type;SortOrder
LAKE_2314607,xMapUnit_lu,LAKE_xMapUnit_lu.csv,55,MapUnit_Code;MapUnit
LAKE_2314607,xParks_lu,LAKE_xParks_lu.csv,279,Park_Code;Park_Name;State;Include_Rec
LAKE_2314607,xPhysio_Class_lu,LAKE_xPhysio_Class_lu.csv,8,Physio_Class;Physio_Definition;SortOrder
LAKE_2314607,xSoil_Drainage_lu,LAKE_xSoil_Drainage_lu.csv,6,Soil_Drainage;SortOrder
LAKE_2314607,xSoil_Texture_lu,LAKE_xSoil_Texture_lu.csv,13,Soil_Texture
LAKE_2314607,xState_lu,LAKE_xState_lu.csv,59,State_Code;State_Name;Include_Rec
LAKE_2314607,xStratum_lu,LAKE_xStratum_lu.csv,13,Stratum;Descript;SortOrder
LAKE_2314607,xSurficial_Geology_lu,LAKE_xSurficial_Geology_lu.csv,33,Surficial_Geology;Category;Include_Rec
LAKE_2314607,xTopo_Position_lu,LAKE_xTopo_Position_lu.csv,12,Topo_Position;SortOrder;Include_Rec
LAKE_2314607,xVegAssociation_lu,LAKE_xVegAssociation_lu.csv,5935,NVC_Elcode;NVC_Association;Canada;East;Midwest;Southeast;West;Include_Rec
LAKE_2314607,x_Alliance2MU_lu,LAKE_x_Alliance2MU_lu.csv,69,AllianceCode;MapClassCode
MNRR_2314620,Full_veg_plot_querry,MNRR_Full_veg_plot_querry.csv,5212,Plot_Event;Observation_pt;Spp_Code;Cover_Code;Real_Cover
MNRR_2314620,MapClass2Assoc,MNRR_MapClass2Assoc.csv,50,MapClass;AssocCode
MNRR_2314620,PhotoViewer_01_PlotAttributes,MNRR_PhotoViewer_01_PlotAttributes.csv,881,Plot_Event;Plot_Code;Field_X;Field_Y;UTM_Zone;Event_Date;Physio_Class;Classified_Code;xVegAssociation_lu_NVC_Elcode;NVC_Association;MapUnit_Code
MNRR_2314620,PhotoViewer_02_PlotPhotos,MNRR_PhotoViewer_02_PlotPhotos.csv,3475,Photo_ID;tPhotos.Plot_Code;Photo_Date;Photo_Bearing;File_Name;Plot_Event;tPlotEvents.Plot_Code;Event_Date;Field_X;Field_Y
MNRR_2314620,PhotoViewer_03_PlotSpecies,MNRR_PhotoViewer_03_PlotSpecies.csv,5638,tPlotEventSpecies.Plot_Event;Stratum;tPlotEventSpecies.Spp_Code;Cover_Code;Real_Cover;tSpecies.Spp_Code;Field_Name;tPlotEvents.Plot_Event;Event_Date;Field_X;Field_Y
MNRR_2314620,PrimaryCall2MapClass,MNRR_PrimaryCall2MapClass.csv,692,Plot_Code;Primary_Code;Secondary_Code;Field_X;Field_Y;MapClass
MNRR_2314620,QA_01_spcov,MNRR_QA_01_spcov.csv,5678,Project_Name;AA_Plot;Plot_Code;Plot_Event;Spp_Code;Plants_Symbol;Field_Name;ComName;Family;Stratum;Cover_Code;Real_Cover;Within_Plot;ITIS_TSN;Used_PLANTS;Spp_Update;Spp_User
MNRR_2314620,QA_03_duplicates_in_01,MNRR_QA_03_duplicates_in_01.csv,0,Plot_Code;Spp_Code;Stratum;AA_Plot;Plot_Event;Field_Name;ComName;Cover_Code;Real_Cover;Within_Plot;Spp_Update;Spp_User
MNRR_2314620,QA_05_Plots_without_Species,MNRR_QA_05_Plots_without_Species.csv,40,AA_Plot;Plot_Code;Plot_Event
MNRR_2314620,QA_06_Spp_without_Plots,MNRR_QA_06_Spp_without_Plots.csv,0,Plot_Event;Stratum;Spp_Code;Cover_Code;Real_Cover;Within_Plot;Spp_Update;Spp_User
MNRR_2314620,SecondaryCall2MapClass,MNRR_SecondaryCall2MapClass.csv,439,Plot_Code;Secondary_Code;Field_X;Field_Y;MapClass
MNRR_2314620,tConnect,MNRR_tConnect.csv,1,Connect_db
MNRR_2314620,tGlobal,MNRR_tGlobal.csv,61,User_Count;User_Name;User_Email;Last_Modified
MNRR_2314620,tPhotos,MNRR_tPhotos.csv,3510,Photo_ID;Plot_Code;Photo_Date;Photo_Type;Photo_Bearing;Photo_Descript;Photographer;Camera_or_Roll;File_Name
MNRR_2314620,tPlotEventSpecies,MNRR_tPlotEventSpecies.csv,5638,Plot_Event;Stratum;Spp_Code;Cover_Code;Real_Cover;Within_Plot;Spp_Update;Spp_User
MNRR_2314620,tPlotEvents,MNRR_tPlotEvents.csv,901,Plot_Event;Plot_Code;Event_Date;Surveyors;Field_X;Field_Y;GPS_Error;Satellites;UTM_Zone;Plot_Shape;Plot_Radius;Plot_Width;Plot_Length;Observation_pt;Provisional_Community;NVC_Elcode;Representativeness;Stand_Size;Environmental_Comments;Plot_Photos;Bedrock;Large_Rocks;Small_Rocks;Sand;Litter;Wood;Standing_Dead;Water;Bare;Other;Other_describe;Leaf_Type;Leaf_Phenology;Physio_Class;T1_Hgt;T2_Hgt;T3_Hgt;S1_Hgt;S2_Hgt;S3_Hgt;H_Hgt;N_Hgt;V_Hgt;A1_Hgt;A2_Hgt;E_Hgt;T1_Cover;T2_Cover;T3_Cover;S1_Cover;S2_Cover;S3_Cover;H_Cover;N_Cover;V_Cover;A1_Cover;A2_Cover;E_Cover;All_Cover;Primary_Code;Secondary_Code;Classified_Code;General_Comments;Plot_Update;Plot_User
MNRR_2314620,tPlotEvents_Crosstab,MNRR_tPlotEvents_Crosstab.csv,901,Plot_Event;<>;1;3;4;5;6
MNRR_2314620,tPlots,MNRR_tPlots.csv,916,Plot_Code;Project_Name;Plot_Directions;State;Land_Owner;Elevation;Elev_Units;Slope_Cat;Slope_Degrees;Aspect_Cat;Aspect_Degrees;Topo_Position;Landform;Surficial_Geology;Cowardin_System;Hydro_Regime;Hydrology_Evidence;Landscape_Comments;Soil_Texture;Soil_Drainage;AA_Plot
MNRR_2314620,tProcessSteps,MNRR_tProcessSteps.csv,1,Project_Name;Process_Step;Process_Date;Process_Person;Process_Notes
MNRR_2314620,tProjectMetadata,MNRR_tProjectMetadata.csv,1,Project_Name;Park_Code;Project_Contact;Coordinate_System;Datum;Coordinate_Method;GPS_Filename;GPS_Unit;Sampling_Method;Calculation_Method;PseudoSpecies;Taxon_Reference_Source;Project_Comments;T1_DefHgt;T2_DefHgt;T3_DefHgt;S1_DefHgt;S2_DefHgt;S3_DefHgt;H_DefHgt;N_DefHgt;V_DefHgt;A1_DefHgt;A2_DefHgt;E_DefHgt;Date_Created;dbVersion
MNRR_2314620,tSpecies,MNRR_tSpecies.csv,452,Spp_Code;Field_Name;Sensitive_Spp;Taxon_Reference;PLANTS_Symbol
MNRR_2314620,xConcept_Reference_lu,MNRR_xConcept_Reference_lu.csv,102,Taxon_Reference_Source
MNRR_2314620,xCoverClass_lu,MNRR_xCoverClass_lu.csv,12,Cover_Class;Range;MidPoint
MNRR_2314620,xHeight_Class_lu,MNRR_xHeight_Class_lu.csv,9,Height_Class;Sort_Order;Max_Val
MNRR_2314620,xHydro_Regime_lu,MNRR_xHydro_Regime_lu.csv,14,Hydro_Regime;Hydro_Definitions
MNRR_2314620,xLandform_lu,MNRR_xLandform_lu.csv,212,Landform;Lndfrm_Definition;Include_Rec
MNRR_2314620,xLeaf_Phenology_lu,MNRR_xLeaf_Phenology_lu.csv,7,Leaf_Phenology;SortOrder
MNRR_2314620,xLeaf_Type_lu,MNRR_xLeaf_Type_lu.csv,8,Leaf_Type;SortOrder
MNRR_2314620,xMapUnit_lu,MNRR_xMapUnit_lu.csv,35,MapUnit_Code;MapUnit
MNRR_2314620,xParks_lu,MNRR_xParks_lu.csv,278,Park_Code;Park_Name;State;Include_Rec
MNRR_2314620,xPhysio_Class_lu,MNRR_xPhysio_Class_lu.csv,8,Physio_Class;Physio_Definition;SortOrder
MNRR_2314620,xSoil_Drainage_lu,MNRR_xSoil_Drainage_lu.csv,6,Soil_Drainage;SortOrder
MNRR_2314620,xSoil_Texture_lu,MNRR_xSoil_Texture_lu.csv,13,Soil_Texture
MNRR_2314620,xState_lu,MNRR_xState_lu.csv,2,State_Code;State_Name;Include_Rec
MNRR_2314620,xStratum_lu,MNRR_xStratum_lu.csv,13,Stratum;Descript;SortOrder
MNRR_2314620,xSurficial_Geology_lu,MNRR_xSurficial_Geology_lu.csv,41,Surficial_Geology;Category;Include_Rec
MNRR_2314620,xTopo_Position_lu,MNRR_xTopo_Position_lu.csv,12,Topo_Position;SortOrder;Include_Rec
MNRR_2314620,xVegAssociation_lu,MNRR_xVegAssociation_lu.csv,52,xVegAssociation_lu_NVC_Elcode;NVC_Association;Canada;East;Midwest;Southeast;West;Include_Rec;MapUnit_Code
MOCA_2314621,mtbl_Plants,MOCA_mtbl_Plants.csv,3110,USDA_Code;Veg_Code;Common_Name;Scientific_Name;Genus;Specific_Epithet;Authority;Infrasp_Rank;Infrasp_Epithet;Infrasp_Authority;Full_Name;TSN;Kingdom;Family;Primary_Growth_Habit;Nativity;Duration;Wetland_Status;Graminoid;ForbHerb;Subshrub;Succulent;Shrub;Vine;Tree;G_Rank;S_Rank;Entered_By;Entered_Date
MOCA_2314621,qry_2PLots_tPlotsEvent,MOCA_qry_2PLots_tPlotsEvent.csv,49,Plot_Event;Plot_Code;Event_Date;Surveyors;Field_X;Field_Y;UTM_Zone;Plot_Shape;Plot_Width;Plot_Length;Observation_Point;Representativeness;T1_Cover;T2_Cover;T3_Cover;H_Cover;Bedrock;Large_Rocks;Small_Rocks;Sand;Litter;Wood;Bare;Other;Other_Describe;Environmental_Comments;NVC_Elcode;Leaf_Type;Leaf_Phenology;Physio_Class
MOCA_2314621,qry_2Plots_tPlotEventSpecies,MOCA_qry_2Plots_tPlotEventSpecies.csv,1111,Plot_Event;Stratum;Spp_Code;Cover_Code;Real_Cover
MOCA_2314621,tAA,MOCA_tAA.csv,200,AA_Code;Project_Name;Slope_Cat;Slope_Degrees;Aspect_Cat;Aspect_Degrees;Elevation;Elev_Units
MOCA_2314621,tAAEvents,MOCA_tAAEvents.csv,200,AA_Event;AA_Code;Event_Date;Surveyors;Field_X;Field_Y;GPS_Error;Satellites;UTM_Zone;AA_plotsize;AA_plotshape;Primary_Code;Secondary_Code;Classified_Code;AA_Photos;General_Comments;AA_Update;AA_User
MOCA_2314621,tConnect,MOCA_tConnect.csv,1,Connect_db
MOCA_2314621,tGlobal,MOCA_tGlobal.csv,89,User_Count;User_Name;User_Email;Last_Modified
MOCA_2314621,tPhotos,MOCA_tPhotos.csv,49,Photo_ID;Plot_Code;Photo_Date;Photo_Type;Photo_Bearing;Photo_Descript;Photographer;Camera_or_Roll;File_Name
MOCA_2314621,tPlotEventSpecies,MOCA_tPlotEventSpecies.csv,1133,Plot_Event;Stratum;Spp_Code;Cover_Code;Real_Cover;Within_Plot;Spp_Update;Spp_User
MOCA_2314621,tPlotEvents,MOCA_tPlotEvents.csv,49,Plot_Event;Plot_Code;Event_Date;Surveyors;Field_X;Field_Y;GPS_Error;Satellites;UTM_Zone;Plot_Shape;Plot_Radius;Plot_Width;Plot_Length;Observation_pt;Provisional_Community;NVC_Elcode;Representativeness;Stand_Size;Environmental_Comments;Plot_Photos;Bedrock;Large_Rocks;Small_Rocks;Sand;Litter;Wood;Water;Bare;Other;Other_describe;Leaf_Type;Leaf_Phenology;Physio_Class;T1_Cover;T2_Cover;T3_Cover;S1_Cover;S2_Cover;S3_Cover;H_Cover;N_Cover;General_Comments;Plot_Update;Plot_User
MOCA_2314621,tPlots,MOCA_tPlots.csv,49,Plot_Code;Project_Name;Plot_Directions;State;Land_Owner;Elevation;Elev_Units;Slope_Cat;Slope_Degrees;Aspect_Cat;Aspect_Degrees;Topo_Position;Landform;Surficial_Geology;Cowardin_System;Hydro_Regime;Hydrology_Evidence;Landscape_Comments;Soil_Texture;Soil_Drainage;Sensitive_Data;Public_X;Public_Y;Dist_XY;Public_Elev;Dist_Elev
MOCA_2314621,tPlotsEvent,MOCA_tPlotsEvent.csv,49,Plot_Event;Plot_Code;Event_Date;Surveyors;Field_X;Field_Y;UTM_Zone;Plot_Shape;Plot_Width;Plot_Length;Observation_Point;Representativeness;T1_Cover;T2_Cover;T3_Cover;H_Cover;Bedrock;Large_Rocks;Small_Rocks;Sand;Litter;Wood;Bare;Other;Other_Describe;Environmental_Comments;NVC_Elcode;Leaf_Type;Leaf_Phenology;Physio_Class
MOCA_2314621,tPlotsEventsSpecies,MOCA_tPlotsEventsSpecies.csv,1111,ID;Plot_Event;Stratum;Spp_Code;Cover_Code;Real_Cover
MOCA_2314621,tProjectMetadata,MOCA_tProjectMetadata.csv,1,Project_Name;Park_Code;Project_Contact;Coordinate_System;Datum;Coordinate_Method;GPS_Filename;GPS_Unit;Sampling_Method;Calculation_Method;Key_Nomenclature_Source;Project_Comments;T1_Hgt;T2_Hgt;T3_Hgt;S1_Hgt;S2_Hgt;S3_Hgt;H_Hgt;N_Hgt;V_Hgt;Date_Created
MOCA_2314621,tSpecies,MOCA_tSpecies.csv,5390,Spp_Code;Field_Name;Concept_Reference;PLANTS_Symbol
MOCA_2314621,xConcept_Reference_lu,MOCA_xConcept_Reference_lu.csv,102,Key_Nomenclature_Source
MOCA_2314621,xCoverClass_lu,MOCA_xCoverClass_lu.csv,9,Cover_Class;Range;MidPoint
MOCA_2314621,xHeight_Class_lu,MOCA_xHeight_Class_lu.csv,12,Height_Class;Sort_Order
MOCA_2314621,xHydro_Regime_lu,MOCA_xHydro_Regime_lu.csv,14,Hydro_Regime;Hydro_Definitions
MOCA_2314621,xLandform_lu,MOCA_xLandform_lu.csv,206,Landform;Lndfrm_Definition;Include_Rec
MOCA_2314621,xLeaf_Phenology_lu,MOCA_xLeaf_Phenology_lu.csv,7,Leaf_Phenology;SortOrder
MOCA_2314621,xLeaf_Type_lu,MOCA_xLeaf_Type_lu.csv,8,Leaf_Type;SortOrder
MOCA_2314621,xMapUnit_lu,MOCA_xMapUnit_lu.csv,0,MapUnit_Code;MapUnit
MOCA_2314621,xParks_lu,MOCA_xParks_lu.csv,278,Park_Code;Park_Name;State;Include_Rec
MOCA_2314621,xPhysio_Class_lu,MOCA_xPhysio_Class_lu.csv,11,Physio_Class;Physio_Definition;SortOrder
MOCA_2314621,xSoil_Drainage_lu,MOCA_xSoil_Drainage_lu.csv,6,Soil_Drainage;SortOrder
MOCA_2314621,xSoil_Texture_lu,MOCA_xSoil_Texture_lu.csv,13,Soil_Texture
MOCA_2314621,xState_lu,MOCA_xState_lu.csv,59,State_Code;State_Name;Include_Rec
MOCA_2314621,xStratum_lu,MOCA_xStratum_lu.csv,13,Stratum;Descript;SortOrder
MOCA_2314621,xSurficial_Geology_lu,MOCA_xSurficial_Geology_lu.csv,42,Surficial_Geology;Category;Include_Rec
MOCA_2314621,xTopo_Position_lu,MOCA_xTopo_Position_lu.csv,12,Topo_Position;SortOrder;Include_Rec
MOCA_2314621,xVegAssociation_lu,MOCA_xVegAssociation_lu.csv,7456,NVC_Elcode;NVC_Association;Canada;East;Midwest;Southeast;West;Include_Rec
MORA_2314623,QA_01_spcov,MORA_QA_01_spcov.csv,28412,Project_Name;AA_Plot;Plot_Code;Plot_Event;Spp_Code;Plants_Symbol;Field_Name;ComName;Family;Stratum;Cover_Code;Real_Cover;Within_Plot;ITIS_TSN;Used_PLANTS;Spp_Update;Spp_User
MORA_2314623,QA_02_plots,MORA_QA_02_plots.csv,3355,Project_Name;AA_Plot;Plot_Code;Plot_Event;Event_Date;Surveyors;Field_X;Field_Y;GPS_Error;Satellites;UTM_Zone;Plot_Shape;Plot_Radius;Plot_Width;Plot_Length;Observation_pt;State;Land_Owner;Plot_Directions;Elevation;Elev_Units;Slope_Cat;Slope_Degrees;Aspect_Cat;Aspect_Degrees;Topo_Position;Landform;Surficial_Geology;Cowardin_System;Hydro_Regime;Hydrology_Evidence;Landscape_Comments;Soil_Texture;Soil_Drainage;Provisional_Community;NVC_Elcode;NVC_Association;MapUnit;Representativeness;Stand_Size;Environmental_Comments;Plot_Photos;Bedrock;Large_Rocks;Small_Rocks;Sand;Litter;Wood;Standing_Dead;Water;Bare;Other;Other_describe;Leaf_Type;Leaf_Phenology;Physio_Class;T1_Hgt;T2_Hgt;T3_Hgt;S1_Hgt;S2_Hgt;S3_Hgt;H_Hgt;N_Hgt;V_Hgt;A1_Hgt;A2_Hgt;E_Hgt;T1_Cover;T2_Cover;T3_Cover;S1_Cover;S2_Cover;S3_Cover;H_Cover;N_Cover;V_Cover;A1_Cover;A2_Cover;E_Cover;All_Cover;Primary_Code;Primary_Name;Secondary_Code;Secondary_Name;Classified_Code;Classified_Name;General_Comments;Plot_Update;Plot_User
MORA_2314623,QA_03_duplicates_in_01,MORA_QA_03_duplicates_in_01.csv,0,Plot_Code;Spp_Code;Stratum;AA_Plot;Plot_Event;Field_Name;ComName;Cover_Code;Real_Cover;Within_Plot;Spp_Update;Spp_User
MORA_2314623,QA_04_duplicates_in_02,MORA_QA_04_duplicates_in_02.csv,0,Plot_Code;Project_Name;AA_Plot;Plot_Event;Event_Date;Surveyors;Field_X;Field_Y
MORA_2314623,QA_05_Plots_without_Species,MORA_QA_05_Plots_without_Species.csv,1301,AA_Plot;Plot_Code;Plot_Event
MORA_2314623,QA_06_Spp_without_Plots,MORA_QA_06_Spp_without_Plots.csv,77563,Plot_Event;Stratum;Spp_Code;Cover_Code;Real_Cover;Within_Plot;Spp_Update;Spp_User
MORA_2314623,tConnect,MORA_tConnect.csv,1,Connect_db
MORA_2314623,tGlobal,MORA_tGlobal.csv,1,User_Count;User_Name;User_Email;Last_Modified
MORA_2314623,tPhotos,MORA_tPhotos.csv,0,Photo_ID;Plot_Code;Photo_Date;Photo_Type;Photo_Bearing;Photo_Descript;Photographer;Camera_or_Roll;File_Name
MORA_2314623,tPlotEventSpecies,MORA_tPlotEventSpecies.csv,104677,Plot_Event;Stratum;Spp_Code;Cover_Code;Real_Cover;Within_Plot;Spp_Update;Spp_User
MORA_2314623,tPlotEvents,MORA_tPlotEvents.csv,3355,Plot_Event;Plot_Code;Event_Date;Surveyors;Field_X;Field_Y;GPS_Error;Satellites;UTM_Zone;Plot_Shape;Plot_Radius;Plot_Width;Plot_Length;Observation_pt;Provisional_Community;MappingAssociation;MapClassCode;NVC_Elcode;Representativeness;Stand_Size;Environmental_Comments;Plot_Photos;Bedrock;Large_Rocks;Small_Rocks;Sand;Litter;Wood;Standing_Dead;Water;Bare;Other;Other_describe;Leaf_Type;Leaf_Phenology;Physio_Class;T1_Hgt;T2_Hgt;T3_Hgt;S1_Hgt;S2_Hgt;S3_Hgt;H_Hgt;N_Hgt;V_Hgt;A1_Hgt;A2_Hgt;E_Hgt;T1_Cover;T2_Cover;T3_Cover;S1_Cover;S2_Cover;S3_Cover;H_Cover;N_Cover;V_Cover;A1_Cover;A2_Cover;E_Cover;All_Cover;Primary_Code;Secondary_Code;Classified_Code;General_Comments;Plot_Update;Plot_User
MORA_2314623,tPlots,MORA_tPlots.csv,3355,Plot_Code;Project_Name;Plot_Directions;State;Land_Owner;Elevation;Elev_Units;Slope_Cat;Slope_Degrees;Aspect_Cat;Aspect_Degrees;Topo_Position;Landform;Surficial_Geology;Cowardin_System;Hydro_Regime;Hydrology_Evidence;Landscape_Comments;Soil_Texture;Soil_Drainage;AA_Plot
MORA_2314623,tProcessSteps,MORA_tProcessSteps.csv,0,Project_Name;Process_Step;Process_Date;Process_Person;Process_Notes
MORA_2314623,tProjectMetadata,MORA_tProjectMetadata.csv,1,Project_Name;Park_Code;Project_Contact;Coordinate_System;Datum;Coordinate_Method;GPS_Filename;GPS_Unit;Sampling_Method;Calculation_Method;PseudoSpecies;Taxon_Reference_Source;Project_Comments;T1_DefHgt;T2_DefHgt;T3_DefHgt;S1_DefHgt;S2_DefHgt;S3_DefHgt;H_DefHgt;N_DefHgt;V_DefHgt;A1_DefHgt;A2_DefHgt;E_DefHgt;Date_Created;dbVersion
MORA_2314623,tSpecies,MORA_tSpecies.csv,1125,Spp_Code;Field_Name;Sensitive_Spp;Taxon_Reference;PLANTS_Symbol;FPNW_2_Name
MORA_2314623,xConcept_Reference_lu,MORA_xConcept_Reference_lu.csv,102,Taxon_Reference_Source
MORA_2314623,xCoverClass_lu,MORA_xCoverClass_lu.csv,10,Cover_Class;Range;MidPoint
MORA_2314623,xHeight_Class_lu,MORA_xHeight_Class_lu.csv,9,Height_Class;Sort_Order;Max_Val
MORA_2314623,xHydro_Regime_lu,MORA_xHydro_Regime_lu.csv,14,Hydro_Regime;Hydro_Definitions
MORA_2314623,xLandform_lu,MORA_xLandform_lu.csv,204,Landform;Lndfrm_Definition;Include_Rec
MORA_2314623,xLeaf_Phenology_lu,MORA_xLeaf_Phenology_lu.csv,7,Leaf_Phenology;SortOrder
MORA_2314623,xLeaf_Type_lu,MORA_xLeaf_Type_lu.csv,8,Leaf_Type;SortOrder
MORA_2314623,xMapAssociation_MapUnit_lu,MORA_xMapAssociation_MapUnit_lu.csv,218,MapAssociationCode;MapAssociationName;INRcode;MapUnitCode
MORA_2314623,xMapAssociation_lu,MORA_xMapAssociation_lu.csv,218,ID;Map.Association.Code;Map.Association.Name;Notes
MORA_2314623,xMapClass_INRCode_lu,MORA_xMapClass_INRCode_lu.csv,42,MapClassCode;INRcode;MapClassCodeName;MapClassName
MORA_2314623,xMapUnit_lu,MORA_xMapUnit_lu.csv,42,MapUnit_Code;MapUnit
MORA_2314623,xParks_lu,MORA_xParks_lu.csv,278,Park_Code;Park_Name;State;Include_Rec
MORA_2314623,xPhysio_Class_lu,MORA_xPhysio_Class_lu.csv,8,Physio_Class;Physio_Definition;SortOrder
MORA_2314623,xSoil_Drainage_lu,MORA_xSoil_Drainage_lu.csv,6,Soil_Drainage;SortOrder
MORA_2314623,xSoil_Texture_lu,MORA_xSoil_Texture_lu.csv,13,Soil_Texture
MORA_2314623,xState_lu,MORA_xState_lu.csv,59,State_Code;State_Name;Include_Rec
MORA_2314623,xStratum_lu,MORA_xStratum_lu.csv,3,Stratum;Descript;SortOrder
MORA_2314623,xSurficial_Geology_lu,MORA_xSurficial_Geology_lu.csv,33,Surficial_Geology;Category;Include_Rec
MORA_2314623,xTopo_Position_lu,MORA_xTopo_Position_lu.csv,12,Topo_Position;SortOrder;Include_Rec
MORA_2314623,xVegAssociation_lu,MORA_xVegAssociation_lu.csv,5863,NVC_Elcode;NVC_Association;Canada;East;Midwest;Southeast;West;Include_Rec
MORU_2314625,sp_cov,MORU_sp_cov.csv,601,Plot_Event;PLANTS_Symbol;Field_Name;ComName;Family;ITIS_TSN;Stratum;Spp_Code;Within_Plot;Cover_Code;Real_Cover
MORU_2314625,tAA,MORU_tAA.csv,102,AA_Code;Project_Name;Slope_Cat;Slope_Degrees;Aspect_Cat;Aspect_Degrees;Elevation;Elev_Units
MORU_2314625,tAAEvents,MORU_tAAEvents.csv,102,AA_Event;AA_Code;Event_Date;Surveyors;Field_X;Field_Y;GPS_Error;Satellites;UTM_Zone;AA_plotsize;AA_plotshape;Primary_Code;Secondary_Code;Classified_Code;AA_Photos;General_Comments;AA_Update;AA_User
MORU_2314625,tConnect,MORU_tConnect.csv,1,Connect_db
MORU_2314625,tGlobal,MORU_tGlobal.csv,8,User_Count;User_Name;User_Email;Last_Modified
MORU_2314625,tPhotos,MORU_tPhotos.csv,0,Photo_ID;Plot_Code;Photo_Date;Photo_Type;Photo_Bearing;Photo_Descript;Photographer;Camera_or_Roll;File_Name
MORU_2314625,tPlotEventSpecies,MORU_tPlotEventSpecies.csv,601,Plot_Event;Stratum;Spp_Code;Cover_Code;Real_Cover;Within_Plot;Spp_Update;Spp_User
MORU_2314625,tPlotEvents,MORU_tPlotEvents.csv,70,Plot_Event;Plot_Code;Event_Date;Surveyors;Field_X;Field_Y;GPS_Error;Satellites;UTM_Zone;Plot_Shape;Plot_Radius;Plot_Width;Plot_Length;Observation_pt;Provisional_Community;NVC_Elcode;Representativeness;Stand_Size;Environmental_Comments;Plot_Photos;Bedrock;Large_Rocks;Small_Rocks;Sand;Litter;Wood;Water;Bare;Other;Other_describe;Leaf_Type;Leaf_Phenology;Physio_Class;T1_Hgt;T2_Hgt;T3_Hgt;S1_Hgt;S2_Hgt;S3_Hgt;H_Hgt;N_Hgt;V_Hgt;A1_Hgt;A2_Hgt;E_Hgt;T1_Cover;T2_Cover;T3_Cover;S1_Cover;S2_Cover;S3_Cover;H_Cover;N_Cover;V_Cover;A1_Cover;A2_Cover;E_Cover;All_Cover;General_Comments;Plot_Update;Plot_User
MORU_2314625,tPlots,MORU_tPlots.csv,70,Plot_Code;Project_Name;Plot_Directions;State;Land_Owner;Elevation;Elev_Units;Slope_Cat;Slope_Degrees;Aspect_Cat;Aspect_Degrees;Topo_Position;Landform;Surficial_Geology;Cowardin_System;Hydro_Regime;Hydrology_Evidence;Landscape_Comments;Soil_Texture;Soil_Drainage;Sensitive_Data;Public_X;Public_Y;Dist_XY;Public_Elev;Dist_Elev
MORU_2314625,tProjectMetadata,MORU_tProjectMetadata.csv,1,Project_Name;Park_Code;Project_Contact;Coordinate_System;Datum;Coordinate_Method;GPS_Filename;GPS_Unit;Sampling_Method;Calculation_Method;Taxon_Reference_Source;Project_Comments;T1_DefHgt;T2_DefHgt;T3_DefHgt;S1_DefHgt;S2_DefHgt;S3_DefHgt;H_DefHgt;N_DefHgt;V_DefHgt;A1_DefHgt;A2_DefHgt;E_DefHgt;Date_Created
MORU_2314625,tSpecies,MORU_tSpecies.csv,181,Spp_Code;Field_Name;Taxon_Reference;PLANTS_Symbol
MORU_2314625,xConcept_Reference_lu,MORU_xConcept_Reference_lu.csv,102,Taxon_Reference_Source
MORU_2314625,xCoverClass_lu,MORU_xCoverClass_lu.csv,6,Cover_Class;Range;MidPoint
MORU_2314625,xHeight_Class_lu,MORU_xHeight_Class_lu.csv,8,Height_Class;Sort_Order;Max_Val
MORU_2314625,xHydro_Regime_lu,MORU_xHydro_Regime_lu.csv,14,Hydro_Regime;Hydro_Definitions
MORU_2314625,xLandform_lu,MORU_xLandform_lu.csv,204,Landform;Lndfrm_Definition;Include_Rec
MORU_2314625,xLeaf_Phenology_lu,MORU_xLeaf_Phenology_lu.csv,7,Leaf_Phenology;SortOrder
MORU_2314625,xLeaf_Type_lu,MORU_xLeaf_Type_lu.csv,8,Leaf_Type;SortOrder
MORU_2314625,xMapUnit_lu,MORU_xMapUnit_lu.csv,13,MapUnit_Code;MapUnit
MORU_2314625,xParks_lu,MORU_xParks_lu.csv,278,Park_Code;Park_Name;State;Include_Rec
MORU_2314625,xPhysio_Class_lu,MORU_xPhysio_Class_lu.csv,8,Physio_Class;Physio_Definition;SortOrder
MORU_2314625,xSoil_Drainage_lu,MORU_xSoil_Drainage_lu.csv,6,Soil_Drainage;SortOrder
MORU_2314625,xSoil_Texture_lu,MORU_xSoil_Texture_lu.csv,13,Soil_Texture
MORU_2314625,xState_lu,MORU_xState_lu.csv,59,State_Code;State_Name;Include_Rec
MORU_2314625,xStratum_lu,MORU_xStratum_lu.csv,13,Stratum;Descript;SortOrder
MORU_2314625,xSurficial_Geology_lu,MORU_xSurficial_Geology_lu.csv,35,Surficial_Geology;Category;Include_Rec
MORU_2314625,xTopo_Position_lu,MORU_xTopo_Position_lu.csv,24,Topo_Position;SortOrder;Include_Rec
MORU_2314625,xVegAssociation_lu,MORU_xVegAssociation_lu.csv,13,NVC_Elcode;NVC_Association;Canada;East;Midwest;Southeast;West;Include_Rec
NATR_2314626,AA-Species,NATR_AA-Species.csv,13749,AA.Obs.Code;AA.Species.Counter;Plant.Symbol;Scientific.Name;Common.Name;Family;Specimen.Number;Used.PLANTS;Source;Stratum.Sort;Stratum;Diagnostic;Range.Cover;Real.Cover;Other.Measure1;Other.Measure2;Update;User
NATR_2314626,AA_Data,NATR_AA_Data.csv,901,"AA.Obs.Code;Project_Name;State;GPS.Point.Code;Survey.Date;AA.Point.Time;am/pm;Field.Team;Photo.of.Form?;Photo.#s;Coord.System;GPS.Datum;UTM.Zone;WAAS.enabled?;Averaging?;iterations/GPS.score;Field.UTM.X;Field.UTM.Y;GPS.Model:.Garmin;GPS.Unit;#.of.sats;Accuracy.(m);Elevation;Elevation.Units;Elevation.Source;%.Bedrock;%.Boulders.&.Stones;%.Litter,.Organic.Matter;%.Wood;%.Water;%.Bare.Soil/Sand;%.Other;%.Other.Description;Slope;Aspect;Topo.Position;Environmental.Comments;T2.Hgt;T2.Cover;T3.Hgt;T3.Cover;S1.Hgt;S1.Cover;H.Hgt;H.Cover;A.or.N.Cover;MMU.size;MMU.equivalent?;Representativeness;Rep.Comments;Fit;Confidence;Conf.Comments;Field.Classification;Primary.Code;Secondary.Field.Call;Secondary.Code;Reviewer.Name;Review.Date;Classified.Code;Classified.Community.Name;Classification.Comments;Intentional.Offset?;Intentional.Offset.Reason;Intentional.Offset.Distance;Intentional.Offset.Direction"
NATR_2314626,QA_01_spcov,NATR_QA_01_spcov.csv,14390,Project_Name;AA_Plot;Plot_Code;Plot_Event;Spp_Code;Plants_Symbol;Field_Name;ComName;Family;Stratum;Cover_Code;Real_Cover;Within_Plot;ITIS_TSN;Used_PLANTS;Spp_Update;Spp_User
NATR_2314626,QA_02_plots,NATR_QA_02_plots.csv,605,Project_Name;AA_Plot;Plot_Code;Plot_Event;Event_Date;Surveyors;Field_X;Field_Y;GPS_Error;Satellites;UTM_Zone;Plot_Shape;Plot_Radius;Plot_Width;Plot_Length;Observation_pt;State;Land_Owner;Plot_Directions;Elevation;Elev_Units;Slope_Cat;Slope_Degrees;Aspect_Cat;Aspect_Degrees;Topo_Position;Landform;Surficial_Geology;Cowardin_System;Hydro_Regime;Hydrology_Evidence;Landscape_Comments;Soil_Texture;Soil_Drainage;Provisional_Community;NVC_Elcode;NVC_Association;MapUnit;Representativeness;Stand_Size;Environmental_Comments;Plot_Photos;Bedrock;Large_Rocks;Small_Rocks;Sand;Litter;Wood;Standing_Dead;Water;Bare;Other;Other_describe;Leaf_Type;Leaf_Phenology;Physio_Class;T1_Hgt;T2_Hgt;T3_Hgt;S1_Hgt;S2_Hgt;S3_Hgt;H_Hgt;N_Hgt;V_Hgt;A1_Hgt;A2_Hgt;E_Hgt;T1_Cover;T2_Cover;T3_Cover;S1_Cover;S2_Cover;S3_Cover;H_Cover;N_Cover;V_Cover;A1_Cover;A2_Cover;E_Cover;All_Cover;Primary_Code;Primary_Name;Secondary_Code;Secondary_Name;Classified_Code;Classified_Name;General_Comments;Plot_Update;Plot_User
NATR_2314626,QA_03_duplicates_in_01,NATR_QA_03_duplicates_in_01.csv,0,Plot_Code;Spp_Code;Stratum;AA_Plot;Plot_Event;Field_Name;ComName;Cover_Code;Real_Cover;Within_Plot;Spp_Update;Spp_User
NATR_2314626,QA_04_duplicates_in_02,NATR_QA_04_duplicates_in_02.csv,0,Plot_Code;Project_Name;AA_Plot;Plot_Event;Event_Date;Surveyors;Field_X;Field_Y
NATR_2314626,QA_05_Plots_without_Species,NATR_QA_05_Plots_without_Species.csv,0,AA_Plot;Plot_Code;Plot_Event
NATR_2314626,QA_06_Spp_without_Plots,NATR_QA_06_Spp_without_Plots.csv,0,Plot_Event;Stratum;Spp_Code;Cover_Code;Real_Cover;Within_Plot;Spp_Update;Spp_User
NATR_2314626,tAA,NATR_tAA.csv,901,Plot_Code;Project_Name;Plot_Directions;State;Land_Owner;Elevation;Elev_Units;Slope_Cat;Slope_Degrees;Aspect_Cat;Aspect_Degrees;Topo_Position;Landform;Surficial_Geology;Cowardin_System;Hydro_Regime;Hydrology_Evidence;Landscape_Comments;Soil_Texture;Soil_Drainage;AA_Plot
NATR_2314626,tAAEventSpecies,NATR_tAAEventSpecies.csv,13721,Plot_Event;Stratum;Spp_Code;Cover_Code;Real_Cover;Within_Plot;Spp_Update;Spp_User
NATR_2314626,tAAEvents,NATR_tAAEvents.csv,901,Plot_Event;Plot_Code;Event_Date;Surveyors;Field_X;Field_Y;GPS_Error;Satellites;UTM_Zone;Plot_Shape;Plot_Radius;Plot_Width;Plot_Length;Observation_pt;Provisional_Community;NVC_Elcode;Representativeness;Stand_Size;Environmental_Comments;Plot_Photos;Bedrock;Large_Rocks;Small_Rocks;Sand;Litter;Wood;Standing_Dead;Water;Bare;Other;Other_describe;Leaf_Type;Leaf_Phenology;Physio_Class;T1_Hgt;T2_Hgt;T3_Hgt;S1_Hgt;S2_Hgt;S3_Hgt;H_Hgt;N_Hgt;V_Hgt;A1_Hgt;A2_Hgt;E_Hgt;T1_Cover;T2_Cover;T3_Cover;S1_Cover;S2_Cover;S3_Cover;H_Cover;N_Cover;V_Cover;A1_Cover;A2_Cover;E_Cover;All_Cover;Primary_Code;Secondary_Code;Classified_Code;General_Comments;Plot_Update;Plot_User
NATR_2314626,tConnect,NATR_tConnect.csv,1,Connect_db
NATR_2314626,tGlobal,NATR_tGlobal.csv,3,User_Count;User_Name;User_Email;Last_Modified
NATR_2314626,tPhotos,NATR_tPhotos.csv,0,Photo_ID;Plot_Code;Photo_Date;Photo_Type;Photo_Bearing;Photo_Descript;Photographer;Camera_or_Roll;File_Name
NATR_2314626,tPlotEventSpecies,NATR_tPlotEventSpecies.csv,14390,Plot_Event;Stratum;Spp_Code;Cover_Code;Real_Cover;Within_Plot;Spp_Update;Spp_User
NATR_2314626,tPlotEvents,NATR_tPlotEvents.csv,605,Plot_Event;Plot_Code;Event_Date;Surveyors;Field_X;Field_Y;GPS_Error;Satellites;UTM_Zone;Plot_Shape;Plot_Radius;Plot_Width;Plot_Length;Observation_pt;Provisional_Community;NVC_Elcode;Representativeness;Stand_Size;Environmental_Comments;Plot_Photos;Bedrock;Large_Rocks;Small_Rocks;Sand;Litter;Wood;Standing_Dead;Water;Bare;Other;Other_describe;Leaf_Type;Leaf_Phenology;Physio_Class;T1_Hgt;T2_Hgt;T3_Hgt;S1_Hgt;S2_Hgt;S3_Hgt;H_Hgt;N_Hgt;V_Hgt;A1_Hgt;A2_Hgt;E_Hgt;T1_Cover;T2_Cover;T3_Cover;S1_Cover;S2_Cover;S3_Cover;H_Cover;N_Cover;V_Cover;A1_Cover;A2_Cover;E_Cover;All_Cover;Primary_Code;Secondary_Code;Classified_Code;General_Comments;Plot_Update;Plot_User
NATR_2314626,tPlots,NATR_tPlots.csv,605,Plot_Code;Project_Name;Plot_Directions;State;Land_Owner;Elevation;Elev_Units;Slope_Cat;Slope_Degrees;Aspect_Cat;Aspect_Degrees;Topo_Position;Landform;Surficial_Geology;Cowardin_System;Hydro_Regime;Hydrology_Evidence;Landscape_Comments;Soil_Texture;Soil_Drainage;AA_Plot
NATR_2314626,tProcessSteps,NATR_tProcessSteps.csv,1,Project_Name;Process_Step;Process_Date;Process_Person;Process_Notes
NATR_2314626,tProjectMetadata,NATR_tProjectMetadata.csv,1,Project_Name;Park_Code;Project_Contact;Coordinate_System;Datum;Coordinate_Method;GPS_Filename;GPS_Unit;Sampling_Method;Calculation_Method;PseudoSpecies;Taxon_Reference_Source;Project_Comments;T1_DefHgt;T2_DefHgt;T3_DefHgt;S1_DefHgt;S2_DefHgt;S3_DefHgt;H_DefHgt;N_DefHgt;V_DefHgt;A1_DefHgt;A2_DefHgt;E_DefHgt;Date_Created;dbVersion
NATR_2314626,tSpecies,NATR_tSpecies.csv,34798,Spp_Code;Field_Name;Sensitive_Spp;Taxon_Reference;PLANTS_Symbol
NATR_2314626,tVerificationEvents,NATR_tVerificationEvents.csv,120,Verification.Site:;Project_Name;Surveyor(s):;Date:;Trace.Mile:;State:;X.(easting):;Y.(northing):;Elevation:;Elevation.Unit:;Accuracy:;Accuracy.Unit:;Ground.Photos:;Primary.NVC.Elcode:;Primary.NVC.Association.Name;Alternative..NVC.Elcode:;Alternative.NVC.Association.Name;Classification.Confidence:;Key.Integrity:;Validation.of.the.Key.to.Vegetation.Associations.-.Explanation;Map.Class.(version.during.verification):;Map.Class.(final.version);Map.Class.Name.(final.version);Does.the.classification./.location.of.the.map.polygon.agree-yes;Does.the.classification./.location.of.the.map.polygon.agree-no;Validation.of.Vegetation.Mapping.-.Explanation;Additional.Comments
NATR_2314626,xConcept_Reference_lu,NATR_xConcept_Reference_lu.csv,102,Taxon_Reference_Source
NATR_2314626,xCoverClass_lu,NATR_xCoverClass_lu.csv,10,Cover_Class;Range;MidPoint
NATR_2314626,xHeight_Class_lu,NATR_xHeight_Class_lu.csv,9,Height_Class;Sort_Order;Max_Val
NATR_2314626,xHydro_Regime_lu,NATR_xHydro_Regime_lu.csv,14,Hydro_Regime;Hydro_Definitions
NATR_2314626,xLandform_lu,NATR_xLandform_lu.csv,204,Landform;Lndfrm_Definition;Include_Rec
NATR_2314626,xLeaf_Phenology_lu,NATR_xLeaf_Phenology_lu.csv,7,Leaf_Phenology;SortOrder
NATR_2314626,xLeaf_Type_lu,NATR_xLeaf_Type_lu.csv,8,Leaf_Type;SortOrder
NATR_2314626,xMapUnit_lu,NATR_xMapUnit_lu.csv,0,MapUnit_Code;MapUnit
NATR_2314626,xParks_lu,NATR_xParks_lu.csv,278,Park_Code;Park_Name;State;Include_Rec
NATR_2314626,xPhysio_Class_lu,NATR_xPhysio_Class_lu.csv,8,Physio_Class;Physio_Definition;SortOrder
NATR_2314626,xSoil_Drainage_lu,NATR_xSoil_Drainage_lu.csv,6,Soil_Drainage;SortOrder
NATR_2314626,xSoil_Texture_lu,NATR_xSoil_Texture_lu.csv,13,Soil_Texture
NATR_2314626,xState_lu,NATR_xState_lu.csv,59,State_Code;State_Name;Include_Rec
NATR_2314626,xStratum_lu,NATR_xStratum_lu.csv,13,Stratum;Descript;SortOrder
NATR_2314626,xSurficial_Geology_lu,NATR_xSurficial_Geology_lu.csv,33,Surficial_Geology;Category;Include_Rec
NATR_2314626,xTopo_Position_lu,NATR_xTopo_Position_lu.csv,12,Topo_Position;SortOrder;Include_Rec
NATR_2314626,xVegAssociation_lu,NATR_xVegAssociation_lu.csv,5866,NVC_Elcode;NVC_Association;Canada;East;Midwest;Southeast;West;Include_Rec
NCCN_2314633,NOCA_QA_01_spcov,NOCA_QA_01_spcov.csv,46986,Project_Name;AA_Plot;Plot_Code;Plot_Event;Spp_Code;Plants_Symbol;Field_Name;ComName;Family;Stratum;Cover_Code;Real_Cover;Within_Plot;ITIS_TSN;Used_PLANTS;Spp_Update;Spp_User
NCCN_2314633,NOCA_QA_02_plots,NOCA_QA_02_plots.csv,4141,Project_Name;AA_Plot;Plot_Code;Plot_Event;Event_Date;Surveyors;Field_X;Field_Y;GPS_Error;Satellites;UTM_Zone;Plot_Shape;Plot_Radius;Plot_Width;Plot_Length;Observation_pt;State;Land_Owner;Plot_Directions;Elevation;Elev_Units;Slope_Cat;Slope_Degrees;Aspect_Cat;Aspect_Degrees;Topo_Position;Landform;Surficial_Geology;Cowardin_System;Hydro_Regime;Hydrology_Evidence;Landscape_Comments;Soil_Texture;Soil_Drainage;Provisional_Community;NVC_Elcode;NVC_Association;MapUnit;Representativeness;Stand_Size;Environmental_Comments;Plot_Photos;Bedrock;Large_Rocks;Small_Rocks;Sand;Litter;Wood;Standing_Dead;Water;Bare;Other;Other_describe;Leaf_Type;Leaf_Phenology;Physio_Class;T1_Hgt;T2_Hgt;T3_Hgt;S1_Hgt;S2_Hgt;S3_Hgt;H_Hgt;N_Hgt;V_Hgt;A1_Hgt;A2_Hgt;E_Hgt;T1_Cover;T2_Cover;T3_Cover;S1_Cover;S2_Cover;S3_Cover;H_Cover;N_Cover;V_Cover;A1_Cover;A2_Cover;E_Cover;All_Cover;Primary_Code;Primary_Name;Secondary_Code;Secondary_Name;Classified_Code;Classified_Name;General_Comments;Plot_Update;Plot_User
NCCN_2314633,NOCA_QA_03_duplicates_in_01,NOCA_QA_03_duplicates_in_01.csv,0,Plot_Code;Spp_Code;Stratum;AA_Plot;Plot_Event;Field_Name;ComName;Cover_Code;Real_Cover;Within_Plot;Spp_Update;Spp_User
NCCN_2314633,NOCA_QA_04_duplicates_in_02,NOCA_QA_04_duplicates_in_02.csv,0,Plot_Code;Project_Name;AA_Plot;Plot_Event;Event_Date;Surveyors;Field_X;Field_Y
NCCN_2314633,NOCA_QA_05_Plots_without_Species,NOCA_QA_05_Plots_without_Species.csv,1843,AA_Plot;Plot_Code;Plot_Event
NCCN_2314633,NOCA_QA_06_Spp_without_Plots,NOCA_QA_06_Spp_without_Plots.csv,0,Plot_Event;Stratum;Spp_Code;Cover_Code;Real_Cover;Within_Plot;Spp_Update;Spp_User
NCCN_2314633,NOCA_tConnect,NOCA_tConnect.csv,1,Connect_db
NCCN_2314633,NOCA_tGlobal,NOCA_tGlobal.csv,1,User_Count;User_Name;User_Email;Last_Modified
NCCN_2314633,NOCA_tPhotos,NOCA_tPhotos.csv,0,Photo_ID;Plot_Code;Photo_Date;Photo_Type;Photo_Bearing;Photo_Descript;Photographer;Camera_or_Roll;File_Name
NCCN_2314633,NOCA_tPlotEventSpecies,NOCA_tPlotEventSpecies.csv,45150,Plot_Event;Stratum;Spp_Code;Cover_Code;Real_Cover;Within_Plot;Spp_Update;Spp_User
NCCN_2314633,NOCA_tPlotEvents,NOCA_tPlotEvents.csv,4141,Plot_Event;Plot_Code;Event_Date;Surveyors;Field_X;Field_Y;GPS_Error;Satellites;UTM_Zone;Plot_Shape;Plot_Radius;Plot_Width;Plot_Length;Observation_pt;Provisional_Community;MappingAssociation;MapClassCode;NVC_Elcode;Representativeness;Stand_Size;Environmental_Comments;Plot_Photos;Bedrock;Large_Rocks;Small_Rocks;Sand;Litter;Wood;Standing_Dead;Water;Bare;Other;Other_describe;Leaf_Type;Leaf_Phenology;Physio_Class;T1_Hgt;T2_Hgt;T3_Hgt;S1_Hgt;S2_Hgt;S3_Hgt;H_Hgt;N_Hgt;V_Hgt;A1_Hgt;A2_Hgt;E_Hgt;T1_Cover;T2_Cover;T3_Cover;S1_Cover;S2_Cover;S3_Cover;H_Cover;N_Cover;V_Cover;A1_Cover;A2_Cover;E_Cover;All_Cover;Primary_Code;Secondary_Code;Classified_Code;General_Comments;Plot_Update;Plot_User
NCCN_2314633,NOCA_tPlots,NOCA_tPlots.csv,4141,Plot_Code;Project_Name;Plot_Directions;State;Land_Owner;Elevation;Elev_Units;Slope_Cat;Slope_Degrees;Aspect_Cat;Aspect_Degrees;Topo_Position;Landform;Surficial_Geology;Cowardin_System;Hydro_Regime;Hydrology_Evidence;Landscape_Comments;Soil_Texture;Soil_Drainage;AA_Plot
NCCN_2314633,NOCA_tProcessSteps,NOCA_tProcessSteps.csv,0,Project_Name;Process_Step;Process_Date;Process_Person;Process_Notes
NCCN_2314633,NOCA_tProjectMetadata,NOCA_tProjectMetadata.csv,1,Project_Name;Park_Code;Project_Contact;Coordinate_System;Datum;Coordinate_Method;GPS_Filename;GPS_Unit;Sampling_Method;Calculation_Method;PseudoSpecies;Taxon_Reference_Source;Project_Comments;T1_DefHgt;T2_DefHgt;T3_DefHgt;S1_DefHgt;S2_DefHgt;S3_DefHgt;H_DefHgt;N_DefHgt;V_DefHgt;A1_DefHgt;A2_DefHgt;E_DefHgt;Date_Created;dbVersion
NCCN_2314633,NOCA_tSpecies,NOCA_tSpecies.csv,1125,Spp_Code;Field_Name;Sensitive_Spp;Taxon_Reference;PLANTS_Symbol;FPNW_2_Name
NCCN_2314633,NOCA_xConcept_Reference_lu,NOCA_xConcept_Reference_lu.csv,102,Taxon_Reference_Source
NCCN_2314633,NOCA_xCoverClass_lu,NOCA_xCoverClass_lu.csv,10,Cover_Class;Range;MidPoint
NCCN_2314633,NOCA_xHeight_Class_lu,NOCA_xHeight_Class_lu.csv,9,Height_Class;Sort_Order;Max_Val
NCCN_2314633,NOCA_xHydro_Regime_lu,NOCA_xHydro_Regime_lu.csv,14,Hydro_Regime;Hydro_Definitions
NCCN_2314633,NOCA_xLandform_lu,NOCA_xLandform_lu.csv,204,Landform;Lndfrm_Definition;Include_Rec
NCCN_2314633,NOCA_xLeaf_Phenology_lu,NOCA_xLeaf_Phenology_lu.csv,7,Leaf_Phenology;SortOrder
NCCN_2314633,NOCA_xLeaf_Type_lu,NOCA_xLeaf_Type_lu.csv,8,Leaf_Type;SortOrder
NCCN_2314633,NOCA_xMapAssociation_MapUnit_lu,NOCA_xMapAssociation_MapUnit_lu.csv,218,MapAssociationCode;MapAssociation.Name;INRcode;MapUnitCode
NCCN_2314633,NOCA_xMapAssociation_lu,NOCA_xMapAssociation_lu.csv,218,ID;Map.Association.Code;Map.Association.Name;Notes
NCCN_2314633,NOCA_xMapClass_INRCode_lu,NOCA_xMapClass_INRCode_lu.csv,51,RecordID;MapClassCode;INRcode;MapClassCodeName;MapClassName
NCCN_2314633,NOCA_xMapUnit_lu,NOCA_xMapUnit_lu.csv,51,MapUnit_Code;MapUnit
NCCN_2314633,NOCA_xParks_lu,NOCA_xParks_lu.csv,278,Park_Code;Park_Name;State;Include_Rec
NCCN_2314633,NOCA_xPhysio_Class_lu,NOCA_xPhysio_Class_lu.csv,8,Physio_Class;Physio_Definition;SortOrder
NCCN_2314633,NOCA_xSoil_Drainage_lu,NOCA_xSoil_Drainage_lu.csv,6,Soil_Drainage;SortOrder
NCCN_2314633,NOCA_xSoil_Texture_lu,NOCA_xSoil_Texture_lu.csv,13,Soil_Texture
NCCN_2314633,NOCA_xState_lu,NOCA_xState_lu.csv,59,State_Code;State_Name;Include_Rec
NCCN_2314633,NOCA_xStratum_lu,NOCA_xStratum_lu.csv,3,Stratum;Descript;SortOrder
NCCN_2314633,NOCA_xSurficial_Geology_lu,NOCA_xSurficial_Geology_lu.csv,33,Surficial_Geology;Category;Include_Rec
NCCN_2314633,NOCA_xTopo_Position_lu,NOCA_xTopo_Position_lu.csv,12,Topo_Position;SortOrder;Include_Rec
NCCN_2314633,NOCA_xVegAssociation_lu,NOCA_xVegAssociation_lu.csv,5863,NVC_Elcode;NVC_Association;Canada;East;Midwest;Southeast;West;Include_Rec
NCCN_2314636,OLYM_QA_01_spcov,OLYM_QA_01_spcov.csv,33840,Project_Name;AA_Plot;Plot_Code;Plot_Event;Spp_Code;Plants_Symbol;Field_Name;ComName;Family;Stratum;Cover_Code;Real_Cover;Within_Plot;ITIS_TSN;Used_PLANTS;Spp_Update;Spp_User
NCCN_2314636,OLYM_QA_02_plots,OLYM_QA_02_plots.csv,3595,Project_Name;AA_Plot;Plot_Code;Plot_Event;Event_Date;Surveyors;Field_X;Field_Y;GPS_Error;Satellites;UTM_Zone;Plot_Shape;Plot_Radius;Plot_Width;Plot_Length;Observation_pt;State;Land_Owner;Plot_Directions;Elevation;Elev_Units;Slope_Cat;Slope_Degrees;Aspect_Cat;Aspect_Degrees;Topo_Position;Landform;Surficial_Geology;Cowardin_System;Hydro_Regime;Hydrology_Evidence;Landscape_Comments;Soil_Texture;Soil_Drainage;Provisional_Community;NVC_Elcode;NVC_Association;MapUnit;Representativeness;Stand_Size;Environmental_Comments;Plot_Photos;Bedrock;Large_Rocks;Small_Rocks;Sand;Litter;Wood;Standing_Dead;Water;Bare;Other;Other_describe;Leaf_Type;Leaf_Phenology;Physio_Class;T1_Hgt;T2_Hgt;T3_Hgt;S1_Hgt;S2_Hgt;S3_Hgt;H_Hgt;N_Hgt;V_Hgt;A1_Hgt;A2_Hgt;E_Hgt;T1_Cover;T2_Cover;T3_Cover;S1_Cover;S2_Cover;S3_Cover;H_Cover;N_Cover;V_Cover;A1_Cover;A2_Cover;E_Cover;All_Cover;Primary_Code;Primary_Name;Secondary_Code;Secondary_Name;Classified_Code;Classified_Name;General_Comments;Plot_Update;Plot_User
NCCN_2314636,OLYM_QA_03_duplicates_in_01,OLYM_QA_03_duplicates_in_01.csv,0,Plot_Code;Spp_Code;Stratum;AA_Plot;Plot_Event;Field_Name;ComName;Cover_Code;Real_Cover;Within_Plot;Spp_Update;Spp_User
NCCN_2314636,OLYM_QA_04_duplicates_in_02,OLYM_QA_04_duplicates_in_02.csv,0,Plot_Code;Project_Name;AA_Plot;Plot_Event;Event_Date;Surveyors;Field_X;Field_Y
NCCN_2314636,OLYM_QA_05_Plots_without_Species,OLYM_QA_05_Plots_without_Species.csv,1447,AA_Plot;Plot_Code;Plot_Event
NCCN_2314636,OLYM_QA_06_Spp_without_Plots,OLYM_QA_06_Spp_without_Plots.csv,0,Plot_Event;Stratum;Spp_Code;Cover_Code;Real_Cover;Within_Plot;Spp_Update;Spp_User
NCCN_2314636,OLYM_tConnect,OLYM_tConnect.csv,1,Connect_db
NCCN_2314636,OLYM_tGlobal,OLYM_tGlobal.csv,3,User_Count;User_Name;User_Email;Last_Modified
NCCN_2314636,OLYM_tPhotos,OLYM_tPhotos.csv,0,Photo_ID;Plot_Code;Photo_Date;Photo_Type;Photo_Bearing;Photo_Descript;Photographer;Camera_or_Roll;File_Name
NCCN_2314636,OLYM_tPlotEventSpecies,OLYM_tPlotEventSpecies.csv,32413,Plot_Event;Stratum;Spp_Code;Cover_Code;Real_Cover;Within_Plot;Spp_Update;Spp_User
NCCN_2314636,OLYM_tPlotEvents,OLYM_tPlotEvents.csv,3595,Plot_Event;Plot_Code;Event_Date;Surveyors;Field_X;Field_Y;GPS_Error;Satellites;UTM_Zone;Plot_Shape;Plot_Radius;Plot_Width;Plot_Length;Observation_pt;Provisional_Community;MappingAssociation;MapClassCode;NVC_Elcode;Representativeness;Stand_Size;Environmental_Comments;Plot_Photos;Bedrock;Large_Rocks;Small_Rocks;Sand;Litter;Wood;Standing_Dead;Water;Bare;Other;Other_describe;Leaf_Type;Leaf_Phenology;Physio_Class;T1_Hgt;T2_Hgt;T3_Hgt;S1_Hgt;S2_Hgt;S3_Hgt;H_Hgt;N_Hgt;V_Hgt;A1_Hgt;A2_Hgt;E_Hgt;T1_Cover;T2_Cover;T3_Cover;S1_Cover;S2_Cover;S3_Cover;H_Cover;N_Cover;V_Cover;A1_Cover;A2_Cover;E_Cover;All_Cover;Primary_Code;Secondary_Code;Classified_Code;General_Comments;Used_in_MapClass;Plot_Update;Plot_User
NCCN_2314636,OLYM_tPlots,OLYM_tPlots.csv,3595,Plot_Code;Project_Name;Plot_Directions;State;Land_Owner;Elevation;Elev_Units;Slope_Cat;Slope_Degrees;Aspect_Cat;Aspect_Degrees;Topo_Position;Landform;Surficial_Geology;Cowardin_System;Hydro_Regime;Hydrology_Evidence;Landscape_Comments;Soil_Texture;Soil_Drainage;AA_Plot
NCCN_2314636,OLYM_tProcessSteps,OLYM_tProcessSteps.csv,1,Project_Name;Process_Step;Process_Date;Process_Person;Process_Notes
NCCN_2314636,OLYM_tProjectMetadata,OLYM_tProjectMetadata.csv,1,Project_Name;Park_Code;Project_Contact;Coordinate_System;Datum;Coordinate_Method;GPS_Filename;GPS_Unit;Sampling_Method;Calculation_Method;PseudoSpecies;Taxon_Reference_Source;Project_Comments;T1_DefHgt;T2_DefHgt;T3_DefHgt;S1_DefHgt;S2_DefHgt;S3_DefHgt;H_DefHgt;N_DefHgt;V_DefHgt;A1_DefHgt;A2_DefHgt;E_DefHgt;Date_Created;dbVersion
NCCN_2314636,OLYM_tSpecies,OLYM_tSpecies.csv,1125,Spp_Code;Field_Name;Sensitive_Spp;Taxon_Reference;PLANTS_Symbol;FPNW_2_Name
NCCN_2314636,OLYM_xConcept_Reference_lu,OLYM_xConcept_Reference_lu.csv,102,Taxon_Reference_Source
NCCN_2314636,OLYM_xCoverClass_lu,OLYM_xCoverClass_lu.csv,10,Cover_Class;Range;MidPoint
NCCN_2314636,OLYM_xHeight_Class_lu,OLYM_xHeight_Class_lu.csv,9,Height_Class;Sort_Order;Max_Val
NCCN_2314636,OLYM_xHydro_Regime_lu,OLYM_xHydro_Regime_lu.csv,14,Hydro_Regime;Hydro_Definitions
NCCN_2314636,OLYM_xLandform_lu,OLYM_xLandform_lu.csv,204,Landform;Lndfrm_Definition;Include_Rec
NCCN_2314636,OLYM_xLeaf_Phenology_lu,OLYM_xLeaf_Phenology_lu.csv,7,Leaf_Phenology;SortOrder
NCCN_2314636,OLYM_xLeaf_Type_lu,OLYM_xLeaf_Type_lu.csv,8,Leaf_Type;SortOrder
NCCN_2314636,OLYM_xMapAssociation_MapUnit_lu,OLYM_xMapAssociation_MapUnit_lu.csv,218,MapAssociationCode;MapAssociationName;INRcode;MapUnitCode
NCCN_2314636,OLYM_xMapAssociation_lu,OLYM_xMapAssociation_lu.csv,218,ID;Map.Association.Code;Map.Association.Name;Notes
NCCN_2314636,OLYM_xMapClass_INRCode_lu,OLYM_xMapClass_INRCode_lu.csv,54,MapClassCode;INRcode;MapClassCodeName;MapClassName
NCCN_2314636,OLYM_xMapUnit_lu,OLYM_xMapUnit_lu.csv,54,MapUnit_Code;MapUnit
NCCN_2314636,OLYM_xParks_lu,OLYM_xParks_lu.csv,278,Park_Code;Park_Name;State;Include_Rec
NCCN_2314636,OLYM_xPhysio_Class_lu,OLYM_xPhysio_Class_lu.csv,8,Physio_Class;Physio_Definition;SortOrder
NCCN_2314636,OLYM_xSoil_Drainage_lu,OLYM_xSoil_Drainage_lu.csv,6,Soil_Drainage;SortOrder
NCCN_2314636,OLYM_xSoil_Texture_lu,OLYM_xSoil_Texture_lu.csv,13,Soil_Texture
NCCN_2314636,OLYM_xState_lu,OLYM_xState_lu.csv,59,State_Code;State_Name;Include_Rec
NCCN_2314636,OLYM_xStratum_lu,OLYM_xStratum_lu.csv,3,Stratum;Descript;SortOrder
NCCN_2314636,OLYM_xSurficial_Geology_lu,OLYM_xSurficial_Geology_lu.csv,33,Surficial_Geology;Category;Include_Rec
NCCN_2314636,OLYM_xTopo_Position_lu,OLYM_xTopo_Position_lu.csv,12,Topo_Position;SortOrder;Include_Rec
NCCN_2314636,OLYM_xVegAssociation_lu,OLYM_xVegAssociation_lu.csv,5863,NVC_Elcode;NVC_Association;Canada;East;Midwest;Southeast;West;Include_Rec
NIOB_2314631,Landowner_Plot_Info,NIOB_Landowner_Plot_Info.csv,6104,Plot_Code;Spp_Code;Real_Cover;Sci_Name;ComName
NIOB_2314631,Paste_Errors,NIOB_Paste_Errors.csv,127,F1;F2;F3
NIOB_2314631,PhotoViewer_01_PlotAttributes,NIOB_PhotoViewer_01_PlotAttributes.csv,905,Plot_Event;Plot_Code;Field_X;Field_Y;UTM_Zone;Event_Date;Physio_Class;Classified_Code;NVC_Elcode;NVC_Association;MapUnit_Code
NIOB_2314631,PhotoViewer_02_PlotPhotos,NIOB_PhotoViewer_02_PlotPhotos.csv,3725,Photo_ID;tPhotos.Plot_Code;Photo_Date;Photo_Bearing;File_Name;Plot_Event;tPlotEvents.Plot_Code;Event_Date;Field_X;Field_Y
NIOB_2314631,PhotoViewer_03_PlotSpecies,NIOB_PhotoViewer_03_PlotSpecies.csv,6452,tPlotEventSpecies.Plot_Event;Stratum;tPlotEventSpecies.Spp_Code;Cover_Code;Real_Cover;tSpecies.Spp_Code;Field_Name;tPlotEvents.Plot_Event;Event_Date;Field_X;Field_Y
NIOB_2314631,Plot_info_for_Landowners,NIOB_Plot_info_for_Landowners.csv,6452,Plot_Code;Field_Name;Spp_Code;Real_Cover
NIOB_2314631,QA_01_spcov,NIOB_QA_01_spcov.csv,6464,Project_Name;AA_Plot;Plot_Code;Plot_Event;Spp_Code;Plants_Symbol;Field_Name;ComName;Family;Stratum;Cover_Code;Real_Cover;Within_Plot;ITIS_TSN;Used_PLANTS;Spp_Update;Spp_User
NIOB_2314631,QA_02_plots,NIOB_QA_02_plots.csv,918,Project_Name;AA_Plot;Plot_Code;Plot_Event;Event_Date;Surveyors;Field_X;Field_Y;GPS_Error;Satellites;UTM_Zone;Plot_Shape;Plot_Radius;Plot_Width;Plot_Length;Observation_pt;State;Land_Owner;Plot_Directions;Elevation;Elev_Units;Slope_Cat;Slope_Degrees;Aspect_Cat;Aspect_Degrees;Topo_Position;Landform;Surficial_Geology;Cowardin_System;Hydro_Regime;Hydrology_Evidence;Landscape_Comments;Soil_Texture;Soil_Drainage;Provisional_Community;NVC_Elcode;NVC_Association;MapUnit;Representativeness;Stand_Size;Environmental_Comments;Plot_Photos;Bedrock;Large_Rocks;Small_Rocks;Sand;Litter;Wood;Standing_Dead;Water;Bare;Other;Other_describe;Leaf_Type;Leaf_Phenology;Physio_Class;T1_Hgt;T2_Hgt;T3_Hgt;S1_Hgt;S2_Hgt;S3_Hgt;H_Hgt;N_Hgt;V_Hgt;A1_Hgt;A2_Hgt;E_Hgt;T1_Cover;T2_Cover;T3_Cover;S1_Cover;S2_Cover;S3_Cover;H_Cover;N_Cover;V_Cover;A1_Cover;A2_Cover;E_Cover;All_Cover;Primary_Code;Primary_Name;Secondary_Code;Secondary_Name;Classified_Code;Classified_Name;General_Comments;Plot_Update;Plot_User
NIOB_2314631,QA_03_duplicates_in_01,NIOB_QA_03_duplicates_in_01.csv,0,Plot_Code;Spp_Code;Stratum;AA_Plot;Plot_Event;Field_Name;ComName;Cover_Code;Real_Cover;Within_Plot;Spp_Update;Spp_User
NIOB_2314631,QA_04_duplicates_in_02,NIOB_QA_04_duplicates_in_02.csv,0,Plot_Code;Project_Name;AA_Plot;Plot_Event;Event_Date;Surveyors;Field_X;Field_Y
NIOB_2314631,QA_05_Plots_without_Species,NIOB_QA_05_Plots_without_Species.csv,12,AA_Plot;Plot_Code;Plot_Event
NIOB_2314631,QA_06_Spp_without_Plots,NIOB_QA_06_Spp_without_Plots.csv,0,Plot_Event;Stratum;Spp_Code;Cover_Code;Real_Cover;Within_Plot;Spp_Update;Spp_User
NIOB_2314631,QueryPhotos,NIOB_QueryPhotos.csv,2958,Photo_ID;Plot_Code;Photo_Date;Photo_Type;Photo_Bearing;Photo_Descript;Photographer;Camera_or_Roll;File_Name
NIOB_2314631,tConnect,NIOB_tConnect.csv,1,Connect_db
NIOB_2314631,tGlobal,NIOB_tGlobal.csv,49,User_Count;User_Name;User_Email;Last_Modified
NIOB_2314631,tPhotos,NIOB_tPhotos.csv,3729,Photo_ID;Plot_Code;Photo_Date;Photo_Type;Photo_Bearing;Photo_Descript;Photographer;Camera_or_Roll;File_Name
NIOB_2314631,tPlotEventSpecies,NIOB_tPlotEventSpecies.csv,6452,Plot_Event;Stratum;Spp_Code;Cover_Code;Real_Cover;Within_Plot;Spp_Update;Spp_User
NIOB_2314631,tPlotEvents,NIOB_tPlotEvents.csv,918,Plot_Event;Plot_Code;Event_Date;Surveyors;Field_X;Field_Y;GPS_Error;Satellites;UTM_Zone;Plot_Shape;Plot_Radius;Plot_Width;Plot_Length;Observation_pt;Provisional_Community;NVC_Elcode;Representativeness;Stand_Size;Environmental_Comments;Plot_Photos;Bedrock;Large_Rocks;Small_Rocks;Sand;Litter;Wood;Standing_Dead;Water;Bare;Other;Other_describe;Leaf_Type;Leaf_Phenology;Physio_Class;T1_Hgt;T2_Hgt;T3_Hgt;S1_Hgt;S2_Hgt;S3_Hgt;H_Hgt;N_Hgt;V_Hgt;A1_Hgt;A2_Hgt;E_Hgt;T1_Cover;T2_Cover;T3_Cover;S1_Cover;S2_Cover;S3_Cover;H_Cover;N_Cover;V_Cover;A1_Cover;A2_Cover;E_Cover;All_Cover;Primary_Code;Secondary_Code;Classified_Code;General_Comments;Plot_Update;Plot_User
NIOB_2314631,tPlots,NIOB_tPlots.csv,918,Plot_Code;Project_Name;Plot_Directions;State;Land_Owner;Elevation;Elev_Units;Slope_Cat;Slope_Degrees;Aspect_Cat;Aspect_Degrees;Topo_Position;Landform;Surficial_Geology;Cowardin_System;Hydro_Regime;Hydrology_Evidence;Landscape_Comments;Soil_Texture;Soil_Drainage;AA_Plot
NIOB_2314631,tProcessSteps,NIOB_tProcessSteps.csv,1,Project_Name;Process_Step;Process_Date;Process_Person;Process_Notes
NIOB_2314631,tProjectMetadata,NIOB_tProjectMetadata.csv,1,Project_Name;Park_Code;Project_Contact;Coordinate_System;Datum;Coordinate_Method;GPS_Filename;GPS_Unit;Sampling_Method;Calculation_Method;PseudoSpecies;Taxon_Reference_Source;Project_Comments;T1_DefHgt;T2_DefHgt;T3_DefHgt;S1_DefHgt;S2_DefHgt;S3_DefHgt;H_DefHgt;N_DefHgt;V_DefHgt;A1_DefHgt;A2_DefHgt;E_DefHgt;Date_Created;dbVersion
NIOB_2314631,tSpecies,NIOB_tSpecies.csv,423,Spp_Code;Field_Name;Sensitive_Spp;Taxon_Reference;PLANTS_Symbol
NIOB_2314631,xConcept_Reference_lu,NIOB_xConcept_Reference_lu.csv,102,Taxon_Reference_Source
NIOB_2314631,xCoverClass_lu,NIOB_xCoverClass_lu.csv,12,Cover_Class;Range;MidPoint
NIOB_2314631,xHeight_Class_lu,NIOB_xHeight_Class_lu.csv,9,Height_Class;Sort_Order;Max_Val
NIOB_2314631,xHydro_Regime_lu,NIOB_xHydro_Regime_lu.csv,14,Hydro_Regime;Hydro_Definitions
NIOB_2314631,xLandform_lu,NIOB_xLandform_lu.csv,209,Landform;Lndfrm_Definition;Include_Rec
NIOB_2314631,xLeaf_Phenology_lu,NIOB_xLeaf_Phenology_lu.csv,7,Leaf_Phenology;SortOrder
NIOB_2314631,xLeaf_Type_lu,NIOB_xLeaf_Type_lu.csv,8,Leaf_Type;SortOrder
NIOB_2314631,xMapUnit_lu,NIOB_xMapUnit_lu.csv,41,MapUnit_Code;MapUnit
NIOB_2314631,xParks_lu,NIOB_xParks_lu.csv,278,Park_Code;Park_Name;State;Include_Rec
NIOB_2314631,xPhysio_Class_lu,NIOB_xPhysio_Class_lu.csv,8,Physio_Class;Physio_Definition;SortOrder
NIOB_2314631,xSoil_Drainage_lu,NIOB_xSoil_Drainage_lu.csv,6,Soil_Drainage;SortOrder
NIOB_2314631,xSoil_Texture_lu,NIOB_xSoil_Texture_lu.csv,13,Soil_Texture
NIOB_2314631,xState_lu,NIOB_xState_lu.csv,59,State_Code;State_Name;Include_Rec
NIOB_2314631,xStratum_lu,NIOB_xStratum_lu.csv,13,Stratum;Descript;SortOrder
NIOB_2314631,xSurficial_Geology_lu,NIOB_xSurficial_Geology_lu.csv,36,Surficial_Geology;Category;Include_Rec
NIOB_2314631,xTopo_Position_lu,NIOB_xTopo_Position_lu.csv,12,Topo_Position;SortOrder;Include_Rec
NIOB_2314631,xVegAssociation_lu,NIOB_xVegAssociation_lu.csv,59,NVC_Elcode;NVC_Association;Canada;East;Midwest;Southeast;West;Include_Rec;MapUnit_Code
OCMU_2314635,tAA,OCMU_tAA.csv,138,AA_Code;Project_Name;Slope_Cat;Slope_Degrees;Aspect_Cat;Aspect_Degrees;Elevation;Elev_Units
OCMU_2314635,tAAEvents,OCMU_tAAEvents.csv,138,AA_Event;AA_Code;Event_Date;Surveyors;Field_X;Field_Y;GPS_Error;Satellites;UTM_Zone;AA_plotsize;AA_plotshape;Primary_Code;Secondary_Code;Classified_Code;AA_Photos;General_Comments;AA_Update;AA_User
OCMU_2314635,tConnect,OCMU_tConnect.csv,1,Connect_db
OCMU_2314635,tGlobal,OCMU_tGlobal.csv,9,User_Count;User_Name;User_Email;Last_Modified
OCMU_2314635,tPhotos,OCMU_tPhotos.csv,621,Photo_ID;Plot_Code;Photo_Date;Photo_Type;Photo_Bearing;Photo_Descript;Photographer;Camera_or_Roll;File_Name;Field9
OCMU_2314635,tPlotEventSpecies,OCMU_tPlotEventSpecies.csv,771,Plot_Event;Stratum;Spp_Code;Cover_Code;Real_Cover;Within_Plot;Spp_Update;Spp_User
OCMU_2314635,tPlotEvents,OCMU_tPlotEvents.csv,16,Plot_Event;Plot_Code;Event_Date;Surveyors;Field_X;Field_Y;GPS_Error;Satellites;UTM_Zone;Plot_Shape;Plot_Radius;Plot_Width;Plot_Length;Observation_pt;Provisional_Community;NVC_Elcode;Representativeness;Stand_Size;Environmental_Comments;Plot_Photos;Bedrock;Large_Rocks;Small_Rocks;Sand;Litter;Wood;Water;Bare;Other;Other_describe;Leaf_Type;Leaf_Phenology;Physio_Class;T1_Hgt;T2_Hgt;T3_Hgt;S1_Hgt;S2_Hgt;S3_Hgt;H_Hgt;N_Hgt;V_Hgt;A1_Hgt;A2_Hgt;E_Hgt;T1_Cover;T2_Cover;T3_Cover;S1_Cover;S2_Cover;S3_Cover;H_Cover;N_Cover;V_Cover;A1_Cover;A2_Cover;E_Cover;All_Cover;General_Comments;Plot_Update;Plot_User
OCMU_2314635,tPlots,OCMU_tPlots.csv,16,Plot_Code;Project_Name;Plot_Directions;State;Land_Owner;Elevation;Elev_Units;Slope_Cat;Slope_Degrees;Aspect_Cat;Aspect_Degrees;Topo_Position;Landform;Surficial_Geology;Cowardin_System;Hydro_Regime;Hydrology_Evidence;Landscape_Comments;Soil_Texture;Soil_Drainage;Sensitive_Data;Public_X;Public_Y;Dist_XY;Public_Elev;Dist_Elev
OCMU_2314635,tProjectMetadata,OCMU_tProjectMetadata.csv,1,Project_Name;Park_Code;Project_Contact;Coordinate_System;Datum;Coordinate_Method;GPS_Filename;GPS_Unit;Sampling_Method;Calculation_Method;Taxon_Reference_Source;Project_Comments;T1_DefHgt;T2_DefHgt;T3_DefHgt;S1_DefHgt;S2_DefHgt;S3_DefHgt;H_DefHgt;N_DefHgt;V_DefHgt;A1_DefHgt;A2_DefHgt;E_DefHgt;Date_Created
OCMU_2314635,tSpecies,OCMU_tSpecies.csv,225,Spp_Code;Field_Name;Taxon_Reference;PLANTS_Symbol
OCMU_2314635,xConcept_Reference_lu,OCMU_xConcept_Reference_lu.csv,102,Taxon_Reference_Source
OCMU_2314635,xCoverClass_lu,OCMU_xCoverClass_lu.csv,10,Cover_Class;Range;MidPoint
OCMU_2314635,xHeight_Class_lu,OCMU_xHeight_Class_lu.csv,9,Height_Class;Sort_Order;Max_Val
OCMU_2314635,xHydro_Regime_lu,OCMU_xHydro_Regime_lu.csv,14,Hydro_Regime;Hydro_Definitions
OCMU_2314635,xLandform_lu,OCMU_xLandform_lu.csv,204,Landform;Lndfrm_Definition;Include_Rec
OCMU_2314635,xLeaf_Phenology_lu,OCMU_xLeaf_Phenology_lu.csv,7,Leaf_Phenology;SortOrder
OCMU_2314635,xLeaf_Type_lu,OCMU_xLeaf_Type_lu.csv,8,Leaf_Type;SortOrder
OCMU_2314635,xMapUnit_lu,OCMU_xMapUnit_lu.csv,0,MapUnit_Code;MapUnit
OCMU_2314635,xParks_lu,OCMU_xParks_lu.csv,278,Park_Code;Park_Name;State;Include_Rec
OCMU_2314635,xPhysio_Class_lu,OCMU_xPhysio_Class_lu.csv,8,Physio_Class;Physio_Definition;SortOrder
OCMU_2314635,xSoil_Drainage_lu,OCMU_xSoil_Drainage_lu.csv,6,Soil_Drainage;SortOrder
OCMU_2314635,xSoil_Texture_lu,OCMU_xSoil_Texture_lu.csv,13,Soil_Texture
OCMU_2314635,xState_lu,OCMU_xState_lu.csv,59,State_Code;State_Name;Include_Rec
OCMU_2314635,xStratum_lu,OCMU_xStratum_lu.csv,13,Stratum;Descript;SortOrder
OCMU_2314635,xSurficial_Geology_lu,OCMU_xSurficial_Geology_lu.csv,33,Surficial_Geology;Category;Include_Rec
OCMU_2314635,xTopo_Position_lu,OCMU_xTopo_Position_lu.csv,12,Topo_Position;SortOrder;Include_Rec
OCMU_2314635,xVegAssociation_lu,OCMU_xVegAssociation_lu.csv,7412,NVC_Elcode;NVC_Association;Canada;East;Midwest;Southeast;West;Include_Rec
PACN_2314697,WAPA_qry_AA_Plots_primary_codes,WAPA_qry_AA_Plots_primary_codes.csv,150,AA_Code;Field_X;Field_Y;Primary_Code;NVC_Association;MapUnit;Key;Key_Comments
PACN_2314697,WAPA_qry_AA_sp_cov,WAPA_qry_AA_sp_cov.csv,661,AA_Code;Family;ITIS_TSN;Spp_Code;Field_Name;ComName;Stratum;HeightClass;CoverClass;CoverPct
PACN_2314697,WAPA_qry_AA_species_list,WAPA_qry_AA_species_list.csv,109,Family;ITIS_TSN;Spp_Code;Field_Name;ComName
PACN_2314697,WAPA_qry_All_map_codes,WAPA_qry_All_map_codes.csv,24,Primary_Code;MapUnit;NVC_Elcode
PACN_2314697,WAPA_qry_Classified_map_codes,WAPA_qry_Classified_map_codes.csv,20,Classified_Code;MapUnit;NVC_Elcode
PACN_2314697,WAPA_qry_Primary_map_codes,WAPA_qry_Primary_map_codes.csv,21,Primary_Code;MapUnit;NVC_Elcode
PACN_2314697,WAPA_qry_Secondary_map_codes,WAPA_qry_Secondary_map_codes.csv,14,Secondary_Code;MapUnit;NVC_Elcode
PACN_2314697,WAPA_qry_sp_cov,WAPA_qry_sp_cov.csv,848,Plot_Code;ITIS_TSN;Sci_Name;ComName;Family;Plants_Symbol_USDA;Stratum;Cover_Code;Real_Cover;Obs_Cover_Code;Within_Plot
PACN_2314697,WAPA_tAA,WAPA_tAA.csv,150,AA_Code;Project_Name;Slope_Cat;Slope_Degrees;Aspect_Cat;Aspect_Degrees;Topo_Position;Landform;Surficial_Geology;Soil_Texture;Elevation;Elev_Units;Comments
PACN_2314697,WAPA_tAAEventSpecies,WAPA_tAAEventSpecies.csv,764,AA_Event;AA_Code;Stratum;Species_Code;CoverClass;CoverPct
PACN_2314697,WAPA_tAAEvents,WAPA_tAAEvents.csv,150,AA_Event;AA_Code;Event_Date;Surveyors;Field_X;Field_Y;GPS_Error;Satellites;UTM_Zone;AA_plotsize;AA_plotshape;Primary_Code;Secondary_Code;Classified_Code;Point_Represent;Assoc_Represent;Key;Desc_Accurate;Classification_Comments;Key_Comments;Description_Comments;Landmarks;AA_Photos;General_Comments;AA_Update;AA_User
PACN_2314697,WAPA_tAAPhotos,WAPA_tAAPhotos.csv,795,PhotoID;AA_Code;Photo_Type;ViewNumber;Bearing;Time;CameraPosition;Photographer;PhotoComments;File_Name
PACN_2314697,WAPA_tAAStratum,WAPA_tAAStratum.csv,494,StratumID;VegetationID;Stratum;HeightClass;CoverClass
PACN_2314697,WAPA_tAAVegetation,WAPA_tAAVegetation.csv,150,VegetationID;AA_Event;LeafType;Physiognom;TotVegCover;CoverType;VegetationComments
PACN_2314697,WAPA_tAAVegetationDetails,WAPA_tAAVegetationDetails.csv,764,VegDetailID;StratumID;TSN;CoverPct;Diagnostic;IsPheno
PACN_2314697,WAPA_tConnect,WAPA_tConnect.csv,1,Connect_db
PACN_2314697,WAPA_tGlobal,WAPA_tGlobal.csv,0,User_Count;User_Name;User_Email;Last_Modified
PACN_2314697,WAPA_tPhotos,WAPA_tPhotos.csv,347,Photo_ID;Plot_Code;Photo_Date;Photo_Type;ViewNumber;Photo_Bearing;Photo_Descript;Photographer;Camera_or_Roll;File_Name
PACN_2314697,WAPA_tPlotEventSpecies,WAPA_tPlotEventSpecies.csv,848,Plot_Event;Stratum;Spp_Code;Is_Dead;Cover_Code;Real_Cover;Obs_Cover_Code;Within_Plot;Spp_Update;Spp_User
PACN_2314697,WAPA_tPlotEvents,WAPA_tPlotEvents.csv,74,Plot_Event;Plot_Code;Event_Date;Surveyors;Field_X;Field_Y;GPS_Error;Satellites;UTM_Zone;Plot_Shape;Plot_Radius;Plot_Width;Plot_Length;Observation_pt;Provisional_Community;NVC_Elcode;Representativeness;Stand_Size;Environmental_Comments;Plot_Photos;Bedrock;Large_Rocks;Small_Rocks;Sand;Litter;Wood;Water;Bare;Microbiotic;Lichen;LichenGround;Other;Other_describe;Leaf_Type;Leaf_Phenology;Physio_Class;T1_Hgt;T2_Hgt;T3_Hgt;S1_Hgt;S2_Hgt;S3_Hgt;H_Hgt;N_Hgt;V_Hgt;G1_Hgt;F1_Hgt;F2_Hgt;S_Hgt;G2_Hgt;E_Hgt;T1_Cover;T2_Cover;T3_Cover;S1_Cover;S2_Cover;S3_Cover;H_Cover;N_Cover;V_Cover;G1_Cover;F1_Cover;F2_Cover;S_Cover;G2_Cover;E_Cover;All_Cover;MaxVegHeight;General_Comments;Plot_Update;Plot_User
PACN_2314697,WAPA_tPlots,WAPA_tPlots.csv,74,Plot_Code;Project_Name;Plot_Directions;State;Land_Owner;Elevation;Elev_Units;Slope_Cat;Slope_Degrees;Aspect_Cat;Aspect_Degrees;Topo_Position;Landform;Surficial_Geology;Cowardin_System;Hydro_Regime;Hydrology_Evidence;Landscape_Comments;Soil_Texture;Soil_Drainage;Sensitive_Data;Public_X;Public_Y;Dist_XY;Public_Elev;Dist_Elev;IsObservationPt;IsLegacyData
PACN_2314697,WAPA_tProjectMetadata,WAPA_tProjectMetadata.csv,1,Project_Name;Park_Code;Project_Contact;Coordinate_System;Datum;Coordinate_Method;GPS_Filename;GPS_Unit;Sampling_Method;Calculation_Method;Taxon_Reference_Source;Project_Comments;T1_DefHgt;T2_DefHgt;T3_DefHgt;S1_DefHgt;S2_DefHgt;S3_DefHgt;H_DefHgt;N_DefHgt;V_DefHgt;G1_DefHgt;F1_DefHgt;F2_DefHgt;S_DefHgt;G2_DefHgt;E_DefHgt;Date_Created
PACN_2314697,WAPA_tSpecies,WAPA_tSpecies.csv,193,Spp_Code;Field_Name;Taxon_Reference;PLANTS_Symbol;ITIS_TSN
PACN_2314697,WAPA_xConcept_Reference_lu,WAPA_xConcept_Reference_lu.csv,0,Taxon_Reference_Source
PACN_2314697,WAPA_xCoverClassObs_lu,WAPA_xCoverClassObs_lu.csv,4,CoverClass;Range;Sort_Order
PACN_2314697,WAPA_xCoverClass_lu,WAPA_xCoverClass_lu.csv,14,Cover_Class;Range;MidPoint;Sort_Order
PACN_2314697,WAPA_xHeight_Class_lu,WAPA_xHeight_Class_lu.csv,10,Height_Class;Range;Sort_Order;Max_Val
PACN_2314697,WAPA_xHydro_Regime_lu,WAPA_xHydro_Regime_lu.csv,14,Hydro_Regime;Hydro_Definitions
PACN_2314697,WAPA_xLandform_lu,WAPA_xLandform_lu.csv,26,Landform;Lndfrm_Definition;Include_Rec
PACN_2314697,WAPA_xLeaf_Phenology_lu,WAPA_xLeaf_Phenology_lu.csv,5,Leaf_Phenology;SortOrder
PACN_2314697,WAPA_xLeaf_Type_lu,WAPA_xLeaf_Type_lu.csv,7,Leaf_Type;SortOrder
PACN_2314697,WAPA_xMapUnit_lu,WAPA_xMapUnit_lu.csv,43,MapUnit_Code;MapUnit;NVC_Association;NVC_Elcode;NVC_CName
PACN_2314697,WAPA_xParks_lu,WAPA_xParks_lu.csv,278,Park_Code;Park_Name;State;Include_Rec
PACN_2314697,WAPA_xPhysio_Class_lu,WAPA_xPhysio_Class_lu.csv,11,Physio_Class;Physio_Definition;SortOrder
PACN_2314697,WAPA_xSoil_Drainage_lu,WAPA_xSoil_Drainage_lu.csv,6,Soil_Drainage;SortOrder
PACN_2314697,WAPA_xSoil_Texture_lu,WAPA_xSoil_Texture_lu.csv,22,Soil_Texture
PACN_2314697,WAPA_xState_lu,WAPA_xState_lu.csv,59,State_Code;State_Name;Include_Rec
PACN_2314697,WAPA_xStratum_lu,WAPA_xStratum_lu.csv,16,Stratum;Descript;SortOrder
PACN_2314697,WAPA_xSurficial_Geology_lu,WAPA_xSurficial_Geology_lu.csv,17,Surficial_Geology;Category;Include_Rec
PACN_2314697,WAPA_xTopo_Position_lu,WAPA_xTopo_Position_lu.csv,15,Topo_Position;SortOrder;Include_Rec
PACN_2314697,WAPA_xVegAssociation_lu,WAPA_xVegAssociation_lu.csv,30,NVC_Elcode;NVC_Association;Canada;East;Midwest;Southeast;West;Pacific;Include_Rec
PAIS_2314755,PLOTS_v32_BE_PAIS_AA_Data_2015_2016_Paste_Errors,PAIS_PLOTS_v32_BE_PAIS_AA_Data_2015_2016_Paste_Errors.csv,7,F1;F2;F3;F4
PAIS_2314755,PLOTS_v32_BE_PAIS_AA_Data_2015_2016_tAA,PAIS_PLOTS_v32_BE_PAIS_AA_Data_2015_2016_tAA.csv,309,AA_Code;Project_Name;Slope_Cat;Slope_Degrees;Aspect_Cat;Aspect_Degrees;Elevation;Elev_Units
PAIS_2314755,PLOTS_v32_BE_PAIS_AA_Data_2015_2016_tAAEvents,PAIS_PLOTS_v32_BE_PAIS_AA_Data_2015_2016_tAAEvents.csv,309,AA_Event;AA_Code;Event_Date;Surveyors;Field_X;Field_Y;GPS_Error;Satellites;UTM_Zone;AA_plotsize;AA_plotshape;Primary_Code;Secondary_Code;Classified_Code;AA_Photos;General_Comments;AA_Update;AA_User
PAIS_2314755,PLOTS_v32_BE_PAIS_AA_Data_2015_2016_tConnect,PAIS_PLOTS_v32_BE_PAIS_AA_Data_2015_2016_tConnect.csv,1,Connect_db
PAIS_2314755,PLOTS_v32_BE_PAIS_AA_Data_2015_2016_tGlobal,PAIS_PLOTS_v32_BE_PAIS_AA_Data_2015_2016_tGlobal.csv,131,User_Count;User_Name;User_Email;Last_Modified
PAIS_2314755,PLOTS_v32_BE_PAIS_AA_Data_2015_2016_tPhotos,PAIS_PLOTS_v32_BE_PAIS_AA_Data_2015_2016_tPhotos.csv,1457,Photo_ID;Plot_Code;Photo_Date;Photo_Type;Photo_Bearing;Photo_Descript;Photographer;Camera_or_Roll;File_Name
PAIS_2314755,PLOTS_v32_BE_PAIS_AA_Data_2015_2016_tPlotEventSpecies,PAIS_PLOTS_v32_BE_PAIS_AA_Data_2015_2016_tPlotEventSpecies.csv,1531,Plot_Event;Stratum;Spp_Code;Cover_Code;Real_Cover;Within_Plot;Spp_Update;Spp_User
PAIS_2314755,PLOTS_v32_BE_PAIS_AA_Data_2015_2016_tPlotEvents,PAIS_PLOTS_v32_BE_PAIS_AA_Data_2015_2016_tPlotEvents.csv,309,Plot_Event;Plot_Code;Event_Date;Surveyors;Field_X;Field_Y;GPS_Error;Satellites;UTM_Zone;Plot_Shape;Plot_Radius;Plot_Width;Plot_Length;Observation_pt;Provisional_Community;NVC_Elcode;Representativeness;Stand_Size;Environmental_Comments;Plot_Photos;Bedrock;Large_Rocks;Small_Rocks;Sand;Litter;Wood;Water;Bare;Other;Other_describe;Leaf_Type;Leaf_Phenology;Physio_Class;T1_Hgt;T2_Hgt;T3_Hgt;S1_Hgt;S2_Hgt;S3_Hgt;H_Hgt;N_Hgt;V_Hgt;A1_Hgt;A2_Hgt;E_Hgt;T1_Cover;T2_Cover;T3_Cover;S1_Cover;S2_Cover;S3_Cover;H_Cover;N_Cover;V_Cover;A1_Cover;A2_Cover;E_Cover;All_Cover;General_Comments;Plot_Update;Plot_User
PAIS_2314755,PLOTS_v32_BE_PAIS_AA_Data_2015_2016_tPlots,PAIS_PLOTS_v32_BE_PAIS_AA_Data_2015_2016_tPlots.csv,309,Plot_Code;Project_Name;State;Land_Owner;Elevation;Elev_Units;Slope_Cat;Slope_Degrees;Aspect_Cat;Aspect_Degrees;Topo_Position;Landform;Surficial_Geology;Cowardin_System;Hydro_Regime;Hydrology_Evidence;Landscape_Comments;Soil_Texture;Soil_Drainage;Sensitive_Data;Public_X;Public_Y;Dist_XY;Public_Elev;Dist_Elev
PAIS_2314755,PLOTS_v32_BE_PAIS_AA_Data_2015_2016_tProjectMetadata,PAIS_PLOTS_v32_BE_PAIS_AA_Data_2015_2016_tProjectMetadata.csv,1,Project_Name;Park_Code;Project_Contact;Coordinate_System;Datum;Coordinate_Method;GPS_Filename;GPS_Unit;Sampling_Method;Calculation_Method;Taxon_Reference_Source;Project_Comments;T1_DefHgt;T2_DefHgt;T3_DefHgt;S1_DefHgt;S2_DefHgt;S3_DefHgt;H_DefHgt;N_DefHgt;V_DefHgt;A1_DefHgt;A2_DefHgt;E_DefHgt;Date_Created
PAIS_2314755,PLOTS_v32_BE_PAIS_AA_Data_2015_2016_tSpecies,PAIS_PLOTS_v32_BE_PAIS_AA_Data_2015_2016_tSpecies.csv,209,Spp_Code;Field_Name;Taxon_Reference;PLANTS_Symbol
PAIS_2314755,PLOTS_v32_BE_PAIS_AA_Data_2015_2016_xConcept_Reference_lu,PAIS_PLOTS_v32_BE_PAIS_AA_Data_2015_2016_xConcept_Reference_lu.csv,11,Taxon_Reference_Source
PAIS_2314755,PLOTS_v32_BE_PAIS_AA_Data_2015_2016_xCoverClass_lu,PAIS_PLOTS_v32_BE_PAIS_AA_Data_2015_2016_xCoverClass_lu.csv,16,Cover_Class;Range;MidPoint
PAIS_2314755,PLOTS_v32_BE_PAIS_AA_Data_2015_2016_xHeight_Class_lu,PAIS_PLOTS_v32_BE_PAIS_AA_Data_2015_2016_xHeight_Class_lu.csv,9,Height_Class;Sort_Order;Max_Val
PAIS_2314755,PLOTS_v32_BE_PAIS_AA_Data_2015_2016_xHydro_Regime_lu,PAIS_PLOTS_v32_BE_PAIS_AA_Data_2015_2016_xHydro_Regime_lu.csv,14,Hydro_Regime;Hydro_Definitions
PAIS_2314755,PLOTS_v32_BE_PAIS_AA_Data_2015_2016_xLandform_lu,PAIS_PLOTS_v32_BE_PAIS_AA_Data_2015_2016_xLandform_lu.csv,205,Landform;Lndfrm_Definition;Include_Rec
PAIS_2314755,PLOTS_v32_BE_PAIS_AA_Data_2015_2016_xLeaf_Phenology_lu,PAIS_PLOTS_v32_BE_PAIS_AA_Data_2015_2016_xLeaf_Phenology_lu.csv,7,Leaf_Phenology;SortOrder
PAIS_2314755,PLOTS_v32_BE_PAIS_AA_Data_2015_2016_xLeaf_Type_lu,PAIS_PLOTS_v32_BE_PAIS_AA_Data_2015_2016_xLeaf_Type_lu.csv,8,Leaf_Type;SortOrder
PAIS_2314755,PLOTS_v32_BE_PAIS_AA_Data_2015_2016_xMapUnit_lu,PAIS_PLOTS_v32_BE_PAIS_AA_Data_2015_2016_xMapUnit_lu.csv,14,MapUnit_Code;MapUnit
PAIS_2314755,PLOTS_v32_BE_PAIS_AA_Data_2015_2016_xParks_lu,PAIS_PLOTS_v32_BE_PAIS_AA_Data_2015_2016_xParks_lu.csv,8,Park_Code;Park_Name;State;Include_Rec
PAIS_2314755,PLOTS_v32_BE_PAIS_AA_Data_2015_2016_xPhysio_Class_lu,PAIS_PLOTS_v32_BE_PAIS_AA_Data_2015_2016_xPhysio_Class_lu.csv,8,Physio_Class;Physio_Definition;SortOrder
PAIS_2314755,PLOTS_v32_BE_PAIS_AA_Data_2015_2016_xSoil_Drainage_lu,PAIS_PLOTS_v32_BE_PAIS_AA_Data_2015_2016_xSoil_Drainage_lu.csv,6,Soil_Drainage;SortOrder
PAIS_2314755,PLOTS_v32_BE_PAIS_AA_Data_2015_2016_xSoil_Texture_lu,PAIS_PLOTS_v32_BE_PAIS_AA_Data_2015_2016_xSoil_Texture_lu.csv,13,Soil_Texture
PAIS_2314755,PLOTS_v32_BE_PAIS_AA_Data_2015_2016_xState_lu,PAIS_PLOTS_v32_BE_PAIS_AA_Data_2015_2016_xState_lu.csv,6,State_Code;State_Name;Include_Rec
PAIS_2314755,PLOTS_v32_BE_PAIS_AA_Data_2015_2016_xStratum_lu,PAIS_PLOTS_v32_BE_PAIS_AA_Data_2015_2016_xStratum_lu.csv,13,Stratum;Descript;SortOrder
PAIS_2314755,PLOTS_v32_BE_PAIS_AA_Data_2015_2016_xSurficial_Geology_lu,PAIS_PLOTS_v32_BE_PAIS_AA_Data_2015_2016_xSurficial_Geology_lu.csv,33,Surficial_Geology;Category;Include_Rec
PAIS_2314755,PLOTS_v32_BE_PAIS_AA_Data_2015_2016_xTopo_Position_lu,PAIS_PLOTS_v32_BE_PAIS_AA_Data_2015_2016_xTopo_Position_lu.csv,12,Topo_Position;SortOrder;Include_Rec
PAIS_2314755,PLOTS_v32_BE_PAIS_AA_Data_2015_2016_xVegAssociation_lu,PAIS_PLOTS_v32_BE_PAIS_AA_Data_2015_2016_xVegAssociation_lu.csv,7412,NVC_Elcode;NVC_Association;Canada;East;Midwest;Southeast;West;Include_Rec
PAIS_2314755,PLOTS_v32_BE_PAIS_PlotsData_2012_2013_Query1,PAIS_PLOTS_v32_BE_PAIS_PlotsData_2012_2013_Query1.csv,155,Plot_Code;Event_Date;Field_X;Field_Y;Plot_Width;Plot_Length;Elevation;Provisional_Community;Landform;Landscape_Comments
PAIS_2314755,PLOTS_v32_BE_PAIS_PlotsData_2012_2013_qryPlotSpecies,PAIS_PLOTS_v32_BE_PAIS_PlotsData_2012_2013_qryPlotSpecies.csv,1388,Plot_Event;Stratum;Within_Plot;Spp_Code;Field_Name;Real_Cover;Analyse
PAIS_2314755,PLOTS_v32_BE_PAIS_PlotsData_2012_2013_qrySpeciesByPlotAndCover,PAIS_PLOTS_v32_BE_PAIS_PlotsData_2012_2013_qrySpeciesByPlotAndCover.csv,178,Spp_Code;Field_Name;Stratum;Analyse;CountOfPlot_Event;SumOfReal_Cover
PAIS_2314755,PLOTS_v32_BE_PAIS_PlotsData_2012_2013_qrySpeciesByPlotAndCover2,PAIS_PLOTS_v32_BE_PAIS_PlotsData_2012_2013_qrySpeciesByPlotAndCover2.csv,177,Spp_Code;Field_Name;PlotCount;CoverSum
PAIS_2314755,PLOTS_v32_BE_PAIS_PlotsData_2012_2013_qrySpeciesCodes,PAIS_PLOTS_v32_BE_PAIS_PlotsData_2012_2013_qrySpeciesCodes.csv,186,Spp_Code;Plants_Symbol;Sci_Name
PAIS_2314755,PLOTS_v32_BE_PAIS_PlotsData_2012_2013_tAA,PAIS_PLOTS_v32_BE_PAIS_PlotsData_2012_2013_tAA.csv,308,AA_Code;Project_Name;Slope_Cat;Slope_Degrees;Aspect_Cat;Aspect_Degrees;Elevation;Elev_Units
PAIS_2314755,PLOTS_v32_BE_PAIS_PlotsData_2012_2013_tAAEvents,PAIS_PLOTS_v32_BE_PAIS_PlotsData_2012_2013_tAAEvents.csv,308,AA_Event;AA_Code;Event_Date;Surveyors;Field_X;Field_Y;GPS_Error;Satellites;UTM_Zone;AA_plotsize;AA_plotshape;Primary_Code;Secondary_Code;Classified_Code;AA_Photos;General_Comments;AA_Update;AA_User
PAIS_2314755,PLOTS_v32_BE_PAIS_PlotsData_2012_2013_tConnect,PAIS_PLOTS_v32_BE_PAIS_PlotsData_2012_2013_tConnect.csv,1,Connect_db
PAIS_2314755,PLOTS_v32_BE_PAIS_PlotsData_2012_2013_tGlobal,PAIS_PLOTS_v32_BE_PAIS_PlotsData_2012_2013_tGlobal.csv,294,User_Count;User_Name;User_Email;Last_Modified
PAIS_2314755,PLOTS_v32_BE_PAIS_PlotsData_2012_2013_tParkSpeciesList,PAIS_PLOTS_v32_BE_PAIS_PlotsData_2012_2013_tParkSpeciesList.csv,498,ID;Family;ScientificName;UpdatedName;Occurrence;Wetlands
PAIS_2314755,PLOTS_v32_BE_PAIS_PlotsData_2012_2013_tPhotos,PAIS_PLOTS_v32_BE_PAIS_PlotsData_2012_2013_tPhotos.csv,670,Photo_ID;Plot_Code;Photo_Date;Photo_Type;Photo_Bearing;Photo_Descript;Photographer;Camera_or_Roll;File_Name
PAIS_2314755,PLOTS_v32_BE_PAIS_PlotsData_2012_2013_tPlotEventSpecies,PAIS_PLOTS_v32_BE_PAIS_PlotsData_2012_2013_tPlotEventSpecies.csv,2813,Plot_Event;Stratum;Spp_Code;Cover_Code;Real_Cover;Within_Plot;Spp_Update;Spp_User;Analyse
PAIS_2314755,PLOTS_v32_BE_PAIS_PlotsData_2012_2013_tPlotEvents,PAIS_PLOTS_v32_BE_PAIS_PlotsData_2012_2013_tPlotEvents.csv,155,Plot_Event;Plot_Code;Event_Date;Surveyors;Field_X;Field_Y;GPS_Error;Satellites;UTM_Zone;Plot_Shape;Plot_Radius;Plot_Width;Plot_Length;Observation_pt;Provisional_Community;NVC_Elcode;Representativeness;Stand_Size;Environmental_Comments;Plot_Photos;Bedrock;Large_Rocks;Small_Rocks;Sand;Litter;Wood;Water;Bare;Other;Other_describe;Leaf_Type;Leaf_Phenology;Physio_Class;T1_Hgt;T2_Hgt;T3_Hgt;S1_Hgt;S2_Hgt;S3_Hgt;H_Hgt;N_Hgt;V_Hgt;A1_Hgt;A2_Hgt;E_Hgt;T1_Cover;T2_Cover;T3_Cover;S1_Cover;S2_Cover;S3_Cover;H_Cover;N_Cover;V_Cover;A1_Cover;A2_Cover;E_Cover;All_Cover;General_Comments;Plot_Update;Plot_User
PAIS_2314755,PLOTS_v32_BE_PAIS_PlotsData_2012_2013_tPlots,PAIS_PLOTS_v32_BE_PAIS_PlotsData_2012_2013_tPlots.csv,155,Plot_Code;Project_Name;Plot_Directions;State;Land_Owner;Elevation;Elev_Units;Slope_Cat;Slope_Degrees;Aspect_Cat;Aspect_Degrees;Topo_Position;Landform;Surficial_Geology;Cowardin_System;Hydro_Regime;Hydrology_Evidence;Landscape_Comments;Soil_Texture;Soil_Drainage;Sensitive_Data;Public_X;Public_Y;Dist_XY;Public_Elev;Dist_Elev
PAIS_2314755,PLOTS_v32_BE_PAIS_PlotsData_2012_2013_tProjectMetadata,PAIS_PLOTS_v32_BE_PAIS_PlotsData_2012_2013_tProjectMetadata.csv,1,Project_Name;Park_Code;Project_Contact;Coordinate_System;Datum;Coordinate_Method;GPS_Filename;GPS_Unit;Sampling_Method;Calculation_Method;Taxon_Reference_Source;Project_Comments;T1_DefHgt;T2_DefHgt;T3_DefHgt;S1_DefHgt;S2_DefHgt;S3_DefHgt;H_DefHgt;N_DefHgt;V_DefHgt;A1_DefHgt;A2_DefHgt;E_DefHgt;Date_Created
PAIS_2314755,PLOTS_v32_BE_PAIS_PlotsData_2012_2013_tSpecies,PAIS_PLOTS_v32_BE_PAIS_PlotsData_2012_2013_tSpecies.csv,189,Spp_Code;Field_Name;Taxon_Reference;PLANTS_Symbol
PAIS_2314755,PLOTS_v32_BE_PAIS_PlotsData_2012_2013_xConcept_Reference_lu,PAIS_PLOTS_v32_BE_PAIS_PlotsData_2012_2013_xConcept_Reference_lu.csv,12,Taxon_Reference_Source
PAIS_2314755,PLOTS_v32_BE_PAIS_PlotsData_2012_2013_xCoverClass_lu,PAIS_PLOTS_v32_BE_PAIS_PlotsData_2012_2013_xCoverClass_lu.csv,10,Cover_Class;Range;MidPoint
PAIS_2314755,PLOTS_v32_BE_PAIS_PlotsData_2012_2013_xHeight_Class_lu,PAIS_PLOTS_v32_BE_PAIS_PlotsData_2012_2013_xHeight_Class_lu.csv,9,Height_Class;Sort_Order;Max_Val
PAIS_2314755,PLOTS_v32_BE_PAIS_PlotsData_2012_2013_xHydro_Regime_lu,PAIS_PLOTS_v32_BE_PAIS_PlotsData_2012_2013_xHydro_Regime_lu.csv,14,Hydro_Regime;Hydro_Definitions
PAIS_2314755,PLOTS_v32_BE_PAIS_PlotsData_2012_2013_xLandform_lu,PAIS_PLOTS_v32_BE_PAIS_PlotsData_2012_2013_xLandform_lu.csv,205,Landform;Lndfrm_Definition;Include_Rec
PAIS_2314755,PLOTS_v32_BE_PAIS_PlotsData_2012_2013_xLeaf_Phenology_lu,PAIS_PLOTS_v32_BE_PAIS_PlotsData_2012_2013_xLeaf_Phenology_lu.csv,7,Leaf_Phenology;SortOrder
PAIS_2314755,PLOTS_v32_BE_PAIS_PlotsData_2012_2013_xLeaf_Type_lu,PAIS_PLOTS_v32_BE_PAIS_PlotsData_2012_2013_xLeaf_Type_lu.csv,8,Leaf_Type;SortOrder
PAIS_2314755,PLOTS_v32_BE_PAIS_PlotsData_2012_2013_xMapUnit_lu,PAIS_PLOTS_v32_BE_PAIS_PlotsData_2012_2013_xMapUnit_lu.csv,0,MapUnit_Code;MapUnit
PAIS_2314755,PLOTS_v32_BE_PAIS_PlotsData_2012_2013_xParks_lu,PAIS_PLOTS_v32_BE_PAIS_PlotsData_2012_2013_xParks_lu.csv,8,Park_Code;Park_Name;State;Include_Rec
PAIS_2314755,PLOTS_v32_BE_PAIS_PlotsData_2012_2013_xPhysio_Class_lu,PAIS_PLOTS_v32_BE_PAIS_PlotsData_2012_2013_xPhysio_Class_lu.csv,8,Physio_Class;Physio_Definition;SortOrder
PAIS_2314755,PLOTS_v32_BE_PAIS_PlotsData_2012_2013_xSoil_Drainage_lu,PAIS_PLOTS_v32_BE_PAIS_PlotsData_2012_2013_xSoil_Drainage_lu.csv,6,Soil_Drainage;SortOrder
PAIS_2314755,PLOTS_v32_BE_PAIS_PlotsData_2012_2013_xSoil_Texture_lu,PAIS_PLOTS_v32_BE_PAIS_PlotsData_2012_2013_xSoil_Texture_lu.csv,13,Soil_Texture
PAIS_2314755,PLOTS_v32_BE_PAIS_PlotsData_2012_2013_xState_lu,PAIS_PLOTS_v32_BE_PAIS_PlotsData_2012_2013_xState_lu.csv,6,State_Code;State_Name;Include_Rec
PAIS_2314755,PLOTS_v32_BE_PAIS_PlotsData_2012_2013_xStratum_lu,PAIS_PLOTS_v32_BE_PAIS_PlotsData_2012_2013_xStratum_lu.csv,13,Stratum;Descript;SortOrder
PAIS_2314755,PLOTS_v32_BE_PAIS_PlotsData_2012_2013_xSurficial_Geology_lu,PAIS_PLOTS_v32_BE_PAIS_PlotsData_2012_2013_xSurficial_Geology_lu.csv,33,Surficial_Geology;Category;Include_Rec
PAIS_2314755,PLOTS_v32_BE_PAIS_PlotsData_2012_2013_xTopo_Position_lu,PAIS_PLOTS_v32_BE_PAIS_PlotsData_2012_2013_xTopo_Position_lu.csv,12,Topo_Position;SortOrder;Include_Rec
PAIS_2314755,PLOTS_v32_BE_PAIS_PlotsData_2012_2013_xVegAssociation_lu,PAIS_PLOTS_v32_BE_PAIS_PlotsData_2012_2013_xVegAssociation_lu.csv,7420,NVC_Elcode;NVC_Association;Canada;East;Midwest;Southeast;West;Include_Rec
PAIS_2314755,PLOTS_v32_BE_PAIS_PlotsData_2012_2013_zJasonList,PAIS_PLOTS_v32_BE_PAIS_PlotsData_2012_2013_zJasonList.csv,465,Family;Species_auth;Species;Observation_Date;Collection;Comments
PAIS_2314755,PLOTS_v32_BE_PAIS_PlotsData_2012_2013_zNPSpecies,PAIS_PLOTS_v32_BE_PAIS_PlotsData_2012_2013_zNPSpecies.csv,498,Order;Family;Scientific_Name;updated_name;Common_Name;Occurrence;Vouchers;Docs_or_Data_Sets;Wetland
PAIS_2314755,PLOTS_v32_BE_PAIS_PlotsData_2012_2013_zNPSpecies_20151209,PAIS_PLOTS_v32_BE_PAIS_PlotsData_2012_2013_zNPSpecies_20151209.csv,522,Family;Sci_Name;Com_Name;Synonyms;Occurrence;Nativeness;References;Observations;Vouchers;Comments
PAIS_2314755,PLOTS_v32_BE_PAIS_PlotsData_2012_2013_zPLANTS2,PAIS_PLOTS_v32_BE_PAIS_PlotsData_2012_2013_zPLANTS2.csv,8664,Symbol;Scientific_Name;Common_Name;Family;Growth_Habit;wetland
PAIS_2314755,PLOTS_v32_BE_PAIS_PlotsData_2012_2013_zWhitneyList,PAIS_PLOTS_v32_BE_PAIS_PlotsData_2012_2013_zWhitneyList.csv,540,Park.Code;Category;Category.Sort;Order;Family;Taxon.Code;Taxon.Record.Status;Scientific.Name;Common.Names;Synonyms;Park.Accepted;Sens?;Record.Status;Occurrence;Occurrence.Tags;Nativeness;Nativeness.Tags;Abundance;NPS.Tags;Park.Tags;Internal.Park.Tags;References;Observations;Vouchers;ExternalLinks;T&E;State.Status;Ozone;GRank;SRank
PAIS_2314755,PLOTS_v32_BE_PAIS_PlotsData_2012_2013_zWhitneyListAdditions,PAIS_PLOTS_v32_BE_PAIS_PlotsData_2012_2013_zWhitneyListAdditions.csv,522,zNPSpecies_20151209_Family;Sci_Name;Com_Name;zNPSpecies_20151209_Synonyms;zNPSpecies_20151209_Occurrence;zNPSpecies_20151209_Observations;Comments;Park.Code;Category;Category.Sort;Order;zWhitneyList_Family;Taxon.Code;Taxon.Record.Status;Scientific.Name;Common.Names;zWhitneyList_Synonyms;Park.Accepted;Sens?;Record.Status;zWhitneyList_Occurrence;Occurrence.Tags;Nativeness;Nativeness.Tags;Abundance;NPS.Tags;Park.Tags;Internal.Park.Tags;References;zWhitneyList_Observations;Vouchers;ExternalLinks;T&E;State.Status;Ozone;GRank;SRank
PAIS_2314755,PLOTS_v32_BE_PAIS_PlotsData_2012_2013_zWhitneyListDeletions,PAIS_PLOTS_v32_BE_PAIS_PlotsData_2012_2013_zWhitneyListDeletions.csv,123,Sci_Name;Park.Code;Category;Category.Sort;Order;Family;Taxon.Code;Taxon.Record.Status;Scientific.Name;Common.Names;Synonyms;Park.Accepted;Sens?;Record.Status;Occurrence;Occurrence.Tags;Nativeness;Nativeness.Tags;Abundance;NPS.Tags;Park.Tags;Internal.Park.Tags;References;Observations;Vouchers;ExternalLinks;T&E;State.Status;Ozone;GRank;SRank
RIGR_2314657,PLOTS_v4_BE_RIGR_tAA,RIGR_PLOTS_v4_BE_RIGR_tAA.csv,0,AA_Code;Project_Name;Slope_Cat;Slope_Degrees;Aspect_Cat;Aspect_Degrees;Elevation;Elev_Units
RIGR_2314657,PLOTS_v4_BE_RIGR_tConnect,RIGR_PLOTS_v4_BE_RIGR_tConnect.csv,1,Connect_db
RIGR_2314657,PLOTS_v4_BE_RIGR_tGlobal,RIGR_PLOTS_v4_BE_RIGR_tGlobal.csv,6,User_Count;User_Name;User_Email;Last_Modified
RIGR_2314657,PLOTS_v4_BE_RIGR_tPhotos,RIGR_PLOTS_v4_BE_RIGR_tPhotos.csv,814,Photo_ID;Plot_Code;Photo_Date;Photo_Type;Photo_Bearing;Photo_Descript;Photographer;Camera_or_Roll;File_Name
RIGR_2314657,PLOTS_v4_BE_RIGR_tPlotEventCoordinates,RIGR_PLOTS_v4_BE_RIGR_tPlotEventCoordinates.csv,311,ID;Plot_Event;Plot_Code;Longitude;Latitude;Zone13_Easting;Zone13_Northing;Zone14_Easting;Zone14_Northing
RIGR_2314657,PLOTS_v4_BE_RIGR_tPlotEventSpecies,RIGR_PLOTS_v4_BE_RIGR_tPlotEventSpecies.csv,3443,Plot_Event;Stratum;Spp_Code;Cover_Code;Real_Cover;Within_Plot;Spp_Update;Spp_User
RIGR_2314657,PLOTS_v4_BE_RIGR_tPlotEvents,RIGR_PLOTS_v4_BE_RIGR_tPlotEvents.csv,311,Plot_Event;Plot_Code;Event_Date;Surveyors;Field_X;Field_Y;GPS_Error;Satellites;UTM_Zone;Plot_Shape;Plot_Radius;Plot_Width;Plot_Length;Observation_pt;Provisional_Community;NVC_Elcode;Representativeness;Stand_Size;Environmental_Comments;Plot_Photos;Bedrock;Large_Rocks;Small_Rocks;Sand;Litter;Wood;Standing_Dead;Water;Bare;Other;Other_describe;Leaf_Type;Leaf_Phenology;Physio_Class;T1_Hgt;T2_Hgt;T3_Hgt;S1_Hgt;S2_Hgt;S3_Hgt;H_Hgt;N_Hgt;V_Hgt;A1_Hgt;A2_Hgt;E_Hgt;T1_Cover;T2_Cover;T3_Cover;S1_Cover;S2_Cover;S3_Cover;H_Cover;N_Cover;V_Cover;A1_Cover;A2_Cover;E_Cover;All_Cover;Primary_Code;Secondary_Code;Classified_Code;General_Comments;Plot_Update;Plot_User
RIGR_2314657,PLOTS_v4_BE_RIGR_tPlots,RIGR_PLOTS_v4_BE_RIGR_tPlots.csv,311,Plot_Code;Project_Name;Plot_Directions;State;Land_Owner;Elevation;Elev_Units;Slope_Cat;Slope_Degrees;Aspect_Cat;Aspect_Degrees;Topo_Position;Landform;Surficial_Geology;Cowardin_System;Hydro_Regime;Hydrology_Evidence;Landscape_Comments;Soil_Texture;Soil_Drainage;AA_Plot
RIGR_2314657,PLOTS_v4_BE_RIGR_tProcessSteps,RIGR_PLOTS_v4_BE_RIGR_tProcessSteps.csv,1,Project_Name;Process_Step;Process_Date;Process_Person;Process_Notes
RIGR_2314657,PLOTS_v4_BE_RIGR_tProjectMetadata,RIGR_PLOTS_v4_BE_RIGR_tProjectMetadata.csv,1,Project_Name;Park_Code;Project_Contact;Coordinate_System;Datum;Coordinate_Method;GPS_Filename;GPS_Unit;Sampling_Method;Calculation_Method;PseudoSpecies;Taxon_Reference_Source;Project_Comments;T1_DefHgt;T2_DefHgt;T3_DefHgt;S1_DefHgt;S2_DefHgt;S3_DefHgt;H_DefHgt;N_DefHgt;V_DefHgt;A1_DefHgt;A2_DefHgt;E_DefHgt;Date_Created;dbVersion
RIGR_2314657,PLOTS_v4_BE_RIGR_tSpecies,RIGR_PLOTS_v4_BE_RIGR_tSpecies.csv,408,Spp_Code;Field_Name;Sensitive_Spp;Taxon_Reference;PLANTS_Symbol
RIGR_2314657,PLOTS_v4_BE_RIGR_xConcept_Reference_lu,RIGR_PLOTS_v4_BE_RIGR_xConcept_Reference_lu.csv,13,Taxon_Reference_Source
RIGR_2314657,PLOTS_v4_BE_RIGR_xCoverClass_lu,RIGR_PLOTS_v4_BE_RIGR_xCoverClass_lu.csv,10,Cover_Class;Range;MidPoint
RIGR_2314657,PLOTS_v4_BE_RIGR_xHeight_Class_lu,RIGR_PLOTS_v4_BE_RIGR_xHeight_Class_lu.csv,9,Height_Class;Sort_Order;Max_Val
RIGR_2314657,PLOTS_v4_BE_RIGR_xHydro_Regime_lu,RIGR_PLOTS_v4_BE_RIGR_xHydro_Regime_lu.csv,14,Hydro_Regime;Hydro_Definitions
RIGR_2314657,PLOTS_v4_BE_RIGR_xLandform_lu,RIGR_PLOTS_v4_BE_RIGR_xLandform_lu.csv,204,Landform;Lndfrm_Definition;Include_Rec
RIGR_2314657,PLOTS_v4_BE_RIGR_xLeaf_Phenology_lu,RIGR_PLOTS_v4_BE_RIGR_xLeaf_Phenology_lu.csv,7,Leaf_Phenology;SortOrder
RIGR_2314657,PLOTS_v4_BE_RIGR_xLeaf_Type_lu,RIGR_PLOTS_v4_BE_RIGR_xLeaf_Type_lu.csv,8,Leaf_Type;SortOrder
RIGR_2314657,PLOTS_v4_BE_RIGR_xMapUnit_lu,RIGR_PLOTS_v4_BE_RIGR_xMapUnit_lu.csv,0,MapUnit_Code;MapUnit
RIGR_2314657,PLOTS_v4_BE_RIGR_xParks_lu,RIGR_PLOTS_v4_BE_RIGR_xParks_lu.csv,278,Park_Code;Park_Name;State;Include_Rec
RIGR_2314657,PLOTS_v4_BE_RIGR_xPhysio_Class_lu,RIGR_PLOTS_v4_BE_RIGR_xPhysio_Class_lu.csv,8,Physio_Class;Physio_Definition;SortOrder
RIGR_2314657,PLOTS_v4_BE_RIGR_xSoil_Drainage_lu,RIGR_PLOTS_v4_BE_RIGR_xSoil_Drainage_lu.csv,6,Soil_Drainage;SortOrder
RIGR_2314657,PLOTS_v4_BE_RIGR_xSoil_Texture_lu,RIGR_PLOTS_v4_BE_RIGR_xSoil_Texture_lu.csv,13,Soil_Texture
RIGR_2314657,PLOTS_v4_BE_RIGR_xState_lu,RIGR_PLOTS_v4_BE_RIGR_xState_lu.csv,60,State_Code;State_Name;Include_Rec
RIGR_2314657,PLOTS_v4_BE_RIGR_xStratum_lu,RIGR_PLOTS_v4_BE_RIGR_xStratum_lu.csv,13,Stratum;Descript;SortOrder
RIGR_2314657,PLOTS_v4_BE_RIGR_xSurficial_Geology_lu,RIGR_PLOTS_v4_BE_RIGR_xSurficial_Geology_lu.csv,33,Surficial_Geology;Category;Include_Rec
RIGR_2314657,PLOTS_v4_BE_RIGR_xTopo_Position_lu,RIGR_PLOTS_v4_BE_RIGR_xTopo_Position_lu.csv,12,Topo_Position;SortOrder;Include_Rec
RIGR_2314657,PLOTS_v4_BE_RIGR_xVegAssociationHierarchy_lu,RIGR_PLOTS_v4_BE_RIGR_xVegAssociationHierarchy_lu.csv,33,NVC_ElCode;USNVC_Association;Park_Name;Map_Code;Alliance_Name;Alliance_Code;Group_Name;Group_Code;Macrogroup_Name;Macrogroup_Code;Division_Name;Division_Code;Formation_Name;Formation_Code;Subclass_Name;Subclass_Code;Class_Name;Class_Code
RIGR_2314657,PLOTS_v4_BE_RIGR_xVegAssociation_lu,RIGR_PLOTS_v4_BE_RIGR_xVegAssociation_lu.csv,33,NVC_Elcode;NVC_Association;Canada;East;Midwest;Southeast;West;Include_Rec
SAGU_2314664,PLOTS_v3.1_2010_BE__SAGU_mtbl_Plants,SAGU_PLOTS_v3.1_2010_BE__SAGU_mtbl_Plants.csv,3110,USDA_Code;Veg_Code;Common_Name;Scientific_Name;Genus;Specific_Epithet;Authority;Infrasp_Rank;Infrasp_Epithet;Infrasp_Authority;Full_Name;TSN;Kingdom;Family;Primary_Growth_Habit;Nativity;Duration;Wetland_Status;Graminoid;ForbHerb;Subshrub;Succulent;Shrub;Vine;Tree;G_Rank;S_Rank;Entered_By;Entered_Date
SAGU_2314664,PLOTS_v3.1_2010_BE__SAGU_tAA,SAGU_PLOTS_v3.1_2010_BE__SAGU_tAA.csv,1932,AA_Code;Project_Name;Slope_Cat;Slope_Degrees;Aspect_Cat;Aspect_Degrees;Elevation;Elev_Units
SAGU_2314664,PLOTS_v3.1_2010_BE__SAGU_tAAEvents,SAGU_PLOTS_v3.1_2010_BE__SAGU_tAAEvents.csv,1932,AA_Event;AA_Code;Event_Date;Surveyors;Field_X;Field_Y;GPS_Error;Satellites;UTM_Zone;AA_plotsize;AA_plotshape;Primary_Code;Secondary_Code;Classified_Code;AA_Photos;General_Comments;AA_Update;AA_User
SAGU_2314664,PLOTS_v3.1_2010_BE__SAGU_tConnect,SAGU_PLOTS_v3.1_2010_BE__SAGU_tConnect.csv,1,Connect_db
SAGU_2314664,PLOTS_v3.1_2010_BE__SAGU_tGlobal,SAGU_PLOTS_v3.1_2010_BE__SAGU_tGlobal.csv,107,User_Count;User_Name;User_Email;Last_Modified
SAGU_2314664,PLOTS_v3.1_2010_BE__SAGU_tPhotos,SAGU_PLOTS_v3.1_2010_BE__SAGU_tPhotos.csv,2089,Photo_ID;Plot_Code;Photo_Date;Photo_Type;Photo_Bearing;Photo_Descript;Photographer;Camera_or_Roll;File_Name
SAGU_2314664,PLOTS_v3.1_2010_BE__SAGU_tPlotEventSpecies,SAGU_PLOTS_v3.1_2010_BE__SAGU_tPlotEventSpecies.csv,19072,Plot_Event;Stratum;Spp_Code;Cover_Code;Real_Cover;Within_Plot;Spp_Update;Spp_User
SAGU_2314664,PLOTS_v3.1_2010_BE__SAGU_tPlotEvents,SAGU_PLOTS_v3.1_2010_BE__SAGU_tPlotEvents.csv,923,Plot_Event;Plot_Code;Event_Date;Surveyors;Field_X;Field_Y;GPS_Error;Satellites;UTM_Zone;Plot_Shape;Plot_Radius;Plot_Width;Plot_Length;Observation_pt;Provisional_Community;NVC_Elcode;Representativeness;Stand_Size;Environmental_Comments;Plot_Photos;Bedrock;Large_Rocks;Small_Rocks;Sand;Litter;Wood;Water;Bare;Other;Other_describe;Leaf_Type;Leaf_Phenology;Physio_Class;T1_Cover;T2_Cover;T3_Cover;S1_Cover;S2_Cover;S3_Cover;H_Cover;N_Cover;General_Comments;Plot_Update;Plot_User
SAGU_2314664,PLOTS_v3.1_2010_BE__SAGU_tPlots,SAGU_PLOTS_v3.1_2010_BE__SAGU_tPlots.csv,923,Plot_Code;Project_Name;Plot_Directions;State;Land_Owner;Elevation;Elev_Units;Slope_Cat;Slope_Degrees;Aspect_Cat;Aspect_Degrees;Topo_Position;Landform;Surficial_Geology;Cowardin_System;Hydro_Regime;Hydrology_Evidence;Landscape_Comments;Soil_Texture;Soil_Drainage;Sensitive_Data;Public_X;Public_Y;Dist_XY;Public_Elev;Dist_Elev
SAGU_2314664,PLOTS_v3.1_2010_BE__SAGU_tProjectMetadata,SAGU_PLOTS_v3.1_2010_BE__SAGU_tProjectMetadata.csv,1,Project_Name;Park_Code;Project_Contact;Coordinate_System;Datum;Coordinate_Method;GPS_Filename;GPS_Unit;Sampling_Method;Calculation_Method;Key_Nomenclature_Source;Project_Comments;T1_Hgt;T2_Hgt;T3_Hgt;S1_Hgt;S2_Hgt;S3_Hgt;H_Hgt;N_Hgt;V_Hgt;Date_Created
SAGU_2314664,PLOTS_v3.1_2010_BE__SAGU_tSpecies,SAGU_PLOTS_v3.1_2010_BE__SAGU_tSpecies.csv,5696,Spp_Code;Field_Name;Concept_Reference;PLANTS_Symbol
SAGU_2314664,PLOTS_v3.1_2010_BE__SAGU_xConcept_Reference_lu,SAGU_PLOTS_v3.1_2010_BE__SAGU_xConcept_Reference_lu.csv,0,Key_Nomenclature_Source
SAGU_2314664,PLOTS_v3.1_2010_BE__SAGU_xCoverClass_lu,SAGU_PLOTS_v3.1_2010_BE__SAGU_xCoverClass_lu.csv,9,Cover_Class;Range;MidPoint
SAGU_2314664,PLOTS_v3.1_2010_BE__SAGU_xHeight_Class_lu,SAGU_PLOTS_v3.1_2010_BE__SAGU_xHeight_Class_lu.csv,12,Height_Class;Sort_Order
SAGU_2314664,PLOTS_v3.1_2010_BE__SAGU_xHydro_Regime_lu,SAGU_PLOTS_v3.1_2010_BE__SAGU_xHydro_Regime_lu.csv,14,Hydro_Regime;Hydro_Definitions
SAGU_2314664,PLOTS_v3.1_2010_BE__SAGU_xLandform_lu,SAGU_PLOTS_v3.1_2010_BE__SAGU_xLandform_lu.csv,206,Landform;Lndfrm_Definition;Include_Rec
SAGU_2314664,PLOTS_v3.1_2010_BE__SAGU_xLeaf_Phenology_lu,SAGU_PLOTS_v3.1_2010_BE__SAGU_xLeaf_Phenology_lu.csv,7,Leaf_Phenology;SortOrder
SAGU_2314664,PLOTS_v3.1_2010_BE__SAGU_xLeaf_Type_lu,SAGU_PLOTS_v3.1_2010_BE__SAGU_xLeaf_Type_lu.csv,8,Leaf_Type;SortOrder
SAGU_2314664,PLOTS_v3.1_2010_BE__SAGU_xMapUnit_lu,SAGU_PLOTS_v3.1_2010_BE__SAGU_xMapUnit_lu.csv,0,MapUnit_Code;MapUnit
SAGU_2314664,PLOTS_v3.1_2010_BE__SAGU_xParks_lu,SAGU_PLOTS_v3.1_2010_BE__SAGU_xParks_lu.csv,278,Park_Code;Park_Name;State;Include_Rec
SAGU_2314664,PLOTS_v3.1_2010_BE__SAGU_xPhysio_Class_lu,SAGU_PLOTS_v3.1_2010_BE__SAGU_xPhysio_Class_lu.csv,11,Physio_Class;Physio_Definition;SortOrder
SAGU_2314664,PLOTS_v3.1_2010_BE__SAGU_xSoil_Drainage_lu,SAGU_PLOTS_v3.1_2010_BE__SAGU_xSoil_Drainage_lu.csv,6,Soil_Drainage;SortOrder
SAGU_2314664,PLOTS_v3.1_2010_BE__SAGU_xSoil_Texture_lu,SAGU_PLOTS_v3.1_2010_BE__SAGU_xSoil_Texture_lu.csv,13,Soil_Texture
SAGU_2314664,PLOTS_v3.1_2010_BE__SAGU_xState_lu,SAGU_PLOTS_v3.1_2010_BE__SAGU_xState_lu.csv,59,State_Code;State_Name;Include_Rec
SAGU_2314664,PLOTS_v3.1_2010_BE__SAGU_xStratum_lu,SAGU_PLOTS_v3.1_2010_BE__SAGU_xStratum_lu.csv,13,Stratum;Descript;SortOrder
SAGU_2314664,PLOTS_v3.1_2010_BE__SAGU_xSurficial_Geology_lu,SAGU_PLOTS_v3.1_2010_BE__SAGU_xSurficial_Geology_lu.csv,42,Surficial_Geology;Category;Include_Rec
SAGU_2314664,PLOTS_v3.1_2010_BE__SAGU_xTopo_Position_lu,SAGU_PLOTS_v3.1_2010_BE__SAGU_xTopo_Position_lu.csv,12,Topo_Position;SortOrder;Include_Rec
SAGU_2314664,PLOTS_v3.1_2010_BE__SAGU_xVegAssociation_lu,SAGU_PLOTS_v3.1_2010_BE__SAGU_xVegAssociation_lu.csv,97,NVC_Elcode;NVC_Association;Canada;East;Midwest;Southeast;West;Include_Rec
SAGU_2314664,PLOTS_v3.1_2010_BE__SAGU_~TMPCLP32531,SAGU_PLOTS_v3.1_2010_BE__SAGU_~TMPCLP32531.csv,923,ID;Plot_Event;Plot_Code;Event_Date;Field_X;Field_Y;UTM_Zone;Plot_Shape;Plot_Width;Plot_Length;Observation_pt;Provisional_Community;Representativeness;Plot_Photos;T1_Cover;T2_Cover;T3_Cover;H_Cover;Bedrock;Large_Rocks;Small_Rocks;Sand;Litter;Wood;Bare;Other;Other_Describe;Environmental_Comments;NVC_Elcode;Leaf_Type;Leaf_Phenology;Physio_Class
SAGU_2314664,PLOTS_v3.1_2010_BE__SAGU_~TMPCLP478121,SAGU_PLOTS_v3.1_2010_BE__SAGU_~TMPCLP478121.csv,0,Plot_Event;Plot_Code;Event_Date;Surveyors;Field_X;Field_Y;GPS_Error;UTM_Zone;Plot_Shape;Plot_Width;Plot_Length;Observation_pt;Representativeness;Plot_Photos;T1_Cover;T2_Cover;T3_Cover;H_Cover;Bedrock;Large_Rocks;Small_Rocks;Sand;Litter;Wood;Bare;Other;Other_Describe;Environmental_Comments;NVC_Elcode;Leaf_Type;Leaf_Phenology;Physio_Class
SAGU_2314664,PLOTS_v3.1_2010_BE__SAGU_~TMPCLP568381,SAGU_PLOTS_v3.1_2010_BE__SAGU_~TMPCLP568381.csv,0,Plot_Event;Stratum;Spp_Code;Cover_Code;Real_Cover
SCPN_2314705,WUPA_AA_pts,WUPA_AA_pts.csv,691,WUPAaa_pts;Date;UTME;UTMN;Error;Elevation;USGSQuad;MapClassCode;MapClassName;FieldMapClassCode;FieldMapClassName;FieldConf;FieldConfExplanation;OtherMapClasses;Association;AssociationConf;AssociationConfExplanation;OtherAssociation
SCPN_2314705,WUPA_lookuptbl_Coverclass,WUPA_lookuptbl_Coverclass.csv,7,Cover.Class.Code;Cover.Class
SCPN_2314705,WUPA_lookuptbl_Cowsys,WUPA_lookuptbl_Cowsys.csv,4,Cow_sys.Code;Cow_sys
SCPN_2314705,WUPA_lookuptbl_Geology,WUPA_lookuptbl_Geology.csv,11,Geology.Code;Geology
SCPN_2314705,WUPA_lookuptbl_Hydro,WUPA_lookuptbl_Hydro.csv,5,Hydro.Code;Hydro
SCPN_2314705,WUPA_lookuptbl_Landform,WUPA_lookuptbl_Landform.csv,20,Landform.Code;Landform
SCPN_2314705,WUPA_lookuptbl_Leafphen,WUPA_lookuptbl_Leafphen.csv,7,PHENOLOGY.CODE;PHENOLOGY
SCPN_2314705,WUPA_lookuptbl_Leaftype,WUPA_lookuptbl_Leaftype.csv,9,LEAF.TYPE.CODE;LEAF.TYPE
SCPN_2314705,WUPA_lookuptbl_Phyclass,WUPA_lookuptbl_Phyclass.csv,8,PHYSIOGNOMY.CODE;PHYSIOGNOMY
SCPN_2314705,WUPA_lookuptbl_Salinity,WUPA_lookuptbl_Salinity.csv,3,Salinity.Code;Salinity
SCPN_2314705,WUPA_lookuptbl_Topography,WUPA_lookuptbl_Topography.csv,12,Topographic.Position.Code;Topographic.Position
SCPN_2314705,WUPA_lookuptbl_USDAspecies,WUPA_lookuptbl_USDAspecies.csv,492,USDA.CODE;Family;Species.Name;Synonomous.Species.Name;Exotic.Status;Sensitive.Species.Status
SCPN_2314705,WUPA_tblDBH,WUPA_tblDBH.csv,242,Plot_Code;Tree_Species;DBH
SCPN_2314705,WUPA_tblEnv_Des,WUPA_tblEnv_Des.csv,217,Plot_Code;Elevation;Slope;Aspect;Topographic;Landform;Com_type;Cow_sys;Hydro;Salinity;Leaf_phen;Leaf_Type;Phy_Class;Additional_Comments
SCPN_2314705,WUPA_tblExotic_Species,WUPA_tblExotic_Species.csv,72,Plot_Code;Species_Code;%_Cover;Cover_Class
SCPN_2314705,WUPA_tblGeology,WUPA_tblGeology.csv,256,Plot_Code;Geology_Code
SCPN_2314705,WUPA_tblSite_Des,WUPA_tblSite_Des.csv,217,Plot_Code;Date;USGS_Quad;Air_Photo;UTME;UTMN;Error+/-;Landowner;Plot_length;Plot_width;Plot_Shape;Plot_Directions;Plot_Photos;Direction;Photo_time;Alliance;Association
SCPN_2314705,WUPA_tblSubstrate,WUPA_tblSubstrate.csv,217,Plot_Code;Soil;Sand;Gravel;Cobble;Stone;Boulder;Bedrock;Litter;Crypto;Env_Comments;Soil_.Des;Moss;0-25cm;25-50cm;05-1m;1-3m;3-5m;5-10m;10-20m;20-30m;>30m
SCPN_2314705,WUPA_tblTotal_Species_Cover,WUPA_tblTotal_Species_Cover.csv,2433,Plot_Code;Layer;Plant_Names;Cover_Class;%_Cover
SCPN_2314705,WUPA_tbl_Total_Vegetation_Cover,WUPA_tbl_Total_Vegetation_Cover.csv,217,Plot_Code;Tot_Veg;Tot_Tree;Tot_Shrub;Tot_Ground;Tot_NonNative;%_Veg;%_Tree;%_Shrub;%_Ground
SHIL_2314674,sp_cov,SHIL_sp_cov.csv,2713,Plot_Event;PLANTS_Symbol;Field_Name;ComName;Family;ITIS_TSN;Stratum;Spp_Code;Within_Plot;Cover_Code;Real_Cover
SHIL_2314674,tAA,SHIL_tAA.csv,318,AA_Code;Project_Name;Slope_Cat;Slope_Degrees;Aspect_Cat;Aspect_Degrees;Elevation;Elev_Units
SHIL_2314674,tAAEvents,SHIL_tAAEvents.csv,318,AA_Event;AA_Code;Event_Date;Surveyors;Field_X;Field_Y;GPS_Error;Satellites;UTM_Zone;AA_plotsize;AA_plotshape;Primary_Code;Secondary_Code;Classified_Code;AA_Photos;General_Comments;AA_Update;AA_User
SHIL_2314674,tConnect,SHIL_tConnect.csv,1,Connect_db
SHIL_2314674,tGlobal,SHIL_tGlobal.csv,6,User_Count;User_Name;User_Email;Last_Modified
SHIL_2314674,tPhotos,SHIL_tPhotos.csv,0,Photo_ID;Plot_Code;Photo_Date;Photo_Type;Photo_Bearing;Photo_Descript;Photographer;Camera_or_Roll;File_Name
SHIL_2314674,tPlotEventSpecies,SHIL_tPlotEventSpecies.csv,2714,Plot_Event;Stratum;Spp_Code;Cover_Code;Real_Cover;Within_Plot;Spp_Update;Spp_User
SHIL_2314674,tPlotEvents,SHIL_tPlotEvents.csv,50,Plot_Event;Plot_Code;Event_Date;Surveyors;Field_X;Field_Y;GPS_Error;Satellites;UTM_Zone;Plot_Shape;Plot_Radius;Plot_Width;Plot_Length;Observation_pt;Provisional_Community;NVC_Elcode;Representativeness;Stand_Size;Environmental_Comments;Plot_Photos;Bedrock;Large_Rocks;Small_Rocks;Sand;Litter;Wood;Water;Bare;Other;Other_describe;Leaf_Type;Leaf_Phenology;Physio_Class;T1_Hgt;T2_Hgt;T3_Hgt;S1_Hgt;S2_Hgt;S3_Hgt;H_Hgt;N_Hgt;V_Hgt;A1_Hgt;A2_Hgt;E_Hgt;T1_Cover;T2_Cover;T3_Cover;S1_Cover;S2_Cover;S3_Cover;H_Cover;N_Cover;V_Cover;A1_Cover;A2_Cover;E_Cover;All_Cover;General_Comments;Plot_Update;Plot_User
SHIL_2314674,tPlots,SHIL_tPlots.csv,50,Plot_Code;Project_Name;Plot_Directions;State;Land_Owner;Elevation;Elev_Units;Slope_Cat;Slope_Degrees;Aspect_Cat;Aspect_Degrees;Topo_Position;Landform;Surficial_Geology;Cowardin_System;Hydro_Regime;Hydrology_Evidence;Landscape_Comments;Soil_Texture;Soil_Drainage;Sensitive_Data;Public_X;Public_Y;Dist_XY;Public_Elev;Dist_Elev
SHIL_2314674,tProjectMetadata,SHIL_tProjectMetadata.csv,1,Project_Name;Park_Code;Project_Contact;Coordinate_System;Datum;Coordinate_Method;GPS_Filename;GPS_Unit;Sampling_Method;Calculation_Method;Taxon_Reference_Source;Project_Comments;T1_DefHgt;T2_DefHgt;T3_DefHgt;S1_DefHgt;S2_DefHgt;S3_DefHgt;H_DefHgt;N_DefHgt;V_DefHgt;A1_DefHgt;A2_DefHgt;E_DefHgt;Date_Created
SHIL_2314674,tSpecies,SHIL_tSpecies.csv,561,Spp_Code;Field_Name;Taxon_Reference;PLANTS_Symbol
SHIL_2314674,xConcept_Reference_lu,SHIL_xConcept_Reference_lu.csv,102,Taxon_Reference_Source
SHIL_2314674,xCoverClass_lu,SHIL_xCoverClass_lu.csv,10,Cover_Class;Range;MidPoint
SHIL_2314674,xHeight_Class_lu,SHIL_xHeight_Class_lu.csv,10,Height_Class;Sort_Order;Max_Val
SHIL_2314674,xHydro_Regime_lu,SHIL_xHydro_Regime_lu.csv,14,Hydro_Regime;Hydro_Definitions
SHIL_2314674,xLandform_lu,SHIL_xLandform_lu.csv,204,Landform;Lndfrm_Definition;Include_Rec
SHIL_2314674,xLeaf_Phenology_lu,SHIL_xLeaf_Phenology_lu.csv,7,Leaf_Phenology;SortOrder
SHIL_2314674,xLeaf_Type_lu,SHIL_xLeaf_Type_lu.csv,8,Leaf_Type;SortOrder
SHIL_2314674,xMapUnit_lu,SHIL_xMapUnit_lu.csv,41,MapUnit_Code;MapUnit
SHIL_2314674,xParks_lu,SHIL_xParks_lu.csv,278,Park_Code;Park_Name;State;Include_Rec
SHIL_2314674,xPhysio_Class_lu,SHIL_xPhysio_Class_lu.csv,8,Physio_Class;Physio_Definition;SortOrder
SHIL_2314674,xSoil_Drainage_lu,SHIL_xSoil_Drainage_lu.csv,6,Soil_Drainage;SortOrder
SHIL_2314674,xSoil_Texture_lu,SHIL_xSoil_Texture_lu.csv,13,Soil_Texture
SHIL_2314674,xState_lu,SHIL_xState_lu.csv,59,State_Code;State_Name;Include_Rec
SHIL_2314674,xStratum_lu,SHIL_xStratum_lu.csv,13,Stratum;Descript;SortOrder
SHIL_2314674,xSurficial_Geology_lu,SHIL_xSurficial_Geology_lu.csv,33,Surficial_Geology;Category;Include_Rec
SHIL_2314674,xTopo_Position_lu,SHIL_xTopo_Position_lu.csv,13,Topo_Position;SortOrder;Include_Rec
SHIL_2314674,xVegAssociation_lu,SHIL_xVegAssociation_lu.csv,41,NVC_Elcode;NVC_Association;Canada;East;Midwest;Southeast;West;Include_Rec
STRI_2314678,sp_cov,STRI_sp_cov.csv,1537,Plot_Event;PLANTS_Symbol;Field_Name;ComName;Family;ITIS_TSN;Stratum;Spp_Code;Within_Plot;Cover_Code;Real_Cover
STRI_2314678,sp_cov2,STRI_sp_cov2.csv,1538,Plot_Event;PLANTS_Symbol;Field_Name;Stratum;Spp_Code;Within_Plot;Cover_Code;Real_Cover
STRI_2314678,tAA,STRI_tAA.csv,109,AA_Code;Project_Name;Slope_Cat;Slope_Degrees;Aspect_Cat;Aspect_Degrees;Elevation;Elev_Units
STRI_2314678,tAAEvents,STRI_tAAEvents.csv,109,AA_Event;AA_Code;Event_Date;Surveyors;Field_X;Field_Y;GPS_Error;Satellites;UTM_Zone;AA_plotsize;AA_plotshape;Primary_Code;Secondary_Code;Classified_Code;AA_Photos;General_Comments;AA_Update;AA_User
STRI_2314678,tConnect,STRI_tConnect.csv,1,Connect_db
STRI_2314678,tGlobal,STRI_tGlobal.csv,10,User_Count;User_Name;User_Email;Last_Modified
STRI_2314678,tPhotos,STRI_tPhotos.csv,0,Photo_ID;Plot_Code;Photo_Date;Photo_Type;Photo_Bearing;Photo_Descript;Photographer;Camera_or_Roll;File_Name
STRI_2314678,tPlotEventSpecies,STRI_tPlotEventSpecies.csv,1538,Plot_Event;Stratum;Spp_Code;Cover_Code;Real_Cover;Within_Plot;Spp_Update;Spp_User
STRI_2314678,tPlotEvents,STRI_tPlotEvents.csv,25,Plot_Event;Plot_Code;Event_Date;Surveyors;Field_X;Field_Y;GPS_Error;Satellites;UTM_Zone;Plot_Shape;Plot_Radius;Plot_Width;Plot_Length;Observation_pt;Provisional_Community;NVC_Elcode;Representativeness;Stand_Size;Environmental_Comments;Plot_Photos;Bedrock;Large_Rocks;Small_Rocks;Sand;Litter;Wood;Water;Bare;Other;Other_describe;Leaf_Type;Leaf_Phenology;Physio_Class;T1_Cover;T2_Cover;T3_Cover;S1_Cover;S2_Cover;S3_Cover;H_Cover;N_Cover;General_Comments;Plot_Update;Plot_User
STRI_2314678,tPlots,STRI_tPlots.csv,25,Plot_Code;Project_Name;Plot_Directions;State;Land_Owner;Elevation;Elev_Units;Slope_Cat;Slope_Degrees;Aspect_Cat;Aspect_Degrees;Topo_Position;Landform;Surficial_Geology;Cowardin_System;Hydro_Regime;Hydrology_Evidence;Landscape_Comments;Soil_Texture;Soil_Drainage;Sensitive_Data;Public_X;Public_Y;Dist_XY;Public_Elev;Dist_Elev
STRI_2314678,tProjectMetadata,STRI_tProjectMetadata.csv,1,Project_Name;Park_Code;Project_Contact;Coordinate_System;Datum;Coordinate_Method;GPS_Filename;GPS_Unit;Sampling_Method;Calculation_Method;Key_Nomenclature_Source;Project_Comments;T1_Hgt;T2_Hgt;T3_Hgt;S1_Hgt;S2_Hgt;S3_Hgt;H_Hgt;N_Hgt;V_Hgt;Date_Created
STRI_2314678,tSpecies,STRI_tSpecies.csv,480,Spp_Code;Field_Name;Concept_Reference;PLANTS_Symbol
STRI_2314678,xConcept_Reference_lu,STRI_xConcept_Reference_lu.csv,102,Key_Nomenclature_Source
STRI_2314678,xCoverClass_lu,STRI_xCoverClass_lu.csv,10,Cover_Class;Range;MidPoint
STRI_2314678,xHeight_Class_lu,STRI_xHeight_Class_lu.csv,12,Height_Class;Sort_Order
STRI_2314678,xHydro_Regime_lu,STRI_xHydro_Regime_lu.csv,14,Hydro_Regime;Hydro_Definitions
STRI_2314678,xLandform_lu,STRI_xLandform_lu.csv,204,Landform;Lndfrm_Definition;Include_Rec
STRI_2314678,xLeaf_Phenology_lu,STRI_xLeaf_Phenology_lu.csv,7,Leaf_Phenology;SortOrder
STRI_2314678,xLeaf_Type_lu,STRI_xLeaf_Type_lu.csv,8,Leaf_Type;SortOrder
STRI_2314678,xMapUnit_lu,STRI_xMapUnit_lu.csv,60,MapUnit_Code;MapUnit
STRI_2314678,xParks_lu,STRI_xParks_lu.csv,278,Park_Code;Park_Name;State;Include_Rec
STRI_2314678,xPhysio_Class_lu,STRI_xPhysio_Class_lu.csv,8,Physio_Class;Physio_Definition;SortOrder
STRI_2314678,xSoil_Drainage_lu,STRI_xSoil_Drainage_lu.csv,6,Soil_Drainage;SortOrder
STRI_2314678,xSoil_Texture_lu,STRI_xSoil_Texture_lu.csv,13,Soil_Texture
STRI_2314678,xState_lu,STRI_xState_lu.csv,59,State_Code;State_Name;Include_Rec
STRI_2314678,xStratum_lu,STRI_xStratum_lu.csv,13,Stratum;Descript;SortOrder
STRI_2314678,xSurficial_Geology_lu,STRI_xSurficial_Geology_lu.csv,33,Surficial_Geology;Category;Include_Rec
STRI_2314678,xTopo_Position_lu,STRI_xTopo_Position_lu.csv,12,Topo_Position;SortOrder;Include_Rec
STRI_2314678,xVegAssociation_lu,STRI_xVegAssociation_lu.csv,17,NVC_Elcode;NVC_Association;Canada;East;Midwest;Southeast;West;Include_Rec
TIMU_2314685,Dom_Veg,TIMU_Dom_Veg.csv,172,ID;Plants_Symbol;Sci_Name;ComName;SciName_w_Auth;Family;ITIS_TSN
TIMU_2314685,FieldCollectionFormTable,TIMU_FieldCollectionFormTable.csv,512,AAPointCode;Park;FormDate;Observers;PhotoNumber;CoordinateX;CoordinateY;EstAccuracy;NumOfSats;EvrnComments;LeafPhenology;LeafType;PhysiognomicClass;PrimVeg;SecVeg;VegAssocOTHR;Represent_Rank;Represent_Comment;OHorizonDepth;AHorizonDepth;SoilTexture;SoilNotes;ClassComments;Plot_Event;PrjName
TIMU_2314685,FieldCollection_Veg_Comp,TIMU_FieldCollection_Veg_Comp.csv,2469,ID;AAPointCode;Park;Stratum;Species;TaxonCode;CanopyPCT;SubCanopyPCT;ShrubPCT;HerbLPCT;Plot_Event;Range_Cover;UPDATESCINM;SYMBOL
TIMU_2314685,PHOTO_LOG,TIMU_PHOTO_LOG.csv,2833,ID;OBJECTID;Lat;Lon;Ele;Dir;FOV;Picture;Original;FileName;Title;Subject;Comment;Descriptio;Tags;Latitude;Longitude;TimeStamp;DateStamp;Elevation;PhotoDirec;Make;Model;AACode;Type;Park;Comment_1;Acc_ID;A_Code_Num;LtrDir;Plot_LS
TIMU_2314685,QA_01_spcov,TIMU_QA_01_spcov.csv,2469,Project_Name;AA_Plot;Plot_Code;Plot_Event;Spp_Code;Plants_Symbol;Field_Name;ComName;Family;Stratum;Cover_Code;Real_Cover;Within_Plot;ITIS_TSN;Used_PLANTS;Spp_Update;Spp_User
TIMU_2314685,QA_02_plots,TIMU_QA_02_plots.csv,512,Project_Name;AA_Plot;Plot_Code;Plot_Event;Event_Date;Surveyors;Field_X;Field_Y;GPS_Error;Satellites;UTM_Zone;Plot_Shape;Plot_Radius;Plot_Width;Plot_Length;Observation_pt;State;Land_Owner;Plot_Directions;Elevation;Elev_Units;Slope_Cat;Slope_Degrees;Aspect_Cat;Aspect_Degrees;Topo_Position;Landform;Surficial_Geology;Cowardin_System;Hydro_Regime;Hydrology_Evidence;Landscape_Comments;Soil_Texture;Soil_Drainage;Provisional_Community;NVC_Elcode;NVC_Association;MapUnit;Representativeness;Stand_Size;Environmental_Comments;Plot_Photos;Bedrock;Large_Rocks;Small_Rocks;Sand;Litter;Wood;Standing_Dead;Water;Bare;Other;Other_describe;Leaf_Type;Leaf_Phenology;Physio_Class;T1_Hgt;T2_Hgt;T3_Hgt;S1_Hgt;S2_Hgt;S3_Hgt;H_Hgt;N_Hgt;V_Hgt;A1_Hgt;A2_Hgt;E_Hgt;T1_Cover;T2_Cover;T3_Cover;S1_Cover;S2_Cover;S3_Cover;H_Cover;N_Cover;V_Cover;A1_Cover;A2_Cover;E_Cover;All_Cover;Primary_Code;Primary_Name;Secondary_Code;Secondary_Name;Classified_Code;Classified_Name;General_Comments;Plot_Update;Plot_User
TIMU_2314685,QA_03_duplicates_in_01,TIMU_QA_03_duplicates_in_01.csv,0,Plot_Code;Spp_Code;Stratum;AA_Plot;Plot_Event;Field_Name;ComName;Cover_Code;Real_Cover;Within_Plot;Spp_Update;Spp_User
TIMU_2314685,QA_04_duplicates_in_02,TIMU_QA_04_duplicates_in_02.csv,0,Plot_Code;Project_Name;AA_Plot;Plot_Event;Event_Date;Surveyors;Field_X;Field_Y
TIMU_2314685,QA_05_Plots_without_Species,TIMU_QA_05_Plots_without_Species.csv,0,AA_Plot;Plot_Code;Plot_Event
TIMU_2314685,QA_06_Spp_without_Plots,TIMU_QA_06_Spp_without_Plots.csv,0,Plot_Event;Stratum;Spp_Code;Cover_Code;Real_Cover;Within_Plot;Spp_Update;Spp_User
TIMU_2314685,USysApplicationLog,TIMU_USysApplicationLog.csv,22159,ID;SourceObject;Data.Macro.Instance.ID;Error.Number;Category;Object.Type;Description;Context;Created
TIMU_2314685,gps_pt_table,TIMU_gps_pt_table.csv,513,ID;PARK;MMU_SIZE;POINT_NUM;COLLECTOR;DATE;TIME;Max_PDOP;Max_HDOP;Corr_Type;Rcvr_Type;GPS_Date;GPS_Time;Unfilt_Pos;Filt_Pos;Vert_Prec;Horz_Prec;Latitude;Longitude;AA_Point;Acc_ID
TIMU_2314685,tConnect,TIMU_tConnect.csv,1,Connect_db
TIMU_2314685,tGlobal,TIMU_tGlobal.csv,25,User_Count;User_Name;User_Email;Last_Modified
TIMU_2314685,tPhotos,TIMU_tPhotos.csv,2823,Photo_ID;Plot_Code;Photo_Date;Photo_Type;Photo_Bearing;Photo_Descript;Photographer;Camera_or_Roll;File_Name
TIMU_2314685,tPlotEventSpecies,TIMU_tPlotEventSpecies.csv,2469,Plot_Event;Stratum;Spp_Code;Cover_Code;Real_Cover;Within_Plot;Spp_Update;Spp_User
TIMU_2314685,tPlotEvents,TIMU_tPlotEvents.csv,512,Plot_Event;Plot_Code;Event_Date;Surveyors;Field_X;Field_Y;GPS_Error;Satellites;UTM_Zone;Plot_Shape;Plot_Radius;Plot_Width;Plot_Length;Observation_pt;Provisional_Community;NVC_Elcode;Representativeness;Stand_Size;Environmental_Comments;Plot_Photos;Bedrock;Large_Rocks;Small_Rocks;Sand;Litter;Wood;Standing_Dead;Water;Bare;Other;Other_describe;Leaf_Type;Leaf_Phenology;Physio_Class;T1_Hgt;T2_Hgt;T3_Hgt;S1_Hgt;S2_Hgt;S3_Hgt;H_Hgt;N_Hgt;V_Hgt;A1_Hgt;A2_Hgt;E_Hgt;T1_Cover;T2_Cover;T3_Cover;S1_Cover;S2_Cover;S3_Cover;H_Cover;N_Cover;V_Cover;A1_Cover;A2_Cover;E_Cover;All_Cover;Primary_Code;Secondary_Code;Classified_Code;General_Comments;Plot_Update;Plot_User;Representativeness_Comment
TIMU_2314685,tPlots,TIMU_tPlots.csv,512,Plot_Code;Project_Name;Plot_Directions;State;Land_Owner;Elevation;Elev_Units;Slope_Cat;Slope_Degrees;Aspect_Cat;Aspect_Degrees;Topo_Position;Landform;Surficial_Geology;Cowardin_System;Hydro_Regime;Hydrology_Evidence;Landscape_Comments;Soil_Texture;Soil_Drainage;AA_Plot
TIMU_2314685,tProcessSteps,TIMU_tProcessSteps.csv,1,Project_Name;Process_Step;Process_Date;Process_Person;Process_Notes
TIMU_2314685,tProjectMetadata,TIMU_tProjectMetadata.csv,1,Project_Name;Park_Code;Project_Contact;Coordinate_System;Datum;Coordinate_Method;GPS_Filename;GPS_Unit;Sampling_Method;Calculation_Method;PseudoSpecies;Taxon_Reference_Source;Project_Comments;T1_DefHgt;T2_DefHgt;T3_DefHgt;S1_DefHgt;S2_DefHgt;S3_DefHgt;H_DefHgt;N_DefHgt;V_DefHgt;A1_DefHgt;A2_DefHgt;E_DefHgt;Date_Created;dbVersion
TIMU_2314685,tSpecies,TIMU_tSpecies.csv,34645,Spp_Code;Field_Name;Sensitive_Spp;Taxon_Reference;PLANTS_Symbol
TIMU_2314685,xConcept_Reference_lu,TIMU_xConcept_Reference_lu.csv,102,Taxon_Reference_Source
TIMU_2314685,xCoverClass_lu,TIMU_xCoverClass_lu.csv,10,Cover_Class;Range;MidPoint
TIMU_2314685,xHeight_Class_lu,TIMU_xHeight_Class_lu.csv,9,Height_Class;Sort_Order;Max_Val
TIMU_2314685,xHydro_Regime_lu,TIMU_xHydro_Regime_lu.csv,14,Hydro_Regime;Hydro_Definitions
TIMU_2314685,xLandform_lu,TIMU_xLandform_lu.csv,204,Landform;Lndfrm_Definition;Include_Rec
TIMU_2314685,xLeaf_Phenology_lu,TIMU_xLeaf_Phenology_lu.csv,7,Leaf_Phenology;SortOrder
TIMU_2314685,xLeaf_Type_lu,TIMU_xLeaf_Type_lu.csv,8,Leaf_Type;SortOrder
TIMU_2314685,xMapUnit_lu,TIMU_xMapUnit_lu.csv,0,MapUnit_Code;MapUnit
TIMU_2314685,xParks_lu,TIMU_xParks_lu.csv,278,Park_Code;Park_Name;State;Include_Rec
TIMU_2314685,xPhysio_Class_lu,TIMU_xPhysio_Class_lu.csv,8,Physio_Class;Physio_Definition;SortOrder
TIMU_2314685,xSoil_Drainage_lu,TIMU_xSoil_Drainage_lu.csv,6,Soil_Drainage;SortOrder
TIMU_2314685,xSoil_Texture_lu,TIMU_xSoil_Texture_lu.csv,13,Soil_Texture
TIMU_2314685,xState_lu,TIMU_xState_lu.csv,59,State_Code;State_Name;Include_Rec
TIMU_2314685,xStratum_lu,TIMU_xStratum_lu.csv,13,Stratum;Descript;SortOrder
TIMU_2314685,xSurficial_Geology_lu,TIMU_xSurficial_Geology_lu.csv,33,Surficial_Geology;Category;Include_Rec
TIMU_2314685,xTopo_Position_lu,TIMU_xTopo_Position_lu.csv,12,Topo_Position;SortOrder;Include_Rec
TIMU_2314685,xVegAssociation_lu,TIMU_xVegAssociation_lu.csv,5863,NVC_Elcode;NVC_Association;Canada;East;Midwest;Southeast;West;Include_Rec
VMI_2314701,WHSA_d_exclude_these_Subprojects,WHSA_d_exclude_these_Subprojects.csv,2,SubprojectCode
VMI_2314701,WHSA_d_import_only_these_ParentProjects,WHSA_d_import_only_these_ParentProjects.csv,2,ProjectCode
VMI_2314701,WHSA_d_soil_texture,WHSA_d_soil_texture.csv,21,abbreviation;soil_texture
VMI_2314701,WHSA_tPhotos,WHSA_tPhotos.csv,3791,Photo_ID;Plot_Code;Photo_Date;Photo_Type;Photo_Bearing;Photo_Descript;Photographer;Camera_or_Roll;File_Name;NHNM_Plot_ID
VMI_2314701,WHSA_tPlotEventSpecies,WHSA_tPlotEventSpecies.csv,9103,Plot_Event;Stratum;Spp_Code;Cover_Code;Real_Cover;Within_Plot;Spp_Update;Spp_User;Total_Plot_Cover;Calculation_Method;EcomonRecID
VMI_2314701,WHSA_tPlotEvents,WHSA_tPlotEvents.csv,1414,Plot_Event;Plot_Code;NHNM_Plot_ID;Event_Date;Surveyors;Field_X;Field_Y;GPS_Error;Satellites;UTM_Zone;Plot_Shape;Plot_Radius;Plot_Width;Plot_Length;Observation_pt;Provisional_Community;NVC_Elcode;Representativeness;Stand_Size;Environmental_Comments;Plot_Photos;Bedrock;Large_Rocks;Small_Rocks;Sand;Litter;Wood;Standing_Dead;Water;Bare;Other;Other_describe;Leaf_Type;Leaf_Phenology;Physio_Class;T1_Hgt;T2_Hgt;T3_Hgt;S1_Hgt;S2_Hgt;S3_Hgt;H_Hgt;N_Hgt;V_Hgt;A1_Hgt;A2_Hgt;E_Hgt;T1_Cover;T2_Cover;T3_Cover;S1_Cover;S2_Cover;S3_Cover;H_Cover;N_Cover;V_Cover;A1_Cover;A2_Cover;E_Cover;All_Cover;Primary_Code;Secondary_Code;Classified_Code;General_Comments;Plot_Update;Plot_User;EcomonRecID;NVC_Elcode_Secondary
VMI_2314701,WHSA_tPlots,WHSA_tPlots.csv,1414,Plot_Code;NHNM_Plot_ID;Plot_Type;Project_Name;Subproject_Name;Calc_X;Calc_Y;Plot_Directions;State;Land_Owner;Elevation;Elev_Units;Slope_Cat;Slope_Degrees;Aspect_Cat;Aspect_Degrees;Topo_Position;Landform;Surficial_Geology;Cowardin_System;Hydro_Regime;Hydrology_Evidence;Landscape_Comments;Soil_Texture;Soil_Drainage;AA_Plot
VMI_2314701,WHSA_tProcessSteps,WHSA_tProcessSteps.csv,0,Project_Name;Process_Step;Process_Date;Process_Person;Process_Notes
VMI_2314701,WHSA_tProjectMetadata,WHSA_tProjectMetadata.csv,2,Project_Name;Park_Code;Project_Contact;Coordinate_System;Datum;Coordinate_Method;GPS_Filename;GPS_Unit;Sampling_Method;Calculation_Method;PseudoSpecies;Taxon_Reference_Source;Project_Comments;T1_DefHgt;T2_DefHgt;T3_DefHgt;S1_DefHgt;S2_DefHgt;S3_DefHgt;H_DefHgt;N_DefHgt;V_DefHgt;A1_DefHgt;A2_DefHgt;E_DefHgt;Date_Created;dbVersion;Parent_Project_Code;Parent_Project_RecID;Key_Nomenclature_Source
VMI_2314701,WHSA_tSpecies,WHSA_tSpecies.csv,230,Spp_Code;Field_Name;Sensitive_Spp;Taxon_Reference;PLANTS_Symbol;ComName
VMI_2314701,WHSA_tbl_Excel_Import_Mapunits,WHSA_tbl_Excel_Import_Mapunits.csv,49,ID;MUSym;MU2Descrip
VMI_2314701,WHSA_tbl_Excel_Import_Mapunits_AA,WHSA_tbl_Excel_Import_Mapunits_AA.csv,212,FID_bandVe;OBJECTID;FID_bandAA;PlotID;PlotRecID;PMapUnit_Code;SMapUnit_Code;X_Coord;ID;Y_Coord
VMI_2314701,WHSA_xConcept_Reference_lu,WHSA_xConcept_Reference_lu.csv,102,Taxon_Reference_Source
VMI_2314701,WHSA_xCoverClass_lu,WHSA_xCoverClass_lu.csv,10,Cover_Class;Range;MidPoint
VMI_2314701,WHSA_xHeight_Class_lu,WHSA_xHeight_Class_lu.csv,9,Height_Class;Sort_Order;Max_Val
VMI_2314701,WHSA_xHydro_Regime_lu,WHSA_xHydro_Regime_lu.csv,14,Hydro_Regime;Hydro_Definitions
VMI_2314701,WHSA_xLandform_lu,WHSA_xLandform_lu.csv,204,Landform;Lndfrm_Definition;Include_Rec
VMI_2314701,WHSA_xLeaf_Phenology_lu,WHSA_xLeaf_Phenology_lu.csv,7,Leaf_Phenology;SortOrder
VMI_2314701,WHSA_xLeaf_Type_lu,WHSA_xLeaf_Type_lu.csv,8,Leaf_Type;SortOrder
VMI_2314701,WHSA_xMapUnit_lu,WHSA_xMapUnit_lu.csv,49,MapUnit_Code;MapUnit;Parent_Project_Code
VMI_2314701,WHSA_xParks_lu,WHSA_xParks_lu.csv,278,Park_Code;Park_Name;State;Include_Rec
VMI_2314701,WHSA_xPhysio_Class_lu,WHSA_xPhysio_Class_lu.csv,8,Physio_Class;Physio_Definition;SortOrder
VMI_2314701,WHSA_xSoil_Drainage_lu,WHSA_xSoil_Drainage_lu.csv,6,Soil_Drainage;SortOrder
VMI_2314701,WHSA_xSoil_Texture_lu,WHSA_xSoil_Texture_lu.csv,13,Soil_Texture
VMI_2314701,WHSA_xState_lu,WHSA_xState_lu.csv,59,State_Code;State_Name;Include_Rec
VMI_2314701,WHSA_xStratum_lu,WHSA_xStratum_lu.csv,13,Stratum;Descript;SortOrder
VMI_2314701,WHSA_xSurficial_Geology_lu,WHSA_xSurficial_Geology_lu.csv,33,Surficial_Geology;Category;Include_Rec
VMI_2314701,WHSA_xTopo_Position_lu,WHSA_xTopo_Position_lu.csv,12,Topo_Position;SortOrder;Include_Rec
VMI_2314701,WHSA_xVegAssociation_lu,WHSA_xVegAssociation_lu.csv,60,NVC_Elcode;NVC_Association;Canada;East;Midwest;Southeast;West;Include_Rec
