park_name,park_page,project_id,units,product_id,type,title,issued,file_access,n_files_listed
Abraham Lincoln Birthplace National Historic Park,https://www.nps.gov/im/vmi-abli.htm,2191569,ABLI;VMI,2233481,Assemblage,Field data for the Vegetation Mapping Inventory Project of Abraham Lincoln Birthplace National Historic Park,2011-05-01T00:00:00,Public,6
Abraham Lincoln Birthplace National Historic Park,https://www.nps.gov/im/vmi-abli.htm,2191569,ABLI;VMI,2233225,Geospatial Dataset,Geospatial data for the Vegetation Mapping Inventory Project of Abraham Lincoln Birthplace National Historic Park,2011-05-01T00:00:00,Public,1
Abraham Lincoln Birthplace National Historic Park,https://www.nps.gov/im/vmi-abli.htm,2191569,ABLI;VMI,2233650,Imagery,Imagery data for the Vegetation Mapping Inventory Project of Abraham Lincoln Birthplace National Historic Park,2011-05-01T00:00:00,Public,2
Abraham Lincoln Birthplace National Historic Park,https://www.nps.gov/im/vmi-abli.htm,2191569,ABLI;VMI,559901,Unpublished Report,"Vascular plant inventory, vegetation community classification, mapping, and accuracy assessment report information for Abraham Lincoln Birthplace National Historical Park, as part of the NPS Vegetation Mapping Inventory Program",2008-01-01T00:00:00,Public,6
Abraham Lincoln Birthplace National Historic Park,https://www.nps.gov/im/vmi-abli.htm,2191569,ABLI;VMI,2314392,Data Package,Field data for the Vegetation Mapping Inventory Project of Abraham Lincoln Birthplace National Historical Park - Open Format Data Package,2022-02-04T00:00:00,Public,33
Acadia National Park,https://www.nps.gov/im/vmi-acad.htm,1047691,ACAD;VMI,2166804,Unpublished Report,Vegetation Information for the Acadia National Park Vegetation Inventory Project,2003-10-01T00:00:00,Public,5
Acadia National Park,https://www.nps.gov/im/vmi-acad.htm,1047691,ACAD;VMI,2233615,Assemblage,Field data for the Vegetation Mapping Inventory Project of Acadia National Park,2003-10-01T00:00:00,Public,6
Acadia National Park,https://www.nps.gov/im/vmi-acad.htm,1047691,ACAD;VMI,2233226,Geospatial Dataset,Geospatial data for the Vegetation Mapping Inventory Project of Acadia National Park,2003-10-01T00:00:00,Public,1
Acadia National Park,https://www.nps.gov/im/vmi-acad.htm,1047691,ACAD;VMI,2233802,Imagery,Imagery data for the Vegetation Mapping Inventory Project of Acadia National Park,2003-10-01T00:00:00,Public,2
Acadia National Park,https://www.nps.gov/im/vmi-acad.htm,1047691,ACAD;VMI,2314393,Data Package,Field data for the Vegetation Mapping Inventory Project of Acadia National Park - Open Format Data Package,2022-02-04T00:00:00,Public,9
Agate Fossil Beds National Monument,https://www.nps.gov/im/vmi-agfo.htm,1047694,AGFO;VMI,2233623,Assemblage,Field data for the Vegetation Mapping Inventory Project of Agate Fossil Beds National Monument,1998-09-01T00:00:00,Public,6
Agate Fossil Beds National Monument,https://www.nps.gov/im/vmi-agfo.htm,1047694,AGFO;VMI,2233227,Geospatial Dataset,Geospatial data for the Vegetation Mapping Inventory Project of Agate Fossil Beds National Monument,1998-09-01T00:00:00,Public,1
Agate Fossil Beds National Monument,https://www.nps.gov/im/vmi-agfo.htm,1047694,AGFO;VMI,2233809,Imagery,Imagery data for the Vegetation Mapping Inventory Project of Agate Fossil Beds National Monument,1998-09-01T00:00:00,Public,2
Agate Fossil Beds National Monument,https://www.nps.gov/im/vmi-agfo.htm,1047694,AGFO;VMI,2166112,Unpublished Report,Vegetation Information for Agate Fossil Beds National Monument Vegetation Mapping Project [and associated files],1998-01-01T00:00:00,Public,4
Agate Fossil Beds National Monument,https://www.nps.gov/im/vmi-agfo.htm,1047694,AGFO;VMI,2314394,Data Package,Field data for the Vegetation Mapping Inventory Project of Agate Fossil Beds National Monument - Open Format Data Package,2022-02-04T00:00:00,Public,32
Alagnak Wild River,https://www.nps.gov/im/vmi-ALAG.htm,2177112,AKR;AKRO;ALAG;SWAN;VMI,2218658,Published Report,Alagnak Wild River: Landcover classes and plant associations,2014-01-01T00:00:00,Public,1
Alagnak Wild River,https://www.nps.gov/im/vmi-ALAG.htm,2177112,AKR;AKRO;ALAG;SWAN;VMI,2218910,Geospatial Dataset,Landcover for Alagnak Wild River,2014-01-01T00:00:00,Public,4
Alagnak Wild River,https://www.nps.gov/im/vmi-ALAG.htm,2177112,AKR;AKRO;ALAG;SWAN;VMI,2227650,Poster,Alagnak Wild River landcover map poster,2012-01-01T00:00:00,Public,1
Alagnak Wild River,https://www.nps.gov/im/vmi-ALAG.htm,2177112,AKR;AKRO;ALAG;SWAN;VMI,2243817,Assemblage,Field data for Alagnak Wild River landcover,2010-07-01T00:00:00,Internal,5
Alagnak Wild River,https://www.nps.gov/im/vmi-ALAG.htm,2177112,AKR;AKRO;ALAG;SWAN;VMI,2251789,Resource Brief,Alagnak Wild River Landcover Inventory brief,2018-01-01T00:00:00,Public,1
Alagnak Wild River,https://www.nps.gov/im/vmi-ALAG.htm,2177112,AKR;AKRO;ALAG;SWAN;VMI,2268317,Map,Vegetation Map Service for Alagnak Wild River,2012-01-01T00:00:00,Public,1
Alagnak Wild River,https://www.nps.gov/im/vmi-ALAG.htm,2177112,AKR;AKRO;ALAG;SWAN;VMI,2314397,Data Package,Field data for the Vegetation Mapping Inventory Project of Alagnak Wild River - Open Format Data Package,2022-03-01T00:00:00,Public,44
Alibates Flint Quarries National Monument and Lake Meredith National Recreation Area,https://www.nps.gov/im/vmi-LAMR-ALFL.htm,2165615,ALFL;LAMR;VMI,2166808,Unpublished Report,Lake Meredith National Recreation Area and Alibates Flint Quarries National Monument Vegetation Inventory Project,2007-04-01T00:00:00,Public,4
Alibates Flint Quarries National Monument and Lake Meredith National Recreation Area,https://www.nps.gov/im/vmi-LAMR-ALFL.htm,2165615,ALFL;LAMR;VMI,2233572,Assemblage,Field data for the Vegetation Mapping Inventory Project of Alibates Flint Quarries National Monument and Lake Meredith National Recreation Area,2005-05-01T00:00:00,Public,7
Alibates Flint Quarries National Monument and Lake Meredith National Recreation Area,https://www.nps.gov/im/vmi-LAMR-ALFL.htm,2165615,ALFL;LAMR;VMI,2233230,Geospatial Dataset,Geospatial data for the Vegetation Mapping Inventory Project of Alibates Flint Quarries National Monument and Lake Meredith National Recreation Area,2006-12-01T00:00:00,Public,1
Alibates Flint Quarries National Monument and Lake Meredith National Recreation Area,https://www.nps.gov/im/vmi-LAMR-ALFL.htm,2165615,ALFL;LAMR;VMI,2233770,Imagery,Imagery data for the Vegetation Mapping Inventory Project of Alibates Flint Quarries National Monument and Lake Meredith National Recreation Area,2002-07-01T00:00:00,Public,2
Alibates Flint Quarries National Monument and Lake Meredith National Recreation Area,https://www.nps.gov/im/vmi-LAMR-ALFL.htm,2165615,ALFL;LAMR;VMI,2314608,Data Package,"Field data for the Vegetation Mapping Inventory Project of Lake Meredith National Recreation Area, Alibates Flint Quarries National Monument - Open Format Data Package",2022-02-04T00:00:00,Public,34
Allegheny Portage Railroad National Historic Site,https://www.nps.gov/im/vmi-alpo.htm,1047695,ALPO;ERMN;VMI,651210,Published Report,Vegetation Classification and Mapping at Allegheny Portage Railroad National Historic Site [and associated files],2007-03-01T00:00:00,Public,3
Allegheny Portage Railroad National Historic Site,https://www.nps.gov/im/vmi-alpo.htm,1047695,ALPO;ERMN;VMI,2233582,Assemblage,Field data for the Vegetation Mapping Inventory Project of Allegheny Portage Railroad National Historic Site,2007-03-01T00:00:00,Public,6
Allegheny Portage Railroad National Historic Site,https://www.nps.gov/im/vmi-alpo.htm,1047695,ALPO;ERMN;VMI,2233231,Geospatial Dataset,Geospatial data for the Vegetation Mapping Inventory Project of Allegheny Portage Railroad National Historic Site,2007-03-01T00:00:00,Public,1
Allegheny Portage Railroad National Historic Site,https://www.nps.gov/im/vmi-alpo.htm,1047695,ALPO;ERMN;VMI,2233778,Imagery,Imagery data for the Vegetation Mapping Inventory Project of Allegheny Portage Railroad National Historic Site,2007-03-01T00:00:00,Public,3
Allegheny Portage Railroad National Historic Site,https://www.nps.gov/im/vmi-alpo.htm,1047695,ALPO;ERMN;VMI,2314398,Data Package,Field data for the Vegetation Mapping Inventory Project of Allegheny Portage Railroad National Historic Site - Open Format Data Package,2022-03-09T00:00:00,Public,33
American Memorial Park,https://www.nps.gov/im/vmi-amme.htm,2177205,AMME;PACN;VMI,2205597,Published Report,Vegetation Inventory Project: American Memorial Park [and associated files],2013-12-01T00:00:00,Public,4
American Memorial Park,https://www.nps.gov/im/vmi-amme.htm,2177205,AMME;PACN;VMI,2233437,Assemblage,Field data for the Vegetation Mapping Inventory Project of American Memorial Park,2014-04-01T00:00:00,Public,8
American Memorial Park,https://www.nps.gov/im/vmi-amme.htm,2177205,AMME;PACN;VMI,2233232,Geospatial Dataset,Geospatial data for the Vegetation Mapping Inventory Project of  American Memorial Park,2008-01-01T00:00:00,Public,1
American Memorial Park,https://www.nps.gov/im/vmi-amme.htm,2177205,AMME;PACN;VMI,2233554,Imagery,Imagery data for the Vegetation Mapping Inventory Project of American Memorial Park,2014-04-01T00:00:00,Public,2
American Memorial Park,https://www.nps.gov/im/vmi-amme.htm,2177205,AMME;PACN;VMI,2314400,Data Package,Field data for the Vegetation Mapping Inventory Project of American Memorial Park - Open Format Data Package,2022-02-04T00:00:00,Public,43
Amistad National Recreational Area,https://www.nps.gov/im/vmi-AMIS.htm,2177114,AMIS;VMI,2268462,Assemblage,Field data for the Vegetation Mapping Inventory Project of Amistad National Recreation Area,2019-01-01T00:00:00,Public,8
Amistad National Recreational Area,https://www.nps.gov/im/vmi-AMIS.htm,2177114,AMIS;VMI,2272051,Geospatial Dataset,Geospatial data for the Vegetation Mapping Inventory Project of Amistad National Recreation Area,2019-03-01T00:00:00,Public,2
Amistad National Recreational Area,https://www.nps.gov/im/vmi-AMIS.htm,2177114,AMIS;VMI,2268545,Imagery,Imagery data for the Vegetation Mapping Inventory Project of Amistad National Recreation Area,2015-01-01T00:00:00,Public,3
Amistad National Recreational Area,https://www.nps.gov/im/vmi-AMIS.htm,2177114,AMIS;VMI,2268325,Published Report,Vegetation inventory project: Amistad National Recreation Area,2020-01-01T00:00:00,Public,7
Amistad National Recreational Area,https://www.nps.gov/im/vmi-AMIS.htm,2177114,AMIS;VMI,2314399,Data Package,Field data for the Vegetation Mapping Inventory Project of Amistad National Recreation Area - Open Format Data Package,2022-03-09T00:00:00,Public,40
Aniachak National Monument and Preserve,https://www.nps.gov/im/vmi-ANIA.htm,2170665,AKR;ANIA;SWAN;VMI,2184182,Published Report,"Plant Associations, Vegetation Succession, and Earth Cover Classes: Aniakchak National Monument and Preserve",2012-03-01T00:00:00,Public,2
Aniachak National Monument and Preserve,https://www.nps.gov/im/vmi-ANIA.htm,2170665,AKR;ANIA;SWAN;VMI,2184669,Geospatial Dataset,Vegetation Inventory for Aniakchak National Monument and Preserve 2010,2010-01-01T00:00:00,Public,4
Aniachak National Monument and Preserve,https://www.nps.gov/im/vmi-ANIA.htm,2170665,AKR;ANIA;SWAN;VMI,2227648,Poster,Aniakchak National Monument and Preserve landcover map poster,2012-01-01T00:00:00,Public,1
Aniachak National Monument and Preserve,https://www.nps.gov/im/vmi-ANIA.htm,2170665,AKR;ANIA;SWAN;VMI,2243818,Assemblage,field data for Aniakchak National Preserve and Monument landcover,2010-01-01T00:00:00,Public,10
Aniachak National Monument and Preserve,https://www.nps.gov/im/vmi-ANIA.htm,2170665,AKR;ANIA;SWAN;VMI,2314402,Data Package,Field data for the Vegetation Mapping Inventory Project of Aniakchak National Monument and Preserve - Open Format Data Package,2022-03-09T00:00:00,Public,45
Antietam National Battlefield,https://www.nps.gov/im/vmi-ANTI.htm,2287477,ANTI;CATO;CHOH;GWMP;HAFE;MANA;MONO;NACE;NCR;NCRN;PRWI;ROCR;VMI;WOTR,2304343,Published Report,"Baseline vegetation mapping of National Capital Region parks in Maryland, Virginia, West Virginia, and the District of Columbia: Part 1—final report",2024-06-01T00:00:00,Public,1
Antietam National Battlefield,https://www.nps.gov/im/vmi-ANTI.htm,2287477,ANTI;CATO;CHOH;GWMP;HAFE;MANA;MONO;NACE;NCR;NCRN;PRWI;ROCR;VMI;WOTR,2287622,Assemblage,Report Supplements and Field data for the Vegetation Mapping Inventory Project of National Capital Region Parks,2020-12-01T00:00:00,Public,24
Antietam National Battlefield,https://www.nps.gov/im/vmi-ANTI.htm,2287477,ANTI;CATO;CHOH;GWMP;HAFE;MANA;MONO;NACE;NCR;NCRN;PRWI;ROCR;VMI;WOTR,2258401,Geospatial Dataset,Geospatial data for the Vegetation Mapping Inventory Project of Antietam National Battlefield,2018-12-01T00:00:00,Public,2
Antietam National Battlefield,https://www.nps.gov/im/vmi-ANTI.htm,2287477,ANTI;CATO;CHOH;GWMP;HAFE;MANA;MONO;NACE;NCR;NCRN;PRWI;ROCR;VMI;WOTR,2258407,Geospatial Dataset,Geospatial data for the Vegetation Mapping Inventory Project of Catoctin Mountain Park,2018-12-01T00:00:00,Public,2
Antietam National Battlefield,https://www.nps.gov/im/vmi-ANTI.htm,2287477,ANTI;CATO;CHOH;GWMP;HAFE;MANA;MONO;NACE;NCR;NCRN;PRWI;ROCR;VMI;WOTR,2258410,Geospatial Dataset,Geospatial data for the Vegetation Mapping Inventory Project of Chesapeake & Ohio Canal National Historical Park,2018-01-01T00:00:00,Public,2
Antietam National Battlefield,https://www.nps.gov/im/vmi-ANTI.htm,2287477,ANTI;CATO;CHOH;GWMP;HAFE;MANA;MONO;NACE;NCR;NCRN;PRWI;ROCR;VMI;WOTR,2258414,Geospatial Dataset,Geospatial data for the Vegetation Mapping Inventory Project of George Washington Memorial Parkway,2018-12-01T00:00:00,Public,2
Antietam National Battlefield,https://www.nps.gov/im/vmi-ANTI.htm,2287477,ANTI;CATO;CHOH;GWMP;HAFE;MANA;MONO;NACE;NCR;NCRN;PRWI;ROCR;VMI;WOTR,2258420,Geospatial Dataset,Geospatial data for the Vegetation Mapping Inventory Project of Harpers Ferry National Historical Park,2018-12-01T00:00:00,Public,2
Antietam National Battlefield,https://www.nps.gov/im/vmi-ANTI.htm,2287477,ANTI;CATO;CHOH;GWMP;HAFE;MANA;MONO;NACE;NCR;NCRN;PRWI;ROCR;VMI;WOTR,2258422,Geospatial Dataset,Geospatial data for the Vegetation Mapping Inventory Project of Manassas National Battlefield Park,2018-12-01T00:00:00,Public,2
Antietam National Battlefield,https://www.nps.gov/im/vmi-ANTI.htm,2287477,ANTI;CATO;CHOH;GWMP;HAFE;MANA;MONO;NACE;NCR;NCRN;PRWI;ROCR;VMI;WOTR,2258427,Geospatial Dataset,Geospatial data for the Vegetation Mapping Inventory Project of Monocacy National Battlefield,2018-12-01T00:00:00,Public,2
Antietam National Battlefield,https://www.nps.gov/im/vmi-ANTI.htm,2287477,ANTI;CATO;CHOH;GWMP;HAFE;MANA;MONO;NACE;NCR;NCRN;PRWI;ROCR;VMI;WOTR,2258428,Geospatial Dataset,Geospatial data for the Vegetation Mapping Inventory Project of National Capital Parks-East,2018-12-01T00:00:00,Public,2
Antietam National Battlefield,https://www.nps.gov/im/vmi-ANTI.htm,2287477,ANTI;CATO;CHOH;GWMP;HAFE;MANA;MONO;NACE;NCR;NCRN;PRWI;ROCR;VMI;WOTR,2258430,Geospatial Dataset,Geospatial data for the Vegetation Mapping Inventory Project of Prince William Forest Park,2018-12-01T00:00:00,Public,2
Antietam National Battlefield,https://www.nps.gov/im/vmi-ANTI.htm,2287477,ANTI;CATO;CHOH;GWMP;HAFE;MANA;MONO;NACE;NCR;NCRN;PRWI;ROCR;VMI;WOTR,2258435,Geospatial Dataset,Geospatial data for the Vegetation Mapping Inventory Project of Wolf Trap National Park for the Performing Arts,2018-12-01T00:00:00,Public,2
Antietam National Battlefield,https://www.nps.gov/im/vmi-ANTI.htm,2287477,ANTI;CATO;CHOH;GWMP;HAFE;MANA;MONO;NACE;NCR;NCRN;PRWI;ROCR;VMI;WOTR,2188509,Imagery,"Aerial Photograph (Color Infrared) 2004, Catoctin Mountain Park",2006-01-25T00:00:00,Public,3
Antietam National Battlefield,https://www.nps.gov/im/vmi-ANTI.htm,2287477,ANTI;CATO;CHOH;GWMP;HAFE;MANA;MONO;NACE;NCR;NCRN;PRWI;ROCR;VMI;WOTR,2239909,Imagery,"Aerial Photography 2004, Color Infrared C&O Canal National Historical Park",2006-01-25T00:00:00,Public,7
Antietam National Battlefield,https://www.nps.gov/im/vmi-ANTI.htm,2287477,ANTI;CATO;CHOH;GWMP;HAFE;MANA;MONO;NACE;NCR;NCRN;PRWI;ROCR;VMI;WOTR,2239913,Imagery,"Aerial Photography 2004, Color Infrared George Washington Memorial Parkway",2006-01-25T00:00:00,Public,2
Antietam National Battlefield,https://www.nps.gov/im/vmi-ANTI.htm,2287477,ANTI;CATO;CHOH;GWMP;HAFE;MANA;MONO;NACE;NCR;NCRN;PRWI;ROCR;VMI;WOTR,2239915,Imagery,"Aerial Photography 2004, Color Infrared Harpers Ferry National Historical Park",2006-01-25T00:00:00,Public,1
Antietam National Battlefield,https://www.nps.gov/im/vmi-ANTI.htm,2287477,ANTI;CATO;CHOH;GWMP;HAFE;MANA;MONO;NACE;NCR;NCRN;PRWI;ROCR;VMI;WOTR,2239917,Imagery,"Aerial Photography 2004, Color Infrared Manassas National Battlefield Park",2006-01-25T00:00:00,Public,1
Antietam National Battlefield,https://www.nps.gov/im/vmi-ANTI.htm,2287477,ANTI;CATO;CHOH;GWMP;HAFE;MANA;MONO;NACE;NCR;NCRN;PRWI;ROCR;VMI;WOTR,2239918,Imagery,"Aerial Photography 2004, Color Infrared National Capital Parks-East",2006-01-25T00:00:00,Public,4
Antietam National Battlefield,https://www.nps.gov/im/vmi-ANTI.htm,2287477,ANTI;CATO;CHOH;GWMP;HAFE;MANA;MONO;NACE;NCR;NCRN;PRWI;ROCR;VMI;WOTR,2239921,Imagery,"Aerial Photography 2004, Color Infrared Prince William Forest Park",2006-01-25T00:00:00,Public,1
Antietam National Battlefield,https://www.nps.gov/im/vmi-ANTI.htm,2287477,ANTI;CATO;CHOH;GWMP;HAFE;MANA;MONO;NACE;NCR;NCRN;PRWI;ROCR;VMI;WOTR,2239922,Imagery,"Aerial Photography 2004, Color Infrared Wolf Trap National Park for the Performing Arts",2006-01-25T00:00:00,Public,1
Antietam National Battlefield,https://www.nps.gov/im/vmi-ANTI.htm,2287477,ANTI;CATO;CHOH;GWMP;HAFE;MANA;MONO;NACE;NCR;NCRN;PRWI;ROCR;VMI;WOTR,1041523,Imagery,Antietam National Battlefield Park Color Infrared (CIR) Mosaic - 2004,2006-01-25T00:00:00,Public,3
Antietam National Battlefield,https://www.nps.gov/im/vmi-ANTI.htm,2287477,ANTI;CATO;CHOH;GWMP;HAFE;MANA;MONO;NACE;NCR;NCRN;PRWI;ROCR;VMI;WOTR,1042444,Imagery,"Monocacy National Battlefield color infrared (CIR) image mosaic - UTM, NAD83, meters",2006-01-25T00:00:00,Public,3
Apostle Islands National Lakeshore,https://www.nps.gov/im/vmi-APIS.htm,2165618,APIS;VMI,2124841,Published Report,"National Park Service Vegetation Inventory Program: Apostle Islands National Lakeshore, Wisconsin [and associated files]",2010-05-01T00:00:00,Public,4
Apostle Islands National Lakeshore,https://www.nps.gov/im/vmi-APIS.htm,2165618,APIS;VMI,2233507,Assemblage,Field data for the Vegetation Mapping Inventory Project of Apostle Islands National Lakeshore,2010-07-01T00:00:00,Public,16
Apostle Islands National Lakeshore,https://www.nps.gov/im/vmi-APIS.htm,2165618,APIS;VMI,2233236,Geospatial Dataset,Geospatial data for the Vegetation Mapping Inventory Project of Apostle Islands National Lakeshore,2010-07-01T00:00:00,Public,1
Apostle Islands National Lakeshore,https://www.nps.gov/im/vmi-APIS.htm,2165618,APIS;VMI,2233723,Imagery,Imagery data for the Vegetation Mapping Inventory Project of Apostle Islands National Lakeshore,2010-07-01T00:00:00,Public,2
Apostle Islands National Lakeshore,https://www.nps.gov/im/vmi-APIS.htm,2165618,APIS;VMI,2314426,Data Package,Field data for the Vegetation Mapping Inventory Project of Apostle Islands National Lakeshore - Open Format Data Package,2022-06-07T00:00:00,Public,12
Appalachian National Scenic Trail,https://www.nps.gov/im/vmi-appa.htm,2177176,APPA;VMI,2246126,Geospatial Dataset,Geospatial data for the Vegetation Mapping Inventory Project of Appalachian National Scenic Trail Vegetation Mapping Project,2016-01-01T00:00:00,Public,1
Appalachian National Scenic Trail,https://www.nps.gov/im/vmi-appa.htm,2177176,APPA;VMI,2246160,Imagery,Imagery data for the Vegetation Mapping Inventory Project of Appalachian National Scenic Trail,2011-10-01T00:00:00,Public,300
Appalachian National Scenic Trail,https://www.nps.gov/im/vmi-appa.htm,2177176,APPA;VMI,2240273,Published Report,National Park Service Vegetation Mapping Inventory Program: Appalachian National Scenic Trail vegetation mapping project,2017-05-01T00:00:00,Public,8
Appalachian National Scenic Trail,https://www.nps.gov/im/vmi-appa.htm,2177176,APPA;VMI,2246132,Assemblage,Field data for the Vegetation Mapping Inventory Project of Appalachian National Scenic Trail,2013-08-01T00:00:00,Public,8
Appalachian National Scenic Trail,https://www.nps.gov/im/vmi-appa.htm,2177176,APPA;VMI,2314433,Data Package,Field data for the Vegetation Mapping Inventory Project of Appalachian National Scenic Trail - Open Format Data Package,2022-03-17T00:00:00,Public,44
Appomattox Court House National Historical Park,https://www.nps.gov/im/vmi-APCO.htm,1048518,APCO;VMI,654506,Published Report,"Vegetation Classification and Mapping at Appomattox Court House National Historical Park, Virginia [and associated files]",2008-06-01T00:00:00,Public,3
Appomattox Court House National Historical Park,https://www.nps.gov/im/vmi-APCO.htm,1048518,APCO;VMI,2233526,Assemblage,Field data for the Vegetation Mapping Inventory Project of Appomattox Court House National Historical Park,2009-07-01T00:00:00,Public,6
Appomattox Court House National Historical Park,https://www.nps.gov/im/vmi-APCO.htm,1048518,APCO;VMI,2233237,Geospatial Dataset,Geospatial data for the Vegetation Mapping Inventory Project of Appomattox Court House National Historical Park,2009-07-01T00:00:00,Public,1
Appomattox Court House National Historical Park,https://www.nps.gov/im/vmi-APCO.htm,1048518,APCO;VMI,2233744,Imagery,Imagery data for the Vegetation Mapping Inventory Project of Appomattox Court House National Historical Park,2009-07-01T00:00:00,Public,3
Appomattox Court House National Historical Park,https://www.nps.gov/im/vmi-APCO.htm,1048518,APCO;VMI,2314403,Data Package,Field data for the Vegetation Mapping Inventory Project of Appomattox Court House National Historical Park - Open Format Data Package,2022-02-04T00:00:00,Public,32
Arches National Park,https://www.nps.gov/im/vmi-arch.htm,1048519,ARCH;VMI,663072,Published Report,"Vegetation Classification and Mapping Project Report [and associated files], Arches National Park",2009-10-01T00:00:00,Public,4
Arches National Park,https://www.nps.gov/im/vmi-arch.htm,1048519,ARCH;VMI,2233527,Assemblage,Field data for the Vegetation Mapping Inventory Project of Arches National Park,2009-07-01T00:00:00,Public,11
Arches National Park,https://www.nps.gov/im/vmi-arch.htm,1048519,ARCH;VMI,2233238,Geospatial Dataset,Geospatial data for the Vegetation Mapping Inventory Project of Arches National Park,2009-07-01T00:00:00,Public,1
Arches National Park,https://www.nps.gov/im/vmi-arch.htm,1048519,ARCH;VMI,2233745,Imagery,Imagery data for the Vegetation Mapping Inventory Project of Arches National Park,2009-07-01T00:00:00,Public,3
Arches National Park,https://www.nps.gov/im/vmi-arch.htm,1048519,ARCH;VMI,2314435,Data Package,Field data for the Vegetation Mapping Inventory Project of Arches National Park - Open Format Data Package,2022-03-28T00:00:00,Public,67
Arkansas Post National Memorial,https://www.nps.gov/im/vmi-ARPO.htm,2177150,ARPO;VMI,2238463,Assemblage,Field data for the Vegetation Mapping Inventory Project of Arkansas Post National Memorial,2015-04-01T00:00:00,Public,7
Arkansas Post National Memorial,https://www.nps.gov/im/vmi-ARPO.htm,2177150,ARPO;VMI,2238482,Geospatial Dataset,Geospatial data for the Vegetation Mapping Inventory Project of Arkansas Post National Memorial,2015-04-01T00:00:00,Public,2
Arkansas Post National Memorial,https://www.nps.gov/im/vmi-ARPO.htm,2177150,ARPO;VMI,2238444,Imagery,Imagery data for the Vegetation Mapping Inventory Project of Arkansas Post National Memorial,2015-04-01T00:00:00,Public,3
Arkansas Post National Memorial,https://www.nps.gov/im/vmi-ARPO.htm,2177150,ARPO;VMI,2224903,Published Report,"Vegetation mapping and classification of Arkansas Post National Memorial, Arkansas: Project report",2015-11-01T00:00:00,Public,4
Arkansas Post National Memorial,https://www.nps.gov/im/vmi-ARPO.htm,2177150,ARPO;VMI,2314437,Data Package,Field data for the Vegetation Mapping Inventory Project of Arkansas Post National Memorial - Open Format Data Package,2022-03-09T00:00:00,Public,32
Assateague Island National Seashore,https://www.nps.gov/im/vmi-ASIS.htm,2177174,ASIS;VMI,2239901,Assemblage,Field data for the Vegetation Mapping Inventory Project of Assateague Island National Seashore,2010-04-01T00:00:00,Public,4
Assateague Island National Seashore,https://www.nps.gov/im/vmi-ASIS.htm,2177174,ASIS;VMI,2239923,Geospatial Dataset,Geospatial data for the Vegetation Mapping Inventory Project of Assateague Island National Seashore,2009-01-01T00:00:00,Public,1
Assateague Island National Seashore,https://www.nps.gov/im/vmi-ASIS.htm,2177174,ASIS;VMI,2238445,Imagery,Imagery data for the Vegetation Mapping Inventory Project of Assateague Island National Seashore,1993-04-01T00:00:00,Public,1
Assateague Island National Seashore,https://www.nps.gov/im/vmi-ASIS.htm,2177174,ASIS;VMI,2239925,Published Report,Vegetation classification and mapping of Assateague Island National Seashore,2017-04-01T00:00:00,Public,1
Assateague Island National Seashore,https://www.nps.gov/im/vmi-ASIS.htm,2177174,ASIS;VMI,2314461,Data Package,Field data for the Vegetation Mapping Inventory Project of Assateague Island National Seashore - Open Format Data Package,2022-03-09T00:00:00,Public,26
Aztec Ruins National Monument,https://www.nps.gov/im/vmi-AZRU.htm,1048520,AZRU;SCPN;VMI,662649,Published Report,Vegetation Classification and Mapping Report: Aztec Ruins National Monument [and associated files],2009-09-01T00:00:00,Public,3
Aztec Ruins National Monument,https://www.nps.gov/im/vmi-AZRU.htm,1048520,AZRU;SCPN;VMI,2233521,Assemblage,Field data for the Vegetation Mapping Inventory Project of Aztec Ruins National Monument,2009-10-01T00:00:00,Public,5
Aztec Ruins National Monument,https://www.nps.gov/im/vmi-AZRU.htm,1048520,AZRU;SCPN;VMI,2233239,Geospatial Dataset,Geospatial data for the Vegetation Mapping Inventory Project of Aztec Ruins National Monument,2009-10-01T00:00:00,Public,1
Aztec Ruins National Monument,https://www.nps.gov/im/vmi-AZRU.htm,1048520,AZRU;SCPN;VMI,2314464,Data Package,Field data for the Vegetation Mapping Inventory Project of Aztec Ruins National Monument - Open Format Data Package,2022-02-04T00:00:00,Public,31
Badlands National Park,https://www.nps.gov/im/vmi-BADL.htm,1047696,BADL;VMI,164340,Published Report,"USGS-NPS Vegetation Mapping Program Badlands National Park, South Dakota [and associated files]",1999-11-19T00:00:00,Public,3
Badlands National Park,https://www.nps.gov/im/vmi-BADL.htm,1047696,BADL;VMI,2233612,Assemblage,Field data for the Vegetation Mapping Inventory Project of Badlands National Park,2005-06-01T00:00:00,Public,6
Badlands National Park,https://www.nps.gov/im/vmi-BADL.htm,1047696,BADL;VMI,2233241,Geospatial Dataset,Geospatial data for the Vegetation Mapping Inventory Project of Badlands National Park,2005-06-01T00:00:00,Public,1
Badlands National Park,https://www.nps.gov/im/vmi-BADL.htm,1047696,BADL;VMI,2233800,Imagery,Imagery data for the Vegetation Mapping Inventory Project of Badlands National Park,2005-06-01T00:00:00,Public,2
Badlands National Park,https://www.nps.gov/im/vmi-BADL.htm,1047696,BADL;VMI,2314465,Data Package,Field data for the Vegetation Mapping Inventory Project of Badlands National Park - Open Format Data Package,2022-03-09T00:00:00,Public,32
Bandelier National Monument,https://www.nps.gov/im/vmi-BAND.htm,2190733,BAND;SCPN;VMI,2169740,Published Report,Vegetation classification and map: Bandelier National Monument [and associated files],2011-03-01T00:00:00,Public,6
Bandelier National Monument,https://www.nps.gov/im/vmi-BAND.htm,2190733,BAND;SCPN;VMI,2233478,Assemblage,Field data for the Vegetation Mapping Inventory Project of Bandelier National Monument,2011-08-01T00:00:00,Public,14
Bandelier National Monument,https://www.nps.gov/im/vmi-BAND.htm,2190733,BAND;SCPN;VMI,2233242,Geospatial Dataset,Geospatial data for the Vegetation Mapping Inventory Project of Bandelier National Monument,2011-08-01T00:00:00,Public,1
Bandelier National Monument,https://www.nps.gov/im/vmi-BAND.htm,2190733,BAND;SCPN;VMI,2233646,Imagery,Imagery data for the Vegetation Mapping Inventory Project of Bandelier National Monument,2011-08-01T00:00:00,Public,2
Bandelier National Monument,https://www.nps.gov/im/vmi-BAND.htm,2190733,BAND;SCPN;VMI,2314466,Data Package,Field data for the Vegetation Mapping Inventory Project of Bandelier National Monument - Open Format Data Package,2022-07-20T00:00:00,Public,32
Bent's Old Fort National Historic Site,https://www.nps.gov/im/vmi-BEOL.htm,2165619,BEOL;VMI,651193,Published Report,Vegetation Information for the Bent's Old Fort National Historic Site Vegetation Inventory Project [and associated files],2007-01-01T00:00:00,Public,3
Bent's Old Fort National Historic Site,https://www.nps.gov/im/vmi-BEOL.htm,2165619,BEOL;VMI,2233583,Assemblage,Field data for the Vegetation Mapping Inventory Project of Bent's Old Fort National Historic Site,2007-03-01T00:00:00,Public,6
Bent's Old Fort National Historic Site,https://www.nps.gov/im/vmi-BEOL.htm,2165619,BEOL;VMI,2233243,Geospatial Dataset,Geospatial data for the Vegetation Mapping Inventory Project of Bent's Old Fort National Historic Site,2007-03-01T00:00:00,Public,1
Bent's Old Fort National Historic Site,https://www.nps.gov/im/vmi-BEOL.htm,2165619,BEOL;VMI,2233779,Imagery,Imagery data for the Vegetation Mapping Inventory Project of Bent's Old Fort National Historic Site,2007-03-01T00:00:00,Public,2
Bent's Old Fort National Historic Site,https://www.nps.gov/im/vmi-BEOL.htm,2165619,BEOL;VMI,2314467,Data Package,Field data for the Vegetation Mapping Inventory Project of Bent's Old Fort National Historic Site - Open Format Data Package,2022-02-05T00:00:00,Public,34
Bering Land Bridge National Preserve,https://www.nps.gov/im/vmi-ARCN.htm,2170680,AKR;AKRO;ARCN;BELA;CAKR;GAAR;KOVA;NOAT;VMI,663934,Published Report,An ecological land survey and landcover map of the Arctic Network,2009-12-01T00:00:00,Public,8
Bering Land Bridge National Preserve,https://www.nps.gov/im/vmi-ARCN.htm,2170680,AKR;AKRO;ARCN;BELA;CAKR;GAAR;KOVA;NOAT;VMI,2227643,Poster,Arctic Network landcover poster,2009-01-01T00:00:00,Public,1
Bering Land Bridge National Preserve,https://www.nps.gov/im/vmi-ARCN.htm,2170680,AKR;AKRO;ARCN;BELA;CAKR;GAAR;KOVA;NOAT;VMI,2171592,Geospatial Dataset,Arctic Network landcover map 2008,2009-01-01T00:00:00,Public,4
Bering Land Bridge National Preserve,https://www.nps.gov/im/vmi-ARCN.htm,2170680,AKR;AKRO;ARCN;BELA;CAKR;GAAR;KOVA;NOAT;VMI,2171607,Geospatial Dataset,Alaska Soil Landscapes for the Inventory and Monitoring Arctic Network,2009-01-01T00:00:00,Public,4
Bering Land Bridge National Preserve,https://www.nps.gov/im/vmi-ARCN.htm,2170680,AKR;AKRO;ARCN;BELA;CAKR;GAAR;KOVA;NOAT;VMI,2243816,Assemblage,field data for the Arctic Network Environmental Landscape Survey,2008-01-01T00:00:00,Internal,12
Bering Land Bridge National Preserve,https://www.nps.gov/im/vmi-ARCN.htm,2170680,AKR;AKRO;ARCN;BELA;CAKR;GAAR;KOVA;NOAT;VMI,2314551,Data Package,Field data for the Vegetation Mapping Inventory Project of Gates of the Arctic National Park and Preserve - Open Format Data Package,2022-11-22T00:00:00,Public,65
Big Bend National Park,https://www.nps.gov/im/vmi-BIBE.htm,2177115,BIBE;VMI,2271614,Assemblage,Field data for the Vegetation Mapping Inventory Project of Big Bend National Park,2019-01-01T00:00:00,Public,13
Big Bend National Park,https://www.nps.gov/im/vmi-BIBE.htm,2177115,BIBE;VMI,2270595,Geospatial Dataset,Geospatial data for the Vegetation Mapping Inventory Project of Big Bend National Park,2017-01-01T00:00:00,Public,2
Big Bend National Park,https://www.nps.gov/im/vmi-BIBE.htm,2177115,BIBE;VMI,2271615,Imagery,Imagery data for the Vegetation Mapping Inventory Project of Big Bend National Park,2016-01-01T00:00:00,Public,4
Big Bend National Park,https://www.nps.gov/im/vmi-BIBE.htm,2177115,BIBE;VMI,2286674,Published Report,Vegetation inventory project: Big Bend National Park,2021-07-01T00:00:00,Public,2
Big Bend National Park,https://www.nps.gov/im/vmi-BIBE.htm,2177115,BIBE;VMI,2314468,Data Package,Field data for the Vegetation Mapping Inventory Project of Big Bend National Park - Open Format Data Package,2022-02-05T00:00:00,Public,34
Big Hole National Battlefield,https://www.nps.gov/im/vmi-BIHO.htm,2177218,BIHO;VMI,2238315,Assemblage,Field data for the Vegetation Mapping Inventory Project of Big Hole National Battlefield,2012-05-01T00:00:00,Public,11
Big Hole National Battlefield,https://www.nps.gov/im/vmi-BIHO.htm,2177218,BIHO;VMI,2238316,Imagery,Imagery data for the Vegetation Mapping Inventory Project of Big Hole National Battlefield,2012-05-01T00:00:00,Public,2
Big Hole National Battlefield,https://www.nps.gov/im/vmi-BIHO.htm,2177218,BIHO;VMI,2184764,Published Report,Vegetation inventory project report: Big Hole National Battlefield [and associated files],2012-04-01T00:00:00,Public,4
Big Hole National Battlefield,https://www.nps.gov/im/vmi-BIHO.htm,2177218,BIHO;VMI,2238314,Geospatial Dataset,Geospatial data for the Vegetation Mapping Inventory Project of Big Hole National Battlefield,2012-05-01T00:00:00,Public,1
Big Hole National Battlefield,https://www.nps.gov/im/vmi-BIHO.htm,2177218,BIHO;VMI,2314751,Data Package,Field data for the Vegetation Mapping Inventory Project of Big Hole National Battlefield - Open Format Data Package,2022-02-07T00:00:00,Public,89
Big South Fork Nat. River & Rec. Area,https://www.nps.gov/im/vmi-BISO.htm,2177225,BISO;VMI,2247596,Unpublished Report,Vascular Plant Inventory & Plant Community Classification for Big South Fork National River & Recreation Area,2011-07-01T00:00:00,Restricted,2
Big South Fork Nat. River & Rec. Area,https://www.nps.gov/im/vmi-BISO.htm,2177225,BISO;VMI,2305475,Published Report,Digital vegetation database and map for Big South Fork National River and Recreation Area: Final report,2024-10-01T00:00:00,Public,1
Big South Fork Nat. River & Rec. Area,https://www.nps.gov/im/vmi-BISO.htm,2177225,BISO;VMI,2305675,Assemblage,Report Supplements and Field Data for the Vegetation Mapping Inventory Project of Big South Fork National River and Recreation Area,2017-01-01T00:00:00,Public,14
Big South Fork Nat. River & Rec. Area,https://www.nps.gov/im/vmi-BISO.htm,2177225,BISO;VMI,2305671,Geospatial Dataset,Geospatial data for the Vegetation Mapping Inventory Project of Big South Fork National River and Recreation Area,2017-05-01T00:00:00,Public,1
Big Thicket National Preserve,https://www.nps.gov/im/vmi-BITH.htm,2177228,BITH;VMI,2238465,Assemblage,Field data for the Vegetation Mapping Inventory Project of Big Thicket National Preserve,2021-10-01T00:00:00,Public,9
Big Thicket National Preserve,https://www.nps.gov/im/vmi-BITH.htm,2177228,BITH;VMI,2238484,Geospatial Dataset,Geospatial data for the Vegetation Mapping Inventory Project of Big Thicket National Preserve,2021-10-01T00:00:00,Public,1
Big Thicket National Preserve,https://www.nps.gov/im/vmi-BITH.htm,2177228,BITH;VMI,2299254,Published Report,Vegetation classification and mapping project: Big Thicket National Preserve,2024-01-01T00:00:00,Public,1
Big Thicket National Preserve,https://www.nps.gov/im/vmi-BITH.htm,2177228,BITH;VMI,2314478,Data Package,Field data for the Vegetation Mapping Inventory Project of Big Thicket National Preserve - Open Format Data Package,2022-03-21T00:00:00,Public,38
Bighorn Canyon National Recreation Area,https://www.nps.gov/im/vmi-BICA.htm,2177120,BICA;VMI,2224799,Published Report,Vegetation classification and mapping project report: Bighorn Canyon National Recreation Area [and associated files],2015-10-01T00:00:00,Public,4
Bighorn Canyon National Recreation Area,https://www.nps.gov/im/vmi-BICA.htm,2177120,BICA;VMI,2236938,Assemblage,Field data for the Vegetation Mapping Inventory Project of Bighorn Canyon National Recreation Area,2015-10-01T00:00:00,Public,33
Bighorn Canyon National Recreation Area,https://www.nps.gov/im/vmi-BICA.htm,2177120,BICA;VMI,2236940,Geospatial Dataset,Geospatial data for the Vegetation Mapping Inventory Project of Bighorn Canyon National Recreation Area,2015-10-01T00:00:00,Public,1
Bighorn Canyon National Recreation Area,https://www.nps.gov/im/vmi-BICA.htm,2177120,BICA;VMI,2236941,Imagery,Imagery data for the Vegetation Mapping Inventory Project of Bighorn Canyon National Recreation Area,2015-10-01T00:00:00,Public,6
Bighorn Canyon National Recreation Area,https://www.nps.gov/im/vmi-BICA.htm,2177120,BICA;VMI,2314477,Data Package,Field data for the Vegetation Mapping Inventory Project of Bighorn Canyon National Recreation Area - Open Format Data Package,2022-03-09T00:00:00,Public,36
Biscayne National Park,https://www.nps.gov/im/vmi-BISC.htm,2177235,BISC;SFCN;VMI,2196852,Published Report,Biscayne National Park Vegetation Map Project Report [and associated files],2013-07-01T00:00:00,Public,3
Biscayne National Park,https://www.nps.gov/im/vmi-BISC.htm,2177235,BISC;SFCN;VMI,2233465,Assemblage,Field data for the Vegetation Mapping Inventory Project of Biscayne National Park,2012-05-01T00:00:00,Public,9
Biscayne National Park,https://www.nps.gov/im/vmi-BISC.htm,2177235,BISC;SFCN;VMI,2233244,Geospatial Dataset,Geospatial data for the Vegetation Mapping Inventory Project of Biscayne National Park,2012-05-01T00:00:00,Public,2
Biscayne National Park,https://www.nps.gov/im/vmi-BISC.htm,2177235,BISC;SFCN;VMI,2233630,Imagery,Imagery data for the Vegetation Mapping Inventory Project of Biscayne National Park,2012-05-01T00:00:00,Public,2
Black Canyon of the Gunnison National Park,https://www.nps.gov/im/vmi-BLCA.htm,2165620,BLCA;VMI,2124918,Published Report,"Vegetation classification and mapping project report, Black Canyon of the Gunnison National Park [and associated files]",2010-08-01T00:00:00,Public,4
Black Canyon of the Gunnison National Park,https://www.nps.gov/im/vmi-BLCA.htm,2165620,BLCA;VMI,2233508,Assemblage,Field data for the Vegetation Mapping Inventory Project of Black Canyon of the Gunnison National Park,2010-07-01T00:00:00,Public,12
Black Canyon of the Gunnison National Park,https://www.nps.gov/im/vmi-BLCA.htm,2165620,BLCA;VMI,2233245,Geospatial Dataset,Geospatial data for the Vegetation Mapping Inventory Project of Black Canyon of the Gunnison National Park,2010-07-01T00:00:00,Public,1
Black Canyon of the Gunnison National Park,https://www.nps.gov/im/vmi-BLCA.htm,2165620,BLCA;VMI,2233724,Imagery,Imagery data for the Vegetation Mapping Inventory Project of Black Canyon of the Gunnison National Park,2010-07-01T00:00:00,Public,3
Black Canyon of the Gunnison National Park,https://www.nps.gov/im/vmi-BLCA.htm,2165620,BLCA;VMI,2314480,Data Package,Field data for the Vegetation Mapping Inventory Project of Black Canyon of the Gunnison National Park - Open Format Data Package,2022-03-09T00:00:00,Public,75
Bluestone National Scenic River,https://www.nps.gov/im/vmi-BLUE.htm,1048521,BLUE;VMI,660644,Published Report,"Vegetation Classification and Mapping of Bluestone National Scenic River, West Virginia [and associated files]",2008-07-01T00:00:00,Public,3
Bluestone National Scenic River,https://www.nps.gov/im/vmi-BLUE.htm,1048521,BLUE;VMI,2233528,Assemblage,Field data for the Vegetation Mapping Inventory Project of Bluestone National Scenic River,2009-07-01T00:00:00,Public,6
Bluestone National Scenic River,https://www.nps.gov/im/vmi-BLUE.htm,1048521,BLUE;VMI,2233246,Geospatial Dataset,Geospatial data for the Vegetation Mapping Inventory Project of Bluestone National Scenic River,2016-09-08T00:00:00,Public,1
Bluestone National Scenic River,https://www.nps.gov/im/vmi-BLUE.htm,1048521,BLUE;VMI,2233746,Imagery,Imagery data for the Vegetation Mapping Inventory Project of Bluestone National Scenic River,2009-07-01T00:00:00,Public,3
Bluestone National Scenic River,https://www.nps.gov/im/vmi-BLUE.htm,1048521,BLUE;VMI,2314481,Data Package,Field data for the Vegetation Mapping Inventory Project of Bluestone National Scenic River - Open Format Data Package,2022-02-05T00:00:00,Public,34
Booker T. Washington National Monument,https://www.nps.gov/im/vmi-BOWA.htm,1047697,BOWA;VMI,654507,Published Report,"Vegetation Classification and Mapping at Booker T. Washington National Monument, Virginia [and associated files]",2008-06-01T00:00:00,Public,2
Booker T. Washington National Monument,https://www.nps.gov/im/vmi-BOWA.htm,1047697,BOWA;VMI,2233545,Assemblage,Field data for the Vegetation Mapping Inventory Project of Booker T. Washington National Monument,2008-08-01T00:00:00,Public,5
Booker T. Washington National Monument,https://www.nps.gov/im/vmi-BOWA.htm,1047697,BOWA;VMI,2233247,Geospatial Dataset,Geospatial data for the Vegetation Mapping Inventory Project of Booker T. Washington National Monument,2008-06-01T00:00:00,Public,1
Booker T. Washington National Monument,https://www.nps.gov/im/vmi-BOWA.htm,1047697,BOWA;VMI,2233761,Imagery,Imagery data for the Vegetation Mapping Inventory Project of Booker T. Washington National Monument,2008-06-01T00:00:00,Public,3
Booker T. Washington National Monument,https://www.nps.gov/im/vmi-BOWA.htm,1047697,BOWA;VMI,2314483,Data Package,Field data for the Vegetation Mapping Inventory Project of Booker T. Washington National Monument - Open Format Data Package,2022-02-05T00:00:00,Public,32
Boston Harbor Islands National Recreation Area,https://www.nps.gov/im/vmi-BOHA.htm,2177177,BOHA;VMI,2246182,Assemblage,Field data for the Vegetation Mapping Inventory Project of Boston Harbor Islands National Recreation Area,2007-01-01T00:00:00,Public,7
Boston Harbor Islands National Recreation Area,https://www.nps.gov/im/vmi-BOHA.htm,2177177,BOHA;VMI,2246187,Geospatial Dataset,Geospatial data for the Vegetation Mapping Inventory Project of Boston Harbor Islands National Recreation Area,2008-01-01T00:00:00,Public,4
Boston Harbor Islands National Recreation Area,https://www.nps.gov/im/vmi-BOHA.htm,2177177,BOHA;VMI,2246189,Imagery,Imagery data for the Vegetation Mapping Inventory Project of Boston Harbor Islands National Recreation Area,2004-01-01T00:00:00,Public,8
Boston Harbor Islands National Recreation Area,https://www.nps.gov/im/vmi-BOHA.htm,2177177,BOHA;VMI,2245717,Published Report,"Vegetation Inventory Project: Boston Harbor Islands National Recreation Area, Massachusetts",2017-10-01T00:00:00,Public,5
Boston Harbor Islands National Recreation Area,https://www.nps.gov/im/vmi-BOHA.htm,2177177,BOHA;VMI,2314482,Data Package,Field data for the Vegetation Mapping Inventory Project of Boston Harbor Islands National Recreation Area - Open Format Data Package,2022-03-09T00:00:00,Public,17
Bryce Canyon National Park,https://www.nps.gov/im/vmi-BRCA.htm,2170570,BRCA;VMI,2170005,Published Report,"Vegetation classification and mapping project report, Bryce Canyon National Park [and associated files]",2011-03-01T00:00:00,Public,4
Bryce Canyon National Park,https://www.nps.gov/im/vmi-BRCA.htm,2170570,BRCA;VMI,2233498,Assemblage,Field data for the Vegetation Mapping Inventory Project of Bryce Canyon National Park,2011-03-01T00:00:00,Public,12
Bryce Canyon National Park,https://www.nps.gov/im/vmi-BRCA.htm,2170570,BRCA;VMI,2233249,Geospatial Dataset,Geospatial data for the Vegetation Mapping Inventory Project of Bryce Canyon National Park,2011-03-01T00:00:00,Public,1
Bryce Canyon National Park,https://www.nps.gov/im/vmi-BRCA.htm,2170570,BRCA;VMI,2233664,Imagery,Imagery data for the Vegetation Mapping Inventory Project of Bryce Canyon National Park,2011-03-01T00:00:00,Public,3
Bryce Canyon National Park,https://www.nps.gov/im/vmi-BRCA.htm,2170570,BRCA;VMI,2314485,Data Package,Field data for the Vegetation Mapping Inventory Project of Bryce Canyon National Park - Open Format Data Package,2022-03-09T00:00:00,Public,93
Buck Island Reef National Monument,https://www.nps.gov/im/vmi-BUIS.htm,2165715,BUIS;SFCN;VMI,2164863,Published Report,"Buck Island Reef National Monument, U.S. Virgin Islands Vegetation Mapping Project, 2009 [and associated files]",2010-02-01T00:00:00,Public,2
Buck Island Reef National Monument,https://www.nps.gov/im/vmi-BUIS.htm,2165715,BUIS;SFCN;VMI,2233516,Assemblage,Field data for the Vegetation Mapping Inventory Project of Buck Island Reef National Monument,2010-02-01T00:00:00,Public,4
Buck Island Reef National Monument,https://www.nps.gov/im/vmi-BUIS.htm,2165715,BUIS;SFCN;VMI,2233250,Geospatial Dataset,Geospatial data for the Vegetation Mapping Inventory Project of Buck Island Reef National Monument,2010-02-01T00:00:00,Public,2
Buck Island Reef National Monument,https://www.nps.gov/im/vmi-BUIS.htm,2165715,BUIS;SFCN;VMI,2233734,Imagery,Imagery data for the Vegetation Mapping Inventory Project of Buck Island Reef National Monument,2010-02-01T00:00:00,Public,2
Buffalo National River,https://www.nps.gov/im/vmi-BUFF.htm,2190595,BUFF;VMI,2233458,Assemblage,Field data for the Vegetation Mapping Inventory Project of Buffalo National River,2012-09-01T00:00:00,Public,7
Buffalo National River,https://www.nps.gov/im/vmi-BUFF.htm,2190595,BUFF;VMI,2233251,Geospatial Dataset,Geospatial data for the Vegetation Mapping Inventory Project of Buffalo National River,2012-09-01T00:00:00,Public,1
Buffalo National River,https://www.nps.gov/im/vmi-BUFF.htm,2190595,BUFF;VMI,2233601,Imagery,Imagery data for the Vegetation Mapping Inventory Project of Buffalo National River,2012-09-01T00:00:00,Public,3
Buffalo National River,https://www.nps.gov/im/vmi-BUFF.htm,2190595,BUFF;VMI,2190615,Published Report,"National Park Service Vegetation Inventory Program: Buffalo National River, Arkansas [and associated files]",2012-10-03T00:00:00,Public,5
Buffalo National River,https://www.nps.gov/im/vmi-BUFF.htm,2190595,BUFF;VMI,2314486,Data Package,Field data for the Vegetation Mapping Inventory Project of Buffalo National River - Open Format Data Package,2022-06-07T00:00:00,Public,9
Canaveral National Seashore,https://www.nps.gov/im/vmi-CANA.htm,2177242,CANA;VMI,2275682,Assemblage,Field data for the Vegetation Mapping Inventory Project of Canaveral National Seashore,2020-01-01T00:00:00,Public,14
Canaveral National Seashore,https://www.nps.gov/im/vmi-CANA.htm,2177242,CANA;VMI,2275681,Geospatial Dataset,Geospatial data for the Vegetation Mapping Inventory Project of Canaveral National Seashore,2019-01-01T00:00:00,Public,1
Canaveral National Seashore,https://www.nps.gov/im/vmi-CANA.htm,2177242,CANA;VMI,2275657,Imagery,Imagery data for the Vegetation Mapping Inventory Project of Canaveral National Seashore,2012-05-01T00:00:00,Public,1
Canaveral National Seashore,https://www.nps.gov/im/vmi-CANA.htm,2177242,CANA;VMI,2272048,Published Report,Vegetation mapping at Canaveral National Seashore: Photointerpretation key and final vegetation map,2020-02-01T00:00:00,Public,5
Canaveral National Seashore,https://www.nps.gov/im/vmi-CANA.htm,2177242,CANA;VMI,2314492,Data Package,Field data for the Vegetation Mapping Inventory Project of Canaveral National Seashore - Open Format Data Package,2022-03-28T00:00:00,Public,38
Canyon De Chelly National Monument,https://www.nps.gov/im/vmi-CACH.htm,2173091,CACH;SCPN;VMI,2166464,Published Report,Vegetation classification and distribution mapping report: Canyon de Chelly National Monument,2010-04-01T00:00:00,Public,6
Canyon De Chelly National Monument,https://www.nps.gov/im/vmi-CACH.htm,2173091,CACH;SCPN;VMI,2233514,Assemblage,Field data for the Vegetation Mapping Inventory Project of Canyon De Chelly National Monument,2010-04-01T00:00:00,Public,8
Canyon De Chelly National Monument,https://www.nps.gov/im/vmi-CACH.htm,2173091,CACH;SCPN;VMI,2233252,Geospatial Dataset,Geospatial data for the Vegetation Mapping Inventory Project of Canyon De Chelly National Monument,2010-04-01T00:00:00,Public,2
Canyon De Chelly National Monument,https://www.nps.gov/im/vmi-CACH.htm,2173091,CACH;SCPN;VMI,2233732,Imagery,Imagery data for the Vegetation Mapping Inventory Project of Canyon De Chelly National Monument,2010-04-01T00:00:00,Public,2
Canyon De Chelly National Monument,https://www.nps.gov/im/vmi-CACH.htm,2173091,CACH;SCPN;VMI,2314487,Data Package,Field data for the Vegetation Mapping Inventory Project of Canyon De Chelly National Monument - Open Format Data Package,2022-03-15T00:00:00,Public,55
Canyonlands National Park,https://www.nps.gov/im/vmi-CANY.htm,2177122,CANY;VMI,2184888,Published Report,"Vegetation classification and mapping project report, Canyonlands National Park",2012-05-01T00:00:00,Public,4
Canyonlands National Park,https://www.nps.gov/im/vmi-CANY.htm,2177122,CANY;VMI,2233461,Assemblage,Field data for the Vegetation Mapping Inventory Project of Canyonlands National Park,2012-08-01T00:00:00,Public,16
Canyonlands National Park,https://www.nps.gov/im/vmi-CANY.htm,2177122,CANY;VMI,2233253,Geospatial Dataset,Geospatial data for the Vegetation Mapping Inventory Project of Canyonlands National Park,2012-08-01T00:00:00,Public,1
Canyonlands National Park,https://www.nps.gov/im/vmi-CANY.htm,2177122,CANY;VMI,2233619,Imagery,Imagery data for the Vegetation Mapping Inventory Project of Canyonlands National Park,2012-08-01T00:00:00,Public,3
Canyonlands National Park,https://www.nps.gov/im/vmi-CANY.htm,2177122,CANY;VMI,2314493,Data Package,Field data for the Vegetation Mapping Inventory Project of Canyonlands National Park - Open Format Data Package,2022-03-09T00:00:00,Public,68
Cape Cod National Seashore,https://www.nps.gov/im/vmi-CACO.htm,2170135,CACO;VMI,2170119,Published Report,Vegetation Information for the Cape Cod National Seashore Vegetation Inventory Project,2010-10-01T00:00:00,Public,3
Cape Cod National Seashore,https://www.nps.gov/im/vmi-CACO.htm,2170135,CACO;VMI,2233499,Assemblage,Field data for the Vegetation Mapping Inventory Project of Cape Cod National Seashore,2011-02-01T00:00:00,Public,5
Cape Cod National Seashore,https://www.nps.gov/im/vmi-CACO.htm,2170135,CACO;VMI,2233254,Geospatial Dataset,Geospatial data for the Vegetation Mapping Inventory Project of Cape Cod National Seashore,2011-02-01T00:00:00,Public,1
Cape Cod National Seashore,https://www.nps.gov/im/vmi-CACO.htm,2170135,CACO;VMI,2233713,Imagery,Imagery data for the Vegetation Mapping Inventory Project of Cape Cod National Seashore,2011-02-01T00:00:00,Public,1
Cape Cod National Seashore,https://www.nps.gov/im/vmi-CACO.htm,2170135,CACO;VMI,2314488,Data Package,Field data for the Vegetation Mapping Inventory Project of Cape Cod National Seashore - Open Format Data Package,2022-02-05T00:00:00,Public,33
Cape Hatteras National Seashore,https://www.nps.gov/im/vmi-CAHA.htm,2177240,CAHA;VMI,2252029,Assemblage,Field data for the Vegetation Mapping Inventory Project of Cape Hatteras National Seashore,2014-01-01T00:00:00,Public,31
Cape Hatteras National Seashore,https://www.nps.gov/im/vmi-CAHA.htm,2177240,CAHA;VMI,2252028,Geospatial Dataset,Geospatial data for the Vegetation Mapping Inventory Project of Cape Hatteras National Seashore,2014-09-01T00:00:00,Public,1
Cape Hatteras National Seashore,https://www.nps.gov/im/vmi-CAHA.htm,2177240,CAHA;VMI,2216475,Published Report,Vegetation mapping at Cape Hatteras National Seashore,2014-10-01T00:00:00,Public,3
Cape Hatteras National Seashore,https://www.nps.gov/im/vmi-CAHA.htm,2177240,CAHA;VMI,2252075,Imagery,Imagery data for the Vegetation Mapping Inventory Project of Cape Hatteras National Seashore,2009-05-01T00:00:00,Public,27
Cape Hatteras National Seashore,https://www.nps.gov/im/vmi-CAHA.htm,2177240,CAHA;VMI,2314490,Data Package,Field data for the Vegetation Mapping Inventory Project of Cape Hatteras National Seashore - Open Format Data Package,2022-03-28T00:00:00,Public,31
Cape Lookout National Seashore,https://www.nps.gov/im/vmi-CALO.htm,2177241,CALO;VMI,2253552,Geospatial Dataset,Geospatial data for the Vegetation Mapping Inventory Project of Cape Lookout National Seashore,2014-01-01T00:00:00,Public,1
Cape Lookout National Seashore,https://www.nps.gov/im/vmi-CALO.htm,2177241,CALO;VMI,2253577,Imagery,Imagery data for the Vegetation Mapping Inventory Project of Cape Lookout National Seashore,2009-01-01T00:00:00,Public,23
Cape Lookout National Seashore,https://www.nps.gov/im/vmi-CALO.htm,2177241,CALO;VMI,2247900,Published Report,Vegetation mapping at Cape Lookout National Seashore,2017-12-01T00:00:00,Public,3
Cape Lookout National Seashore,https://www.nps.gov/im/vmi-CALO.htm,2177241,CALO;VMI,2253575,Assemblage,Field data for the Vegetation Mapping Inventory Project of Cape Lookout National Monument,2014-01-01T00:00:00,Public,23
Cape Lookout National Seashore,https://www.nps.gov/im/vmi-CALO.htm,2177241,CALO;VMI,2314491,Data Package,Field data for the Vegetation Mapping Inventory Project of Cape Lookout National Seashore - Open Format Data Package,2022-03-28T00:00:00,Public,31
Capitol Reef National Park,https://www.nps.gov/im/vmi-CARE.htm,1048522,CARE;VMI,2186256,Published Report,"Vegetation Classification and Mapping Project Report, Capitol Reef National Park [and associated files]",2009-03-01T00:00:00,Public,4
Capitol Reef National Park,https://www.nps.gov/im/vmi-CARE.htm,1048522,CARE;VMI,2233529,Assemblage,Field data for the Vegetation Mapping Inventory Project of Capitol Reef National Park,2009-07-01T00:00:00,Public,12
Capitol Reef National Park,https://www.nps.gov/im/vmi-CARE.htm,1048522,CARE;VMI,2233255,Geospatial Dataset,Geospatial data for the Vegetation Mapping Inventory Project of Capitol Reef National Park,2009-07-01T00:00:00,Public,1
Capitol Reef National Park,https://www.nps.gov/im/vmi-CARE.htm,1048522,CARE;VMI,2233747,Imagery,Imagery data for the Vegetation Mapping Inventory Project of Capitol Reef National Park,2009-07-01T00:00:00,Public,3
Capitol Reef National Park,https://www.nps.gov/im/vmi-CARE.htm,1048522,CARE;VMI,2314495,Data Package,Field data for the Vegetation Mapping Inventory Project of Capitol Reef National Park - Open Format Data Package,2022-02-05T00:00:00,Public,74
Capulin Volcano National Monument,https://www.nps.gov/im/vmi-CAVO.htm,2190357,CAVO;VMI,2190588,Published Report,A vegetation classification and map: Capulin Volcano National Monument,2011-06-01T00:00:00,Public,4
Capulin Volcano National Monument,https://www.nps.gov/im/vmi-CAVO.htm,2190357,CAVO;VMI,2233454,Assemblage,Field data for the Vegetation Mapping Inventory Project of Capulin Volcano National Monument,2012-10-01T00:00:00,Public,7
Capulin Volcano National Monument,https://www.nps.gov/im/vmi-CAVO.htm,2190357,CAVO;VMI,2233256,Geospatial Dataset,Geospatial data for the Vegetation Mapping Inventory Project of Capulin Volcano National Monument,2012-10-01T00:00:00,Public,1
Capulin Volcano National Monument,https://www.nps.gov/im/vmi-CAVO.htm,2190357,CAVO;VMI,2233591,Imagery,Imagery data for the Vegetation Mapping Inventory Project of Capulin Volcano National Monument,2012-10-01T00:00:00,Public,2
Capulin Volcano National Monument,https://www.nps.gov/im/vmi-CAVO.htm,2190357,CAVO;VMI,2314499,Data Package,Field data for the Vegetation Mapping Inventory Project of Capulin Volcano National Monument - Open Format Data Package,2022-02-05T00:00:00,Public,31
Carl Sandburg Home National Historic Site,https://www.nps.gov/im/vmi-CARL.htm,2170836,CARL;VMI,2170838,Unpublished Report,"Vascular plant inventory, vegetation community classification, mapping, and accuracy assessment report information for Carl Sandburg National Historic Site, as part of the NPS Vegetation Mapping Inventory Program",2003-02-01T00:00:00,Public,6
Carl Sandburg Home National Historic Site,https://www.nps.gov/im/vmi-CARL.htm,2170836,CARL;VMI,2233482,Assemblage,Field data for the Vegetation Mapping Inventory Project of Carl Sandburg Home National Historic Site,2011-05-01T00:00:00,Public,6
Carl Sandburg Home National Historic Site,https://www.nps.gov/im/vmi-CARL.htm,2170836,CARL;VMI,2233257,Geospatial Dataset,Geospatial data for the Vegetation Mapping Inventory Project of Carl Sandburg Home National Historic Site,2002-05-01T00:00:00,Public,1
Carl Sandburg Home National Historic Site,https://www.nps.gov/im/vmi-CARL.htm,2170836,CARL;VMI,2233652,Imagery,Imagery data for the Vegetation Mapping Inventory Project of Carl Sandburg Home National Historic Site,2000-10-01T00:00:00,Public,2
Carl Sandburg Home National Historic Site,https://www.nps.gov/im/vmi-CARL.htm,2170836,CARL;VMI,2314496,Data Package,Field data for the Vegetation Mapping Inventory Project of Carl Sandburg Home National Historic Site - Open Format Data Package,2022-02-05T00:00:00,Public,32
Carlsbad Caverns National Park,https://www.nps.gov/im/vmi-CAVE.htm,2165621,CAVE;VMI,590405,Unpublished Report,"A vegetation map of Carlsbad Caverns National Park, New Mexico [and associated files]",2003-06-01T00:00:00,Public,5
Carlsbad Caverns National Park,https://www.nps.gov/im/vmi-CAVE.htm,2165621,CAVE;VMI,2233616,Assemblage,Field data for the Vegetation Mapping Inventory Project of Carlsbad Caverns National Park,2003-06-01T00:00:00,Public,6
Carlsbad Caverns National Park,https://www.nps.gov/im/vmi-CAVE.htm,2165621,CAVE;VMI,2233258,Geospatial Dataset,Geospatial data for the Vegetation Mapping Inventory Project of Carlsbad Caverns National Park,2003-06-01T00:00:00,Public,1
Carlsbad Caverns National Park,https://www.nps.gov/im/vmi-CAVE.htm,2165621,CAVE;VMI,2233803,Imagery,Imagery data for the Vegetation Mapping Inventory Project of Carlsbad Caverns National Park,2003-06-01T00:00:00,Public,2
Carlsbad Caverns National Park,https://www.nps.gov/im/vmi-CAVE.htm,2165621,CAVE;VMI,2314498,Data Package,Field data for the Vegetation Mapping Inventory Project of Carlsbad Caverns National Park - Open Format Data Package,2022-02-05T00:00:00,Public,33
Casa Grande National Monument,https://www.nps.gov/im/vmi-CAGR.htm,2177127,CAGR;VMI,2233477,Assemblage,Field data for the Vegetation Mapping Inventory Project of Casa Grande National Monument,2011-10-01T00:00:00,Public,5
Casa Grande National Monument,https://www.nps.gov/im/vmi-CAGR.htm,2177127,CAGR;VMI,2233260,Geospatial Dataset,Geospatial data for the Vegetation Mapping Inventory Project of Casa Grande National Monument,2011-10-01T00:00:00,Public,1
Casa Grande National Monument,https://www.nps.gov/im/vmi-CAGR.htm,2177127,CAGR;VMI,2233644,Imagery,Imagery data for the Vegetation Mapping Inventory Project of Casa Grande National Monument,2011-10-01T00:00:00,Public,2
Casa Grande National Monument,https://www.nps.gov/im/vmi-CAGR.htm,2177127,CAGR;VMI,663082,Published Report,"Vegetation Classification, Distribution,and Mapping Report Casa Grande Ruins National Monument",2009-10-01T00:00:00,Public,2
Casa Grande National Monument,https://www.nps.gov/im/vmi-CAGR.htm,2177127,CAGR;VMI,2314489,Data Package,Field data for the Vegetation Mapping Inventory Project of Casa Grande Ruins National Monument - Open Format Data Package,2022-03-09T00:00:00,Public,31
Castillo de San Marcos National Monument,https://www.nps.gov/im/vmi-CASA.htm,2177243,CASA;VMI,2271644,Assemblage,Field data for the Vegetation Mapping Inventory Project of Castillo de San Marcos National Monument,2019-01-01T00:00:00,Public,4
Castillo de San Marcos National Monument,https://www.nps.gov/im/vmi-CASA.htm,2177243,CASA;VMI,2271646,Geospatial Dataset,Geospatial data for the Vegetation Mapping Inventory Project of Castillo de San Marcos National Monument,2018-01-01T00:00:00,Public,1
Castillo de San Marcos National Monument,https://www.nps.gov/im/vmi-CASA.htm,2177243,CASA;VMI,2271645,Imagery,Imagery data for the Vegetation Mapping Inventory Project of Castillo de San Marcos National Monument,2011-05-11T00:00:00,Public,1
Castillo de San Marcos National Monument,https://www.nps.gov/im/vmi-CASA.htm,2177243,CASA;VMI,2266926,Published Report,Vegetation Mapping at Castillo de San Marcos National Monument: Photointerpretation Key and Final Vegetation Map,2019-10-01T00:00:00,Public,6
Castillo de San Marcos National Monument,https://www.nps.gov/im/vmi-CASA.htm,2177243,CASA;VMI,2314497,Data Package,Field data for the Vegetation Mapping Inventory Project of Castillo De San Marcos National Monument - Open Format Data Package,2022-03-28T00:00:00,Public,36
Catoctin Mountain Park,https://www.nps.gov/im/vmi-CATO.htm,2287477,ANTI;CATO;CHOH;GWMP;HAFE;MANA;MONO;NACE;NCR;NCRN;PRWI;ROCR;VMI;WOTR,2304343,Published Report,"Baseline vegetation mapping of National Capital Region parks in Maryland, Virginia, West Virginia, and the District of Columbia: Part 1—final report",2024-06-01T00:00:00,Public,1
Catoctin Mountain Park,https://www.nps.gov/im/vmi-CATO.htm,2287477,ANTI;CATO;CHOH;GWMP;HAFE;MANA;MONO;NACE;NCR;NCRN;PRWI;ROCR;VMI;WOTR,2287622,Assemblage,Report Supplements and Field data for the Vegetation Mapping Inventory Project of National Capital Region Parks,2020-12-01T00:00:00,Public,24
Catoctin Mountain Park,https://www.nps.gov/im/vmi-CATO.htm,2287477,ANTI;CATO;CHOH;GWMP;HAFE;MANA;MONO;NACE;NCR;NCRN;PRWI;ROCR;VMI;WOTR,2258401,Geospatial Dataset,Geospatial data for the Vegetation Mapping Inventory Project of Antietam National Battlefield,2018-12-01T00:00:00,Public,2
Catoctin Mountain Park,https://www.nps.gov/im/vmi-CATO.htm,2287477,ANTI;CATO;CHOH;GWMP;HAFE;MANA;MONO;NACE;NCR;NCRN;PRWI;ROCR;VMI;WOTR,2258407,Geospatial Dataset,Geospatial data for the Vegetation Mapping Inventory Project of Catoctin Mountain Park,2018-12-01T00:00:00,Public,2
Catoctin Mountain Park,https://www.nps.gov/im/vmi-CATO.htm,2287477,ANTI;CATO;CHOH;GWMP;HAFE;MANA;MONO;NACE;NCR;NCRN;PRWI;ROCR;VMI;WOTR,2258410,Geospatial Dataset,Geospatial data for the Vegetation Mapping Inventory Project of Chesapeake & Ohio Canal National Historical Park,2018-01-01T00:00:00,Public,2
Catoctin Mountain Park,https://www.nps.gov/im/vmi-CATO.htm,2287477,ANTI;CATO;CHOH;GWMP;HAFE;MANA;MONO;NACE;NCR;NCRN;PRWI;ROCR;VMI;WOTR,2258414,Geospatial Dataset,Geospatial data for the Vegetation Mapping Inventory Project of George Washington Memorial Parkway,2018-12-01T00:00:00,Public,2
Catoctin Mountain Park,https://www.nps.gov/im/vmi-CATO.htm,2287477,ANTI;CATO;CHOH;GWMP;HAFE;MANA;MONO;NACE;NCR;NCRN;PRWI;ROCR;VMI;WOTR,2258420,Geospatial Dataset,Geospatial data for the Vegetation Mapping Inventory Project of Harpers Ferry National Historical Park,2018-12-01T00:00:00,Public,2
Catoctin Mountain Park,https://www.nps.gov/im/vmi-CATO.htm,2287477,ANTI;CATO;CHOH;GWMP;HAFE;MANA;MONO;NACE;NCR;NCRN;PRWI;ROCR;VMI;WOTR,2258422,Geospatial Dataset,Geospatial data for the Vegetation Mapping Inventory Project of Manassas National Battlefield Park,2018-12-01T00:00:00,Public,2
Catoctin Mountain Park,https://www.nps.gov/im/vmi-CATO.htm,2287477,ANTI;CATO;CHOH;GWMP;HAFE;MANA;MONO;NACE;NCR;NCRN;PRWI;ROCR;VMI;WOTR,2258427,Geospatial Dataset,Geospatial data for the Vegetation Mapping Inventory Project of Monocacy National Battlefield,2018-12-01T00:00:00,Public,2
Catoctin Mountain Park,https://www.nps.gov/im/vmi-CATO.htm,2287477,ANTI;CATO;CHOH;GWMP;HAFE;MANA;MONO;NACE;NCR;NCRN;PRWI;ROCR;VMI;WOTR,2258428,Geospatial Dataset,Geospatial data for the Vegetation Mapping Inventory Project of National Capital Parks-East,2018-12-01T00:00:00,Public,2
Catoctin Mountain Park,https://www.nps.gov/im/vmi-CATO.htm,2287477,ANTI;CATO;CHOH;GWMP;HAFE;MANA;MONO;NACE;NCR;NCRN;PRWI;ROCR;VMI;WOTR,2258430,Geospatial Dataset,Geospatial data for the Vegetation Mapping Inventory Project of Prince William Forest Park,2018-12-01T00:00:00,Public,2
Catoctin Mountain Park,https://www.nps.gov/im/vmi-CATO.htm,2287477,ANTI;CATO;CHOH;GWMP;HAFE;MANA;MONO;NACE;NCR;NCRN;PRWI;ROCR;VMI;WOTR,2258435,Geospatial Dataset,Geospatial data for the Vegetation Mapping Inventory Project of Wolf Trap National Park for the Performing Arts,2018-12-01T00:00:00,Public,2
Catoctin Mountain Park,https://www.nps.gov/im/vmi-CATO.htm,2287477,ANTI;CATO;CHOH;GWMP;HAFE;MANA;MONO;NACE;NCR;NCRN;PRWI;ROCR;VMI;WOTR,2188509,Imagery,"Aerial Photograph (Color Infrared) 2004, Catoctin Mountain Park",2006-01-25T00:00:00,Public,3
Catoctin Mountain Park,https://www.nps.gov/im/vmi-CATO.htm,2287477,ANTI;CATO;CHOH;GWMP;HAFE;MANA;MONO;NACE;NCR;NCRN;PRWI;ROCR;VMI;WOTR,2239909,Imagery,"Aerial Photography 2004, Color Infrared C&O Canal National Historical Park",2006-01-25T00:00:00,Public,7
Catoctin Mountain Park,https://www.nps.gov/im/vmi-CATO.htm,2287477,ANTI;CATO;CHOH;GWMP;HAFE;MANA;MONO;NACE;NCR;NCRN;PRWI;ROCR;VMI;WOTR,2239913,Imagery,"Aerial Photography 2004, Color Infrared George Washington Memorial Parkway",2006-01-25T00:00:00,Public,2
Catoctin Mountain Park,https://www.nps.gov/im/vmi-CATO.htm,2287477,ANTI;CATO;CHOH;GWMP;HAFE;MANA;MONO;NACE;NCR;NCRN;PRWI;ROCR;VMI;WOTR,2239915,Imagery,"Aerial Photography 2004, Color Infrared Harpers Ferry National Historical Park",2006-01-25T00:00:00,Public,1
Catoctin Mountain Park,https://www.nps.gov/im/vmi-CATO.htm,2287477,ANTI;CATO;CHOH;GWMP;HAFE;MANA;MONO;NACE;NCR;NCRN;PRWI;ROCR;VMI;WOTR,2239917,Imagery,"Aerial Photography 2004, Color Infrared Manassas National Battlefield Park",2006-01-25T00:00:00,Public,1
Catoctin Mountain Park,https://www.nps.gov/im/vmi-CATO.htm,2287477,ANTI;CATO;CHOH;GWMP;HAFE;MANA;MONO;NACE;NCR;NCRN;PRWI;ROCR;VMI;WOTR,2239918,Imagery,"Aerial Photography 2004, Color Infrared National Capital Parks-East",2006-01-25T00:00:00,Public,4
Catoctin Mountain Park,https://www.nps.gov/im/vmi-CATO.htm,2287477,ANTI;CATO;CHOH;GWMP;HAFE;MANA;MONO;NACE;NCR;NCRN;PRWI;ROCR;VMI;WOTR,2239921,Imagery,"Aerial Photography 2004, Color Infrared Prince William Forest Park",2006-01-25T00:00:00,Public,1
Catoctin Mountain Park,https://www.nps.gov/im/vmi-CATO.htm,2287477,ANTI;CATO;CHOH;GWMP;HAFE;MANA;MONO;NACE;NCR;NCRN;PRWI;ROCR;VMI;WOTR,2239922,Imagery,"Aerial Photography 2004, Color Infrared Wolf Trap National Park for the Performing Arts",2006-01-25T00:00:00,Public,1
Catoctin Mountain Park,https://www.nps.gov/im/vmi-CATO.htm,2287477,ANTI;CATO;CHOH;GWMP;HAFE;MANA;MONO;NACE;NCR;NCRN;PRWI;ROCR;VMI;WOTR,1041523,Imagery,Antietam National Battlefield Park Color Infrared (CIR) Mosaic - 2004,2006-01-25T00:00:00,Public,3
Catoctin Mountain Park,https://www.nps.gov/im/vmi-CATO.htm,2287477,ANTI;CATO;CHOH;GWMP;HAFE;MANA;MONO;NACE;NCR;NCRN;PRWI;ROCR;VMI;WOTR,1042444,Imagery,"Monocacy National Battlefield color infrared (CIR) image mosaic - UTM, NAD83, meters",2006-01-25T00:00:00,Public,3
Cedar Breaks National Monument,https://www.nps.gov/im/vmi-CEBR.htm,2177123,CEBR;VMI,2173024,Published Report,"Vegetation classification and mapping project report, Cedar Breaks National Monument [and associated files]",2011-07-01T00:00:00,Public,4
Cedar Breaks National Monument,https://www.nps.gov/im/vmi-CEBR.htm,2177123,CEBR;VMI,2233475,Assemblage,Field data for the Vegetation Mapping Inventory Project of Cedar Breaks National Monument,2012-01-01T00:00:00,Public,8
Cedar Breaks National Monument,https://www.nps.gov/im/vmi-CEBR.htm,2177123,CEBR;VMI,2233261,Geospatial Dataset,Geospatial data for the Vegetation Mapping Inventory Project of Cedar Breaks National Monument,2012-01-01T00:00:00,Public,1
Cedar Breaks National Monument,https://www.nps.gov/im/vmi-CEBR.htm,2177123,CEBR;VMI,2233642,Imagery,Imagery data for the Vegetation Mapping Inventory Project of Cedar Breaks National Monument,2012-01-01T00:00:00,Public,3
Cedar Breaks National Monument,https://www.nps.gov/im/vmi-CEBR.htm,2177123,CEBR;VMI,2314507,Data Package,Field data for the Vegetation Mapping Inventory Project of Cedar Breaks National Monument - Open Format Data Package,2022-03-09T00:00:00,Public,83
Chaco Culture National Historical Park,https://www.nps.gov/im/vmi-CHCU.htm,2190743,CHCU;SCPN;VMI,2170952,Published Report,Vegetation classification and mapping project report: Chaco Culture National Historical Park,2011-05-01T00:00:00,Public,4
Chaco Culture National Historical Park,https://www.nps.gov/im/vmi-CHCU.htm,2190743,CHCU;SCPN;VMI,2233479,Assemblage,Field data for the Vegetation Mapping Inventory Project of Chaco Culture National Historical Park,2011-08-01T00:00:00,Public,7
Chaco Culture National Historical Park,https://www.nps.gov/im/vmi-CHCU.htm,2190743,CHCU;SCPN;VMI,2233262,Geospatial Dataset,Geospatial data for the Vegetation Mapping Inventory Project of Chaco Culture National Historical Park,2005-08-01T00:00:00,Public,1
Chaco Culture National Historical Park,https://www.nps.gov/im/vmi-CHCU.htm,2190743,CHCU;SCPN;VMI,2233647,Imagery,Imagery data for the Vegetation Mapping Inventory Project of Chaco Culture National Historical Park,2011-08-01T00:00:00,Public,1
Chaco Culture National Historical Park,https://www.nps.gov/im/vmi-CHCU.htm,2190743,CHCU;SCPN;VMI,2314504,Data Package,Field data for the Vegetation Mapping Inventory Project of Chaco Culture National Historical Park - Open Format Data Package,2022-03-09T00:00:00,Public,31
Channel Islands National Park,https://www.nps.gov/im/vmi-CHIS.htm,2177189,CHIS;VMI,2310420,Administrative,Channel Islands National Park Vegetation Mapping Inventory Products,2025-04-09T00:00:00,Public,1
Channel Islands National Park,https://www.nps.gov/im/vmi-CHIS.htm,2177189,CHIS;VMI,2310418,Assemblage,Report Supplements and [not final] field data for the Vegetation Mapping Inventory Project of Channel Islands National Park,2025-01-01T00:00:00,Restricted,4
Channel Islands National Park,https://www.nps.gov/im/vmi-CHIS.htm,2177189,CHIS;VMI,2314877,Geospatial Dataset,Geospatial data [not final] for the Vegetation Mapping Inventory Project of Channel Islands National Park,2025-04-09T00:00:00,Restricted,1
Channel Islands National Park,https://www.nps.gov/im/vmi-CHIS.htm,2177189,CHIS;VMI,2311434,Published Report,Channel Islands National Park: Vegetation classification and mapping project report,2025-05-01T00:00:00,Public,1
Chattahoochee River National Recreation Area,https://www.nps.gov/im/vmi-CHAT.htm,2177244,CHAT;VMI,2271631,Assemblage,Field data for the Vegetation Mapping Inventory Project of Chattahoochee River National Recreation Area,2019-01-01T00:00:00,Public,17
Chattahoochee River National Recreation Area,https://www.nps.gov/im/vmi-CHAT.htm,2177244,CHAT;VMI,2271640,Imagery,Imagery data for the Vegetation Mapping Inventory Project of Chattahoochee River National Recreation Area,2011-01-01T00:00:00,Public,2
Chattahoochee River National Recreation Area,https://www.nps.gov/im/vmi-CHAT.htm,2177244,CHAT;VMI,2266958,Published Report,Vegetation mapping at Chattahoochee River National Recreation Area: Photointerpretation key and final vegetation map,2019-10-01T00:00:00,Public,4
Chattahoochee River National Recreation Area,https://www.nps.gov/im/vmi-CHAT.htm,2177244,CHAT;VMI,2271620,Geospatial Dataset,Geospatial data for the Vegetation Mapping Inventory Project of Chattahoochee River National Recreation Area,2018-01-01T00:00:00,Public,1
Chattahoochee River National Recreation Area,https://www.nps.gov/im/vmi-CHAT.htm,2177244,CHAT;VMI,2314502,Data Package,Field data for the Vegetation Mapping Inventory Project of Chattahoochee River National Recreation Area - Open Format Data Package,2022-07-20T00:00:00,Public,31
Chesapeake & Ohio Canal National Historical Park,https://www.nps.gov/im/vmi-CHOH.htm,2287477,ANTI;CATO;CHOH;GWMP;HAFE;MANA;MONO;NACE;NCR;NCRN;PRWI;ROCR;VMI;WOTR,2304343,Published Report,"Baseline vegetation mapping of National Capital Region parks in Maryland, Virginia, West Virginia, and the District of Columbia: Part 1—final report",2024-06-01T00:00:00,Public,1
Chesapeake & Ohio Canal National Historical Park,https://www.nps.gov/im/vmi-CHOH.htm,2287477,ANTI;CATO;CHOH;GWMP;HAFE;MANA;MONO;NACE;NCR;NCRN;PRWI;ROCR;VMI;WOTR,2287622,Assemblage,Report Supplements and Field data for the Vegetation Mapping Inventory Project of National Capital Region Parks,2020-12-01T00:00:00,Public,24
Chesapeake & Ohio Canal National Historical Park,https://www.nps.gov/im/vmi-CHOH.htm,2287477,ANTI;CATO;CHOH;GWMP;HAFE;MANA;MONO;NACE;NCR;NCRN;PRWI;ROCR;VMI;WOTR,2258401,Geospatial Dataset,Geospatial data for the Vegetation Mapping Inventory Project of Antietam National Battlefield,2018-12-01T00:00:00,Public,2
Chesapeake & Ohio Canal National Historical Park,https://www.nps.gov/im/vmi-CHOH.htm,2287477,ANTI;CATO;CHOH;GWMP;HAFE;MANA;MONO;NACE;NCR;NCRN;PRWI;ROCR;VMI;WOTR,2258407,Geospatial Dataset,Geospatial data for the Vegetation Mapping Inventory Project of Catoctin Mountain Park,2018-12-01T00:00:00,Public,2
Chesapeake & Ohio Canal National Historical Park,https://www.nps.gov/im/vmi-CHOH.htm,2287477,ANTI;CATO;CHOH;GWMP;HAFE;MANA;MONO;NACE;NCR;NCRN;PRWI;ROCR;VMI;WOTR,2258410,Geospatial Dataset,Geospatial data for the Vegetation Mapping Inventory Project of Chesapeake & Ohio Canal National Historical Park,2018-01-01T00:00:00,Public,2
Chesapeake & Ohio Canal National Historical Park,https://www.nps.gov/im/vmi-CHOH.htm,2287477,ANTI;CATO;CHOH;GWMP;HAFE;MANA;MONO;NACE;NCR;NCRN;PRWI;ROCR;VMI;WOTR,2258414,Geospatial Dataset,Geospatial data for the Vegetation Mapping Inventory Project of George Washington Memorial Parkway,2018-12-01T00:00:00,Public,2
Chesapeake & Ohio Canal National Historical Park,https://www.nps.gov/im/vmi-CHOH.htm,2287477,ANTI;CATO;CHOH;GWMP;HAFE;MANA;MONO;NACE;NCR;NCRN;PRWI;ROCR;VMI;WOTR,2258420,Geospatial Dataset,Geospatial data for the Vegetation Mapping Inventory Project of Harpers Ferry National Historical Park,2018-12-01T00:00:00,Public,2
Chesapeake & Ohio Canal National Historical Park,https://www.nps.gov/im/vmi-CHOH.htm,2287477,ANTI;CATO;CHOH;GWMP;HAFE;MANA;MONO;NACE;NCR;NCRN;PRWI;ROCR;VMI;WOTR,2258422,Geospatial Dataset,Geospatial data for the Vegetation Mapping Inventory Project of Manassas National Battlefield Park,2018-12-01T00:00:00,Public,2
Chesapeake & Ohio Canal National Historical Park,https://www.nps.gov/im/vmi-CHOH.htm,2287477,ANTI;CATO;CHOH;GWMP;HAFE;MANA;MONO;NACE;NCR;NCRN;PRWI;ROCR;VMI;WOTR,2258427,Geospatial Dataset,Geospatial data for the Vegetation Mapping Inventory Project of Monocacy National Battlefield,2018-12-01T00:00:00,Public,2
Chesapeake & Ohio Canal National Historical Park,https://www.nps.gov/im/vmi-CHOH.htm,2287477,ANTI;CATO;CHOH;GWMP;HAFE;MANA;MONO;NACE;NCR;NCRN;PRWI;ROCR;VMI;WOTR,2258428,Geospatial Dataset,Geospatial data for the Vegetation Mapping Inventory Project of National Capital Parks-East,2018-12-01T00:00:00,Public,2
Chesapeake & Ohio Canal National Historical Park,https://www.nps.gov/im/vmi-CHOH.htm,2287477,ANTI;CATO;CHOH;GWMP;HAFE;MANA;MONO;NACE;NCR;NCRN;PRWI;ROCR;VMI;WOTR,2258430,Geospatial Dataset,Geospatial data for the Vegetation Mapping Inventory Project of Prince William Forest Park,2018-12-01T00:00:00,Public,2
Chesapeake & Ohio Canal National Historical Park,https://www.nps.gov/im/vmi-CHOH.htm,2287477,ANTI;CATO;CHOH;GWMP;HAFE;MANA;MONO;NACE;NCR;NCRN;PRWI;ROCR;VMI;WOTR,2258435,Geospatial Dataset,Geospatial data for the Vegetation Mapping Inventory Project of Wolf Trap National Park for the Performing Arts,2018-12-01T00:00:00,Public,2
Chesapeake & Ohio Canal National Historical Park,https://www.nps.gov/im/vmi-CHOH.htm,2287477,ANTI;CATO;CHOH;GWMP;HAFE;MANA;MONO;NACE;NCR;NCRN;PRWI;ROCR;VMI;WOTR,2188509,Imagery,"Aerial Photograph (Color Infrared) 2004, Catoctin Mountain Park",2006-01-25T00:00:00,Public,3
Chesapeake & Ohio Canal National Historical Park,https://www.nps.gov/im/vmi-CHOH.htm,2287477,ANTI;CATO;CHOH;GWMP;HAFE;MANA;MONO;NACE;NCR;NCRN;PRWI;ROCR;VMI;WOTR,2239909,Imagery,"Aerial Photography 2004, Color Infrared C&O Canal National Historical Park",2006-01-25T00:00:00,Public,7
Chesapeake & Ohio Canal National Historical Park,https://www.nps.gov/im/vmi-CHOH.htm,2287477,ANTI;CATO;CHOH;GWMP;HAFE;MANA;MONO;NACE;NCR;NCRN;PRWI;ROCR;VMI;WOTR,2239913,Imagery,"Aerial Photography 2004, Color Infrared George Washington Memorial Parkway",2006-01-25T00:00:00,Public,2
Chesapeake & Ohio Canal National Historical Park,https://www.nps.gov/im/vmi-CHOH.htm,2287477,ANTI;CATO;CHOH;GWMP;HAFE;MANA;MONO;NACE;NCR;NCRN;PRWI;ROCR;VMI;WOTR,2239915,Imagery,"Aerial Photography 2004, Color Infrared Harpers Ferry National Historical Park",2006-01-25T00:00:00,Public,1
Chesapeake & Ohio Canal National Historical Park,https://www.nps.gov/im/vmi-CHOH.htm,2287477,ANTI;CATO;CHOH;GWMP;HAFE;MANA;MONO;NACE;NCR;NCRN;PRWI;ROCR;VMI;WOTR,2239917,Imagery,"Aerial Photography 2004, Color Infrared Manassas National Battlefield Park",2006-01-25T00:00:00,Public,1
Chesapeake & Ohio Canal National Historical Park,https://www.nps.gov/im/vmi-CHOH.htm,2287477,ANTI;CATO;CHOH;GWMP;HAFE;MANA;MONO;NACE;NCR;NCRN;PRWI;ROCR;VMI;WOTR,2239918,Imagery,"Aerial Photography 2004, Color Infrared National Capital Parks-East",2006-01-25T00:00:00,Public,4
Chesapeake & Ohio Canal National Historical Park,https://www.nps.gov/im/vmi-CHOH.htm,2287477,ANTI;CATO;CHOH;GWMP;HAFE;MANA;MONO;NACE;NCR;NCRN;PRWI;ROCR;VMI;WOTR,2239921,Imagery,"Aerial Photography 2004, Color Infrared Prince William Forest Park",2006-01-25T00:00:00,Public,1
Chesapeake & Ohio Canal National Historical Park,https://www.nps.gov/im/vmi-CHOH.htm,2287477,ANTI;CATO;CHOH;GWMP;HAFE;MANA;MONO;NACE;NCR;NCRN;PRWI;ROCR;VMI;WOTR,2239922,Imagery,"Aerial Photography 2004, Color Infrared Wolf Trap National Park for the Performing Arts",2006-01-25T00:00:00,Public,1
Chesapeake & Ohio Canal National Historical Park,https://www.nps.gov/im/vmi-CHOH.htm,2287477,ANTI;CATO;CHOH;GWMP;HAFE;MANA;MONO;NACE;NCR;NCRN;PRWI;ROCR;VMI;WOTR,1041523,Imagery,Antietam National Battlefield Park Color Infrared (CIR) Mosaic - 2004,2006-01-25T00:00:00,Public,3
Chesapeake & Ohio Canal National Historical Park,https://www.nps.gov/im/vmi-CHOH.htm,2287477,ANTI;CATO;CHOH;GWMP;HAFE;MANA;MONO;NACE;NCR;NCRN;PRWI;ROCR;VMI;WOTR,1042444,Imagery,"Monocacy National Battlefield color infrared (CIR) image mosaic - UTM, NAD83, meters",2006-01-25T00:00:00,Public,3
Chickamauga & Chattanooga National Military Park,https://www.nps.gov/im/vmi-CHCH.htm,2191606,CHCH;VMI,2233483,Assemblage,Field data for the Vegetation Mapping Inventory Project of Chickamauga & Chattanooga National Military Park,2011-05-01T00:00:00,Public,6
Chickamauga & Chattanooga National Military Park,https://www.nps.gov/im/vmi-CHCH.htm,2191606,CHCH;VMI,2233263,Geospatial Dataset,Geospatial data for the Vegetation Mapping Inventory Project of Chickamauga & Chattanooga National Military Park,2011-05-01T00:00:00,Public,1
Chickamauga & Chattanooga National Military Park,https://www.nps.gov/im/vmi-CHCH.htm,2191606,CHCH;VMI,549326,Unpublished Report,"Vascular plant inventory, vegetation community classification, mapping, and accuracy assessment report information for Chickamauga & Chattanooga National Military Park, as part of the NPS Vegetation Mapping Program",2006-01-01T00:00:00,Public,5
Chickamauga & Chattanooga National Military Park,https://www.nps.gov/im/vmi-CHCH.htm,2191606,CHCH;VMI,2233653,Imagery,Imagery data for the Vegetation Mapping Inventory Project of Chickamauga & Chattanooga National Military Park,2011-05-01T00:00:00,Public,2
Chickamauga & Chattanooga National Military Park,https://www.nps.gov/im/vmi-CHCH.htm,2191606,CHCH;VMI,2314503,Data Package,Field data for the Vegetation Mapping Inventory Project of Chickamauga and Chattanooga National Military Park - Open Format Data Package,2022-02-05T00:00:00,Public,33
Chickasaw National Recreation Area,https://www.nps.gov/im/vmi-CHIC.htm,2173094,CHIC;VMI,663986,Published Report,Vegetation Classification and Mapping at Chickasaw National Recreation Area,2010-02-01T00:00:00,Public,1
Chickasaw National Recreation Area,https://www.nps.gov/im/vmi-CHIC.htm,2173094,CHIC;VMI,2233500,Assemblage,Field data for the Vegetation Mapping Inventory Project of Chickasaw National Recreation Area,2011-01-01T00:00:00,Public,7
Chickasaw National Recreation Area,https://www.nps.gov/im/vmi-CHIC.htm,2173094,CHIC;VMI,2233264,Geospatial Dataset,Geospatial data for the Vegetation Mapping Inventory Project of Chickasaw National Recreation Area,2005-01-01T00:00:00,Public,1
Chickasaw National Recreation Area,https://www.nps.gov/im/vmi-CHIC.htm,2173094,CHIC;VMI,2314505,Data Package,Field data for the Vegetation Mapping Inventory Project of Chickasaw National Recreation Area - Open Format Data Package,2022-02-07T00:00:00,Public,33
Chiricahua National Monument,https://www.nps.gov/im/vmi-CHIR.htm,2177128,CHIR;VMI,2307909,Geospatial Dataset,Geospatial data for the Vegetation Mapping Inventory Project of Chiricahua National Monument,2025-03-01T00:00:00,Public,1
Chiricahua National Monument,https://www.nps.gov/im/vmi-CHIR.htm,2177128,CHIR;VMI,2307908,Assemblage,Report Supplements and Field data for the Vegetation Mapping Inventory Project of Chiricahua National Monument,2025-01-01T00:00:00,Public,8
Chiricahua National Monument,https://www.nps.gov/im/vmi-CHIR.htm,2177128,CHIR;VMI,2308488,Published Report,"Vegetation inventory, mapping, and characterization report, Chiricahua National Monument: Volume II, type descriptions",2025-03-01T00:00:00,Public,1
Chiricahua National Monument,https://www.nps.gov/im/vmi-CHIR.htm,2177128,CHIR;VMI,2308673,Published Report,"Vegetation inventory, mapping, and characterization, Chiricahua National Monument: Volume I, main report",2025-03-01T00:00:00,Public,1
Chiricahua National Monument,https://www.nps.gov/im/vmi-CHIR.htm,2177128,CHIR;VMI,2309530,Imagery,Imagery data for the Vegetation Mapping Inventory Project of Chiricahua National Monument,2005-04-01T00:00:00,Public,1
City Of Rocks National Reserve,https://www.nps.gov/im/vmi-CIRO.htm,2188918,CIRO;VMI,2233464,Assemblage,Field data for the Vegetation Mapping Inventory Project of City Of Rocks National Reserve,2011-05-01T00:00:00,Public,11
City Of Rocks National Reserve,https://www.nps.gov/im/vmi-CIRO.htm,2188918,CIRO;VMI,2233265,Geospatial Dataset,Geospatial data for the Vegetation Mapping Inventory Project of City Of Rocks National Reserve,2009-05-01T00:00:00,Public,1
City Of Rocks National Reserve,https://www.nps.gov/im/vmi-CIRO.htm,2188918,CIRO;VMI,2176266,Published Report,Vegetation inventory project report: City of Rocks National Reserve,2011-09-01T00:00:00,Public,4
City Of Rocks National Reserve,https://www.nps.gov/im/vmi-CIRO.htm,2188918,CIRO;VMI,2233631,Imagery,Imagery data for the Vegetation Mapping Inventory Project of City Of Rocks National Reserve,2009-01-01T00:00:00,Public,2
City Of Rocks National Reserve,https://www.nps.gov/im/vmi-CIRO.htm,2188918,CIRO;VMI,2314752,Data Package,Field data for the Vegetation Mapping Inventory Project of City Of Rocks National Reserve - Open Format Data Package,2022-02-05T00:00:00,Public,88
Colonial National Historical Park,https://www.nps.gov/im/vmi-COLO.htm,1047699,COLO;VMI,660444,Published Report,"Vegetation Classification and Mapping at Colonial National Historical Park, Virginia",2008-06-01T00:00:00,Public,3
Colonial National Historical Park,https://www.nps.gov/im/vmi-COLO.htm,1047699,COLO;VMI,2233548,Assemblage,Field data for the Vegetation Mapping Inventory Project of Colonial National Historical Park,2008-06-01T00:00:00,Public,6
Colonial National Historical Park,https://www.nps.gov/im/vmi-COLO.htm,1047699,COLO;VMI,2233266,Geospatial Dataset,Geospatial data for the Vegetation Mapping Inventory Project of Colonial National Historical Park,2008-06-01T00:00:00,Public,1
Colonial National Historical Park,https://www.nps.gov/im/vmi-COLO.htm,1047699,COLO;VMI,2233762,Imagery,Imagery data for the Vegetation Mapping Inventory Project of Colonial National Historical Park,2002-01-01T00:00:00,Public,4
Colonial National Historical Park,https://www.nps.gov/im/vmi-COLO.htm,1047699,COLO;VMI,2314511,Data Package,Field data for the Vegetation Mapping Inventory Project of Colonial National Historical Park - Open Format Data Package,2022-02-07T00:00:00,Public,33
Colorado National Monument,https://www.nps.gov/im/vmi-COLM.htm,1047698,COLM;VMI,651027,Published Report,"Vegetation Classification and Mapping Project Report, Colorado National Monument",2007-09-01T00:00:00,Public,1
Colorado National Monument,https://www.nps.gov/im/vmi-COLM.htm,1047698,COLM;VMI,2233576,Assemblage,Field data for the Vegetation Mapping Inventory Project of Colorado National Monument,2007-09-01T00:00:00,Public,14
Colorado National Monument,https://www.nps.gov/im/vmi-COLM.htm,1047698,COLM;VMI,2233267,Geospatial Dataset,Geospatial data for the Vegetation Mapping Inventory Project of Colorado National Monument,2005-09-01T00:00:00,Public,1
Colorado National Monument,https://www.nps.gov/im/vmi-COLM.htm,1047698,COLM;VMI,2233773,Imagery,Imagery data for the Vegetation Mapping Inventory Project of Colorado National Monument,2005-01-01T00:00:00,Public,1
Colorado National Monument,https://www.nps.gov/im/vmi-COLM.htm,1047698,COLM;VMI,2314510,Data Package,Field data for the Vegetation Mapping Inventory Project of Colorado National Monument - Open Format Data Package,2022-03-09T00:00:00,Public,67
Congaree National Park,https://www.nps.gov/im/vmi-CONG.htm,1047700,CONG;VMI,2167419,Unpublished Report,USGS-NPS Vegetation mapping program: Classification of the vegetation of Congaree National Park,1996-04-01T00:00:00,Public,7
Congaree National Park,https://www.nps.gov/im/vmi-CONG.htm,1047700,CONG;VMI,2233617,Assemblage,Field data for the Vegetation Mapping Inventory Project of Congaree National Park,1996-01-01T00:00:00,Public,6
Congaree National Park,https://www.nps.gov/im/vmi-CONG.htm,1047700,CONG;VMI,2233269,Geospatial Dataset,Geospatial data for the Vegetation Mapping Inventory Project of Congaree National Park,1998-01-01T00:00:00,Public,1
Congaree National Park,https://www.nps.gov/im/vmi-CONG.htm,1047700,CONG;VMI,2233804,Imagery,Imagery data for the Vegetation Mapping Inventory Project of Congaree National Park,2001-10-01T00:00:00,Public,2
Congaree National Park,https://www.nps.gov/im/vmi-CONG.htm,1047700,CONG;VMI,2314512,Data Package,Field data for the Vegetation Mapping Inventory Project of Congaree National Park - Open Format Data Package,2022-03-09T00:00:00,Public,32
Coronado National Memorial,https://www.nps.gov/im/vmi-CORO.htm,2177129,CORO;VMI,2258616,Assemblage,Field data for the Vegetation Mapping Inventory Project of Coronado National Memorial,2016-01-01T00:00:00,Public,5
Coronado National Memorial,https://www.nps.gov/im/vmi-CORO.htm,2177129,CORO;VMI,2258613,Geospatial Dataset,Geospatial data for the Vegetation Mapping Inventory Project of Coronado National Memorial,2018-11-01T00:00:00,Public,1
Coronado National Memorial,https://www.nps.gov/im/vmi-CORO.htm,2177129,CORO;VMI,2258617,Imagery,Imagery data for the Vegetation Mapping Inventory Project of Coronado National Memorial,2008-10-01T00:00:00,Public,2
Coronado National Memorial,https://www.nps.gov/im/vmi-CORO.htm,2177129,CORO;VMI,2257543,Published Report,"Vegetation inventory, mapping, and characterization report, Coronado National Memorial",2018-11-01T00:00:00,Public,7
Coronado National Memorial,https://www.nps.gov/im/vmi-CORO.htm,2177129,CORO;VMI,2314513,Data Package,Field data for the Vegetation Mapping Inventory Project of Coronado National Memorial - Open Format Data Package,2022-03-21T00:00:00,Public,36
Cowpens National Battlefield,https://www.nps.gov/im/vmi-COWP.htm,2172843,COWP;VMI,2233484,Assemblage,Field data for the Vegetation Mapping Inventory Project of Cowpens National Battlefield,2011-05-01T00:00:00,Public,6
Cowpens National Battlefield,https://www.nps.gov/im/vmi-COWP.htm,2172843,COWP;VMI,2233270,Geospatial Dataset,Geospatial data for the Vegetation Mapping Inventory Project of Cowpens National Battlefield,2003-01-01T00:00:00,Public,1
Cowpens National Battlefield,https://www.nps.gov/im/vmi-COWP.htm,2172843,COWP;VMI,2172846,Unpublished Report,"Vegetation Inventory, Classification and Mapping Information as part of the NPS Vegetation Mapping Inventory Program",2004-04-01T00:00:00,Public,5
Cowpens National Battlefield,https://www.nps.gov/im/vmi-COWP.htm,2172843,COWP;VMI,2233654,Imagery,Imagery data for the Vegetation Mapping Inventory Project of Cowpens National Battlefield,2011-05-01T00:00:00,Public,2
Cowpens National Battlefield,https://www.nps.gov/im/vmi-COWP.htm,2172843,COWP;VMI,2314514,Data Package,Field data for the Vegetation Mapping Inventory Project of Cowpens National Battlefield - Open Format Data Package,2022-02-05T00:00:00,Public,33
Crater Lake National Park,https://www.nps.gov/im/vmi-CRLA.htm,2177183,CRLA;VMI,2254187,Assemblage,Field data for the Vegetation Mapping Inventory Project of Crater Lake National Park,2018-01-01T00:00:00,Public,29
Crater Lake National Park,https://www.nps.gov/im/vmi-CRLA.htm,2177183,CRLA;VMI,2254202,Geospatial Dataset,Geospatial data for the Vegetation Mapping Inventory Project of Crater Lake National Park,2018-01-01T00:00:00,Public,2
Crater Lake National Park,https://www.nps.gov/im/vmi-CRLA.htm,2177183,CRLA;VMI,2254189,Imagery,Imagery data for the Vegetation Mapping Inventory Project of Crater Lake National Park,2011-01-01T00:00:00,Public,1
Crater Lake National Park,https://www.nps.gov/im/vmi-CRLA.htm,2177183,CRLA;VMI,2253695,Published Report,Vegetation classification and mapping: Crater Lake National Park,2018-06-01T00:00:00,Public,7
Crater Lake National Park,https://www.nps.gov/im/vmi-CRLA.htm,2177183,CRLA;VMI,2314516,Data Package,Field data for the Vegetation Mapping Inventory Project of Crater Lake National Park - Open Format Data Package,2022-03-21T00:00:00,Public,38
Craters of the Moon National Monument and Preserve,https://www.nps.gov/im/vmi-CRMO.htm,2170231,CRMO;VMI,663955,Published Report,Vegetation Inventory Project Report: Craters of the Moon National Monument and Preserve,2009-12-01T00:00:00,Public,4
Craters of the Moon National Monument and Preserve,https://www.nps.gov/im/vmi-CRMO.htm,2170231,CRMO;VMI,2233519,Assemblage,Field data for the Vegetation Mapping Inventory Project of Craters of the Moon National Monument and Preserve,2009-12-01T00:00:00,Public,8
Craters of the Moon National Monument and Preserve,https://www.nps.gov/im/vmi-CRMO.htm,2170231,CRMO;VMI,2233271,Geospatial Dataset,Geospatial data for the Vegetation Mapping Inventory Project of Craters of the Moon National Monument and Preserve,2009-12-01T00:00:00,Public,1
Craters of the Moon National Monument and Preserve,https://www.nps.gov/im/vmi-CRMO.htm,2170231,CRMO;VMI,2233737,Imagery,Imagery data for the Vegetation Mapping Inventory Project of Craters of the Moon National Monument and Preserve,2007-12-01T00:00:00,Public,2
Cumberland Gap National Historical Park,https://www.nps.gov/im/vmi-CUGA.htm,2194429,CUGA;VMI,2233485,Assemblage,Field data for the Vegetation Mapping Inventory Project of Cumberland Gap National Historical Park,2011-05-01T00:00:00,Public,6
Cumberland Gap National Historical Park,https://www.nps.gov/im/vmi-CUGA.htm,2194429,CUGA;VMI,2233272,Geospatial Dataset,Geospatial data for the Vegetation Mapping Inventory Project of Cumberland Gap National Historical Park,2006-05-01T00:00:00,Public,1
Cumberland Gap National Historical Park,https://www.nps.gov/im/vmi-CUGA.htm,2194429,CUGA;VMI,610102,Unpublished Report,"Vascular plant inventory, vegetation community classification, mapping, and accuracy assessment report information for Cumberland Gap National Historical Park as part of the NPS Vegetation Mapping Inventory Program",2006-03-01T00:00:00,Public,6
Cumberland Gap National Historical Park,https://www.nps.gov/im/vmi-CUGA.htm,2194429,CUGA;VMI,2233655,Imagery,Imagery data for the Vegetation Mapping Inventory Project of Cumberland Gap National Historical Park,2006-05-01T00:00:00,Public,2
Cumberland Gap National Historical Park,https://www.nps.gov/im/vmi-CUGA.htm,2194429,CUGA;VMI,2314517,Data Package,Field data for the Vegetation Mapping Inventory Project of Cumberland Gap National Historical Park - Open Format Data Package,2022-02-05T00:00:00,Public,32
Cumberland Island National Seashore,https://www.nps.gov/im/vmi-CUIS.htm,2177245,CUIS;VMI,2252835,Assemblage,Field data for the Vegetation Mapping Inventory Project of Cumberland Island National Seashore,2013-01-01T00:00:00,Public,16
Cumberland Island National Seashore,https://www.nps.gov/im/vmi-CUIS.htm,2177245,CUIS;VMI,2252847,Geospatial Dataset,Geospatial data for the Vegetation Mapping Inventory Project of Cumberland Island National Seashore,2015-01-01T00:00:00,Public,1
Cumberland Island National Seashore,https://www.nps.gov/im/vmi-CUIS.htm,2177245,CUIS;VMI,2252849,Published Report,Vegetation Mapping at Cumberland Island National Seashore,2017-09-01T00:00:00,Public,4
Cumberland Island National Seashore,https://www.nps.gov/im/vmi-CUIS.htm,2177245,CUIS;VMI,2252848,Imagery,Imagery data for the Vegetation Mapping Inventory Project of Cumberland Island National Seashore,2011-05-01T00:00:00,Public,14
Cumberland Island National Seashore,https://www.nps.gov/im/vmi-CUIS.htm,2177245,CUIS;VMI,2314518,Data Package,Field data for the Vegetation Mapping Inventory Project of Cumberland Island National Seashore - Open Format Data Package,2022-03-21T00:00:00,Public,32
Curecanti National Recreation Area,https://www.nps.gov/im/vmi-CURE.htm,2169110,CURE;VMI,2166578,Published Report,"Vegetation classification and mapping project report, Curecanti National Recreation Area",2010-12-01T00:00:00,Public,4
Curecanti National Recreation Area,https://www.nps.gov/im/vmi-CURE.htm,2169110,CURE;VMI,2233502,Assemblage,Field data for the Vegetation Mapping Inventory Project of Curecanti National Recreation Area,2005-01-01T00:00:00,Public,11
Curecanti National Recreation Area,https://www.nps.gov/im/vmi-CURE.htm,2169110,CURE;VMI,2233273,Geospatial Dataset,Geospatial data for the Vegetation Mapping Inventory Project of Curecanti National Recreation Area,2005-01-01T00:00:00,Public,1
Curecanti National Recreation Area,https://www.nps.gov/im/vmi-CURE.htm,2169110,CURE;VMI,2233716,Imagery,Imagery data for the Vegetation Mapping Inventory Project of Curecanti National Recreation Area,2005-01-01T00:00:00,Public,3
Curecanti National Recreation Area,https://www.nps.gov/im/vmi-CURE.htm,2169110,CURE;VMI,2314519,Data Package,Field data for the Vegetation Mapping Inventory Project of Curecanti National Recreation Area - Open Format Data Package,2022-03-09T00:00:00,Public,77
Cuyahoga Valley National Park,https://www.nps.gov/im/vmi-CUVA.htm,2177152,CUVA;VMI,2198743,Published Report,Vegetation Information for the Cuyahoga Valley National Park Vegetation Inventory Project,2013-09-12T00:00:00,Public,3
Cuyahoga Valley National Park,https://www.nps.gov/im/vmi-CUVA.htm,2177152,CUVA;VMI,2233439,Assemblage,Field data for the Vegetation Mapping Inventory Project of Cuyahoga Valley National Park,2013-11-01T00:00:00,Public,23
Cuyahoga Valley National Park,https://www.nps.gov/im/vmi-CUVA.htm,2177152,CUVA;VMI,2233274,Geospatial Dataset,Geospatial data for the Vegetation Mapping Inventory Project of Cuyahoga Valley National Park,2013-11-01T00:00:00,Public,1
Cuyahoga Valley National Park,https://www.nps.gov/im/vmi-CUVA.htm,2177152,CUVA;VMI,2233556,Imagery,Imagery data for the Vegetation Mapping Inventory Project of Cuyahoga Valley National Park,2013-11-01T00:00:00,Public,3
Cuyahoga Valley National Park,https://www.nps.gov/im/vmi-CUVA.htm,2177152,CUVA;VMI,2314520,Data Package,Field data for the Vegetation Mapping Inventory Project of Cuyahoga Valley National Park - Open Format Data Package,2022-03-09T00:00:00,Public,41
De Soto National Memorial,https://www.nps.gov/im/vmi-DESO.htm,1049313,DESO;VMI,2167437,Published Report,Vegetation Information for the DESO Vegetation Inventory Project,2009-09-01T00:00:00,Public,2
De Soto National Memorial,https://www.nps.gov/im/vmi-DESO.htm,1049313,DESO;VMI,2238466,Assemblage,Field data for the Vegetation Mapping Inventory Project of De Soto National Memorial,2009-09-01T00:00:00,Public,4
De Soto National Memorial,https://www.nps.gov/im/vmi-DESO.htm,1049313,DESO;VMI,2238485,Geospatial Dataset,Geospatial data for the Vegetation Mapping Inventory Project of De Soto National Memorial,2009-09-01T00:00:00,Public,2
De Soto National Memorial,https://www.nps.gov/im/vmi-DESO.htm,1049313,DESO;VMI,2238447,Imagery,Imagery data for the Vegetation Mapping Inventory Project of De Soto National Memorial,2009-09-01T00:00:00,Public,2
Death Valley National Monument,https://www.nps.gov/im/vmi-DEVA.htm,2177191,DEVA;VMI,2305707,Geospatial Dataset,Geospatial data for the Vegetation Mapping Inventory Project of Death Valley National Park,2021-01-01T00:00:00,Public,1
Death Valley National Monument,https://www.nps.gov/im/vmi-DEVA.htm,2177191,DEVA;VMI,2306014,Assemblage,Report Supplements and Field Data for the Vegetation Mapping Inventory Project of Death Valley National Park,2024-01-01T00:00:00,Public,9
Death Valley National Monument,https://www.nps.gov/im/vmi-DEVA.htm,2177191,DEVA;VMI,2306941,Published Report,Vegetation mapping inventory project: Death Valley National Park,2024-12-01T00:00:00,Public,1
Delaware Water Gap National Recreation Area,https://www.nps.gov/im/vmi-DEWA.htm,1047702,DEWA;ERMN;VMI,646799,Published Report,Classification and Mapping of Vegetation and Fire Fuel Models at Delaware Water Gap National Recreation Area: Volumes 1 and 2,2007-03-01T00:00:00,Public,4
Delaware Water Gap National Recreation Area,https://www.nps.gov/im/vmi-DEWA.htm,1047702,DEWA;ERMN;VMI,2233543,Assemblage,Field data for the Vegetation Mapping Inventory Project of Delaware Water Gap National Recreation Area,2005-08-01T00:00:00,Public,6
Delaware Water Gap National Recreation Area,https://www.nps.gov/im/vmi-DEWA.htm,1047702,DEWA;ERMN;VMI,2233275,Geospatial Dataset,Geospatial data for the Vegetation Mapping Inventory Project of Delaware Water Gap National Recreation Area,2006-01-01T00:00:00,Public,1
Delaware Water Gap National Recreation Area,https://www.nps.gov/im/vmi-DEWA.htm,1047702,DEWA;ERMN;VMI,2233760,Imagery,Imagery data for the Vegetation Mapping Inventory Project of Delaware Water Gap National Recreation Area,2002-04-01T00:00:00,Public,3
Delaware Water Gap National Recreation Area,https://www.nps.gov/im/vmi-DEWA.htm,1047702,DEWA;ERMN;VMI,2314525,Data Package,Field data for the Vegetation Mapping Inventory Project of Delaware Water Gap National Recreation Area - Open Format Data Package,2022-02-05T00:00:00,Public,33
Denali National Park and Preserve,https://www.nps.gov/im/vmi-DENA.htm,2170664,AKR;AKRO;CAKN;DENA;VMI,606695,Published Report,"Denali National Park and Preserve Landcover Mapping Project. Volume 1: Remote sensing data, procedures and results",2001-03-01T00:00:00,Public,2
Denali National Park and Preserve,https://www.nps.gov/im/vmi-DENA.htm,2170664,AKR;AKRO;CAKN;DENA;VMI,606696,Published Report,Denali National Park and Preserve Landcover Mapping Project. Vol. 2: Landcover classes and plant associations,2001-03-01T00:00:00,Public,2
Denali National Park and Preserve,https://www.nps.gov/im/vmi-DENA.htm,2170664,AKR;AKRO;CAKN;DENA;VMI,2171684,Geospatial Dataset,Denali National Park and Preserve landcover,2001-01-01T00:00:00,Public,3
Denali National Park and Preserve,https://www.nps.gov/im/vmi-DENA.htm,2170664,AKR;AKRO;CAKN;DENA;VMI,2225522,Poster,Denali National Park and Preserve landcover map poster,2003-01-01T00:00:00,Public,1
Denali National Park and Preserve,https://www.nps.gov/im/vmi-DENA.htm,2170664,AKR;AKRO;CAKN;DENA;VMI,2243819,Assemblage,field data for Denali National Park and Preserve landcover,1999-01-01T00:00:00,Internal,7
Denali National Park and Preserve,https://www.nps.gov/im/vmi-DENA.htm,2170664,AKR;AKRO;CAKN;DENA;VMI,2314521,Data Package,Field data for the Vegetation Mapping Inventory Project of Denali National Park and Preserve - Open Format Data Package,2022-02-05T00:00:00,Public,45
Devils Tower National Monument,https://www.nps.gov/im/vmi-DETO.htm,1047701,DETO;VMI,2167456,Unpublished Report,Vegetation Information for the DETO Vegetation Inventory Project,1998-01-01T00:00:00,Public,4
Devils Tower National Monument,https://www.nps.gov/im/vmi-DETO.htm,1047701,DETO;VMI,2233627,Assemblage,Field data for the Vegetation Mapping Inventory Project of Devils Tower National Monument,1998-01-01T00:00:00,Public,6
Devils Tower National Monument,https://www.nps.gov/im/vmi-DETO.htm,1047701,DETO;VMI,2233276,Geospatial Dataset,Geospatial data for the Vegetation Mapping Inventory Project of Devils Tower National Monument,1998-01-01T00:00:00,Public,1
Devils Tower National Monument,https://www.nps.gov/im/vmi-DETO.htm,1047701,DETO;VMI,2233813,Imagery,Imagery data for the Vegetation Mapping Inventory Project of Devils Tower National Monument,1997-01-01T00:00:00,Public,2
Devils Tower National Monument,https://www.nps.gov/im/vmi-DETO.htm,1047701,DETO;VMI,2314524,Data Package,Field data for the Vegetation Mapping Inventory Project of Devils Tower National Monument - Open Format Data Package,2022-02-05T00:00:00,Public,32
Dinosaur National Monument,https://www.nps.gov/im/vmi-DINO.htm,1047703,DINO;VMI,654353,Published Report,"Vegetation Classification and Mapping Project Report, Dinosaur National Monument",2008-07-01T00:00:00,Public,4
Dinosaur National Monument,https://www.nps.gov/im/vmi-DINO.htm,1047703,DINO;VMI,2233541,Assemblage,Field data for the Vegetation Mapping Inventory Project of Dinosaur National Monument,2005-09-01T00:00:00,Public,19
Dinosaur National Monument,https://www.nps.gov/im/vmi-DINO.htm,1047703,DINO;VMI,2233277,Geospatial Dataset,Geospatial data for the Vegetation Mapping Inventory Project of Dinosaur National Monument,2004-09-01T00:00:00,Public,1
Dinosaur National Monument,https://www.nps.gov/im/vmi-DINO.htm,1047703,DINO;VMI,2233757,Imagery,Imagery data for the Vegetation Mapping Inventory Project of Dinosaur National Monument,2003-09-01T00:00:00,Public,1
Dinosaur National Monument,https://www.nps.gov/im/vmi-DINO.htm,1047703,DINO;VMI,2314526,Data Package,Field data for the Vegetation Mapping Inventory Project of Dinosaur National Monument - Open Format Data Package,2022-02-05T00:00:00,Public,76
Dry Tortugas National Park,https://www.nps.gov/im/vmi-DRTO.htm,2177236,DRTO;VMI,2172435,Published Report,"Dry Tortugas National Park Vegetation Map, 2009",2011-07-01T00:00:00,Public,2
Dry Tortugas National Park,https://www.nps.gov/im/vmi-DRTO.htm,2177236,DRTO;VMI,2180962,Geospatial Dataset,Geospatial data for the Vegetation Mapping Inventory Project of Dry Tortugas National Park,2010-01-01T00:00:00,Public,2
Dry Tortugas National Park,https://www.nps.gov/im/vmi-DRTO.htm,2177236,DRTO;VMI,2233462,Assemblage,Field data for the Vegetation Mapping Inventory Project of Dry Tortugas National Park,2010-05-01T00:00:00,Public,7
Ebeys Landing National Historical Reserve,https://www.nps.gov/im/vmi-EBLA.htm,2177198,EBLA;NCCN;VMI,2240626,Assemblage,Field data for the Vegetation Mapping Inventory Project of Ebey's Landing National Historic Reserve,2014-11-01T00:00:00,Public,5
Ebeys Landing National Historical Reserve,https://www.nps.gov/im/vmi-EBLA.htm,2177198,EBLA;NCCN;VMI,2240629,Geospatial Dataset,Geospatial data for the Vegetation Mapping Inventory Project of Ebey's Landing National Historic Reserve,2014-01-01T00:00:00,Public,2
Ebeys Landing National Historical Reserve,https://www.nps.gov/im/vmi-EBLA.htm,2177198,EBLA;NCCN;VMI,2240628,Imagery,Imagery data for the Vegetation Mapping Inventory Project of Ebey's Landing National Historical Reserve,2011-01-01T00:00:00,Public,2
Ebeys Landing National Historical Reserve,https://www.nps.gov/im/vmi-EBLA.htm,2177198,EBLA;NCCN;VMI,2227312,Published Report,Ebey's Landing National Historical Reserve vegetation inventory and mapping project,2016-02-01T00:00:00,Public,4
Ebeys Landing National Historical Reserve,https://www.nps.gov/im/vmi-EBLA.htm,2177198,EBLA;NCCN;VMI,2314528,Data Package,Field data for the Vegetation Mapping Inventory Project of Ebey's Landing National Historical Reserve - Open Format Data Package,2022-03-09T00:00:00,Public,37
Effigy Mounds National Monument,https://www.nps.gov/im/vmi-EFMO.htm,1047704,EFMO;VMI,598390,Published Report,"Vegetation Mapping Program Effigy Mounds National Monument, Iowa",2005-01-01T00:00:00,Public,4
Effigy Mounds National Monument,https://www.nps.gov/im/vmi-EFMO.htm,1047704,EFMO;VMI,2233593,Assemblage,Field data for the Vegetation Mapping Inventory Project of Effigy Mounds National Monument,2004-03-01T00:00:00,Public,7
Effigy Mounds National Monument,https://www.nps.gov/im/vmi-EFMO.htm,1047704,EFMO;VMI,2233279,Geospatial Dataset,Geospatial data for the Vegetation Mapping Inventory Project of Effigy Mounds National Monument,2006-03-01T00:00:00,Public,1
Effigy Mounds National Monument,https://www.nps.gov/im/vmi-EFMO.htm,1047704,EFMO;VMI,2233787,Imagery,Imagery data for the Vegetation Mapping Inventory Project of Effigy Mounds National Monument,2006-03-01T00:00:00,Public,4
Effigy Mounds National Monument,https://www.nps.gov/im/vmi-EFMO.htm,1047704,EFMO;VMI,2314529,Data Package,Field data for the Vegetation Mapping Inventory Project of Effigy Mounds National Monument - Open Format Data Package,2022-02-05T00:00:00,Public,33
Eisenhower National Historic Site,https://www.nps.gov/im/vmi-GETT-EISE.htm,1048532,EISE;GETT;VMI,650803,Published Report,Vegetation Classification and Mapping at Gettysburg National Military Park and Eisenhower National Historic Site,2006-09-01T00:00:00,Public,3
Eisenhower National Historic Site,https://www.nps.gov/im/vmi-GETT-EISE.htm,1048532,EISE;GETT;VMI,2233574,Assemblage,Field data for the Vegetation Mapping Inventory Project of Gettysburg National Military Park and Eisenhower National Historic Site,2005-09-01T00:00:00,Public,6
Eisenhower National Historic Site,https://www.nps.gov/im/vmi-GETT-EISE.htm,1048532,EISE;GETT;VMI,2233298,Geospatial Dataset,Geospatial data for the Vegetation Mapping Inventory Project of Gettysburg National Military Park and Eisenhower National Historic Site,2006-01-01T00:00:00,Public,2
Eisenhower National Historic Site,https://www.nps.gov/im/vmi-GETT-EISE.htm,1048532,EISE;GETT;VMI,2233772,Imagery,Imagery data for the Vegetation Mapping Inventory Project of Gettysburg National Military Park and Eisenhower National Historic Site,2003-04-13T00:00:00,Public,3
Eisenhower National Historic Site,https://www.nps.gov/im/vmi-GETT-EISE.htm,1048532,EISE;GETT;VMI,2314554,Data Package,"Field data for the Vegetation Mapping Inventory Project of Gettysburg National Military Park, Eisenhower National Historic Site - Open Format Data Package",2022-02-06T00:00:00,Public,13
El Malpais National Monument,https://www.nps.gov/im/vmi-ELMA.htm,2177137,ELMA;VMI,2215532,Published Report,Vegetation Classification and Map: El Malpais National Monument,2013-10-01T00:00:00,Public,6
El Malpais National Monument,https://www.nps.gov/im/vmi-ELMA.htm,2177137,ELMA;VMI,2233438,Assemblage,Field data for the Vegetation Mapping Inventory Project of El Malpais National Monument,2009-04-01T00:00:00,Public,39
El Malpais National Monument,https://www.nps.gov/im/vmi-ELMA.htm,2177137,ELMA;VMI,2233280,Geospatial Dataset,Geospatial data for the Vegetation Mapping Inventory Project of El Malpais National Monument,2012-04-01T00:00:00,Public,1
El Malpais National Monument,https://www.nps.gov/im/vmi-ELMA.htm,2177137,ELMA;VMI,2233555,Imagery,Imagery data for the Vegetation Mapping Inventory Project of El Malpais National Monument,2003-11-01T00:00:00,Public,2
El Malpais National Monument,https://www.nps.gov/im/vmi-ELMA.htm,2177137,ELMA;VMI,2314531,Data Package,Field data for the Vegetation Mapping Inventory Project of El Malpais National Monument - Open Format Data Package,2022-02-05T00:00:00,Public,35
El Morro National Monument,https://www.nps.gov/im/vmi-ELMO.htm,2165622,ELMO;SCPN;VMI,2124960,Published Report,Vegetation classification and distribution mapping report: El Morro National Monument,2010-08-01T00:00:00,Public,3
El Morro National Monument,https://www.nps.gov/im/vmi-ELMO.htm,2165622,ELMO;SCPN;VMI,2233506,Assemblage,Field data for the Vegetation Mapping Inventory Project of El Morro National Monument,2010-08-01T00:00:00,Public,5
El Morro National Monument,https://www.nps.gov/im/vmi-ELMO.htm,2165622,ELMO;SCPN;VMI,2233281,Geospatial Dataset,Geospatial data for the Vegetation Mapping Inventory Project of El Morro National Monument,2010-08-01T00:00:00,Public,1
El Morro National Monument,https://www.nps.gov/im/vmi-ELMO.htm,2165622,ELMO;SCPN;VMI,2233721,Imagery,Imagery data for the Vegetation Mapping Inventory Project of El Morro National Monument,2010-08-01T00:00:00,Public,1
El Morro National Monument,https://www.nps.gov/im/vmi-ELMO.htm,2165622,ELMO;SCPN;VMI,2314532,Data Package,Field data for the Vegetation Mapping Inventory Project of El Morro National Monument - Open Format Data Package,2022-02-05T00:00:00,Public,13
Everglades National Park,https://www.nps.gov/im/vmi-EVER.htm,2177237,EVER;VMI,2286556,Geospatial Dataset,The Vegetation of Everglades National Park: Final Report (Spatial Data),2021-06-01T00:00:00,Public,1
Everglades National Park,https://www.nps.gov/im/vmi-EVER.htm,2177237,EVER;VMI,2280039,Geospatial Dataset,"The Everglades National Park and Big Cypress National Preserve Vegetation Mapping Project: Geodatabase—Northwest Coastal Everglades (Region 4), Everglades National Park",2020-12-01T00:00:00,Public,1
Everglades National Park,https://www.nps.gov/im/vmi-EVER.htm,2177237,EVER;VMI,2280044,Geospatial Dataset,"The Everglades National Park and Big Cypress National Preserve Vegetation Mapping Project: Geodatabase—Southwest Coastal Everglades (Region 3), Everglades National Park",2020-12-01T00:00:00,Public,1
Everglades National Park,https://www.nps.gov/im/vmi-EVER.htm,2177237,EVER;VMI,2244641,Geospatial Dataset,"The Everglades National Park and Big Cypress National Preserve Vegetation Mapping Project: Geodatabase–Southeast Saline Everglades (Region 2), Everglades National Park",2017-10-01T00:00:00,Public,1
Everglades National Park,https://www.nps.gov/im/vmi-EVER.htm,2177237,EVER;VMI,2267445,Geospatial Dataset,"The Everglades National Park and Big Cypress National Preserve vegetation mapping project: Geodatabase—Eastern Big Cypress (Regions 5 & 6), Big Cypress National Preserve",2019-10-01T00:00:00,Public,1
Everglades National Park,https://www.nps.gov/im/vmi-EVER.htm,2177237,EVER;VMI,2243281,Published Report,"The Everglades National Park and Big Cypress National Preserve Vegetation Mapping Project: Interim report–Southeast Saline Everglades (Region 2), Everglades National Park",2017-08-01T00:00:00,Public,1
Everglades National Park,https://www.nps.gov/im/vmi-EVER.htm,2177237,EVER;VMI,2256787,Published Report,"The Everglades National Park and Big Cypress National Preserve Vegetation Mapping Project: Interim report—Southwest Coastal Everglades (Region 3), Everglades National Park",2018-10-01T00:00:00,Public,2
Everglades National Park,https://www.nps.gov/im/vmi-EVER.htm,2177237,EVER;VMI,2287139,Assemblage,Report Supplements and Field data for the Vegetation Mapping Inventory Project of Everglades National Park and Big Cypress National Preserve,2018-01-01T00:00:00,Public,15
Everglades National Park,https://www.nps.gov/im/vmi-EVER.htm,2177237,EVER;VMI,2278515,Geospatial Dataset,Western Big Cypress National Preserve Vegetation Map (Geodatabase and supporting documentation),2020-08-25T00:00:00,Public,1
Everglades National Park,https://www.nps.gov/im/vmi-EVER.htm,2177237,EVER;VMI,2288126,Geospatial Dataset,"The Everglades National Park and Big Cypress National Preserve vegetation mapping project: Interim Report-Eastern Big Cypress (Regions 5 & 6), Big Cypress National Preserve (Geospatial Product & Final Report)",2019-10-31T00:00:00,Public,1
Fort Caroline National Monument,https://www.nps.gov/im/vmi-FOCA.htm,2177246,FOCA;VMI,2271648,Assemblage,Field data for the Vegetation Mapping Inventory Project of Fort Caroline National Memorial,2019-01-01T00:00:00,Public,11
Fort Caroline National Monument,https://www.nps.gov/im/vmi-FOCA.htm,2177246,FOCA;VMI,2271651,Geospatial Dataset,Geospatial data for the Vegetation Mapping Inventory Project of Fort Caroline National Monument,2018-01-01T00:00:00,Public,1
Fort Caroline National Monument,https://www.nps.gov/im/vmi-FOCA.htm,2177246,FOCA;VMI,2271650,Imagery,Imagery data for the Vegetation Mapping Inventory Project of Fort Caroline National Monument,2011-05-11T00:00:00,Public,1
Fort Caroline National Monument,https://www.nps.gov/im/vmi-FOCA.htm,2177246,FOCA;VMI,2266799,Published Report,Vegetation mapping at Fort Caroline National Memorial: Photointerpretation key and final vegetation map,2019-10-01T00:00:00,Public,7
Fort Caroline National Monument,https://www.nps.gov/im/vmi-FOCA.htm,2177246,FOCA;VMI,2314538,Data Package,Field data for the Vegetation Mapping Inventory Project of Fort Caroline National Memorial - Open Format Data Package,2022-03-28T00:00:00,Public,37
Fort Matanzas National Monument,https://www.nps.gov/im/vmi-FOMA.htm,2177248,FOMA;VMI,2271840,Assemblage,Field data for the Vegetation Mapping Inventory Project of Fort Matanzas National Memorial,2019-01-01T00:00:00,Public,9
Fort Matanzas National Monument,https://www.nps.gov/im/vmi-FOMA.htm,2177248,FOMA;VMI,2271841,Geospatial Dataset,Geospatial data for the Vegetation Mapping Inventory Project of Fort Matanzas National Monument,2018-01-01T00:00:00,Public,1
Fort Matanzas National Monument,https://www.nps.gov/im/vmi-FOMA.htm,2177248,FOMA;VMI,2271823,Imagery,Imagery data for the Vegetation Mapping Inventory Project of Fort Matanzas National Monument,2012-01-01T00:00:00,Public,1
Fort Matanzas National Monument,https://www.nps.gov/im/vmi-FOMA.htm,2177248,FOMA;VMI,2266813,Published Report,Vegetation mapping at Fort Matanzas National Monument: Photointerpretation key and final vegetation map,2019-10-01T00:00:00,Public,11
Fort Matanzas National Monument,https://www.nps.gov/im/vmi-FOMA.htm,2177248,FOMA;VMI,2314544,Data Package,Field data for the Vegetation Mapping Inventory Project of Fort Matanzas National Monument - Open Format Data Package,2022-03-28T00:00:00,Public,42
Fort Necessity National Battlefield,https://www.nps.gov/im/vmi-FONE.htm,1047709,ERMN;FONE;VMI,617647,Published Report,Vegetation Classification and Mapping at Fort Necessity National Battlefield,2006-04-01T00:00:00,Public,3
Fort Necessity National Battlefield,https://www.nps.gov/im/vmi-FONE.htm,1047709,ERMN;FONE;VMI,2233592,Assemblage,Field data for the Vegetation Mapping Inventory Project of Fort Necessity National Battlefield,2006-05-01T00:00:00,Public,6
Fort Necessity National Battlefield,https://www.nps.gov/im/vmi-FONE.htm,1047709,ERMN;FONE;VMI,2233288,Geospatial Dataset,Geospatial data for the Vegetation Mapping Inventory Project of Fort Necessity National Battlefield,2004-05-01T00:00:00,Public,1
Fort Necessity National Battlefield,https://www.nps.gov/im/vmi-FONE.htm,1047709,ERMN;FONE;VMI,2233786,Imagery,Imagery data for the Vegetation Mapping Inventory Project of Fort Necessity National Battlefield,2003-05-01T00:00:00,Public,4
Fort Point National Historic Site,https://www.nps.gov/im/vmi-PORE-GOGA.htm,2165650,FOPO;GOGA;MUWO;PORE;VMI,650014,Unpublished Report,"Plant Community Classification and Mapping Project Final Report: Point Reyes National Seashore, Golden Gate National Recreation Area, San Francisco Water Department Watershed Lands, Mount Tamalpais, Tomales Bay, and Samuel P. Taylor State Parks",2003-07-30T00:00:00,Public,4
Fort Point National Historic Site,https://www.nps.gov/im/vmi-PORE-GOGA.htm,2165650,FOPO;GOGA;MUWO;PORE;VMI,2168579,Geospatial Dataset,"Geospatial data for the Vegetation Mapping Inventory Project of Point Reyes National Seashore, Golden Gate National Recreation Area, Muir Woods National Monument and Fort Point National Historic Site",2003-01-01T00:00:00,Public,1
Fort Point National Historic Site,https://www.nps.gov/im/vmi-PORE-GOGA.htm,2165650,FOPO;GOGA;MUWO;PORE;VMI,2252222,Assemblage,"Field data for the Vegetation Mapping Inventory Project of Point Reyes National Seashore, Golden Gate National Recreation Area [and Muir Woods National Monument]",2011-01-01T00:00:00,Public,5
Fort Point National Historic Site,https://www.nps.gov/im/vmi-PORE-GOGA.htm,2165650,FOPO;GOGA;MUWO;PORE;VMI,2314741,Data Package,"Field data for the Vegetation Mapping Inventory Project of Point Reyes National Seashore, Golden Gate National Recreation Area - Open Format Data Package",2022-03-21T00:00:00,Public,33
Friendship Hill National Historic Site,https://www.nps.gov/im/vmi-FRHI.htm,1047710,FRHI;VMI,627533,Published Report,Vegetation Classification and Mapping at Friendship Hill National Historic Site,2006-06-01T00:00:00,Public,3
Friendship Hill National Historic Site,https://www.nps.gov/im/vmi-FRHI.htm,1047710,FRHI;VMI,2233586,Assemblage,Field data for the Vegetation Mapping Inventory Project of Friendship Hill National Historic Site,2006-12-01T00:00:00,Public,6
Friendship Hill National Historic Site,https://www.nps.gov/im/vmi-FRHI.htm,1047710,FRHI;VMI,2233294,Geospatial Dataset,Geospatial data for the Vegetation Mapping Inventory Project of Friendship Hill National Historic Site,2006-12-01T00:00:00,Public,1
Friendship Hill National Historic Site,https://www.nps.gov/im/vmi-FRHI.htm,1047710,FRHI;VMI,2233782,Imagery,Imagery data for the Vegetation Mapping Inventory Project of Friendship Hill National Historic Site,2003-04-13T00:00:00,Public,3
Friendship Hill National Historic Site,https://www.nps.gov/im/vmi-FRHI.htm,1047710,FRHI;VMI,2314549,Data Package,Field data for the Vegetation Mapping Inventory Project of Friendship Hill National Historic Site - Open Format Data Package,2022-03-10T00:00:00,Public,33
George Washington Memorial Parkway,https://www.nps.gov/im/vmi-GWMP.htm,2287477,ANTI;CATO;CHOH;GWMP;HAFE;MANA;MONO;NACE;NCR;NCRN;PRWI;ROCR;VMI;WOTR,2304343,Published Report,"Baseline vegetation mapping of National Capital Region parks in Maryland, Virginia, West Virginia, and the District of Columbia: Part 1—final report",2024-06-01T00:00:00,Public,1
George Washington Memorial Parkway,https://www.nps.gov/im/vmi-GWMP.htm,2287477,ANTI;CATO;CHOH;GWMP;HAFE;MANA;MONO;NACE;NCR;NCRN;PRWI;ROCR;VMI;WOTR,2287622,Assemblage,Report Supplements and Field data for the Vegetation Mapping Inventory Project of National Capital Region Parks,2020-12-01T00:00:00,Public,24
George Washington Memorial Parkway,https://www.nps.gov/im/vmi-GWMP.htm,2287477,ANTI;CATO;CHOH;GWMP;HAFE;MANA;MONO;NACE;NCR;NCRN;PRWI;ROCR;VMI;WOTR,2258401,Geospatial Dataset,Geospatial data for the Vegetation Mapping Inventory Project of Antietam National Battlefield,2018-12-01T00:00:00,Public,2
George Washington Memorial Parkway,https://www.nps.gov/im/vmi-GWMP.htm,2287477,ANTI;CATO;CHOH;GWMP;HAFE;MANA;MONO;NACE;NCR;NCRN;PRWI;ROCR;VMI;WOTR,2258407,Geospatial Dataset,Geospatial data for the Vegetation Mapping Inventory Project of Catoctin Mountain Park,2018-12-01T00:00:00,Public,2
George Washington Memorial Parkway,https://www.nps.gov/im/vmi-GWMP.htm,2287477,ANTI;CATO;CHOH;GWMP;HAFE;MANA;MONO;NACE;NCR;NCRN;PRWI;ROCR;VMI;WOTR,2258410,Geospatial Dataset,Geospatial data for the Vegetation Mapping Inventory Project of Chesapeake & Ohio Canal National Historical Park,2018-01-01T00:00:00,Public,2
George Washington Memorial Parkway,https://www.nps.gov/im/vmi-GWMP.htm,2287477,ANTI;CATO;CHOH;GWMP;HAFE;MANA;MONO;NACE;NCR;NCRN;PRWI;ROCR;VMI;WOTR,2258414,Geospatial Dataset,Geospatial data for the Vegetation Mapping Inventory Project of George Washington Memorial Parkway,2018-12-01T00:00:00,Public,2
George Washington Memorial Parkway,https://www.nps.gov/im/vmi-GWMP.htm,2287477,ANTI;CATO;CHOH;GWMP;HAFE;MANA;MONO;NACE;NCR;NCRN;PRWI;ROCR;VMI;WOTR,2258420,Geospatial Dataset,Geospatial data for the Vegetation Mapping Inventory Project of Harpers Ferry National Historical Park,2018-12-01T00:00:00,Public,2
George Washington Memorial Parkway,https://www.nps.gov/im/vmi-GWMP.htm,2287477,ANTI;CATO;CHOH;GWMP;HAFE;MANA;MONO;NACE;NCR;NCRN;PRWI;ROCR;VMI;WOTR,2258422,Geospatial Dataset,Geospatial data for the Vegetation Mapping Inventory Project of Manassas National Battlefield Park,2018-12-01T00:00:00,Public,2
George Washington Memorial Parkway,https://www.nps.gov/im/vmi-GWMP.htm,2287477,ANTI;CATO;CHOH;GWMP;HAFE;MANA;MONO;NACE;NCR;NCRN;PRWI;ROCR;VMI;WOTR,2258427,Geospatial Dataset,Geospatial data for the Vegetation Mapping Inventory Project of Monocacy National Battlefield,2018-12-01T00:00:00,Public,2
George Washington Memorial Parkway,https://www.nps.gov/im/vmi-GWMP.htm,2287477,ANTI;CATO;CHOH;GWMP;HAFE;MANA;MONO;NACE;NCR;NCRN;PRWI;ROCR;VMI;WOTR,2258428,Geospatial Dataset,Geospatial data for the Vegetation Mapping Inventory Project of National Capital Parks-East,2018-12-01T00:00:00,Public,2
George Washington Memorial Parkway,https://www.nps.gov/im/vmi-GWMP.htm,2287477,ANTI;CATO;CHOH;GWMP;HAFE;MANA;MONO;NACE;NCR;NCRN;PRWI;ROCR;VMI;WOTR,2258430,Geospatial Dataset,Geospatial data for the Vegetation Mapping Inventory Project of Prince William Forest Park,2018-12-01T00:00:00,Public,2
George Washington Memorial Parkway,https://www.nps.gov/im/vmi-GWMP.htm,2287477,ANTI;CATO;CHOH;GWMP;HAFE;MANA;MONO;NACE;NCR;NCRN;PRWI;ROCR;VMI;WOTR,2258435,Geospatial Dataset,Geospatial data for the Vegetation Mapping Inventory Project of Wolf Trap National Park for the Performing Arts,2018-12-01T00:00:00,Public,2
George Washington Memorial Parkway,https://www.nps.gov/im/vmi-GWMP.htm,2287477,ANTI;CATO;CHOH;GWMP;HAFE;MANA;MONO;NACE;NCR;NCRN;PRWI;ROCR;VMI;WOTR,2188509,Imagery,"Aerial Photograph (Color Infrared) 2004, Catoctin Mountain Park",2006-01-25T00:00:00,Public,3
George Washington Memorial Parkway,https://www.nps.gov/im/vmi-GWMP.htm,2287477,ANTI;CATO;CHOH;GWMP;HAFE;MANA;MONO;NACE;NCR;NCRN;PRWI;ROCR;VMI;WOTR,2239909,Imagery,"Aerial Photography 2004, Color Infrared C&O Canal National Historical Park",2006-01-25T00:00:00,Public,7
George Washington Memorial Parkway,https://www.nps.gov/im/vmi-GWMP.htm,2287477,ANTI;CATO;CHOH;GWMP;HAFE;MANA;MONO;NACE;NCR;NCRN;PRWI;ROCR;VMI;WOTR,2239913,Imagery,"Aerial Photography 2004, Color Infrared George Washington Memorial Parkway",2006-01-25T00:00:00,Public,2
George Washington Memorial Parkway,https://www.nps.gov/im/vmi-GWMP.htm,2287477,ANTI;CATO;CHOH;GWMP;HAFE;MANA;MONO;NACE;NCR;NCRN;PRWI;ROCR;VMI;WOTR,2239915,Imagery,"Aerial Photography 2004, Color Infrared Harpers Ferry National Historical Park",2006-01-25T00:00:00,Public,1
George Washington Memorial Parkway,https://www.nps.gov/im/vmi-GWMP.htm,2287477,ANTI;CATO;CHOH;GWMP;HAFE;MANA;MONO;NACE;NCR;NCRN;PRWI;ROCR;VMI;WOTR,2239917,Imagery,"Aerial Photography 2004, Color Infrared Manassas National Battlefield Park",2006-01-25T00:00:00,Public,1
George Washington Memorial Parkway,https://www.nps.gov/im/vmi-GWMP.htm,2287477,ANTI;CATO;CHOH;GWMP;HAFE;MANA;MONO;NACE;NCR;NCRN;PRWI;ROCR;VMI;WOTR,2239918,Imagery,"Aerial Photography 2004, Color Infrared National Capital Parks-East",2006-01-25T00:00:00,Public,4
George Washington Memorial Parkway,https://www.nps.gov/im/vmi-GWMP.htm,2287477,ANTI;CATO;CHOH;GWMP;HAFE;MANA;MONO;NACE;NCR;NCRN;PRWI;ROCR;VMI;WOTR,2239921,Imagery,"Aerial Photography 2004, Color Infrared Prince William Forest Park",2006-01-25T00:00:00,Public,1
George Washington Memorial Parkway,https://www.nps.gov/im/vmi-GWMP.htm,2287477,ANTI;CATO;CHOH;GWMP;HAFE;MANA;MONO;NACE;NCR;NCRN;PRWI;ROCR;VMI;WOTR,2239922,Imagery,"Aerial Photography 2004, Color Infrared Wolf Trap National Park for the Performing Arts",2006-01-25T00:00:00,Public,1
George Washington Memorial Parkway,https://www.nps.gov/im/vmi-GWMP.htm,2287477,ANTI;CATO;CHOH;GWMP;HAFE;MANA;MONO;NACE;NCR;NCRN;PRWI;ROCR;VMI;WOTR,1041523,Imagery,Antietam National Battlefield Park Color Infrared (CIR) Mosaic - 2004,2006-01-25T00:00:00,Public,3
George Washington Memorial Parkway,https://www.nps.gov/im/vmi-GWMP.htm,2287477,ANTI;CATO;CHOH;GWMP;HAFE;MANA;MONO;NACE;NCR;NCRN;PRWI;ROCR;VMI;WOTR,1042444,Imagery,"Monocacy National Battlefield color infrared (CIR) image mosaic - UTM, NAD83, meters",2006-01-25T00:00:00,Public,3
Gila Cliff Dwellings National Monument,https://www.nps.gov/im/vmi-GICL.htm,2177131,GICL;VMI,2275712,Assemblage,Field data for the Vegetation Mapping Inventory Project of Gila Cliff Dwellings National Monument,2019-01-01T00:00:00,Public,6
Gila Cliff Dwellings National Monument,https://www.nps.gov/im/vmi-GICL.htm,2177131,GICL;VMI,2275710,Geospatial Dataset,Geospatial data for the Vegetation Mapping Inventory Project of Gila Cliffs Dwellings National Monument,2015-01-01T00:00:00,Public,1
Gila Cliff Dwellings National Monument,https://www.nps.gov/im/vmi-GICL.htm,2177131,GICL;VMI,2275713,Imagery,Imagery data for the Vegetation Mapping Inventory Project of Gila Cliff Dwellings National Monument,2009-05-01T00:00:00,Public,2
Gila Cliff Dwellings National Monument,https://www.nps.gov/im/vmi-GICL.htm,2177131,GICL;VMI,2264846,Published Report,"Vegetation inventory, mapping, and characterization report, Gila Cliff Dwellings National Monument",2019-06-01T00:00:00,Public,7
Gila Cliff Dwellings National Monument,https://www.nps.gov/im/vmi-GICL.htm,2177131,GICL;VMI,2314556,Data Package,Field data for the Vegetation Mapping Inventory Project of Gila Cliff Dwellings National Monument - Open Format Data Package,2022-03-10T00:00:00,Public,36
Glacier Bay National Park and Preserve,https://www.nps.gov/im/vmi-GLBA.htm,2170666,AKR;AKRO;GLBA;SEAN;VMI,2268276,Photogrammetry Image,Orthorectification and Automation of  Glacier Bay National Park and Preserve Landcover Mapping,2019-12-31T00:00:00,Internal,2
Glacier Bay National Park and Preserve,https://www.nps.gov/im/vmi-GLBA.htm,2170666,AKR;AKRO;GLBA;SEAN;VMI,653861,Published Report,Landcover classes and plant associations of Glacier Bay National Park and Preserve,2007-11-01T00:00:00,Public,2
Glacier Bay National Park and Preserve,https://www.nps.gov/im/vmi-GLBA.htm,2170666,AKR;AKRO;GLBA;SEAN;VMI,2171638,Geospatial Dataset,Glacier Bay National Park and Preserve landcover,2008-01-01T00:00:00,Public,3
Glacier Bay National Park and Preserve,https://www.nps.gov/im/vmi-GLBA.htm,2170666,AKR;AKRO;GLBA;SEAN;VMI,2227649,Poster,Glacier Bay National Park and Preserve landcover map poster,2008-01-01T00:00:00,Public,1
Glacier Bay National Park and Preserve,https://www.nps.gov/im/vmi-GLBA.htm,2170666,AKR;AKRO;GLBA;SEAN;VMI,2243820,Assemblage,field data for the Glacier Bay National Park and Preserve vegetation mapping Inventory Project,2001-01-01T00:00:00,Internal,7
Glen Canyon National Recreation Area,https://www.nps.gov/im/vmi-GLCA-RABR.htm,2177138,GLCA;VMI,2247843,Assemblage,Field data for the Vegetation Mapping Inventory Project of Glen Canyon National Recreation Area and Rainbow Bridge National Monument,2013-01-01T00:00:00,Public,61
Glen Canyon National Recreation Area,https://www.nps.gov/im/vmi-GLCA-RABR.htm,2177138,GLCA;VMI,2247840,Geospatial Dataset,Geospatial data for the Vegetation Mapping Inventory Project of Glen Canyon National Recreation Area and Rainbow Bridge National Monument,2014-01-01T00:00:00,Public,2
Glen Canyon National Recreation Area,https://www.nps.gov/im/vmi-GLCA-RABR.htm,2177138,GLCA;VMI,2247847,Imagery,Imagery data for the Vegetation Mapping Inventory Project of Glen Canyon National Recreation Area and Rainbow Bridge National Monument,2010-01-01T00:00:00,Public,1
Glen Canyon National Recreation Area,https://www.nps.gov/im/vmi-GLCA-RABR.htm,2177138,GLCA;VMI,2243763,Published Report,"Vegetation classification and mapping project report, Glen Canyon National Recreation Area and Rainbow Bridge National Monument",2017-08-01T00:00:00,Public,5
Glen Canyon National Recreation Area,https://www.nps.gov/im/vmi-GLCA-RABR.htm,2177138,GLCA;VMI,2314559,Data Package,"Field data for the Vegetation Mapping Inventory Project of Glen Canyon National Recreation Area, Rainbow Bridge National Monument - Open Format Data Package",2022-03-21T00:00:00,Public,73
Guadalupe Mountains National Park,https://www.nps.gov/im/vmi-GUMO.htm,2177117,GUMO;VMI,2258340,Assemblage,Report Supplements and Field data for the Vegetation Mapping Inventory Project of Guadalupe Mountains National Park,2018-01-01T00:00:00,Public,20
Guadalupe Mountains National Park,https://www.nps.gov/im/vmi-GUMO.htm,2177117,GUMO;VMI,2258337,Geospatial Dataset,Geospatial data for the Vegetation Mapping Inventory Project of Guadalupe Mountains National Park,2018-05-01T00:00:00,Public,1
Guadalupe Mountains National Park,https://www.nps.gov/im/vmi-GUMO.htm,2177117,GUMO;VMI,2258339,Imagery,Imagery data for the Vegetation Mapping Inventory Project of Guadalupe Mountains National Park,2018-05-01T00:00:00,Public,2
Guadalupe Mountains National Park,https://www.nps.gov/im/vmi-GUMO.htm,2177117,GUMO;VMI,2302855,Published Report,A vegetation classiﬁcation and map: Guadalupe Mountains National Park,2024-03-01T00:00:00,Public,1
Guadalupe Mountains National Park,https://www.nps.gov/im/vmi-GUMO.htm,2177117,GUMO;VMI,2314574,Data Package,Field data for the Vegetation Mapping Inventory Project of Guadalupe Mountains National Park - Open Format Data Package,2022-02-06T00:00:00,Public,30
Gulf Islands National Seashore,https://www.nps.gov/im/vmi-GUIS.htm,2177229,GUIS;VMI,2285353,Assemblage,Report supplements and field data for the Vegetation Mapping Inventory Project of Gulf Islands National Seashore,2020-09-01T00:00:00,Public,14
Gulf Islands National Seashore,https://www.nps.gov/im/vmi-GUIS.htm,2177229,GUIS;VMI,2285354,Geospatial Dataset,Geospatial data for the Vegetation Mapping Inventory Project of Gulf Islands National Seashore,2020-09-01T00:00:00,Public,1
Gulf Islands National Seashore,https://www.nps.gov/im/vmi-GUIS.htm,2177229,GUIS;VMI,2285355,Imagery,Imagery data for the Vegetation Mapping Inventory Project of Gulf Islands National Seashore,2017-01-01T00:00:00,Public,2
Gulf Islands National Seashore,https://www.nps.gov/im/vmi-GUIS.htm,2177229,GUIS;VMI,2299028,Published Report,Vegetation classification and mapping: Gulf Islands National Seashore,2023-05-01T00:00:00,Public,1
Gulf Islands National Seashore,https://www.nps.gov/im/vmi-GUIS.htm,2177229,GUIS;VMI,2314573,Data Package,Field data for the Vegetation Mapping Inventory Project of Gulf Islands National Seashore - Open Format Data Package,2022-03-28T00:00:00,Public,37
Harpers Ferry National Historical Park,https://www.nps.gov/im/vmi-HAFE.htm,2287477,ANTI;CATO;CHOH;GWMP;HAFE;MANA;MONO;NACE;NCR;NCRN;PRWI;ROCR;VMI;WOTR,2304343,Published Report,"Baseline vegetation mapping of National Capital Region parks in Maryland, Virginia, West Virginia, and the District of Columbia: Part 1—final report",2024-06-01T00:00:00,Public,1
Harpers Ferry National Historical Park,https://www.nps.gov/im/vmi-HAFE.htm,2287477,ANTI;CATO;CHOH;GWMP;HAFE;MANA;MONO;NACE;NCR;NCRN;PRWI;ROCR;VMI;WOTR,2287622,Assemblage,Report Supplements and Field data for the Vegetation Mapping Inventory Project of National Capital Region Parks,2020-12-01T00:00:00,Public,24
Harpers Ferry National Historical Park,https://www.nps.gov/im/vmi-HAFE.htm,2287477,ANTI;CATO;CHOH;GWMP;HAFE;MANA;MONO;NACE;NCR;NCRN;PRWI;ROCR;VMI;WOTR,2258401,Geospatial Dataset,Geospatial data for the Vegetation Mapping Inventory Project of Antietam National Battlefield,2018-12-01T00:00:00,Public,2
Harpers Ferry National Historical Park,https://www.nps.gov/im/vmi-HAFE.htm,2287477,ANTI;CATO;CHOH;GWMP;HAFE;MANA;MONO;NACE;NCR;NCRN;PRWI;ROCR;VMI;WOTR,2258407,Geospatial Dataset,Geospatial data for the Vegetation Mapping Inventory Project of Catoctin Mountain Park,2018-12-01T00:00:00,Public,2
Harpers Ferry National Historical Park,https://www.nps.gov/im/vmi-HAFE.htm,2287477,ANTI;CATO;CHOH;GWMP;HAFE;MANA;MONO;NACE;NCR;NCRN;PRWI;ROCR;VMI;WOTR,2258410,Geospatial Dataset,Geospatial data for the Vegetation Mapping Inventory Project of Chesapeake & Ohio Canal National Historical Park,2018-01-01T00:00:00,Public,2
Harpers Ferry National Historical Park,https://www.nps.gov/im/vmi-HAFE.htm,2287477,ANTI;CATO;CHOH;GWMP;HAFE;MANA;MONO;NACE;NCR;NCRN;PRWI;ROCR;VMI;WOTR,2258414,Geospatial Dataset,Geospatial data for the Vegetation Mapping Inventory Project of George Washington Memorial Parkway,2018-12-01T00:00:00,Public,2
Harpers Ferry National Historical Park,https://www.nps.gov/im/vmi-HAFE.htm,2287477,ANTI;CATO;CHOH;GWMP;HAFE;MANA;MONO;NACE;NCR;NCRN;PRWI;ROCR;VMI;WOTR,2258420,Geospatial Dataset,Geospatial data for the Vegetation Mapping Inventory Project of Harpers Ferry National Historical Park,2018-12-01T00:00:00,Public,2
Harpers Ferry National Historical Park,https://www.nps.gov/im/vmi-HAFE.htm,2287477,ANTI;CATO;CHOH;GWMP;HAFE;MANA;MONO;NACE;NCR;NCRN;PRWI;ROCR;VMI;WOTR,2258422,Geospatial Dataset,Geospatial data for the Vegetation Mapping Inventory Project of Manassas National Battlefield Park,2018-12-01T00:00:00,Public,2
Harpers Ferry National Historical Park,https://www.nps.gov/im/vmi-HAFE.htm,2287477,ANTI;CATO;CHOH;GWMP;HAFE;MANA;MONO;NACE;NCR;NCRN;PRWI;ROCR;VMI;WOTR,2258427,Geospatial Dataset,Geospatial data for the Vegetation Mapping Inventory Project of Monocacy National Battlefield,2018-12-01T00:00:00,Public,2
Harpers Ferry National Historical Park,https://www.nps.gov/im/vmi-HAFE.htm,2287477,ANTI;CATO;CHOH;GWMP;HAFE;MANA;MONO;NACE;NCR;NCRN;PRWI;ROCR;VMI;WOTR,2258428,Geospatial Dataset,Geospatial data for the Vegetation Mapping Inventory Project of National Capital Parks-East,2018-12-01T00:00:00,Public,2
Harpers Ferry National Historical Park,https://www.nps.gov/im/vmi-HAFE.htm,2287477,ANTI;CATO;CHOH;GWMP;HAFE;MANA;MONO;NACE;NCR;NCRN;PRWI;ROCR;VMI;WOTR,2258430,Geospatial Dataset,Geospatial data for the Vegetation Mapping Inventory Project of Prince William Forest Park,2018-12-01T00:00:00,Public,2
Harpers Ferry National Historical Park,https://www.nps.gov/im/vmi-HAFE.htm,2287477,ANTI;CATO;CHOH;GWMP;HAFE;MANA;MONO;NACE;NCR;NCRN;PRWI;ROCR;VMI;WOTR,2258435,Geospatial Dataset,Geospatial data for the Vegetation Mapping Inventory Project of Wolf Trap National Park for the Performing Arts,2018-12-01T00:00:00,Public,2
Harpers Ferry National Historical Park,https://www.nps.gov/im/vmi-HAFE.htm,2287477,ANTI;CATO;CHOH;GWMP;HAFE;MANA;MONO;NACE;NCR;NCRN;PRWI;ROCR;VMI;WOTR,2188509,Imagery,"Aerial Photograph (Color Infrared) 2004, Catoctin Mountain Park",2006-01-25T00:00:00,Public,3
Harpers Ferry National Historical Park,https://www.nps.gov/im/vmi-HAFE.htm,2287477,ANTI;CATO;CHOH;GWMP;HAFE;MANA;MONO;NACE;NCR;NCRN;PRWI;ROCR;VMI;WOTR,2239909,Imagery,"Aerial Photography 2004, Color Infrared C&O Canal National Historical Park",2006-01-25T00:00:00,Public,7
Harpers Ferry National Historical Park,https://www.nps.gov/im/vmi-HAFE.htm,2287477,ANTI;CATO;CHOH;GWMP;HAFE;MANA;MONO;NACE;NCR;NCRN;PRWI;ROCR;VMI;WOTR,2239913,Imagery,"Aerial Photography 2004, Color Infrared George Washington Memorial Parkway",2006-01-25T00:00:00,Public,2
Harpers Ferry National Historical Park,https://www.nps.gov/im/vmi-HAFE.htm,2287477,ANTI;CATO;CHOH;GWMP;HAFE;MANA;MONO;NACE;NCR;NCRN;PRWI;ROCR;VMI;WOTR,2239915,Imagery,"Aerial Photography 2004, Color Infrared Harpers Ferry National Historical Park",2006-01-25T00:00:00,Public,1
Harpers Ferry National Historical Park,https://www.nps.gov/im/vmi-HAFE.htm,2287477,ANTI;CATO;CHOH;GWMP;HAFE;MANA;MONO;NACE;NCR;NCRN;PRWI;ROCR;VMI;WOTR,2239917,Imagery,"Aerial Photography 2004, Color Infrared Manassas National Battlefield Park",2006-01-25T00:00:00,Public,1
Harpers Ferry National Historical Park,https://www.nps.gov/im/vmi-HAFE.htm,2287477,ANTI;CATO;CHOH;GWMP;HAFE;MANA;MONO;NACE;NCR;NCRN;PRWI;ROCR;VMI;WOTR,2239918,Imagery,"Aerial Photography 2004, Color Infrared National Capital Parks-East",2006-01-25T00:00:00,Public,4
Harpers Ferry National Historical Park,https://www.nps.gov/im/vmi-HAFE.htm,2287477,ANTI;CATO;CHOH;GWMP;HAFE;MANA;MONO;NACE;NCR;NCRN;PRWI;ROCR;VMI;WOTR,2239921,Imagery,"Aerial Photography 2004, Color Infrared Prince William Forest Park",2006-01-25T00:00:00,Public,1
Harpers Ferry National Historical Park,https://www.nps.gov/im/vmi-HAFE.htm,2287477,ANTI;CATO;CHOH;GWMP;HAFE;MANA;MONO;NACE;NCR;NCRN;PRWI;ROCR;VMI;WOTR,2239922,Imagery,"Aerial Photography 2004, Color Infrared Wolf Trap National Park for the Performing Arts",2006-01-25T00:00:00,Public,1
Harpers Ferry National Historical Park,https://www.nps.gov/im/vmi-HAFE.htm,2287477,ANTI;CATO;CHOH;GWMP;HAFE;MANA;MONO;NACE;NCR;NCRN;PRWI;ROCR;VMI;WOTR,1041523,Imagery,Antietam National Battlefield Park Color Infrared (CIR) Mosaic - 2004,2006-01-25T00:00:00,Public,3
Harpers Ferry National Historical Park,https://www.nps.gov/im/vmi-HAFE.htm,2287477,ANTI;CATO;CHOH;GWMP;HAFE;MANA;MONO;NACE;NCR;NCRN;PRWI;ROCR;VMI;WOTR,1042444,Imagery,"Monocacy National Battlefield color infrared (CIR) image mosaic - UTM, NAD83, meters",2006-01-25T00:00:00,Public,3
Hawaii Volcanoes National Park,https://www.nps.gov/im/vmi-HAVO.htm,2230298,HAVO;PACN;VMI,2222090,Published Report,Vegetation mapping inventory project: Hawaiʻi Volcanoes National Park,2015-07-01T00:00:00,Public,3
Hawaii Volcanoes National Park,https://www.nps.gov/im/vmi-HAVO.htm,2230298,HAVO;PACN;VMI,2230295,Geospatial Dataset,Geospatial data for the vegetation mapping inventory project of Hawaii Volcanoes National Park,2015-05-01T00:00:00,Public,1
Hawaii Volcanoes National Park,https://www.nps.gov/im/vmi-HAVO.htm,2230298,HAVO;PACN;VMI,2230292,Assemblage,Field Data for the Vegetation Mapping Inventory Project of Hawaii Volcanoes National Park,2011-01-01T00:00:00,Public,15
Hawaii Volcanoes National Park,https://www.nps.gov/im/vmi-HAVO.htm,2230298,HAVO;PACN;VMI,2231998,Imagery,Imagery data for the Vegetation Mapping Inventory Project of Hawaii Volcanoes National Park,2005-01-01T00:00:00,Public,2
Hawaii Volcanoes National Park,https://www.nps.gov/im/vmi-HAVO.htm,2230298,HAVO;PACN;VMI,2314581,Data Package,Field data for the Vegetation Mapping Inventory Project of Hawaii Volcanoes National Park - Open Format Data Package,2022-02-06T00:00:00,Public,43
Horseshoe Bend National Military Park,https://www.nps.gov/im/vmi-HOBE.htm,2177251,HOBE;VMI,2273749,Assemblage,Field data for the Vegetation Mapping Inventory Project of Horseshoe Bend National Military Park,2019-01-01T00:00:00,Public,13
Horseshoe Bend National Military Park,https://www.nps.gov/im/vmi-HOBE.htm,2177251,HOBE;VMI,2273954,Geospatial Dataset,Geospatial data for the Vegetation Mapping Inventory Project of Horseshoe Bend National Military Park,2019-01-01T00:00:00,Public,1
Horseshoe Bend National Military Park,https://www.nps.gov/im/vmi-HOBE.htm,2177251,HOBE;VMI,2273753,Imagery,Imagery data for the Vegetation Mapping Inventory Project of Horseshoe Bend National Military Park,2019-01-01T00:00:00,Public,3
Horseshoe Bend National Military Park,https://www.nps.gov/im/vmi-HOBE.htm,2177251,HOBE;VMI,2267065,Published Report,Vegetation mapping at Horseshoe Bend National Military Park: Photointerpretation key and final vegetation map,2019-10-01T00:00:00,Public,9
Horseshoe Bend National Military Park,https://www.nps.gov/im/vmi-HOBE.htm,2177251,HOBE;VMI,2314583,Data Package,Field data for the Vegetation Mapping Inventory Project of Horseshoe Bend National Military Park - Open Format Data Package,2022-03-21T00:00:00,Public,31
Kaloko Honokohau National Historical Park,https://www.nps.gov/im/vmi-KAHO.htm,2177208,KAHO;PACN;VMI,2176800,Published Report,Vegetation inventory project: Kaloko-Honokōhau National Historical Park,2011-10-01T00:00:00,Public,3
Kaloko Honokohau National Historical Park,https://www.nps.gov/im/vmi-KAHO.htm,2177208,KAHO;PACN;VMI,2233463,Assemblage,Field data for the Vegetation Mapping Inventory Project of Kaloko Honokohau National Historical Park,2012-06-01T00:00:00,Public,10
Kaloko Honokohau National Historical Park,https://www.nps.gov/im/vmi-KAHO.htm,2177208,KAHO;PACN;VMI,2233321,Geospatial Dataset,Geospatial data for the Vegetation Mapping Inventory Project of Kaloko Honokohau National Historical Park,2006-01-01T00:00:00,Public,1
Kaloko Honokohau National Historical Park,https://www.nps.gov/im/vmi-KAHO.htm,2177208,KAHO;PACN;VMI,2233629,Imagery,Imagery data for the Vegetation Mapping Inventory Project of Kaloko Honokohau National Historical Park,2006-01-01T00:00:00,Public,2
Kaloko Honokohau National Historical Park,https://www.nps.gov/im/vmi-KAHO.htm,2177208,KAHO;PACN;VMI,2314599,Data Package,Field data for the Vegetation Mapping Inventory Project of Kaloko-Honokohau National Historical Park - Open Format Data Package,2022-02-06T00:00:00,Public,41
Katmai National Park and Preserve,https://www.nps.gov/im/vmi-KATM.htm,2170667,AKR;AKRO;KATM;SWAN;VMI,653867,Published Report,National Park Service Katmai landcover mapping spectral database modeling and final map compilation,2003-02-01T00:00:00,Public,2
Katmai National Park and Preserve,https://www.nps.gov/im/vmi-KATM.htm,2170667,AKR;AKRO;KATM;SWAN;VMI,653868,Published Report,Katmai National Park and Preserve landcover mapping project final report,2003-06-01T00:00:00,Public,2
Katmai National Park and Preserve,https://www.nps.gov/im/vmi-KATM.htm,2170667,AKR;AKRO;KATM;SWAN;VMI,653906,Published Report,"Landcover classes, ecoregions and plant associations of Katmai National Park and Preserve",2003-06-01T00:00:00,Public,2
Katmai National Park and Preserve,https://www.nps.gov/im/vmi-KATM.htm,2170667,AKR;AKRO;KATM;SWAN;VMI,2171674,Geospatial Dataset,Katmai National Park and Preserve landcover,2000-01-01T00:00:00,Public,3
Katmai National Park and Preserve,https://www.nps.gov/im/vmi-KATM.htm,2170667,AKR;AKRO;KATM;SWAN;VMI,2227651,Poster,Katmai National Park and Preserve landcover map poster,2016-02-01T00:00:00,Public,1
Katmai National Park and Preserve,https://www.nps.gov/im/vmi-KATM.htm,2170667,AKR;AKRO;KATM;SWAN;VMI,2243821,Assemblage,field data for Katmai National Park and Preserve landcover,2000-01-01T00:00:00,Internal,5
Kenai Fjords National Park,https://www.nps.gov/im/vmi-KEFJ.htm,2170669,AKR;AKRO;KEFJ;SWAN;VMI,2268272,Photogrammetry Image,Orthorectification and Automation of Kenai Fjords National Park Landcover Mapping,2019-12-30T00:00:00,Internal,5
Kenai Fjords National Park,https://www.nps.gov/im/vmi-KEFJ.htm,2170669,AKR;AKRO;KEFJ;SWAN;VMI,661221,Published Report,"Landcover classes, ecological systems and plant associations: Kenai Fjords National Park",2008-12-01T00:00:00,Public,1
Kenai Fjords National Park,https://www.nps.gov/im/vmi-KEFJ.htm,2170669,AKR;AKRO;KEFJ;SWAN;VMI,2227652,Poster,Kenai Fjords National Park 2008 landcover map poster,2016-02-01T00:00:00,Public,1
Kenai Fjords National Park,https://www.nps.gov/im/vmi-KEFJ.htm,2170669,AKR;AKRO;KEFJ;SWAN;VMI,2171593,Geospatial Dataset,Kenai Fjords National Park landcover map 2008,2008-01-01T00:00:00,Public,3
Kenai Fjords National Park,https://www.nps.gov/im/vmi-KEFJ.htm,2170669,AKR;AKRO;KEFJ;SWAN;VMI,2237505,Assemblage,field data for Kenai Fjords National Park landcover,2004-01-01T00:00:00,Public,8
Kenai Fjords National Park,https://www.nps.gov/im/vmi-KEFJ.htm,2170669,AKR;AKRO;KEFJ;SWAN;VMI,2314601,Data Package,Field data for the Vegetation Mapping Inventory Project of Kenai Fjords National Park - Open Format Data Package,2022-04-25T00:00:00,Public,24
Kings Mountain National Military Park,https://www.nps.gov/im/vmi-KIMO.htm,2169111,KIMO;VMI,2169103,Unpublished Report,Vascular Plant Inventory and Plant Community Classification for Kings Mountain National Military Park,2005-01-01T00:00:00,Public,6
Kings Mountain National Military Park,https://www.nps.gov/im/vmi-KIMO.htm,2169111,KIMO;VMI,2233488,Assemblage,Field data for the Vegetation Mapping Inventory Project of King Mountain National Military Park,2011-05-01T00:00:00,Public,6
Kings Mountain National Military Park,https://www.nps.gov/im/vmi-KIMO.htm,2169111,KIMO;VMI,2233322,Geospatial Dataset,Geospatial data for the Vegetation Mapping Inventory Project of King Mountain National Military Park,2008-10-01T00:00:00,Public,1
Kings Mountain National Military Park,https://www.nps.gov/im/vmi-KIMO.htm,2169111,KIMO;VMI,2233658,Imagery,Imagery data for the Vegetation Mapping Inventory Project of King Mountain National Military Park,2000-10-01T00:00:00,Public,4
Kings Mountain National Military Park,https://www.nps.gov/im/vmi-KIMO.htm,2169111,KIMO;VMI,2314603,Data Package,Field data for the Vegetation Mapping Inventory Project of Kings Mountain National Military Park - Open Format Data Package,2022-02-06T00:00:00,Public,32
Klondike Gold Rush National Historic Park,https://www.nps.gov/im/vmi-KLGO.htm,2177110,AKR;AKRO;KLGO;SEAN;VMI,2220326,Published Report,Klondike Gold Rush National Historical Park; Landcover classes and plant associations,2015-02-01T00:00:00,Public,1
Klondike Gold Rush National Historic Park,https://www.nps.gov/im/vmi-KLGO.htm,2177110,AKR;AKRO;KLGO;SEAN;VMI,2220360,Geospatial Dataset,Klondike Gold Rush National Historical Park Landcover,2015-01-01T00:00:00,Public,4
Klondike Gold Rush National Historic Park,https://www.nps.gov/im/vmi-KLGO.htm,2177110,AKR;AKRO;KLGO;SEAN;VMI,2227654,Poster,Klondike Gold Rush National Historical Park landcover poster,2016-02-01T00:00:00,Public,1
Klondike Gold Rush National Historic Park,https://www.nps.gov/im/vmi-KLGO.htm,2177110,AKR;AKRO;KLGO;SEAN;VMI,2243822,Assemblage,field data for Klondike Gold Rush National Historical Park landcover,2012-01-01T00:00:00,Internal,9
Klondike Gold Rush National Historic Park,https://www.nps.gov/im/vmi-KLGO.htm,2177110,AKR;AKRO;KLGO;SEAN;VMI,2314604,Data Package,Field data for the Vegetation Mapping Inventory Project of Klondike Gold Rush National Historical Park - Open Format Data Package,2022-03-04T00:00:00,Public,38
Knife River Indian Villages National Historic Site,https://www.nps.gov/im/vmi-KNRI.htm,1048525,KNRI;VMI,566448,Published Report,USGS-NPS vegetation mapping: Knife River Indian Villages National Historic Site,2002-10-15T00:00:00,Public,3
Knife River Indian Villages National Historic Site,https://www.nps.gov/im/vmi-KNRI.htm,1048525,KNRI;VMI,2233579,Assemblage,Field data for the Vegetation Mapping Inventory Project of Knife River Indian Villages National Historic Site,2007-05-01T00:00:00,Public,2
Knife River Indian Villages National Historic Site,https://www.nps.gov/im/vmi-KNRI.htm,1048525,KNRI;VMI,2233323,Geospatial Dataset,Geospatial data for the Vegetation Mapping Inventory Project of Knife River Indian Villages National Historic Site,2002-01-01T00:00:00,Public,1
Knife River Indian Villages National Historic Site,https://www.nps.gov/im/vmi-KNRI.htm,1048525,KNRI;VMI,2233776,Imagery,Imagery data for the Vegetation Mapping Inventory Project of Knife River Indian Villages National Historic Site,2002-06-01T00:00:00,Public,3
Lake Clark National Park and Preserve,https://www.nps.gov/im/vmi-LACL.htm,2170668,AKR;AKRO;LACL;SWAN;VMI,654051,Published Report,Lake Clark National Park and Preserve land cover mapping project user's guide,1998-09-01T00:00:00,Public,2
Lake Clark National Park and Preserve,https://www.nps.gov/im/vmi-LACL.htm,2170668,AKR;AKRO;LACL;SWAN;VMI,2227653,Poster,Lake Clark National Park and Preserve landcover map poster,2016-02-01T00:00:00,Public,1
Lake Clark National Park and Preserve,https://www.nps.gov/im/vmi-LACL.htm,2170668,AKR;AKRO;LACL;SWAN;VMI,2171668,Geospatial Dataset,Lake Clark National Park and Preserve landcover,1998-01-01T00:00:00,Public,3
Lake Clark National Park and Preserve,https://www.nps.gov/im/vmi-LACL.htm,2170668,AKR;AKRO;LACL;SWAN;VMI,2243859,Assemblage,1997 field data for Lake Clark National Park and Preserve Vegetation Mapping Inventory Project (lacks spatial data),1997-01-01T00:00:00,Internal,3
Lake Clark National Park and Preserve,https://www.nps.gov/im/vmi-LACL.htm,2170668,AKR;AKRO;LACL;SWAN;VMI,2264950,Assemblage,1996 reconnaissance overflight photos for Lake Clark National Park and Preserve Vegetation Mapping Inventory Project,1996-01-01T00:00:00,Internal,3
Lake Mead National Recreation Area,https://www.nps.gov/im/vmi-LAKE.htm,2177194,LAKE;VMI,2237284,Published Report,Vegetation mapping of Lake Mead National Recreation Area,2016-12-01T00:00:00,Public,3
Lake Mead National Recreation Area,https://www.nps.gov/im/vmi-LAKE.htm,2177194,LAKE;VMI,2237856,Geospatial Dataset,Geospatial data for the Vegetation Mapping Inventory Project of Lake Mead National Recreation Area,2014-01-01T00:00:00,Public,1
Lake Mead National Recreation Area,https://www.nps.gov/im/vmi-LAKE.htm,2177194,LAKE;VMI,2237857,Assemblage,Field data for the Vegetation Mapping Inventory Project of Lake Mead National Recreation Area,2014-04-01T00:00:00,Public,19
Lake Mead National Recreation Area,https://www.nps.gov/im/vmi-LAKE.htm,2177194,LAKE;VMI,2237859,Imagery,Imagery data for the Vegetation Mapping Inventory Project of Lake Mead National Recreation Area,2016-11-01T00:00:00,Public,3
Lake Mead National Recreation Area,https://www.nps.gov/im/vmi-LAKE.htm,2177194,LAKE;VMI,2314607,Data Package,Field data for the Vegetation Mapping Inventory Project of Lake Mead National Recreation Area - Open Format Data Package,2022-03-21T00:00:00,Public,41
Little Bighorn Battlefield National Monument,https://www.nps.gov/im/vmi-LIBI.htm,2177126,LIBI;VMI,2190511,Published Report,"Vegetation classification and mapping project report, Little Bighorn Battlefield National Monument.",2012-10-01T00:00:00,Public,4
Little Bighorn Battlefield National Monument,https://www.nps.gov/im/vmi-LIBI.htm,2177126,LIBI;VMI,2233452,Assemblage,Field data for the Vegetation Mapping Inventory Project of Little Bighorn National Monument,2007-12-01T00:00:00,Public,3
Little Bighorn Battlefield National Monument,https://www.nps.gov/im/vmi-LIBI.htm,2177126,LIBI;VMI,2233327,Geospatial Dataset,Geospatial data for the Vegetation Mapping Inventory Project of Little Bighorn National Monument,2012-12-01T00:00:00,Public,1
Manassas National Battlefield Park,https://www.nps.gov/im/vmi-MANA.htm,2287477,ANTI;CATO;CHOH;GWMP;HAFE;MANA;MONO;NACE;NCR;NCRN;PRWI;ROCR;VMI;WOTR,2304343,Published Report,"Baseline vegetation mapping of National Capital Region parks in Maryland, Virginia, West Virginia, and the District of Columbia: Part 1—final report",2024-06-01T00:00:00,Public,1
Manassas National Battlefield Park,https://www.nps.gov/im/vmi-MANA.htm,2287477,ANTI;CATO;CHOH;GWMP;HAFE;MANA;MONO;NACE;NCR;NCRN;PRWI;ROCR;VMI;WOTR,2287622,Assemblage,Report Supplements and Field data for the Vegetation Mapping Inventory Project of National Capital Region Parks,2020-12-01T00:00:00,Public,24
Manassas National Battlefield Park,https://www.nps.gov/im/vmi-MANA.htm,2287477,ANTI;CATO;CHOH;GWMP;HAFE;MANA;MONO;NACE;NCR;NCRN;PRWI;ROCR;VMI;WOTR,2258401,Geospatial Dataset,Geospatial data for the Vegetation Mapping Inventory Project of Antietam National Battlefield,2018-12-01T00:00:00,Public,2
Manassas National Battlefield Park,https://www.nps.gov/im/vmi-MANA.htm,2287477,ANTI;CATO;CHOH;GWMP;HAFE;MANA;MONO;NACE;NCR;NCRN;PRWI;ROCR;VMI;WOTR,2258407,Geospatial Dataset,Geospatial data for the Vegetation Mapping Inventory Project of Catoctin Mountain Park,2018-12-01T00:00:00,Public,2
Manassas National Battlefield Park,https://www.nps.gov/im/vmi-MANA.htm,2287477,ANTI;CATO;CHOH;GWMP;HAFE;MANA;MONO;NACE;NCR;NCRN;PRWI;ROCR;VMI;WOTR,2258410,Geospatial Dataset,Geospatial data for the Vegetation Mapping Inventory Project of Chesapeake & Ohio Canal National Historical Park,2018-01-01T00:00:00,Public,2
Manassas National Battlefield Park,https://www.nps.gov/im/vmi-MANA.htm,2287477,ANTI;CATO;CHOH;GWMP;HAFE;MANA;MONO;NACE;NCR;NCRN;PRWI;ROCR;VMI;WOTR,2258414,Geospatial Dataset,Geospatial data for the Vegetation Mapping Inventory Project of George Washington Memorial Parkway,2018-12-01T00:00:00,Public,2
Manassas National Battlefield Park,https://www.nps.gov/im/vmi-MANA.htm,2287477,ANTI;CATO;CHOH;GWMP;HAFE;MANA;MONO;NACE;NCR;NCRN;PRWI;ROCR;VMI;WOTR,2258420,Geospatial Dataset,Geospatial data for the Vegetation Mapping Inventory Project of Harpers Ferry National Historical Park,2018-12-01T00:00:00,Public,2
Manassas National Battlefield Park,https://www.nps.gov/im/vmi-MANA.htm,2287477,ANTI;CATO;CHOH;GWMP;HAFE;MANA;MONO;NACE;NCR;NCRN;PRWI;ROCR;VMI;WOTR,2258422,Geospatial Dataset,Geospatial data for the Vegetation Mapping Inventory Project of Manassas National Battlefield Park,2018-12-01T00:00:00,Public,2
Manassas National Battlefield Park,https://www.nps.gov/im/vmi-MANA.htm,2287477,ANTI;CATO;CHOH;GWMP;HAFE;MANA;MONO;NACE;NCR;NCRN;PRWI;ROCR;VMI;WOTR,2258427,Geospatial Dataset,Geospatial data for the Vegetation Mapping Inventory Project of Monocacy National Battlefield,2018-12-01T00:00:00,Public,2
Manassas National Battlefield Park,https://www.nps.gov/im/vmi-MANA.htm,2287477,ANTI;CATO;CHOH;GWMP;HAFE;MANA;MONO;NACE;NCR;NCRN;PRWI;ROCR;VMI;WOTR,2258428,Geospatial Dataset,Geospatial data for the Vegetation Mapping Inventory Project of National Capital Parks-East,2018-12-01T00:00:00,Public,2
Manassas National Battlefield Park,https://www.nps.gov/im/vmi-MANA.htm,2287477,ANTI;CATO;CHOH;GWMP;HAFE;MANA;MONO;NACE;NCR;NCRN;PRWI;ROCR;VMI;WOTR,2258430,Geospatial Dataset,Geospatial data for the Vegetation Mapping Inventory Project of Prince William Forest Park,2018-12-01T00:00:00,Public,2
Manassas National Battlefield Park,https://www.nps.gov/im/vmi-MANA.htm,2287477,ANTI;CATO;CHOH;GWMP;HAFE;MANA;MONO;NACE;NCR;NCRN;PRWI;ROCR;VMI;WOTR,2258435,Geospatial Dataset,Geospatial data for the Vegetation Mapping Inventory Project of Wolf Trap National Park for the Performing Arts,2018-12-01T00:00:00,Public,2
Manassas National Battlefield Park,https://www.nps.gov/im/vmi-MANA.htm,2287477,ANTI;CATO;CHOH;GWMP;HAFE;MANA;MONO;NACE;NCR;NCRN;PRWI;ROCR;VMI;WOTR,2188509,Imagery,"Aerial Photograph (Color Infrared) 2004, Catoctin Mountain Park",2006-01-25T00:00:00,Public,3
Manassas National Battlefield Park,https://www.nps.gov/im/vmi-MANA.htm,2287477,ANTI;CATO;CHOH;GWMP;HAFE;MANA;MONO;NACE;NCR;NCRN;PRWI;ROCR;VMI;WOTR,2239909,Imagery,"Aerial Photography 2004, Color Infrared C&O Canal National Historical Park",2006-01-25T00:00:00,Public,7
Manassas National Battlefield Park,https://www.nps.gov/im/vmi-MANA.htm,2287477,ANTI;CATO;CHOH;GWMP;HAFE;MANA;MONO;NACE;NCR;NCRN;PRWI;ROCR;VMI;WOTR,2239913,Imagery,"Aerial Photography 2004, Color Infrared George Washington Memorial Parkway",2006-01-25T00:00:00,Public,2
Manassas National Battlefield Park,https://www.nps.gov/im/vmi-MANA.htm,2287477,ANTI;CATO;CHOH;GWMP;HAFE;MANA;MONO;NACE;NCR;NCRN;PRWI;ROCR;VMI;WOTR,2239915,Imagery,"Aerial Photography 2004, Color Infrared Harpers Ferry National Historical Park",2006-01-25T00:00:00,Public,1
Manassas National Battlefield Park,https://www.nps.gov/im/vmi-MANA.htm,2287477,ANTI;CATO;CHOH;GWMP;HAFE;MANA;MONO;NACE;NCR;NCRN;PRWI;ROCR;VMI;WOTR,2239917,Imagery,"Aerial Photography 2004, Color Infrared Manassas National Battlefield Park",2006-01-25T00:00:00,Public,1
Manassas National Battlefield Park,https://www.nps.gov/im/vmi-MANA.htm,2287477,ANTI;CATO;CHOH;GWMP;HAFE;MANA;MONO;NACE;NCR;NCRN;PRWI;ROCR;VMI;WOTR,2239918,Imagery,"Aerial Photography 2004, Color Infrared National Capital Parks-East",2006-01-25T00:00:00,Public,4
Manassas National Battlefield Park,https://www.nps.gov/im/vmi-MANA.htm,2287477,ANTI;CATO;CHOH;GWMP;HAFE;MANA;MONO;NACE;NCR;NCRN;PRWI;ROCR;VMI;WOTR,2239921,Imagery,"Aerial Photography 2004, Color Infrared Prince William Forest Park",2006-01-25T00:00:00,Public,1
Manassas National Battlefield Park,https://www.nps.gov/im/vmi-MANA.htm,2287477,ANTI;CATO;CHOH;GWMP;HAFE;MANA;MONO;NACE;NCR;NCRN;PRWI;ROCR;VMI;WOTR,2239922,Imagery,"Aerial Photography 2004, Color Infrared Wolf Trap National Park for the Performing Arts",2006-01-25T00:00:00,Public,1
Manassas National Battlefield Park,https://www.nps.gov/im/vmi-MANA.htm,2287477,ANTI;CATO;CHOH;GWMP;HAFE;MANA;MONO;NACE;NCR;NCRN;PRWI;ROCR;VMI;WOTR,1041523,Imagery,Antietam National Battlefield Park Color Infrared (CIR) Mosaic - 2004,2006-01-25T00:00:00,Public,3
Manassas National Battlefield Park,https://www.nps.gov/im/vmi-MANA.htm,2287477,ANTI;CATO;CHOH;GWMP;HAFE;MANA;MONO;NACE;NCR;NCRN;PRWI;ROCR;VMI;WOTR,1042444,Imagery,"Monocacy National Battlefield color infrared (CIR) image mosaic - UTM, NAD83, meters",2006-01-25T00:00:00,Public,3
Missouri National Recreation River,https://www.nps.gov/im/vmi-MNRR.htm,2177161,MNRR;VMI,2266558,Assemblage,Field data for the Vegetation Mapping Inventory Project of Missouri National Recreational River,2019-01-01T00:00:00,Public,6
Missouri National Recreation River,https://www.nps.gov/im/vmi-MNRR.htm,2177161,MNRR;VMI,2266570,Geospatial Dataset,Geospatial data for the Vegetation Mapping Inventory Project of Missouri National Recreational River,2019-09-01T00:00:00,Public,2
Missouri National Recreation River,https://www.nps.gov/im/vmi-MNRR.htm,2177161,MNRR;VMI,2266561,Imagery,Imagery data for the Vegetation Mapping Inventory Project of Missouri National Recreational River,2016-01-01T00:00:00,Public,3
Missouri National Recreation River,https://www.nps.gov/im/vmi-MNRR.htm,2177161,MNRR;VMI,2268302,Published Report,Vegetation classification and mapping: Missouri National Recreational River,2020-02-01T00:00:00,Public,15
Missouri National Recreation River,https://www.nps.gov/im/vmi-MNRR.htm,2177161,MNRR;VMI,2314620,Data Package,Field data for the Vegetation Mapping Inventory Project of Missouri National Recreational River - Open Format Data Package,2022-03-07T00:00:00,Public,43
Mojave National Preserve,https://www.nps.gov/im/vmi-MOJA.htm,2177196,MOJA;VMI,2306938,Geospatial Dataset,Geospatial data for the Vegetation Mapping Inventory Project of Mojave National Preserve and Castle Mountains National Monument,2021-08-01T00:00:00,Public,1
Mojave National Preserve,https://www.nps.gov/im/vmi-MOJA.htm,2177196,MOJA;VMI,2306936,Assemblage,Report Supplements and Field Data for the Vegetation Mapping Inventory Project of Mojave National Preserve and Castle Mountains National Monument,2024-01-01T00:00:00,Public,15
Mojave National Preserve,https://www.nps.gov/im/vmi-MOJA.htm,2177196,MOJA;VMI,2306969,Published Report,Vegetation mapping inventory project: Mojave National Preserve and Castle Mountains National Monument,2024-12-01T00:00:00,Public,1
Monocacy National Battlefield,https://www.nps.gov/im/vmi-MONO.htm,2287477,ANTI;CATO;CHOH;GWMP;HAFE;MANA;MONO;NACE;NCR;NCRN;PRWI;ROCR;VMI;WOTR,2304343,Published Report,"Baseline vegetation mapping of National Capital Region parks in Maryland, Virginia, West Virginia, and the District of Columbia: Part 1—final report",2024-06-01T00:00:00,Public,1
Monocacy National Battlefield,https://www.nps.gov/im/vmi-MONO.htm,2287477,ANTI;CATO;CHOH;GWMP;HAFE;MANA;MONO;NACE;NCR;NCRN;PRWI;ROCR;VMI;WOTR,2287622,Assemblage,Report Supplements and Field data for the Vegetation Mapping Inventory Project of National Capital Region Parks,2020-12-01T00:00:00,Public,24
Monocacy National Battlefield,https://www.nps.gov/im/vmi-MONO.htm,2287477,ANTI;CATO;CHOH;GWMP;HAFE;MANA;MONO;NACE;NCR;NCRN;PRWI;ROCR;VMI;WOTR,2258401,Geospatial Dataset,Geospatial data for the Vegetation Mapping Inventory Project of Antietam National Battlefield,2018-12-01T00:00:00,Public,2
Monocacy National Battlefield,https://www.nps.gov/im/vmi-MONO.htm,2287477,ANTI;CATO;CHOH;GWMP;HAFE;MANA;MONO;NACE;NCR;NCRN;PRWI;ROCR;VMI;WOTR,2258407,Geospatial Dataset,Geospatial data for the Vegetation Mapping Inventory Project of Catoctin Mountain Park,2018-12-01T00:00:00,Public,2
Monocacy National Battlefield,https://www.nps.gov/im/vmi-MONO.htm,2287477,ANTI;CATO;CHOH;GWMP;HAFE;MANA;MONO;NACE;NCR;NCRN;PRWI;ROCR;VMI;WOTR,2258410,Geospatial Dataset,Geospatial data for the Vegetation Mapping Inventory Project of Chesapeake & Ohio Canal National Historical Park,2018-01-01T00:00:00,Public,2
Monocacy National Battlefield,https://www.nps.gov/im/vmi-MONO.htm,2287477,ANTI;CATO;CHOH;GWMP;HAFE;MANA;MONO;NACE;NCR;NCRN;PRWI;ROCR;VMI;WOTR,2258414,Geospatial Dataset,Geospatial data for the Vegetation Mapping Inventory Project of George Washington Memorial Parkway,2018-12-01T00:00:00,Public,2
Monocacy National Battlefield,https://www.nps.gov/im/vmi-MONO.htm,2287477,ANTI;CATO;CHOH;GWMP;HAFE;MANA;MONO;NACE;NCR;NCRN;PRWI;ROCR;VMI;WOTR,2258420,Geospatial Dataset,Geospatial data for the Vegetation Mapping Inventory Project of Harpers Ferry National Historical Park,2018-12-01T00:00:00,Public,2
Monocacy National Battlefield,https://www.nps.gov/im/vmi-MONO.htm,2287477,ANTI;CATO;CHOH;GWMP;HAFE;MANA;MONO;NACE;NCR;NCRN;PRWI;ROCR;VMI;WOTR,2258422,Geospatial Dataset,Geospatial data for the Vegetation Mapping Inventory Project of Manassas National Battlefield Park,2018-12-01T00:00:00,Public,2
Monocacy National Battlefield,https://www.nps.gov/im/vmi-MONO.htm,2287477,ANTI;CATO;CHOH;GWMP;HAFE;MANA;MONO;NACE;NCR;NCRN;PRWI;ROCR;VMI;WOTR,2258427,Geospatial Dataset,Geospatial data for the Vegetation Mapping Inventory Project of Monocacy National Battlefield,2018-12-01T00:00:00,Public,2
Monocacy National Battlefield,https://www.nps.gov/im/vmi-MONO.htm,2287477,ANTI;CATO;CHOH;GWMP;HAFE;MANA;MONO;NACE;NCR;NCRN;PRWI;ROCR;VMI;WOTR,2258428,Geospatial Dataset,Geospatial data for the Vegetation Mapping Inventory Project of National Capital Parks-East,2018-12-01T00:00:00,Public,2
Monocacy National Battlefield,https://www.nps.gov/im/vmi-MONO.htm,2287477,ANTI;CATO;CHOH;GWMP;HAFE;MANA;MONO;NACE;NCR;NCRN;PRWI;ROCR;VMI;WOTR,2258430,Geospatial Dataset,Geospatial data for the Vegetation Mapping Inventory Project of Prince William Forest Park,2018-12-01T00:00:00,Public,2
Monocacy National Battlefield,https://www.nps.gov/im/vmi-MONO.htm,2287477,ANTI;CATO;CHOH;GWMP;HAFE;MANA;MONO;NACE;NCR;NCRN;PRWI;ROCR;VMI;WOTR,2258435,Geospatial Dataset,Geospatial data for the Vegetation Mapping Inventory Project of Wolf Trap National Park for the Performing Arts,2018-12-01T00:00:00,Public,2
Monocacy National Battlefield,https://www.nps.gov/im/vmi-MONO.htm,2287477,ANTI;CATO;CHOH;GWMP;HAFE;MANA;MONO;NACE;NCR;NCRN;PRWI;ROCR;VMI;WOTR,2188509,Imagery,"Aerial Photograph (Color Infrared) 2004, Catoctin Mountain Park",2006-01-25T00:00:00,Public,3
Monocacy National Battlefield,https://www.nps.gov/im/vmi-MONO.htm,2287477,ANTI;CATO;CHOH;GWMP;HAFE;MANA;MONO;NACE;NCR;NCRN;PRWI;ROCR;VMI;WOTR,2239909,Imagery,"Aerial Photography 2004, Color Infrared C&O Canal National Historical Park",2006-01-25T00:00:00,Public,7
Monocacy National Battlefield,https://www.nps.gov/im/vmi-MONO.htm,2287477,ANTI;CATO;CHOH;GWMP;HAFE;MANA;MONO;NACE;NCR;NCRN;PRWI;ROCR;VMI;WOTR,2239913,Imagery,"Aerial Photography 2004, Color Infrared George Washington Memorial Parkway",2006-01-25T00:00:00,Public,2
Monocacy National Battlefield,https://www.nps.gov/im/vmi-MONO.htm,2287477,ANTI;CATO;CHOH;GWMP;HAFE;MANA;MONO;NACE;NCR;NCRN;PRWI;ROCR;VMI;WOTR,2239915,Imagery,"Aerial Photography 2004, Color Infrared Harpers Ferry National Historical Park",2006-01-25T00:00:00,Public,1
Monocacy National Battlefield,https://www.nps.gov/im/vmi-MONO.htm,2287477,ANTI;CATO;CHOH;GWMP;HAFE;MANA;MONO;NACE;NCR;NCRN;PRWI;ROCR;VMI;WOTR,2239917,Imagery,"Aerial Photography 2004, Color Infrared Manassas National Battlefield Park",2006-01-25T00:00:00,Public,1
Monocacy National Battlefield,https://www.nps.gov/im/vmi-MONO.htm,2287477,ANTI;CATO;CHOH;GWMP;HAFE;MANA;MONO;NACE;NCR;NCRN;PRWI;ROCR;VMI;WOTR,2239918,Imagery,"Aerial Photography 2004, Color Infrared National Capital Parks-East",2006-01-25T00:00:00,Public,4
Monocacy National Battlefield,https://www.nps.gov/im/vmi-MONO.htm,2287477,ANTI;CATO;CHOH;GWMP;HAFE;MANA;MONO;NACE;NCR;NCRN;PRWI;ROCR;VMI;WOTR,2239921,Imagery,"Aerial Photography 2004, Color Infrared Prince William Forest Park",2006-01-25T00:00:00,Public,1
Monocacy National Battlefield,https://www.nps.gov/im/vmi-MONO.htm,2287477,ANTI;CATO;CHOH;GWMP;HAFE;MANA;MONO;NACE;NCR;NCRN;PRWI;ROCR;VMI;WOTR,2239922,Imagery,"Aerial Photography 2004, Color Infrared Wolf Trap National Park for the Performing Arts",2006-01-25T00:00:00,Public,1
Monocacy National Battlefield,https://www.nps.gov/im/vmi-MONO.htm,2287477,ANTI;CATO;CHOH;GWMP;HAFE;MANA;MONO;NACE;NCR;NCRN;PRWI;ROCR;VMI;WOTR,1041523,Imagery,Antietam National Battlefield Park Color Infrared (CIR) Mosaic - 2004,2006-01-25T00:00:00,Public,3
Monocacy National Battlefield,https://www.nps.gov/im/vmi-MONO.htm,2287477,ANTI;CATO;CHOH;GWMP;HAFE;MANA;MONO;NACE;NCR;NCRN;PRWI;ROCR;VMI;WOTR,1042444,Imagery,"Monocacy National Battlefield color infrared (CIR) image mosaic - UTM, NAD83, meters",2006-01-25T00:00:00,Public,3
Montezuma Castle National Monument,https://www.nps.gov/im/vmi-MOCA.htm,2177132,MOCA;VMI,2267400,Assemblage,Field data for the Vegetation Mapping Inventory Project of Montezuma Castle National Monument,2014-01-01T00:00:00,Public,6
Montezuma Castle National Monument,https://www.nps.gov/im/vmi-MOCA.htm,2177132,MOCA;VMI,2267399,Geospatial Dataset,Geospatial data for the Vegetation Mapping Inventory Project of Montezuma Castle National Monument,2014-01-01T00:00:00,Public,1
Montezuma Castle National Monument,https://www.nps.gov/im/vmi-MOCA.htm,2177132,MOCA;VMI,2259546,Published Report,"Vegetation inventory, mapping and characterization report, Montezuma Castle National Monument: Castle and Well units",2019-03-01T00:00:00,Public,9
Montezuma Castle National Monument,https://www.nps.gov/im/vmi-MOCA.htm,2177132,MOCA;VMI,2267396,Imagery,Imagery data for the Vegetation Mapping Inventory Project of Montezuma Castle National Monument,2009-01-01T00:00:00,Public,3
Montezuma Castle National Monument,https://www.nps.gov/im/vmi-MOCA.htm,2177132,MOCA;VMI,2314621,Data Package,Field data for the Vegetation Mapping Inventory Project of Montezuma Castle National Monument - Open Format Data Package,2022-04-25T00:00:00,Public,36
Mount Rainier National Park,https://www.nps.gov/im/vmi-MORA.htm,2177201,MORA;NCCN;VMI,2285190,Imagery,Imagery data for the Vegetation Mapping Inventory Project of Mount Rainier National Park,2015-01-01T00:00:00,Public,2
Mount Rainier National Park,https://www.nps.gov/im/vmi-MORA.htm,2177201,MORA;NCCN;VMI,2285187,Assemblage,Report Supplements and Field data for the Vegetation Mapping Inventory Project of Mount Rainier National Park,2020-06-01T00:00:00,Public,11
Mount Rainier National Park,https://www.nps.gov/im/vmi-MORA.htm,2177201,MORA;NCCN;VMI,2286419,Published Report,Mount Rainier National Park vegetation classification and mapping project report,2021-05-01T00:00:00,Public,2
Mount Rainier National Park,https://www.nps.gov/im/vmi-MORA.htm,2177201,MORA;NCCN;VMI,2285189,Geospatial Dataset,Geospatial data for the Vegetation Mapping Inventory Project of Mount Rainier National Park,2020-01-01T00:00:00,Public,2
Mount Rainier National Park,https://www.nps.gov/im/vmi-MORA.htm,2177201,MORA;NCCN;VMI,2314623,Data Package,Field data for the Vegetation Mapping Inventory Project of Mount Rainier National Park - Open Format Data Package,2022-03-28T00:00:00,Public,39
Mount Rushmore National Memorial,https://www.nps.gov/im/vmi-MORU.htm,1047722,MORU;VMI,2168846,Unpublished Report,Vegetation Information for the MORU Vegetation Inventory Project,1998-03-01T00:00:00,Public,4
Mount Rushmore National Memorial,https://www.nps.gov/im/vmi-MORU.htm,1047722,MORU;VMI,2233625,Assemblage,Field data for the Vegetation Mapping Inventory Project of Mount Rushmore National Memorial,1997-06-01T00:00:00,Public,6
Mount Rushmore National Memorial,https://www.nps.gov/im/vmi-MORU.htm,1047722,MORU;VMI,2233338,Geospatial Dataset,Geospatial data for the Vegetation Mapping Inventory Project of Mount Rushmore National Memorial,1997-01-01T00:00:00,Public,1
Mount Rushmore National Memorial,https://www.nps.gov/im/vmi-MORU.htm,1047722,MORU;VMI,2233811,Imagery,Imagery data for the Vegetation Mapping Inventory Project of Mount Rushmore National Memorial,1993-07-28T00:00:00,Public,2
Mount Rushmore National Memorial,https://www.nps.gov/im/vmi-MORU.htm,1047722,MORU;VMI,2314625,Data Package,Field data for the Vegetation Mapping Inventory Project of Mount Rushmore National Memorial - Open Format Data Package,2022-02-07T00:00:00,Public,32
Natchez Trace Parkway,https://www.nps.gov/im/vmi-NATR.htm,2177231,NATR;VMI,2238475,Assemblage,Field data for the Vegetation Mapping Inventory Project of Natchez Trace Parkway,2014-01-01T00:00:00,Public,21
Natchez Trace Parkway,https://www.nps.gov/im/vmi-NATR.htm,2177231,NATR;VMI,2238494,Geospatial Dataset,Geospatial data for the Vegetation Mapping Inventory Project of Natchez Trace Parkway,2015-04-01T00:00:00,Public,1
Natchez Trace Parkway,https://www.nps.gov/im/vmi-NATR.htm,2177231,NATR;VMI,2238456,Imagery,Imagery data for the Vegetation Mapping Inventory Project of Natchez Trace Parkway,2011-10-01T00:00:00,Public,10
Natchez Trace Parkway,https://www.nps.gov/im/vmi-NATR.htm,2177231,NATR;VMI,2230765,Published Report,National Park Service Vegetation Mapping Inventory Program: Natchez Trace Parkway vegetation mapping project report,2016-08-01T00:00:00,Public,3
Natchez Trace Parkway,https://www.nps.gov/im/vmi-NATR.htm,2177231,NATR;VMI,2314626,Data Package,Field data for the Vegetation Mapping Inventory Project of Natchez Trace Parkway - Open Format Data Package,2022-03-04T00:00:00,Public,40
National Capital Parks East,https://www.nps.gov/im/vmi-NACE.htm,2287477,ANTI;CATO;CHOH;GWMP;HAFE;MANA;MONO;NACE;NCR;NCRN;PRWI;ROCR;VMI;WOTR,2304343,Published Report,"Baseline vegetation mapping of National Capital Region parks in Maryland, Virginia, West Virginia, and the District of Columbia: Part 1—final report",2024-06-01T00:00:00,Public,1
National Capital Parks East,https://www.nps.gov/im/vmi-NACE.htm,2287477,ANTI;CATO;CHOH;GWMP;HAFE;MANA;MONO;NACE;NCR;NCRN;PRWI;ROCR;VMI;WOTR,2287622,Assemblage,Report Supplements and Field data for the Vegetation Mapping Inventory Project of National Capital Region Parks,2020-12-01T00:00:00,Public,24
National Capital Parks East,https://www.nps.gov/im/vmi-NACE.htm,2287477,ANTI;CATO;CHOH;GWMP;HAFE;MANA;MONO;NACE;NCR;NCRN;PRWI;ROCR;VMI;WOTR,2258401,Geospatial Dataset,Geospatial data for the Vegetation Mapping Inventory Project of Antietam National Battlefield,2018-12-01T00:00:00,Public,2
National Capital Parks East,https://www.nps.gov/im/vmi-NACE.htm,2287477,ANTI;CATO;CHOH;GWMP;HAFE;MANA;MONO;NACE;NCR;NCRN;PRWI;ROCR;VMI;WOTR,2258407,Geospatial Dataset,Geospatial data for the Vegetation Mapping Inventory Project of Catoctin Mountain Park,2018-12-01T00:00:00,Public,2
National Capital Parks East,https://www.nps.gov/im/vmi-NACE.htm,2287477,ANTI;CATO;CHOH;GWMP;HAFE;MANA;MONO;NACE;NCR;NCRN;PRWI;ROCR;VMI;WOTR,2258410,Geospatial Dataset,Geospatial data for the Vegetation Mapping Inventory Project of Chesapeake & Ohio Canal National Historical Park,2018-01-01T00:00:00,Public,2
National Capital Parks East,https://www.nps.gov/im/vmi-NACE.htm,2287477,ANTI;CATO;CHOH;GWMP;HAFE;MANA;MONO;NACE;NCR;NCRN;PRWI;ROCR;VMI;WOTR,2258414,Geospatial Dataset,Geospatial data for the Vegetation Mapping Inventory Project of George Washington Memorial Parkway,2018-12-01T00:00:00,Public,2
National Capital Parks East,https://www.nps.gov/im/vmi-NACE.htm,2287477,ANTI;CATO;CHOH;GWMP;HAFE;MANA;MONO;NACE;NCR;NCRN;PRWI;ROCR;VMI;WOTR,2258420,Geospatial Dataset,Geospatial data for the Vegetation Mapping Inventory Project of Harpers Ferry National Historical Park,2018-12-01T00:00:00,Public,2
National Capital Parks East,https://www.nps.gov/im/vmi-NACE.htm,2287477,ANTI;CATO;CHOH;GWMP;HAFE;MANA;MONO;NACE;NCR;NCRN;PRWI;ROCR;VMI;WOTR,2258422,Geospatial Dataset,Geospatial data for the Vegetation Mapping Inventory Project of Manassas National Battlefield Park,2018-12-01T00:00:00,Public,2
National Capital Parks East,https://www.nps.gov/im/vmi-NACE.htm,2287477,ANTI;CATO;CHOH;GWMP;HAFE;MANA;MONO;NACE;NCR;NCRN;PRWI;ROCR;VMI;WOTR,2258427,Geospatial Dataset,Geospatial data for the Vegetation Mapping Inventory Project of Monocacy National Battlefield,2018-12-01T00:00:00,Public,2
National Capital Parks East,https://www.nps.gov/im/vmi-NACE.htm,2287477,ANTI;CATO;CHOH;GWMP;HAFE;MANA;MONO;NACE;NCR;NCRN;PRWI;ROCR;VMI;WOTR,2258428,Geospatial Dataset,Geospatial data for the Vegetation Mapping Inventory Project of National Capital Parks-East,2018-12-01T00:00:00,Public,2
National Capital Parks East,https://www.nps.gov/im/vmi-NACE.htm,2287477,ANTI;CATO;CHOH;GWMP;HAFE;MANA;MONO;NACE;NCR;NCRN;PRWI;ROCR;VMI;WOTR,2258430,Geospatial Dataset,Geospatial data for the Vegetation Mapping Inventory Project of Prince William Forest Park,2018-12-01T00:00:00,Public,2
National Capital Parks East,https://www.nps.gov/im/vmi-NACE.htm,2287477,ANTI;CATO;CHOH;GWMP;HAFE;MANA;MONO;NACE;NCR;NCRN;PRWI;ROCR;VMI;WOTR,2258435,Geospatial Dataset,Geospatial data for the Vegetation Mapping Inventory Project of Wolf Trap National Park for the Performing Arts,2018-12-01T00:00:00,Public,2
National Capital Parks East,https://www.nps.gov/im/vmi-NACE.htm,2287477,ANTI;CATO;CHOH;GWMP;HAFE;MANA;MONO;NACE;NCR;NCRN;PRWI;ROCR;VMI;WOTR,2188509,Imagery,"Aerial Photograph (Color Infrared) 2004, Catoctin Mountain Park",2006-01-25T00:00:00,Public,3
National Capital Parks East,https://www.nps.gov/im/vmi-NACE.htm,2287477,ANTI;CATO;CHOH;GWMP;HAFE;MANA;MONO;NACE;NCR;NCRN;PRWI;ROCR;VMI;WOTR,2239909,Imagery,"Aerial Photography 2004, Color Infrared C&O Canal National Historical Park",2006-01-25T00:00:00,Public,7
National Capital Parks East,https://www.nps.gov/im/vmi-NACE.htm,2287477,ANTI;CATO;CHOH;GWMP;HAFE;MANA;MONO;NACE;NCR;NCRN;PRWI;ROCR;VMI;WOTR,2239913,Imagery,"Aerial Photography 2004, Color Infrared George Washington Memorial Parkway",2006-01-25T00:00:00,Public,2
National Capital Parks East,https://www.nps.gov/im/vmi-NACE.htm,2287477,ANTI;CATO;CHOH;GWMP;HAFE;MANA;MONO;NACE;NCR;NCRN;PRWI;ROCR;VMI;WOTR,2239915,Imagery,"Aerial Photography 2004, Color Infrared Harpers Ferry National Historical Park",2006-01-25T00:00:00,Public,1
National Capital Parks East,https://www.nps.gov/im/vmi-NACE.htm,2287477,ANTI;CATO;CHOH;GWMP;HAFE;MANA;MONO;NACE;NCR;NCRN;PRWI;ROCR;VMI;WOTR,2239917,Imagery,"Aerial Photography 2004, Color Infrared Manassas National Battlefield Park",2006-01-25T00:00:00,Public,1
National Capital Parks East,https://www.nps.gov/im/vmi-NACE.htm,2287477,ANTI;CATO;CHOH;GWMP;HAFE;MANA;MONO;NACE;NCR;NCRN;PRWI;ROCR;VMI;WOTR,2239918,Imagery,"Aerial Photography 2004, Color Infrared National Capital Parks-East",2006-01-25T00:00:00,Public,4
National Capital Parks East,https://www.nps.gov/im/vmi-NACE.htm,2287477,ANTI;CATO;CHOH;GWMP;HAFE;MANA;MONO;NACE;NCR;NCRN;PRWI;ROCR;VMI;WOTR,2239921,Imagery,"Aerial Photography 2004, Color Infrared Prince William Forest Park",2006-01-25T00:00:00,Public,1
National Capital Parks East,https://www.nps.gov/im/vmi-NACE.htm,2287477,ANTI;CATO;CHOH;GWMP;HAFE;MANA;MONO;NACE;NCR;NCRN;PRWI;ROCR;VMI;WOTR,2239922,Imagery,"Aerial Photography 2004, Color Infrared Wolf Trap National Park for the Performing Arts",2006-01-25T00:00:00,Public,1
National Capital Parks East,https://www.nps.gov/im/vmi-NACE.htm,2287477,ANTI;CATO;CHOH;GWMP;HAFE;MANA;MONO;NACE;NCR;NCRN;PRWI;ROCR;VMI;WOTR,1041523,Imagery,Antietam National Battlefield Park Color Infrared (CIR) Mosaic - 2004,2006-01-25T00:00:00,Public,3
National Capital Parks East,https://www.nps.gov/im/vmi-NACE.htm,2287477,ANTI;CATO;CHOH;GWMP;HAFE;MANA;MONO;NACE;NCR;NCRN;PRWI;ROCR;VMI;WOTR,1042444,Imagery,"Monocacy National Battlefield color infrared (CIR) image mosaic - UTM, NAD83, meters",2006-01-25T00:00:00,Public,3
Niobrara National Scenic River,https://www.nps.gov/im/vmi-NIOB.htm,2177162,NIOB;VMI,2266493,Assemblage,Field data for the Vegetation Mapping Inventory Project of Niobrara National Scenic River,2019-01-01T00:00:00,Public,6
Niobrara National Scenic River,https://www.nps.gov/im/vmi-NIOB.htm,2177162,NIOB;VMI,2266516,Geospatial Dataset,Geospatial data for the Vegetation Mapping Inventory Project of Niobrara National Scenic River,2019-09-01T00:00:00,Public,2
Niobrara National Scenic River,https://www.nps.gov/im/vmi-NIOB.htm,2177162,NIOB;VMI,2266497,Imagery,Imagery data for the Vegetation Mapping Inventory Project of Niobrara National Scenic River,2015-10-01T00:00:00,Public,3
Niobrara National Scenic River,https://www.nps.gov/im/vmi-NIOB.htm,2177162,NIOB;VMI,2267448,Published Report,Vegetation classification and mapping project: Niobrara National Scenic River,2019-11-01T00:00:00,Public,8
Niobrara National Scenic River,https://www.nps.gov/im/vmi-NIOB.htm,2177162,NIOB;VMI,2314631,Data Package,Field data for the Vegetation Mapping Inventory Project of Niobrara National Scenic River - Open Format Data Package,2022-03-07T00:00:00,Public,43
North Cascades National Park,https://www.nps.gov/im/vmi-NOCA.htm,2177202,NCCN;NOCA;VMI,2285193,Geospatial Dataset,Geospatial data for the Vegetation Mapping Inventory Project of North Cascades National Park,2020-06-01T00:00:00,Public,2
North Cascades National Park,https://www.nps.gov/im/vmi-NOCA.htm,2177202,NCCN;NOCA;VMI,2285194,Imagery,Imagery data for the Vegetation Mapping Inventory Project of North Cascades National Park,2015-01-01T00:00:00,Public,2
North Cascades National Park,https://www.nps.gov/im/vmi-NOCA.htm,2177202,NCCN;NOCA;VMI,2286418,Published Report,North Cascades National Park Complex vegetation classification and mapping project report,2021-05-01T00:00:00,Public,2
North Cascades National Park,https://www.nps.gov/im/vmi-NOCA.htm,2177202,NCCN;NOCA;VMI,2285192,Assemblage,Report Supplements and Field data for the Vegetation Mapping Inventory Project of North Cascades National Park,2020-06-01T00:00:00,Public,11
North Cascades National Park,https://www.nps.gov/im/vmi-NOCA.htm,2177202,NCCN;NOCA;VMI,2314633,Data Package,Field data for the Vegetation Mapping Inventory Project of North Cascades National Park - Open Format Data Package,2022-03-28T00:00:00,Public,39
Ocmulgee National Monument,https://www.nps.gov/im/vmi-OCMU.htm,2177254,OCMU;VMI,2271878,Assemblage,Field data for the Vegetation Mapping Inventory Project of Ocmulgee Mounds National Historical Park,2019-01-01T00:00:00,Public,11
Ocmulgee National Monument,https://www.nps.gov/im/vmi-OCMU.htm,2177254,OCMU;VMI,2271892,Geospatial Dataset,Geospatial data for the Vegetation Mapping Inventory Project of Ocmulgee Mounds National Historical Park,2017-01-01T00:00:00,Public,1
Ocmulgee National Monument,https://www.nps.gov/im/vmi-OCMU.htm,2177254,OCMU;VMI,2266896,Published Report,Vegetation mapping at Ocmulgee Mounds National Historical Park: Photointerpretation key and final vegetation map,2019-10-01T00:00:00,Public,7
Ocmulgee National Monument,https://www.nps.gov/im/vmi-OCMU.htm,2177254,OCMU;VMI,2271876,Imagery,Imagery data for the Vegetation Mapping Inventory Project of Ocmulgee Mounds National Historical Park,2011-01-01T00:00:00,Public,2
Ocmulgee National Monument,https://www.nps.gov/im/vmi-OCMU.htm,2177254,OCMU;VMI,2314635,Data Package,Field data for the Vegetation Mapping Inventory Project of Ocmulgee Mounds National Historical Park - Open Format Data Package,2022-03-07T00:00:00,Public,31
Olympic National Park,https://www.nps.gov/im/vmi-OLYM.htm,2177203,NCCN;OLYM;VMI,2285185,Geospatial Dataset,Geospatial data for the Vegetation Mapping Inventory Project of Olympic National Park,2020-06-01T00:00:00,Public,2
Olympic National Park,https://www.nps.gov/im/vmi-OLYM.htm,2177203,NCCN;OLYM;VMI,2285186,Imagery,Imagery data for the Vegetation Mapping Inventory Project of Olympic National Park,2015-01-01T00:00:00,Public,2
Olympic National Park,https://www.nps.gov/im/vmi-OLYM.htm,2177203,NCCN;OLYM;VMI,2286420,Published Report,Olympic National Park vegetation classification and mapping project report,2021-05-01T00:00:00,Public,2
Olympic National Park,https://www.nps.gov/im/vmi-OLYM.htm,2177203,NCCN;OLYM;VMI,2284945,Assemblage,Report Supplements and Field data for the Vegetation Mapping Inventory Project of Olympic National Park,2020-06-01T00:00:00,Public,11
Olympic National Park,https://www.nps.gov/im/vmi-OLYM.htm,2177203,NCCN;OLYM;VMI,2314636,Data Package,Field data for the Vegetation Mapping Inventory Project of Olympic National Park - Open Format Data Package,2022-03-28T00:00:00,Public,39
Organ Pipe Cactus National Monument,https://www.nps.gov/im/vmi-ORPI.htm,2177133,ORPI;VMI,2316014,Published Report,"Vegetation Inventory, Mapping, and Characterization Report, Organ Pipe Cactus National Monument: Volume I, Main Report",2025-11-01T00:00:00,Public,1
Organ Pipe Cactus National Monument,https://www.nps.gov/im/vmi-ORPI.htm,2177133,ORPI;VMI,2316015,Published Report,"Vegetation Inventory, Mapping, and Characterization Report, Organ Pipe Cactus National Monument: Volume II, Type Descriptions",2025-12-01T00:00:00,Public,1
Organ Pipe Cactus National Monument,https://www.nps.gov/im/vmi-ORPI.htm,2177133,ORPI;VMI,2285184,Assemblage,Report Supplements and field data for the Vegetation Mapping Inventory Project of Organ Pipe Cactus National Monument,2020-01-01T00:00:00,Public,6
Organ Pipe Cactus National Monument,https://www.nps.gov/im/vmi-ORPI.htm,2177133,ORPI;VMI,2274310,Geospatial Dataset,Geospatial data for the Vegetation Mapping Inventory Project of Organ Pipe Cactus National Monument,2020-01-01T00:00:00,Public,1
Padre Island National Seashore,https://www.nps.gov/im/vmi-PAIS.htm,2240788,PAIS;VMI,2233423,Assemblage,Field data for the Vegetation Mapping Inventory Project of Padre Island National Seashore,2016-01-01T00:00:00,Public,7
Padre Island National Seashore,https://www.nps.gov/im/vmi-PAIS.htm,2240788,PAIS;VMI,2240498,Published Report,Vegetation classification and mapping of Padre Island National Seashore: Final project report,2017-05-01T00:00:00,Public,6
Padre Island National Seashore,https://www.nps.gov/im/vmi-PAIS.htm,2240788,PAIS;VMI,2233348,Geospatial Dataset,Geospatial data for the Vegetation Mapping Inventory Project of Padre Island National Seashore,2017-02-01T00:00:00,Public,1
Padre Island National Seashore,https://www.nps.gov/im/vmi-PAIS.htm,2240788,PAIS;VMI,2233539,Imagery,Imagery data for the Vegetation Mapping Inventory Project of Padre Island National Seashore,2017-02-01T00:00:00,Public,1
Padre Island National Seashore,https://www.nps.gov/im/vmi-PAIS.htm,2240788,PAIS;VMI,2314755,Data Package,Field data for the Vegetation Mapping Inventory Project of Padre Island National Seashore - Open Format Data Package,2022-03-07T00:00:00,Public,75
Prince William Forest Park,https://www.nps.gov/im/vmi-PRWI.htm,2287477,ANTI;CATO;CHOH;GWMP;HAFE;MANA;MONO;NACE;NCR;NCRN;PRWI;ROCR;VMI;WOTR,2304343,Published Report,"Baseline vegetation mapping of National Capital Region parks in Maryland, Virginia, West Virginia, and the District of Columbia: Part 1—final report",2024-06-01T00:00:00,Public,1
Prince William Forest Park,https://www.nps.gov/im/vmi-PRWI.htm,2287477,ANTI;CATO;CHOH;GWMP;HAFE;MANA;MONO;NACE;NCR;NCRN;PRWI;ROCR;VMI;WOTR,2287622,Assemblage,Report Supplements and Field data for the Vegetation Mapping Inventory Project of National Capital Region Parks,2020-12-01T00:00:00,Public,24
Prince William Forest Park,https://www.nps.gov/im/vmi-PRWI.htm,2287477,ANTI;CATO;CHOH;GWMP;HAFE;MANA;MONO;NACE;NCR;NCRN;PRWI;ROCR;VMI;WOTR,2258401,Geospatial Dataset,Geospatial data for the Vegetation Mapping Inventory Project of Antietam National Battlefield,2018-12-01T00:00:00,Public,2
Prince William Forest Park,https://www.nps.gov/im/vmi-PRWI.htm,2287477,ANTI;CATO;CHOH;GWMP;HAFE;MANA;MONO;NACE;NCR;NCRN;PRWI;ROCR;VMI;WOTR,2258407,Geospatial Dataset,Geospatial data for the Vegetation Mapping Inventory Project of Catoctin Mountain Park,2018-12-01T00:00:00,Public,2
Prince William Forest Park,https://www.nps.gov/im/vmi-PRWI.htm,2287477,ANTI;CATO;CHOH;GWMP;HAFE;MANA;MONO;NACE;NCR;NCRN;PRWI;ROCR;VMI;WOTR,2258410,Geospatial Dataset,Geospatial data for the Vegetation Mapping Inventory Project of Chesapeake & Ohio Canal National Historical Park,2018-01-01T00:00:00,Public,2
Prince William Forest Park,https://www.nps.gov/im/vmi-PRWI.htm,2287477,ANTI;CATO;CHOH;GWMP;HAFE;MANA;MONO;NACE;NCR;NCRN;PRWI;ROCR;VMI;WOTR,2258414,Geospatial Dataset,Geospatial data for the Vegetation Mapping Inventory Project of George Washington Memorial Parkway,2018-12-01T00:00:00,Public,2
Prince William Forest Park,https://www.nps.gov/im/vmi-PRWI.htm,2287477,ANTI;CATO;CHOH;GWMP;HAFE;MANA;MONO;NACE;NCR;NCRN;PRWI;ROCR;VMI;WOTR,2258420,Geospatial Dataset,Geospatial data for the Vegetation Mapping Inventory Project of Harpers Ferry National Historical Park,2018-12-01T00:00:00,Public,2
Prince William Forest Park,https://www.nps.gov/im/vmi-PRWI.htm,2287477,ANTI;CATO;CHOH;GWMP;HAFE;MANA;MONO;NACE;NCR;NCRN;PRWI;ROCR;VMI;WOTR,2258422,Geospatial Dataset,Geospatial data for the Vegetation Mapping Inventory Project of Manassas National Battlefield Park,2018-12-01T00:00:00,Public,2
Prince William Forest Park,https://www.nps.gov/im/vmi-PRWI.htm,2287477,ANTI;CATO;CHOH;GWMP;HAFE;MANA;MONO;NACE;NCR;NCRN;PRWI;ROCR;VMI;WOTR,2258427,Geospatial Dataset,Geospatial data for the Vegetation Mapping Inventory Project of Monocacy National Battlefield,2018-12-01T00:00:00,Public,2
Prince William Forest Park,https://www.nps.gov/im/vmi-PRWI.htm,2287477,ANTI;CATO;CHOH;GWMP;HAFE;MANA;MONO;NACE;NCR;NCRN;PRWI;ROCR;VMI;WOTR,2258428,Geospatial Dataset,Geospatial data for the Vegetation Mapping Inventory Project of National Capital Parks-East,2018-12-01T00:00:00,Public,2
Prince William Forest Park,https://www.nps.gov/im/vmi-PRWI.htm,2287477,ANTI;CATO;CHOH;GWMP;HAFE;MANA;MONO;NACE;NCR;NCRN;PRWI;ROCR;VMI;WOTR,2258430,Geospatial Dataset,Geospatial data for the Vegetation Mapping Inventory Project of Prince William Forest Park,2018-12-01T00:00:00,Public,2
Prince William Forest Park,https://www.nps.gov/im/vmi-PRWI.htm,2287477,ANTI;CATO;CHOH;GWMP;HAFE;MANA;MONO;NACE;NCR;NCRN;PRWI;ROCR;VMI;WOTR,2258435,Geospatial Dataset,Geospatial data for the Vegetation Mapping Inventory Project of Wolf Trap National Park for the Performing Arts,2018-12-01T00:00:00,Public,2
Prince William Forest Park,https://www.nps.gov/im/vmi-PRWI.htm,2287477,ANTI;CATO;CHOH;GWMP;HAFE;MANA;MONO;NACE;NCR;NCRN;PRWI;ROCR;VMI;WOTR,2188509,Imagery,"Aerial Photograph (Color Infrared) 2004, Catoctin Mountain Park",2006-01-25T00:00:00,Public,3
Prince William Forest Park,https://www.nps.gov/im/vmi-PRWI.htm,2287477,ANTI;CATO;CHOH;GWMP;HAFE;MANA;MONO;NACE;NCR;NCRN;PRWI;ROCR;VMI;WOTR,2239909,Imagery,"Aerial Photography 2004, Color Infrared C&O Canal National Historical Park",2006-01-25T00:00:00,Public,7
Prince William Forest Park,https://www.nps.gov/im/vmi-PRWI.htm,2287477,ANTI;CATO;CHOH;GWMP;HAFE;MANA;MONO;NACE;NCR;NCRN;PRWI;ROCR;VMI;WOTR,2239913,Imagery,"Aerial Photography 2004, Color Infrared George Washington Memorial Parkway",2006-01-25T00:00:00,Public,2
Prince William Forest Park,https://www.nps.gov/im/vmi-PRWI.htm,2287477,ANTI;CATO;CHOH;GWMP;HAFE;MANA;MONO;NACE;NCR;NCRN;PRWI;ROCR;VMI;WOTR,2239915,Imagery,"Aerial Photography 2004, Color Infrared Harpers Ferry National Historical Park",2006-01-25T00:00:00,Public,1
Prince William Forest Park,https://www.nps.gov/im/vmi-PRWI.htm,2287477,ANTI;CATO;CHOH;GWMP;HAFE;MANA;MONO;NACE;NCR;NCRN;PRWI;ROCR;VMI;WOTR,2239917,Imagery,"Aerial Photography 2004, Color Infrared Manassas National Battlefield Park",2006-01-25T00:00:00,Public,1
Prince William Forest Park,https://www.nps.gov/im/vmi-PRWI.htm,2287477,ANTI;CATO;CHOH;GWMP;HAFE;MANA;MONO;NACE;NCR;NCRN;PRWI;ROCR;VMI;WOTR,2239918,Imagery,"Aerial Photography 2004, Color Infrared National Capital Parks-East",2006-01-25T00:00:00,Public,4
Prince William Forest Park,https://www.nps.gov/im/vmi-PRWI.htm,2287477,ANTI;CATO;CHOH;GWMP;HAFE;MANA;MONO;NACE;NCR;NCRN;PRWI;ROCR;VMI;WOTR,2239921,Imagery,"Aerial Photography 2004, Color Infrared Prince William Forest Park",2006-01-25T00:00:00,Public,1
Prince William Forest Park,https://www.nps.gov/im/vmi-PRWI.htm,2287477,ANTI;CATO;CHOH;GWMP;HAFE;MANA;MONO;NACE;NCR;NCRN;PRWI;ROCR;VMI;WOTR,2239922,Imagery,"Aerial Photography 2004, Color Infrared Wolf Trap National Park for the Performing Arts",2006-01-25T00:00:00,Public,1
Prince William Forest Park,https://www.nps.gov/im/vmi-PRWI.htm,2287477,ANTI;CATO;CHOH;GWMP;HAFE;MANA;MONO;NACE;NCR;NCRN;PRWI;ROCR;VMI;WOTR,1041523,Imagery,Antietam National Battlefield Park Color Infrared (CIR) Mosaic - 2004,2006-01-25T00:00:00,Public,3
Prince William Forest Park,https://www.nps.gov/im/vmi-PRWI.htm,2287477,ANTI;CATO;CHOH;GWMP;HAFE;MANA;MONO;NACE;NCR;NCRN;PRWI;ROCR;VMI;WOTR,1042444,Imagery,"Monocacy National Battlefield color infrared (CIR) image mosaic - UTM, NAD83, meters",2006-01-25T00:00:00,Public,3
Rio Grande Wild and Scenic River,https://www.nps.gov/im/vmi-RIGR.htm,2177118,RIGR;VMI,2272529,Assemblage,Field data for the Vegetation Mapping Inventory Project of Rio Grande Wild & Scenic River,2019-01-01T00:00:00,Public,13
Rio Grande Wild and Scenic River,https://www.nps.gov/im/vmi-RIGR.htm,2177118,RIGR;VMI,2272065,Geospatial Dataset,Geospatial data for the Vegetation Mapping Inventory Project of Rio Grande Wild and Scenic River,2019-11-01T00:00:00,Public,2
Rio Grande Wild and Scenic River,https://www.nps.gov/im/vmi-RIGR.htm,2177118,RIGR;VMI,2272518,Imagery,Imagery data for the Vegetation Mapping Inventory Project of Rio Grande Wild and Scenic River,2015-01-01T00:00:00,Public,5
Rio Grande Wild and Scenic River,https://www.nps.gov/im/vmi-RIGR.htm,2177118,RIGR;VMI,2267841,Published Report,Vegetation inventory project: Rio Grande Wild and Scenic River. Natural Resource Report NPS/CHDN/NRR—2019/2048,2019-12-01T00:00:00,Public,8
Rio Grande Wild and Scenic River,https://www.nps.gov/im/vmi-RIGR.htm,2177118,RIGR;VMI,2314657,Data Package,Field data for the Vegetation Mapping Inventory Project of Rio Grande Wild and Scenic River - Open Format Data Package,2022-03-16T00:00:00,Public,33
Saguaro National Park,https://www.nps.gov/im/vmi-SAGU.htm,2177134,SAGU;VMI,2286462,Geospatial Dataset,Geospatial data for the Vegetation Mapping Inventory Project of Saguaro National Park,2016-07-01T00:00:00,Public,2
Saguaro National Park,https://www.nps.gov/im/vmi-SAGU.htm,2177134,SAGU;VMI,2286473,Imagery,Imagery data for the Vegetation Mapping Inventory Project of Saguaro National Park,2011-01-01T00:00:00,Public,2
Saguaro National Park,https://www.nps.gov/im/vmi-SAGU.htm,2177134,SAGU;VMI,2284709,Published Report,"Vegetation inventory, mapping and characterization re-port, Saguaro National Park: Volume I, main report",2021-02-01T00:00:00,Public,1
Saguaro National Park,https://www.nps.gov/im/vmi-SAGU.htm,2177134,SAGU;VMI,2284793,Published Report,"Vegetation inventory, mapping, and characterization report, Saguaro National Park: Volume II, association summaries",2021-03-01T00:00:00,Public,1
Saguaro National Park,https://www.nps.gov/im/vmi-SAGU.htm,2177134,SAGU;VMI,2284802,Published Report,"Vegetation inventory, mapping, and characterization report, Saguaro National Park: Volume III, type descriptions",2021-03-01T00:00:00,Public,1
Saguaro National Park,https://www.nps.gov/im/vmi-SAGU.htm,2177134,SAGU;VMI,2286458,Assemblage,Report Supplements and Field data for the Vegetation Mapping Inventory Project of Saguaro National Park,2018-01-01T00:00:00,Public,17
Saguaro National Park,https://www.nps.gov/im/vmi-SAGU.htm,2177134,SAGU;VMI,2314664,Data Package,Field data for the Vegetation Mapping Inventory Project of Saguaro National Park - Open Format Data Package,2022-03-08T00:00:00,Public,35
Shiloh National Military Park,https://www.nps.gov/im/vmi-SHIL.htm,2192583,SHIL;VMI,2233497,Assemblage,Field data for the Vegetation Mapping Inventory Project of Shiloh National Military Park,2010-01-01T00:00:00,Public,6
Shiloh National Military Park,https://www.nps.gov/im/vmi-SHIL.htm,2192583,SHIL;VMI,2233393,Geospatial Dataset,Geospatial data for the Vegetation Mapping Inventory Project of Shiloh National Military Park,2010-11-01T00:00:00,Public,1
Shiloh National Military Park,https://www.nps.gov/im/vmi-SHIL.htm,2192583,SHIL;VMI,612246,Unpublished Report,"Vegetation Inventory, Community Classification, Mapping and Accuracy Assessment Report information for Shiloh National Military Park, as part of the NPS Vegetation Mapping Inventory Program",2004-12-01T00:00:00,Public,6
Shiloh National Military Park,https://www.nps.gov/im/vmi-SHIL.htm,2192583,SHIL;VMI,2233663,Imagery,Imagery data for the Vegetation Mapping Inventory Project of Shiloh National Military Park,2001-10-01T00:00:00,Public,2
Shiloh National Military Park,https://www.nps.gov/im/vmi-SHIL.htm,2192583,SHIL;VMI,2314674,Data Package,Field data for the Vegetation Mapping Inventory Project of Shiloh National Military Park - Open Format Data Package,2022-02-07T00:00:00,Public,32
Sitka National Historical Park,https://www.nps.gov/im/vmi-SITK.htm,2177111,AKR;AKRO;SEAN;SITK;VMI,2196847,Published Report,Landcover classes: Sitka National Historical Park,2013-07-01T00:00:00,Public,1
Sitka National Historical Park,https://www.nps.gov/im/vmi-SITK.htm,2177111,AKR;AKRO;SEAN;SITK;VMI,2227646,Poster,Sitka National Historical Park landcover map poster,2012-01-01T00:00:00,Internal,1
Sitka National Historical Park,https://www.nps.gov/im/vmi-SITK.htm,2177111,AKR;AKRO;SEAN;SITK;VMI,2197449,Geospatial Dataset,landcover map for Sitka National Historical Park,2013-01-01T00:00:00,Public,4
Sitka National Historical Park,https://www.nps.gov/im/vmi-SITK.htm,2177111,AKR;AKRO;SEAN;SITK;VMI,2243800,Assemblage,field data for Sitka National Historical Park landcover,2012-06-01T00:00:00,Internal,4
Sitka National Historical Park,https://www.nps.gov/im/vmi-SITK.htm,2177111,AKR;AKRO;SEAN;SITK;VMI,2314676,Data Package,Field data for the Vegetation Mapping Inventory Project of Sitka National Historical Park - Open Format Data Package,2022-06-03T00:00:00,Public,32
Stones River National Battlefield,https://www.nps.gov/im/vmi-STRI.htm,2173187,STRI;VMI,2233505,Assemblage,Field data for the Vegetation Mapping Inventory Project of Stones River National Battlefield,2003-01-01T00:00:00,Public,6
Stones River National Battlefield,https://www.nps.gov/im/vmi-STRI.htm,2173187,STRI;VMI,2233396,Geospatial Dataset,Geospatial data for the Vegetation Mapping Inventory Project of Stones River National Battlefield,2003-01-01T00:00:00,Public,1
Stones River National Battlefield,https://www.nps.gov/im/vmi-STRI.htm,2173187,STRI;VMI,2233720,Imagery,Imagery data for the Vegetation Mapping Inventory Project of Stones River National Battlefield,2001-10-25T00:00:00,Public,2
Stones River National Battlefield,https://www.nps.gov/im/vmi-STRI.htm,2173187,STRI;VMI,2314678,Data Package,Field data for the Vegetation Mapping Inventory Project of Stones River National Battlefield - Open Format Data Package,2022-02-07T00:00:00,Public,33
Timucuan Ecological and Historic Preserve,https://www.nps.gov/im/vmi-TIMU.htm,2177255,TIMU;VMI,2275497,Assemblage,Field data for the Vegetation Mapping Inventory Project of Timucuan Ecological and Historic Preserve,2019-01-01T00:00:00,Public,4
Timucuan Ecological and Historic Preserve,https://www.nps.gov/im/vmi-TIMU.htm,2177255,TIMU;VMI,2274453,Geospatial Dataset,Geospatial data for the Vegetation Mapping Inventory Project of Timucuan Ecological and Historic Preserve,2018-01-01T00:00:00,Public,2
Timucuan Ecological and Historic Preserve,https://www.nps.gov/im/vmi-TIMU.htm,2177255,TIMU;VMI,2274462,Imagery,Imagery data for the Vegetation Mapping Inventory Project of Timucuan Ecological and Historic Preserve,2012-05-01T00:00:00,Public,1
Timucuan Ecological and Historic Preserve,https://www.nps.gov/im/vmi-TIMU.htm,2177255,TIMU;VMI,2271909,Published Report,Vegetation mapping at Timucuan Ecological and Historic Preserve: Photointerpretation key and vegetation map,2020-02-01T00:00:00,Public,5
Timucuan Ecological and Historic Preserve,https://www.nps.gov/im/vmi-TIMU.htm,2177255,TIMU;VMI,2314685,Data Package,Field data for the Vegetation Mapping Inventory Project of Timucuan Ecological and Historic Preserve - Open Format Data Package,2022-03-28T00:00:00,Public,43
Virgin Islands National Park,https://www.nps.gov/im/vmi-VIIS.htm,2177239,VIIS;VMI,2293266,Published Report,"Vegetation map of Virgin Islands National Park, St. John, United States Virgin Islands",2022-06-01T00:00:00,Public,1
Virgin Islands National Park,https://www.nps.gov/im/vmi-VIIS.htm,2177239,VIIS;VMI,2303668,Geospatial Dataset,Geospatial data for the Vegetation Mapping Inventory Project of Virgin Islands National Park,2022-01-01T00:00:00,Public,1
Virgin Islands National Park,https://www.nps.gov/im/vmi-VIIS.htm,2177239,VIIS;VMI,2303671,Assemblage,Report Supplements and Field Data for the Vegetation Mapping Inventory Project of Virgin Islands National Park,2021-01-01T00:00:00,Public,5
War in the Pacific National Historical Park,https://www.nps.gov/im/vmi-WAPA.htm,2229869,PACN;VMI;WAPA,2210026,Published Report,Vegetation Inventory Project: War in the Pacific National Historical Park,2014-05-01T00:00:00,Public,4
War in the Pacific National Historical Park,https://www.nps.gov/im/vmi-WAPA.htm,2229869,PACN;VMI;WAPA,2229867,Geospatial Dataset,Geospatial Data for the Vegetation Mapping Inventory Project of War in the Pacific National Historical Park,2014-01-01T00:00:00,Public,1
War in the Pacific National Historical Park,https://www.nps.gov/im/vmi-WAPA.htm,2229869,PACN;VMI;WAPA,2229947,Assemblage,Field Data for the Vegetation Mapping Inventory Project of War in the Pacific National Historical Park,2011-02-28T00:00:00,Public,13
War in the Pacific National Historical Park,https://www.nps.gov/im/vmi-WAPA.htm,2229869,PACN;VMI;WAPA,2252638,Imagery,Imagery data for the Vegetation Mapping Inventory Project of War in the Pacific National Historical Park,2005-01-01T00:00:00,Public,2
War in the Pacific National Historical Park,https://www.nps.gov/im/vmi-WAPA.htm,2229869,PACN;VMI;WAPA,2314697,Data Package,Field data for the Vegetation Mapping Inventory Project of War in the Pacific National Historical Park - Open Format Data Package,2022-02-07T00:00:00,Public,45
White Sands National Park,https://www.nps.gov/im/vmi-WHSA.htm,2177119,VMI;WHSA,2253429,Assemblage,Field data for the Vegetation Mapping Inventory Project of White Sands National Monument,2016-01-01T00:00:00,Public,11
White Sands National Park,https://www.nps.gov/im/vmi-WHSA.htm,2177119,VMI;WHSA,2253430,Geospatial Dataset,Geospatial data for the Vegetation Mapping Inventory Project of White Sands National Monument,2016-01-01T00:00:00,Public,1
White Sands National Park,https://www.nps.gov/im/vmi-WHSA.htm,2177119,VMI;WHSA,2253422,Imagery,Imagery data for the Vegetation Mapping Inventory Project of White Sands National Monument,2005-01-01T00:00:00,Public,4
White Sands National Park,https://www.nps.gov/im/vmi-WHSA.htm,2177119,VMI;WHSA,2260027,Published Report,Vegetation classification and map: White Sands National Monument,2019-04-01T00:00:00,Public,13
White Sands National Park,https://www.nps.gov/im/vmi-WHSA.htm,2177119,VMI;WHSA,2314701,Data Package,Field data for the Vegetation Mapping Inventory Project of White Sands National Park - Open Format Data Package,2022-03-21T00:00:00,Public,33
Wolf Trap National Park for the Performing Arts,https://www.nps.gov/im/vmi-WOTR.htm,2287477,ANTI;CATO;CHOH;GWMP;HAFE;MANA;MONO;NACE;NCR;NCRN;PRWI;ROCR;VMI;WOTR,2304343,Published Report,"Baseline vegetation mapping of National Capital Region parks in Maryland, Virginia, West Virginia, and the District of Columbia: Part 1—final report",2024-06-01T00:00:00,Public,1
Wolf Trap National Park for the Performing Arts,https://www.nps.gov/im/vmi-WOTR.htm,2287477,ANTI;CATO;CHOH;GWMP;HAFE;MANA;MONO;NACE;NCR;NCRN;PRWI;ROCR;VMI;WOTR,2287622,Assemblage,Report Supplements and Field data for the Vegetation Mapping Inventory Project of National Capital Region Parks,2020-12-01T00:00:00,Public,24
Wolf Trap National Park for the Performing Arts,https://www.nps.gov/im/vmi-WOTR.htm,2287477,ANTI;CATO;CHOH;GWMP;HAFE;MANA;MONO;NACE;NCR;NCRN;PRWI;ROCR;VMI;WOTR,2258401,Geospatial Dataset,Geospatial data for the Vegetation Mapping Inventory Project of Antietam National Battlefield,2018-12-01T00:00:00,Public,2
Wolf Trap National Park for the Performing Arts,https://www.nps.gov/im/vmi-WOTR.htm,2287477,ANTI;CATO;CHOH;GWMP;HAFE;MANA;MONO;NACE;NCR;NCRN;PRWI;ROCR;VMI;WOTR,2258407,Geospatial Dataset,Geospatial data for the Vegetation Mapping Inventory Project of Catoctin Mountain Park,2018-12-01T00:00:00,Public,2
Wolf Trap National Park for the Performing Arts,https://www.nps.gov/im/vmi-WOTR.htm,2287477,ANTI;CATO;CHOH;GWMP;HAFE;MANA;MONO;NACE;NCR;NCRN;PRWI;ROCR;VMI;WOTR,2258410,Geospatial Dataset,Geospatial data for the Vegetation Mapping Inventory Project of Chesapeake & Ohio Canal National Historical Park,2018-01-01T00:00:00,Public,2
Wolf Trap National Park for the Performing Arts,https://www.nps.gov/im/vmi-WOTR.htm,2287477,ANTI;CATO;CHOH;GWMP;HAFE;MANA;MONO;NACE;NCR;NCRN;PRWI;ROCR;VMI;WOTR,2258414,Geospatial Dataset,Geospatial data for the Vegetation Mapping Inventory Project of George Washington Memorial Parkway,2018-12-01T00:00:00,Public,2
Wolf Trap National Park for the Performing Arts,https://www.nps.gov/im/vmi-WOTR.htm,2287477,ANTI;CATO;CHOH;GWMP;HAFE;MANA;MONO;NACE;NCR;NCRN;PRWI;ROCR;VMI;WOTR,2258420,Geospatial Dataset,Geospatial data for the Vegetation Mapping Inventory Project of Harpers Ferry National Historical Park,2018-12-01T00:00:00,Public,2
Wolf Trap National Park for the Performing Arts,https://www.nps.gov/im/vmi-WOTR.htm,2287477,ANTI;CATO;CHOH;GWMP;HAFE;MANA;MONO;NACE;NCR;NCRN;PRWI;ROCR;VMI;WOTR,2258422,Geospatial Dataset,Geospatial data for the Vegetation Mapping Inventory Project of Manassas National Battlefield Park,2018-12-01T00:00:00,Public,2
Wolf Trap National Park for the Performing Arts,https://www.nps.gov/im/vmi-WOTR.htm,2287477,ANTI;CATO;CHOH;GWMP;HAFE;MANA;MONO;NACE;NCR;NCRN;PRWI;ROCR;VMI;WOTR,2258427,Geospatial Dataset,Geospatial data for the Vegetation Mapping Inventory Project of Monocacy National Battlefield,2018-12-01T00:00:00,Public,2
Wolf Trap National Park for the Performing Arts,https://www.nps.gov/im/vmi-WOTR.htm,2287477,ANTI;CATO;CHOH;GWMP;HAFE;MANA;MONO;NACE;NCR;NCRN;PRWI;ROCR;VMI;WOTR,2258428,Geospatial Dataset,Geospatial data for the Vegetation Mapping Inventory Project of National Capital Parks-East,2018-12-01T00:00:00,Public,2
Wolf Trap National Park for the Performing Arts,https://www.nps.gov/im/vmi-WOTR.htm,2287477,ANTI;CATO;CHOH;GWMP;HAFE;MANA;MONO;NACE;NCR;NCRN;PRWI;ROCR;VMI;WOTR,2258430,Geospatial Dataset,Geospatial data for the Vegetation Mapping Inventory Project of Prince William Forest Park,2018-12-01T00:00:00,Public,2
Wolf Trap National Park for the Performing Arts,https://www.nps.gov/im/vmi-WOTR.htm,2287477,ANTI;CATO;CHOH;GWMP;HAFE;MANA;MONO;NACE;NCR;NCRN;PRWI;ROCR;VMI;WOTR,2258435,Geospatial Dataset,Geospatial data for the Vegetation Mapping Inventory Project of Wolf Trap National Park for the Performing Arts,2018-12-01T00:00:00,Public,2
Wolf Trap National Park for the Performing Arts,https://www.nps.gov/im/vmi-WOTR.htm,2287477,ANTI;CATO;CHOH;GWMP;HAFE;MANA;MONO;NACE;NCR;NCRN;PRWI;ROCR;VMI;WOTR,2188509,Imagery,"Aerial Photograph (Color Infrared) 2004, Catoctin Mountain Park",2006-01-25T00:00:00,Public,3
Wolf Trap National Park for the Performing Arts,https://www.nps.gov/im/vmi-WOTR.htm,2287477,ANTI;CATO;CHOH;GWMP;HAFE;MANA;MONO;NACE;NCR;NCRN;PRWI;ROCR;VMI;WOTR,2239909,Imagery,"Aerial Photography 2004, Color Infrared C&O Canal National Historical Park",2006-01-25T00:00:00,Public,7
Wolf Trap National Park for the Performing Arts,https://www.nps.gov/im/vmi-WOTR.htm,2287477,ANTI;CATO;CHOH;GWMP;HAFE;MANA;MONO;NACE;NCR;NCRN;PRWI;ROCR;VMI;WOTR,2239913,Imagery,"Aerial Photography 2004, Color Infrared George Washington Memorial Parkway",2006-01-25T00:00:00,Public,2
Wolf Trap National Park for the Performing Arts,https://www.nps.gov/im/vmi-WOTR.htm,2287477,ANTI;CATO;CHOH;GWMP;HAFE;MANA;MONO;NACE;NCR;NCRN;PRWI;ROCR;VMI;WOTR,2239915,Imagery,"Aerial Photography 2004, Color Infrared Harpers Ferry National Historical Park",2006-01-25T00:00:00,Public,1
Wolf Trap National Park for the Performing Arts,https://www.nps.gov/im/vmi-WOTR.htm,2287477,ANTI;CATO;CHOH;GWMP;HAFE;MANA;MONO;NACE;NCR;NCRN;PRWI;ROCR;VMI;WOTR,2239917,Imagery,"Aerial Photography 2004, Color Infrared Manassas National Battlefield Park",2006-01-25T00:00:00,Public,1
Wolf Trap National Park for the Performing Arts,https://www.nps.gov/im/vmi-WOTR.htm,2287477,ANTI;CATO;CHOH;GWMP;HAFE;MANA;MONO;NACE;NCR;NCRN;PRWI;ROCR;VMI;WOTR,2239918,Imagery,"Aerial Photography 2004, Color Infrared National Capital Parks-East",2006-01-25T00:00:00,Public,4
Wolf Trap National Park for the Performing Arts,https://www.nps.gov/im/vmi-WOTR.htm,2287477,ANTI;CATO;CHOH;GWMP;HAFE;MANA;MONO;NACE;NCR;NCRN;PRWI;ROCR;VMI;WOTR,2239921,Imagery,"Aerial Photography 2004, Color Infrared Prince William Forest Park",2006-01-25T00:00:00,Public,1
Wolf Trap National Park for the Performing Arts,https://www.nps.gov/im/vmi-WOTR.htm,2287477,ANTI;CATO;CHOH;GWMP;HAFE;MANA;MONO;NACE;NCR;NCRN;PRWI;ROCR;VMI;WOTR,2239922,Imagery,"Aerial Photography 2004, Color Infrared Wolf Trap National Park for the Performing Arts",2006-01-25T00:00:00,Public,1
Wolf Trap National Park for the Performing Arts,https://www.nps.gov/im/vmi-WOTR.htm,2287477,ANTI;CATO;CHOH;GWMP;HAFE;MANA;MONO;NACE;NCR;NCRN;PRWI;ROCR;VMI;WOTR,1041523,Imagery,Antietam National Battlefield Park Color Infrared (CIR) Mosaic - 2004,2006-01-25T00:00:00,Public,3
Wolf Trap National Park for the Performing Arts,https://www.nps.gov/im/vmi-WOTR.htm,2287477,ANTI;CATO;CHOH;GWMP;HAFE;MANA;MONO;NACE;NCR;NCRN;PRWI;ROCR;VMI;WOTR,1042444,Imagery,"Monocacy National Battlefield color infrared (CIR) image mosaic - UTM, NAD83, meters",2006-01-25T00:00:00,Public,3
Wrangell - St Elias National Park and Preserve,https://www.nps.gov/im/vmi-WRST.htm,2170670,AKR;AKRO;CAKN;VMI;WRST,653862,Published Report,An ecological survey for landcover mapping of Wrangell-St. Elias National Park and Preserve,2008-03-01T00:00:00,Public,1
Wrangell - St Elias National Park and Preserve,https://www.nps.gov/im/vmi-WRST.htm,2170670,AKR;AKRO;CAKN;VMI;WRST,653863,Published Report,Wrangell-St. Elias National Park and Preserve landcover mapping project,2007-12-01T00:00:00,Public,1
Wrangell - St Elias National Park and Preserve,https://www.nps.gov/im/vmi-WRST.htm,2170670,AKR;AKRO;CAKN;VMI;WRST,2170266,Geospatial Dataset,Ecotypes for WRST 2008,2007-12-31T00:00:00,Public,3
Wrangell - St Elias National Park and Preserve,https://www.nps.gov/im/vmi-WRST.htm,2170670,AKR;AKRO;CAKN;VMI;WRST,2171664,Geospatial Dataset,Wrangell St. Elias National Park and Preserve vegetation structure,2008-01-01T00:00:00,Public,3
Wrangell - St Elias National Park and Preserve,https://www.nps.gov/im/vmi-WRST.htm,2170670,AKR;AKRO;CAKN;VMI;WRST,2171666,Geospatial Dataset,Alaska Soil Landscapes for Wrangell - St. Elias National Park and Preserve,2008-01-01T00:00:00,Public,4
Wrangell - St Elias National Park and Preserve,https://www.nps.gov/im/vmi-WRST.htm,2170670,AKR;AKRO;CAKN;VMI;WRST,2171667,Geospatial Dataset,Wrangell St. Elias National Park and Preserve detailed vegetation,2008-01-01T00:00:00,Public,3
Wrangell - St Elias National Park and Preserve,https://www.nps.gov/im/vmi-WRST.htm,2170670,AKR;AKRO;CAKN;VMI;WRST,2225524,Poster,Wrangell - St. Elias National Park and Preserve landcover poster,2008-01-01T00:00:00,Public,1
Wrangell - St Elias National Park and Preserve,https://www.nps.gov/im/vmi-WRST.htm,2170670,AKR;AKRO;CAKN;VMI;WRST,2243823,Assemblage,field data for Wrangell-St. Elias National Park and Preserve Environmental Landscape Survey,2006-01-01T00:00:00,Internal,7
Wrangell - St Elias National Park and Preserve,https://www.nps.gov/im/vmi-WRST.htm,2170670,AKR;AKRO;CAKN;VMI;WRST,2314704,Data Package,Field data for the Vegetation Mapping Inventory Project of Wrangell - St Elias National Park and Preserve - Open Format Data Package,2022-03-21T00:00:00,Public,113
Wupatki National Monument,https://www.nps.gov/im/vmi-WUPA.htm,1047739,SCPN;VMI;WUPA,2167309,Unpublished Report,"USGS-NPS National Vegetation Mapping Program: Wupatki National Monument, Arizona, Vegetation Classification and Distribution",2004-01-01T00:00:00,Public,3
Wupatki National Monument,https://www.nps.gov/im/vmi-WUPA.htm,1047739,SCPN;VMI;WUPA,2233608,Assemblage,Field data for the Vegetation Mapping Inventory Project of Wupatki National Monument,2002-10-01T00:00:00,Public,6
Wupatki National Monument,https://www.nps.gov/im/vmi-WUPA.htm,1047739,SCPN;VMI;WUPA,2233419,Geospatial Dataset,Geospatial data for the Vegetation Mapping Inventory Project of Wupatki National Monument,2003-01-01T00:00:00,Public,1
Wupatki National Monument,https://www.nps.gov/im/vmi-WUPA.htm,1047739,SCPN;VMI;WUPA,2233797,Imagery,Imagery data for the Vegetation Mapping Inventory Project of Wupatki National Monument,1996-01-01T00:00:00,Public,4
Wupatki National Monument,https://www.nps.gov/im/vmi-WUPA.htm,1047739,SCPN;VMI;WUPA,2314705,Data Package,Field data for the Vegetation Mapping Inventory Project of Wupatki National Monument - Open Format Data Package,2022-03-17T00:00:00,Public,23
Yukon-Charley Rivers National Preserve,https://www.nps.gov/im/vmi-YUCH.htm,2170671,AKR;AKRO;CAKN;VMI;YUCH,653866,Published Report,Plant associations and post-fire vegetation succession in Yukon-Charley Rivers National Preserve,2005-02-01T00:00:00,Public,2
Yukon-Charley Rivers National Preserve,https://www.nps.gov/im/vmi-YUCH.htm,2170671,AKR;AKRO;CAKN;VMI;YUCH,2171672,Geospatial Dataset,Yukon-Charley Rivers National Preserve landcover,1997-01-01T00:00:00,Public,3
Yukon-Charley Rivers National Preserve,https://www.nps.gov/im/vmi-YUCH.htm,2170671,AKR;AKRO;CAKN;VMI;YUCH,2225525,Poster,Yukon-Charley Rivers National Preserve landcover poster,2005-01-01T00:00:00,Public,1
Yukon-Charley Rivers National Preserve,https://www.nps.gov/im/vmi-YUCH.htm,2170671,AKR;AKRO;CAKN;VMI;YUCH,2243824,Assemblage,field data for Yukon-Charley Rivers National Preserve landcover,2003-01-01T00:00:00,Internal,4
Yukon-Charley Rivers National Preserve,https://www.nps.gov/im/vmi-YUCH.htm,2170671,AKR;AKRO;CAKN;VMI;YUCH,2291518,Assemblage,1997 field data for Yukon-Charley/Black River/Fortymile earth cover classification,1997-01-01T00:00:00,Internal,16
Yukon-Charley Rivers National Preserve,https://www.nps.gov/im/vmi-YUCH.htm,2170671,AKR;AKRO;CAKN;VMI;YUCH,2314706,Data Package,Field data for the Vegetation Mapping Inventory Project of Yukon-Charley Rivers National Preserve - Open Format Data Package,2022-03-17T00:00:00,Public,16
